blend,Mode,target_kN,status,reason,ff,phi,thrust_kN,tsfc_mg_Ns,T3,T4,T5,p3_bar,thrust_core_kN,thrust_bypass_kN,m_core,pi_c,nox_corr_g_s,p_JetA,p_HEFA,p_FT,p_ATJ,lcef_draw_HEFA,lcef_draw_FT,lcef_draw_ATJ,lifecycle_g_s,lifecycle_g_s_point_draw,lifecycle_g_s_common_p5,lifecycle_g_s_common_p95
Jet-A1,TAKE-OFF,310.9,converged,,2.3948315605467143,0.34883234743541675,310.89999999996684,7.702899840935895,901.5451512272988,1718.4631816460883,983.2385305831489,43.7724,72.25249942371953,238.64750057624732,102.39547191158805,43.2,117.9713008196383,1.0,0.0,0.0,0.0,39.22912396312118,13.359922675866624,65.65824515265692,9476.631075207493,9476.631075207493,9476.631075207493,9476.631075207493
Jet-A1,APPROACH,93.27,converged,,0.6469356454881906,0.15504861687188037,93.26999999999946,6.936160024533016,581.9502969854668,990.0827866640675,672.7406147319073,9.447641018982676,25.58818113197397,67.6818188680255,62.23228022305766,9.324096737214582,6.363751016548351,1.0,0.0,0.0,0.0,39.22912396312118,13.359922675866624,65.65824515265692,2560.000687602938,2560.000687602938,2560.000687602938,2560.000687602938
Jet-A1,IDLE,21.763,converged,,0.2429943701472889,0.1063189591218748,21.76299999999992,11.165481328276881,370.9211148925142,669.0575748608035,583.0532995524155,2.1988099494364004,7.696092758615934,14.066907241383985,34.08851049409956,2.1700566981854434,0.6657441901436394,1.0,0.0,0.0,0.0,39.22912396312118,13.359922675866624,65.65824515265692,961.5573960084996,961.5573960084996,961.5573960084996,961.5573960084996
HEFA-50,TAKE-OFF,310.9,converged,,2.394266318656818,0.3488893526546244,310.8999999999646,7.701081758305212,901.5451512272988,1718.399375019867,983.2044018089955,43.7724,72.25249942371732,238.64750057624732,102.39547191158805,43.2,117.91684955716329,0.5,0.5,0.0,0.0,36.35460965424951,5.688677663051298,23.976755388514153,6260.0353088687325,6672.937942047315,5836.891624597299,8029.352637203474
HEFA-50,APPROACH,93.27,converged,,0.6468038705974225,0.1550789699671535,93.27000000000018,6.934747191995511,581.9502969854668,990.066664781655,672.7293107367339,9.447641018982676,25.588181131974682,67.6818188680255,62.23228022305766,9.324096737214582,6.361216099843022,0.5,0.5,0.0,0.0,36.35460965424951,5.688677663051298,23.976755388514153,1691.1297779623458,1802.674186885744,1576.8187797776668,2169.1055517367563
HEFA-50,IDLE,21.763,converged,,0.24294836377877166,0.10634129999165066,21.762999999999877,11.16336735646616,370.9211148925142,669.0499120129198,583.0465172191763,2.1988099494364004,7.696092758615892,14.066907241383985,34.08851049409956,2.1700566981854434,0.6654976934842027,0.5,0.5,0.0,0.0,36.35460965424951,5.688677663051298,23.976755388514153,635.2114314251393,677.1090341892959,592.2746599657563,814.7456572440534
FT-50,TAKE-OFF,310.9,converged,,2.39306441347419,0.34889617167272796,310.8999999999644,7.697215868364311,901.5451512272988,1718.3299870228564,983.1647975489425,43.7724,72.2524994237171,238.64750057624732,102.39547191158805,43.2,117.80110765202134,0.5,0.0,0.5,0.0,59.65791278896558,15.136732260533801,43.56776213059177,5144.995159457383,5541.1470152367565,4758.622034546212,5667.388687312775
FT-50,APPROACH,93.27,converged,,0.6464853939279969,0.15508349173235506,93.26999999999965,6.931332624938344,581.9502969854668,990.0492486133387,672.7163692384736,9.447641018982676,25.588181131974153,67.6818188680255,62.23228022305766,9.324096737214582,6.355091691150031,0.5,0.0,0.5,0.0,59.65791278896558,15.136732260533801,43.56776213059177,1389.9183840148303,1496.9386493686684,1285.5398388929464,1531.0427865756187
FT-50,IDLE,21.763,converged,,0.24282918681768456,0.10634459652959949,21.76299999999992,11.15789122904404,370.9211148925142,669.0415196930005,583.0389328100902,2.1988099494364004,7.696092758615933,14.066907241383985,34.08851049409956,2.1700566981854434,0.6648593649367326,0.5,0.0,0.5,0.0,59.65791278896558,15.136732260533801,43.56776213059177,522.073281319736,562.2716280309994,482.8672026190886,575.0816311383625
ATJ-50,TAKE-OFF,310.9,converged,,2.390945953249672,0.3492242127278442,310.8999999999638,7.690401908169669,901.5451512272988,1718.0246779999097,983.0039676116006,43.7724,72.25249942371653,238.64750057624732,102.39547191158805,43.2,117.59723792764838,0.5,0.0,0.0,0.5,30.431968370001535,18.516466447891208,69.39908847345166,6291.832017321283,8428.448832313798,6002.819587762414,8375.100567453339
ATJ-50,APPROACH,93.27,converged,,0.6460296251598533,0.15525731087188244,93.27000000000719,6.926446072261214,581.9502969854668,989.9719520190363,672.6629012880699,9.447641018982676,25.588181131981695,67.6818188680255,62.23228022305766,9.324096737214582,6.346332126392354,0.5,0.0,0.0,0.5,30.431968370001535,18.516466447891208,69.39908847345166,1700.0425602236016,2277.3528746720667,1621.9518818121196,2262.938262119287
ATJ-50,IDLE,21.763,converged,,0.24267802551443873,0.10647257745857376,21.762999999999852,11.150945435575995,370.9211148925142,669.0048879247281,583.0066667601584,2.1988099494364004,7.696092758615865,14.066907241383985,34.08851049409956,2.1700566981854434,0.6640501544131329,0.5,0.0,0.0,0.5,30.431968370001535,18.516466447891208,69.39908847345166,638.6130848155617,855.4770207144873,609.2786844878798,850.062238517775
S000,TAKE-OFF,310.9,converged,,2.3942924373080743,0.34886295699588804,310.8999999999658,7.70116576811945,901.5451512272988,1718.4160904437808,983.2128254980568,43.7724,72.25249942371853,238.64750057624732,102.39547191158805,43.2,117.91936536594957,0.7844852628186345,0.10482879969755968,0.10380477286257346,0.006881164621232366,26.19401496044032,7.106387653137233,50.691237975422354,7858.597928416476,7840.878491207994,,
S000,APPROACH,93.27,converged,,0.6468020117256895,0.15506510004213375,93.27000000000008,6.934727261988731,581.9502969854668,990.0709128434344,672.7321376764016,9.447641018982676,25.588181131974594,67.6818188680255,62.23228022305766,9.324096737214582,6.361180344777869,0.7844852628186345,0.10482879969755968,0.10380477286257346,0.006881164621232366,26.19401496044032,7.106387653137233,50.691237975422354,2122.947418719632,2118.1606318365816,,
S000,IDLE,21.763,converged,,0.2429460560561775,0.10633108461968195,21.76299999999968,11.163261317657541,370.9211148925142,669.0519074841848,583.0482509037436,2.1988099494364004,7.696092758615694,14.066907241383985,34.08851049409956,2.1700566981854434,0.6654853301555456,0.7844852628186345,0.10482879969755968,0.10380477286257346,0.006881164621232366,26.19401496044032,7.106387653137233,50.691237975422354,797.4027495933532,795.6047790036887,,
S001,TAKE-OFF,310.9,converged,,2.393288316626202,0.3489748560383771,310.8999999999686,7.6979360457589046,901.5451512272988,1718.2965937910053,983.149138938121,43.7724,72.25249942372129,238.64750057624732,102.39547191158805,43.2,117.82266502415165,0.7194813331589103,0.059459098816610656,0.057379079550076185,0.16368048847440286,38.19103276094525,5.084139728593954,46.122910760854495,7553.538160999275,7891.978590968503,,
S001,APPROACH,93.27,converged,,0.6465714589129569,0.1551246032941384,93.26999999999974,6.932255375929652,581.9502969854668,990.0407048029739,672.7110248163046,9.447641018982676,25.58818113197424,67.6818188680255,62.23228022305766,9.324096737214582,6.356746464193554,0.7194813331589103,0.059459098816610656,0.057379079550076185,0.16368048847440286,38.19103276094525,5.084139728593954,46.122910760854495,2040.6660387649365,2132.0992025171454,,
S001,IDLE,21.763,converged,,0.2428663026961508,0.1063748851585885,21.762999999999774,11.15959668686088,370.9211148925142,669.0375593079543,583.0355659772614,2.1988099494364004,7.696092758615788,14.066907241383985,34.08851049409956,2.1700566981854434,0.6650581306988347,0.7194813331589103,0.059459098816610656,0.057379079550076185,0.16368048847440286,38.19103276094525,5.084139728593954,46.122910760854495,766.5185480127421,800.8628329609897,,
S002,TAKE-OFF,310.9,converged,,2.393494015947241,0.34893017334169524,310.8999999999667,7.698597671108065,901.5451512272988,1718.333677455966,983.1684541719994,43.7724,72.25249942371936,238.64750057624732,102.39547191158805,43.2,117.84247143232109,0.5837660101242363,0.18242211949284004,0.16198393932549152,0.07182793105743211,32.90615560543596,14.603482361658475,36.60393246338957,6441.887735762695,6700.640995819369,,
S002,APPROACH,93.27,converged,,0.6466114144691144,0.15510099533467966,93.26999999999593,6.932683761864937,581.9502969854668,990.0501013797932,672.7174605959324,9.447641018982676,25.588181131970426,67.6818188680255,62.23228022305766,9.324096737214582,6.357514761964586,0.5837660101242363,0.18242211949284004,0.16198393932549152,0.07182793105743211,32.90615560543596,14.603482361658475,36.60393246338957,1740.3002108715418,1810.2033776933422,,
S002,IDLE,21.763,converged,,0.24287858249328617,0.10635750150811803,21.76299999999979,11.16016093798137,370.9211148925142,669.0420020570615,583.0394654868597,2.1988099494364004,7.696092758615805,14.066907241383985,34.08851049409956,2.1700566981854434,0.6651238987903619,0.5837660101242363,0.18242211949284004,0.16198393932549152,0.07182793105743211,32.90615560543596,14.603482361658475,36.60393246338957,653.6872669906087,679.944121864428,,
S003,TAKE-OFF,310.9,converged,,2.3942629975632306,0.348885067231337,310.8999999999664,7.701071076112865,901.5451512272988,1718.401677089471,983.2055326024959,43.7724,72.25249942371904,238.64750057624732,102.39547191158805,43.2,117.91652966364165,0.8966424153186381,0.022560456104429572,0.020184753760517964,0.06061237481641438,24.41712714906528,2.3566752150887083,47.689677807706325,8769.92986784303,8867.332761578333,,
S003,APPROACH,93.27,converged,,0.646801550840101,0.15507672404994421,93.27000000000045,6.934722320575725,581.9502969854668,990.0672512273086,672.7296924449726,9.447641018982676,25.58818113197495,67.6818188680255,62.23228022305766,9.324096737214582,6.361171479741241,0.8966424153186381,0.022560456104429572,0.020184753760517964,0.06061237481641438,24.41712714906528,2.3566752150887083,47.689677807706325,2369.1650604185515,2395.4781023811206,,
S003,IDLE,21.763,converged,,0.24294723133375648,0.10633964562265032,21.76299999999966,11.163315321130371,370.9211148925142,669.0501861539927,583.0467535412799,2.1988099494364004,7.696092758615677,14.066907241383985,34.08851049409956,2.1700566981854434,0.6654916265408397,0.8966424153186381,0.022560456104429572,0.020184753760517964,0.06061237481641438,24.41712714906528,2.3566752150887083,47.689677807706325,889.8897834332056,899.7733105899848,,
S004,TAKE-OFF,310.9,converged,,2.3947839798129613,0.34883711982456284,310.8999999999671,7.702746799013234,901.5451512272988,1718.4578254992807,983.2356651597103,43.7724,72.25249942371981,238.64750057624732,102.39547191158805,43.2,117.96671676680513,0.9906020010821521,0.00377044655791107,0.00011434848526113116,0.005513203874675671,34.9545941524446,13.162083536597446,67.74087872100819,9416.20521875967,9441.445099752558,,
S004,APPROACH,93.27,converged,,0.6469245445502216,0.15505115811264114,93.26999999999991,6.936041005148732,581.9502969854668,990.0814334386033,672.7396657407845,9.447641018982676,25.588181131974423,67.6818188680255,62.23228022305766,9.324096737214582,6.3635374518726735,0.9906020010821521,0.00377044655791107,0.00011434848526113116,0.005513203874675671,34.9545941524446,13.162083536597446,67.74087872100819,2543.684242038936,2550.502518198067,,
S004,IDLE,21.763,converged,,0.2429904927175152,0.10632082952667644,21.763000000000034,11.16530316213366,370.9211148925142,669.0569316490119,583.0527302142525,2.1988099494364004,7.696092758616046,14.066907241383985,34.08851049409956,2.1700566981854434,0.6657234136138998,0.9906020010821521,0.00377044655791107,0.00011434848526113116,0.005513203874675671,34.9545941524446,13.162083536597446,67.74087872100819,955.4299531494079,957.9909570521784,,
S005,TAKE-OFF,310.9,converged,,2.3930325938342136,0.348959124657732,310.8999999999654,7.697113521500417,901.5451512272988,1718.2917855560227,983.1456635429766,43.7724,72.25249942371809,238.64750057624732,102.39547191158805,43.2,117.79804421684523,0.552306932862848,0.10070226555814565,0.2388710416199311,0.10811975995907518,58.91840156072174,5.414610775754733,51.03951481159578,6070.470239929944,6587.977851040308,,
S005,APPROACH,93.27,converged,,0.6464979500501066,0.15511654929853444,93.27000000000002,6.931467246168182,581.9502969854668,990.0395325758691,672.7099379405946,9.447641018982676,25.588181131974526,67.6818188680255,62.23228022305766,9.324096737214582,6.35533309482253,0.552306932862848,0.10070226555814565,0.2388710416199311,0.10811975995907518,58.91840156072174,5.414610775754733,51.03951481159578,1639.9887640756367,1779.7978124689646,,
S005,IDLE,21.763,converged,,0.24283773941673054,0.10636894533431997,21.762999999999955,11.15828421709925,370.9211148925142,669.0369607595048,583.0349794270093,2.1988099494364004,7.696092758615972,14.066907241383985,34.08851049409956,2.1700566981854434,0.66490516388814,0.552306932862848,0.10070226555814565,0.2388710416199311,0.10811975995907518,58.91840156072174,5.414610775754733,51.03951481159578,616.0130346988713,668.5281482567854,,
S006,TAKE-OFF,310.9,converged,,2.393415770390536,0.3489578097000794,310.89999999996525,7.698345996753951,901.5451512272988,1718.3134073892193,983.158041369513,43.7724,72.25249942371794,238.64750057624732,102.39547191158805,43.2,117.8349371202703,0.6259404122829437,0.17638501921691227,0.07569833393562422,0.12197623456451978,37.60095848419447,14.584109945648343,39.02573979208715,6908.681878325412,7259.77167415991,,
S006,APPROACH,93.27,converged,,0.6465997740150841,0.15511555830348892,93.26999999999967,6.932558958026015,581.9502969854668,990.0449583844061,672.7139805179231,9.447641018982676,25.58818113197417,67.6818188680255,62.23228022305766,9.324096737214582,6.357290925209262,0.6259404122829437,0.17638501921691227,0.07569833393562422,0.12197623456451978,37.60095848419447,14.584109945648343,39.02573979208715,1866.4338208728393,1961.2834435142686,,
S006,IDLE,21.763,converged,,0.24287589629483783,0.106368226240617,21.762999999999767,11.16003750837846,370.9211148925142,669.0395770543931,583.037346136145,2.1988099494364004,7.696092758615783,14.066907241383985,34.08851049409956,2.1700566981854434,0.6651095117871895,0.6259404122829437,0.17638501921691227,0.07569833393562422,0.12197623456451978,37.60095848419447,14.584109945648343,39.02573979208715,701.0701292155334,736.6975575538038,,
S007,TAKE-OFF,310.9,converged,,2.3940346314932572,0.348879925229491,310.8999999999672,7.7003365438839175,901.5451512272988,1718.392222341282,983.1998623091939,43.7724,72.25249942371985,238.64750057624732,102.39547191158805,43.2,117.89453406305792,0.8155256789177656,0.00454506158120982,0.14327627919524627,0.03665298030577829,47.38512730907317,12.881751270889048,21.524090680890634,7971.8837165581845,8029.692349874726,,
S007,APPROACH,93.27,converged,,0.6467388866515096,0.15507420542526854,93.26999999999997,6.9340504626515465,581.9502969854668,990.0648911627627,672.7278578845666,9.447641018982676,25.588181131974466,67.6818188680255,62.23228022305766,9.324096737214582,6.359966203569989,0.8155256789177656,0.00454506158120982,0.14327627919524627,0.03665298030577829,47.38512730907317,12.881751270889048,21.524090680890634,2153.5725221093817,2169.1892933365652,,
S007,IDLE,21.763,converged,,0.24292338650593742,0.1063377840137116,21.76299999999965,11.16221966208433,370.9211148925142,669.0490362900969,583.0456972796068,2.1988099494364004,7.696092758615663,14.066907241383985,34.08851049409956,2.1700566981854434,0.6653638869064451,0.8155256789177656,0.00454506158120982,0.14327627919524627,0.03665298030577829,47.38512730907317,12.881751270889048,21.524090680890634,808.9093464992789,814.7752052424229,,
S008,TAKE-OFF,310.9,converged,,2.394341242730842,0.3488736711653767,310.899999999963,7.701322749215591,901.5451512272988,1718.4125401215988,983.2112667782018,43.7724,72.25249942371569,238.64750057624732,102.39547191158805,43.2,117.92406648724489,0.8718300126492977,0.05358239987133352,0.035495574066359996,0.03909201341300877,33.23661950303812,3.9228918705250755,40.625647167404914,8574.888560023872,8634.30369014275,,
S008,APPROACH,93.27,converged,,0.6468186201982749,0.15507068323888892,93.26999999999997,6.934905330741665,581.9502969854668,990.0699996912058,672.7315971901716,9.447641018982676,25.588181131974466,67.6818188680255,62.23228022305766,9.324096737214582,6.361499809257505,0.8718300126492977,0.05358239987133352,0.035495574066359996,0.03909201341300877,33.23661950303812,3.9228918705250755,40.625647167404914,2316.46078168153,2332.5114647656847,,
S008,IDLE,21.763,converged,,0.24295294612710916,0.10633519837752643,21.762999999999877,11.163577913298283,370.9211148925142,669.0514890438222,583.0479019269411,2.1988099494364004,7.696092758615891,14.066907241383985,34.08851049409956,2.1700566981854434,0.665522243162094,0.8718300126492977,0.05358239987133352,0.035495574066359996,0.03909201341300877,33.23661950303812,3.9228918705250755,40.625647167404914,870.0908630690267,876.1196949870882,,
S009,TAKE-OFF,310.9,converged,,2.3931675389559053,0.34897794881668953,310.8999999999665,7.697547568208953,901.5451512272988,1718.2882271404387,983.1444658281033,43.7724,72.25249942371917,238.64750057624732,102.39547191158805,43.2,117.8110363231824,0.686701500788331,0.054275789591947,0.09710147421050824,0.16192123540921374,36.493982638668896,10.14748395175515,34.05891029588333,7254.0405427737505,7407.160375740915,,
S009,APPROACH,93.27,converged,,0.6465402591991963,0.15512632109297475,93.2700000000003,6.931920866293495,581.9502969854668,990.0385996820844,672.7094907913784,9.447641018982676,25.588181131974796,67.6818188680255,62.23228022305766,9.324096737214582,6.356146562397349,0.686701500788331,0.054275789591947,0.09710147421050824,0.16192123540921374,36.493982638668896,10.14748395175515,34.05891029588333,1959.7580095928397,2001.1249991093025,,
S009,IDLE,21.763,converged,,0.24285477505843497,0.10637614706779236,21.762999999999774,11.159066997125281,370.9211148925142,669.0365495940069,583.0346598596549,2.1988099494364004,7.696092758615787,14.066907241383985,34.08851049409956,2.1700566981854434,0.6649963939121193,0.686701500788331,0.054275789591947,0.09710147421050824,0.16192123540921374,36.493982638668896,10.14748395175515,34.05891029588333,736.1283134605254,751.6666667044647,,
S010,TAKE-OFF,310.9,converged,,2.3935568254516366,0.3489497580155342,310.8999999999676,7.698799695888988,901.5451512272988,1718.325751062841,983.1647783486455,43.7724,72.25249942372028,238.64750057624732,102.39547191158805,43.2,117.84851956787955,0.5101007628254592,0.3503628063637687,0.0487145340873422,0.09082189672342987,28.306580699908167,16.320651756956373,57.48854894965712,6222.10317063663,6529.032855644042,,
S010,APPROACH,93.27,converged,,0.6466347265369211,0.15511122253503523,93.26999999999414,6.932933703623477,581.9502969854668,990.0480714973694,672.7162027132558,9.447641018982676,25.58818113196864,67.6818188680255,62.23228022305766,9.324096737214582,6.357963046232663,0.5101007628254592,0.3503628063637687,0.0487145340873422,0.09082189672342987,28.306580699908167,16.320651756956373,57.48854894965712,1680.9410745742177,1763.860097352539,,
S010,IDLE,21.763,converged,,0.24288853074948813,0.10636503653739399,21.762999999999913,11.160618055851174,370.9211148925142,669.0410629926203,583.0386697716165,2.1988099494364004,7.696092758615926,14.066907241383985,34.08851049409956,2.1700566981854434,0.6651771819540526,0.5101007628254592,0.3503628063637687,0.0487145340873422,0.09082189672342987,28.306580699908167,16.320651756956373,57.48854894965712,631.3940330213394,662.540024393734,,
S011,TAKE-OFF,310.9,converged,,2.394572494972542,0.3488522209258397,310.8999999999627,7.702066564724444,901.5451512272988,1718.437559994539,983.2246901245514,43.7724,72.25249942371536,238.64750057624732,102.39547191158805,43.2,117.94634281527405,0.9469927339814603,0.005635993680451942,0.027316029704749764,0.020055242633337963,60.84099970754286,6.931476988237408,55.94803360301786,9075.636095713708,9149.790488058177,,
S011,APPROACH,93.27,converged,,0.6468731585812707,0.15505924720180575,93.2699999999998,6.935490067345043,581.9502969854668,990.0763195490123,672.7360403580395,9.447641018982676,25.58818113197429,67.6818188680255,62.23228022305766,9.324096737214582,6.362548911872057,0.9469927339814603,0.005635993680451942,0.027316029704749764,0.020055242633337963,60.84099970754286,6.931476988237408,55.94803360301786,2451.705011936102,2471.7371830644565,,
S011,IDLE,21.763,converged,,0.24297211777226624,0.10632678159003031,21.76299999999983,11.164458841716128,370.9211148925142,669.0544947945025,583.0505648554681,2.1988099494364004,7.696092758615847,14.066907241383985,34.08851049409956,2.1700566981854434,0.6656249589903158,0.9469927339814603,0.005635993680451942,0.027316029704749764,0.020055242633337963,60.84099970754286,6.931476988237408,55.94803360301786,920.8852632090669,928.4095498146631,,
S012,TAKE-OFF,310.9,converged,,2.39452079391037,0.3488572939867733,310.8999999999674,7.701900269895854,901.5451512272988,1718.4318054787766,983.2216090950894,43.7724,72.25249942372008,238.64750057624732,102.39547191158805,43.2,117.9413623182901,0.9159594406373799,0.03377716086267356,0.027932730425791117,0.022330668074155437,56.798694863390494,6.723263424129515,27.346210257111586,8874.726880523203,8968.603589694987,,
S012,APPROACH,93.27,converged,,0.6468610583541871,0.1550619494923574,93.27000000000001,6.935360334021518,581.9502969854668,990.0748657240692,672.7350200964638,9.447641018982676,25.588181131974515,67.6818188680255,62.23228022305766,9.324096737214582,6.362316144100334,0.9159594406373799,0.03377716086267356,0.027932730425791117,0.022330668074155437,56.798694863390494,6.723263424129515,27.346210257111586,2397.4380331710227,2422.798091686322,,
S012,IDLE,21.763,converged,,0.24296788339489042,0.10632877051909997,21.763000000000005,11.164264273992115,370.9211148925142,669.0538036423095,583.0499529285848,2.1988099494364004,7.696092758616018,14.066907241383985,34.08851049409956,2.1700566981854434,0.6656022718210944,0.9159594406373799,0.03377716086267356,0.027932730425791117,0.022330668074155437,56.798694863390494,6.723263424129515,27.346210257111586,900.503186838967,910.0286941494705,,
S013,TAKE-OFF,310.9,converged,,2.3933237883780123,0.3489297593661549,310.89999999996695,7.69805013952482,901.5451512272988,1718.3246497636578,983.1632427098909,43.7724,72.25249942371961,238.64750057624732,102.39547191158805,43.2,117.82608041760678,0.603633547667414,0.08450499219683962,0.23883360886323513,0.07302785127251132,34.01420955466117,15.84977156117698,24.315658411132787,6398.282880756231,6615.552987766397,,
S013,APPROACH,93.27,converged,,0.6465658457758992,0.15510091181424066,93.27000000000199,6.932195194337787,581.9502969854668,990.0478381164952,672.7157614909768,9.447641018982676,25.588181131976487,67.6818188680255,62.23228022305766,9.324096737214582,6.356638533886503,0.603633547667414,0.08450499219683962,0.23883360886323513,0.07302785127251132,34.01420955466117,15.84977156117698,24.315658411132787,1728.5213151678274,1787.2176901351497,,
S013,IDLE,21.763,converged,,0.2428614453717323,0.10635743516090955,21.762999999999817,11.159373495002265,370.9211148925142,669.0409087356447,583.0384737540384,2.1988099494364004,7.696092758615831,14.066907241383985,34.08851049409956,2.1700566981854434,0.6650321167361237,0.603633547667414,0.08450499219683962,0.23883360886323513,0.07302785127251132,34.01420955466117,15.84977156117698,24.315658411132787,649.2628518813017,671.310237396289,,
S014,TAKE-OFF,310.9,converged,,2.393526855648146,0.34893963714019594,310.8999999999652,7.69870329896563,901.5451512272988,1718.3299827000542,983.1667558519603,43.7724,72.25249942371788,238.64750057624732,102.39547191158805,43.2,117.84563365714982,0.7181687140837312,0.06575784176418736,0.10615174331419158,0.10992170083788988,33.837822307992674,3.3871930954352654,37.00722809683753,7433.016983294726,7511.280171350803,,
S014,APPROACH,93.27,converged,,0.6466233435358093,0.15510593539061635,93.26999999999109,6.932811660082247,581.9502969854668,990.0491544738643,672.7168781852195,9.447641018982676,25.588181131965584,67.6818188680255,62.23228022305766,9.324096737214582,6.3577441525098,0.7181687140837312,0.06575784176418736,0.10615174331419158,0.10992170083788988,33.837822307992674,3.3871930954352654,37.00722809683753,2008.0670007752929,2029.2101954786124,,
S014,IDLE,21.763,converged,,0.24288363910348174,0.10636114122333612,21.762999999999934,11.160393286931143,370.9211148925142,669.0415646827971,583.0390958405338,2.1988099494364004,7.696092758615949,14.066907241383985,34.08851049409956,2.1700566981854434,0.6651509818881528,0.7181687140837312,0.06575784176418736,0.10615174331419158,0.10992170083788988,33.837822307992674,3.3871930954352654,37.00722809683753,754.2669555431963,762.2087289467594,,
S015,TAKE-OFF,310.9,converged,,2.394000276668661,0.34890564218858766,310.89999999996616,7.700226042679065,901.5451512272988,1718.3754522689046,983.1913764496435,43.7724,72.25249942371885,238.64750057624732,102.39547191158805,43.2,117.89122527304184,0.777863304130733,0.10550128085473372,0.04605524702136253,0.07058016799317074,46.58177225614384,8.960324418636619,61.2409760409203,7948.709783903673,8397.451240031416,,
S015,APPROACH,93.27,converged,,0.646738319676248,0.1550877259762081,93.26999999999838,6.934044383791779,581.9502969854668,990.0606306351547,672.7250125685606,9.447641018982676,25.58818113197287,67.6818188680255,62.23228022305766,9.324096737214582,6.359955298939122,0.777863304130733,0.10550128085473372,0.04605524702136253,0.07058016799317074,46.58177225614384,8.960324418636619,61.2409760409203,2147.34110907854,2268.56845317433,,
S015,IDLE,21.763,converged,,0.24292474178629095,0.10634774189864607,21.762999999999682,11.162281936603156,370.9211148925142,669.0470333520168,583.0439549224506,2.1988099494364004,7.6960927586156975,14.066907241383985,34.08851049409956,2.1700566981854434,0.6653711469864553,0.777863304130733,0.10550128085473372,0.04605524702136253,0.07058016799317074,46.58177225614384,8.960324418636619,61.2409760409203,806.5739551525597,852.1087879681717,,
S016,TAKE-OFF,310.9,converged,,2.3937857578052246,0.34891907497615154,310.89999999996417,7.699536049551305,901.5451512272988,1718.3559904957083,983.1807880431053,43.7724,72.25249942371681,238.64750057624732,102.39547191158805,43.2,117.87056550780976,0.7579551967792213,0.07364513583307754,0.08189663656897005,0.08650303081873113,23.787630678371606,7.950287945683247,72.21989619272529,7741.6022502092865,8102.173457772161,,
S016,APPROACH,93.27,converged,,0.6466855624350978,0.15509494272663799,93.27000000001088,6.933478743808538,581.9502969854668,990.0557211371032,672.7215178837808,9.447641018982676,25.58818113198538,67.6818188680255,62.23228022305766,9.324096737214582,6.358940659305039,0.7579551967792213,0.07364513583307754,0.08189663656897005,0.08650303081873113,23.787630678371606,7.950287945683247,72.21989619272529,2091.4078835173545,2188.816848960649,,
S016,IDLE,21.763,converged,,0.24290574967187528,0.1063530515265735,21.763000000000044,11.16140925754146,370.9211148925142,669.0446915637312,583.0418710071106,2.1988099494364004,7.696092758616059,14.066907241383985,34.08851049409956,2.1700566981854434,0.6652694119573781,0.7579551967792213,0.07364513583307754,0.08189663656897005,0.08650303081873113,23.787630678371606,7.950287945683247,72.21989619272529,785.5672514204892,822.1556633941058,,
S017,TAKE-OFF,310.9,converged,,2.393877452668441,0.3488975723007315,310.899999999963,7.699830983173774,901.5451512272988,1718.3734404246652,983.1898551735599,43.7724,72.25249942371566,238.64750057624732,102.39547191158805,43.2,117.8793961899576,0.6990156783722341,0.12221643689834726,0.13544078484035732,0.04332709988906133,31.323750961594335,4.441603485500455,77.6838823153518,7240.443461609402,7452.527284722868,,
S017,APPROACH,93.27,converged,,0.6467028420825608,0.15508358815842874,93.27000000000024,6.933664008604688,581.9502969854668,990.060143330398,672.7245403502009,9.447641018982676,25.58818113197473,67.6818188680255,62.23228022305766,9.324096737214582,6.359272976824945,0.6990156783722341,0.12221643689834726,0.13544078484035732,0.04332709988906133,31.323750961594335,4.441603485500455,77.6838823153518,1955.996268456196,2013.2904340427958,,
S017,IDLE,21.763,converged,,0.24291092731190697,0.10634469060372982,21.763000000000105,11.161647167757469,370.9211148925142,669.0467813377666,583.0437038925174,2.1988099494364004,7.696092758616119,14.066907241383985,34.08851049409956,2.1700566981854434,0.6652971462597286,0.6990156783722341,0.12221643689834726,0.13544078484035732,0.04332709988906133,31.323750961594335,4.441603485500455,77.6838823153518,734.7004473635309,756.2209634128885,,
S018,TAKE-OFF,310.9,converged,,2.393269383858754,0.34896081288419606,310.8999999999656,7.697875149112317,901.5451512272988,1718.3036982929157,983.1525920602221,43.7724,72.25249942371828,238.64750057624732,102.39547191158805,43.2,117.82084210466597,0.6237323768436909,0.1241264682845378,0.12709987596420536,0.12504127890756597,24.983815914446375,7.826399509244121,69.75895941841662,6780.002478371041,7273.58347059249,,
S018,APPROACH,93.27,converged,,0.6465617100969939,0.1551172491680068,93.26999999999973,6.9321508534040515,581.9502969854668,990.0425168155944,672.7121935372642,9.447641018982676,25.588181131974224,67.6818188680255,62.23228022305766,9.324096737214582,6.356559012956725,0.6237323768436909,0.1241264682845378,0.12709987596420536,0.12504127890756597,24.983815914446375,7.826399509244121,69.75895941841662,1831.6742889216496,1965.0193158352201,,
S018,IDLE,21.763,converged,,0.24286178559362478,0.10636946757351724,21.76300000000006,11.159389128044117,370.9211148925142,669.0384047604418,583.0362924659072,2.1988099494364004,7.696092758616071,14.066907241383985,34.08851049409956,2.1700566981854434,0.6650339388176226,0.6237323768436909,0.1241264682845378,0.12709987596420536,0.12504127890756597,24.983815914446375,7.826399509244121,69.75895941841662,688.0142784309197,738.1013943713326,,
S019,TAKE-OFF,310.9,converged,,2.39442739704821,0.34887108614857326,310.8999999999646,7.701599861847805,901.5451512272988,1718.418728861436,983.2147098508607,43.7724,72.25249942371728,238.64750057624732,102.39547191158805,43.2,117.93236541763538,0.9349217284470797,0.00974307714245455,0.008831049826593483,0.0465041445838723,29.06708750258685,1.3550443822059317,51.12142539532195,9040.754395345773,9143.566080287934,,
S019,APPROACH,93.27,converged,,0.6468407474195084,0.15506925927312123,93.26999999999983,6.935142569095203,581.9502969854668,990.0715571563024,672.7327281706097,9.447641018982676,25.588181131974324,67.6818188680255,62.23228022305766,9.324096737214582,6.36192543921771,0.9349217284470797,0.00974307714245455,0.008831049826593483,0.0465041445838723,29.06708750258685,1.3550443822059317,51.12142539532195,2442.3076421238934,2470.0816256714543,,
S019,IDLE,21.763,converged,,0.2429610975325739,0.1063341519755276,21.76299999999995,11.163952466689999,370.9211148925142,669.0522354118023,583.0485708786148,2.1988099494364004,7.696092758615961,14.066907241383985,34.08851049409956,2.1700566981854434,0.6655659149600879,0.9349217284470797,0.00974307714245455,0.008831049826593483,0.0465041445838723,29.06708750258685,1.3550443822059317,51.12142539532195,917.3598719775359,927.792111369515,,
S020,TAKE-OFF,310.9,converged,,2.394723989836132,0.34884133400961626,310.89999999996536,7.702553843153423,901.5451512272988,1718.4521171247939,983.2325719475341,43.7724,72.25249942371804,238.64750057624732,102.39547191158805,43.2,117.9609372989738,0.9659010777249932,0.01853338540161816,0.008133070140634855,0.007432466732753757,48.77563191128454,2.7570770036124537,34.32801065320063,9239.454973481012,9278.98521738651,,
S020,APPROACH,93.27,converged,,0.6469099452325969,0.15505341624058813,93.26999999999995,6.935884477673391,581.9502969854668,990.0799930634553,672.7386440955283,9.447641018982676,25.588181131974462,67.6818188680255,62.23228022305766,9.324096737214582,6.363256589178995,0.9659010777249932,0.01853338540161816,0.008133070140634855,0.007432466732753757,48.77563191128454,2.7570770036124537,34.32801065320063,2495.9433054673877,2506.6219924594893,,
S020,IDLE,21.763,converged,,0.2429852675591544,0.1063224910569774,21.763000000000005,11.16506306847192,370.9211148925142,669.0562452071981,583.0521201388466,2.1988099494364004,7.696092758616019,14.066907241383985,34.08851049409956,2.1700566981854434,0.6656954160173079,0.9659010777249932,0.01853338540161816,0.008133070140634855,0.007432466732753757,48.77563191128454,2.7570770036124537,34.32801065320063,937.4990388707257,941.5100509676619,,
S021,TAKE-OFF,310.9,converged,,2.392456428676292,0.3490272795503403,310.89999999996706,7.695260304524109,901.5451512272988,1718.2209416329536,983.1079868539608,43.7724,72.25249942371977,238.64750057624732,102.39547191158805,43.2,117.74258066320262,0.5302524594590068,0.06775883916789345,0.19499777779168845,0.2069909235814113,29.577335222270065,2.1061526340100705,46.425345177661015,6032.883515821942,6301.744128598611,,
S021,APPROACH,93.27,converged,,0.6463669637083306,0.15515276660381708,93.27000000000007,6.930062868106895,581.9502969854668,990.0216165091036,672.6974399402706,9.447641018982676,25.588181131974572,67.6818188680255,62.23228022305766,9.324096737214582,6.352814975338471,0.5302524594590068,0.06775883916789345,0.19499777779168845,0.2069909235814113,29.577335222270065,2.1061526340100705,46.425345177661015,1629.8966007441038,1702.5343365282276,,
S021,IDLE,21.763,converged,,0.2427927055356623,0.10639560698385161,21.762999999999863,11.156214930646687,370.9211148925142,669.0284542009487,583.027464078171,2.1988099494364004,7.696092758615875,14.066907241383985,34.08851049409956,2.1700566981854434,0.6646640259086174,0.5302524594590068,0.06775883916789345,0.19499777779168845,0.2069909235814113,29.577335222270065,2.1061526340100705,46.425345177661015,612.2327217462954,639.5173965289164,,
S022,TAKE-OFF,310.9,converged,,2.394180305640589,0.34887850742715,310.89999999996706,7.7008051001635325,901.5451512272988,1718.4009753428209,983.2048330107366,43.7724,72.25249942371974,238.64750057624732,102.39547191158805,43.2,117.90856477029931,0.667495593894273,0.23666588830087215,0.08527787339269652,0.010560644412158293,49.61231410580501,7.2891028372496045,35.555918625168765,7147.680830513745,7680.551644166461,,
S022,APPROACH,93.27,converged,,0.6467772886110413,0.15507334713035603,93.26999999999995,6.934462191605464,581.9502969854668,990.067089236943,672.7294837872416,9.447641018982676,25.588181131974462,67.6818188680255,62.23228022305766,9.324096737214582,6.360704809431427,0.667495593894273,0.23666588830087215,0.08527787339269652,0.010560644412158293,49.61231410580501,7.2891028372496045,35.555918625168765,1930.9145666787506,2074.8672753457986,,
S022,IDLE,21.763,converged,,0.24293772050202012,0.10633715594947017,21.76299999999984,11.162878302716626,370.9211148925142,669.0500943033401,583.0466518706113,2.1988099494364004,7.696092758615852,14.066907241383985,34.08851049409956,2.1700566981854434,0.6654406744251374,0.667495593894273,0.23666588830087215,0.08527787339269652,0.010560644412158293,49.61231410580501,7.2891028372496045,35.555918625168765,725.2759049725754,779.3463609385936,,
S023,TAKE-OFF,310.9,converged,,2.3941873985295166,0.3488807777835327,310.89999999996695,7.700827914216054,901.5451512272988,1718.4000461309306,983.2044009642206,43.7724,72.25249942371961,238.64750057624732,102.39547191158805,43.2,117.90924794768245,0.8519758456386626,0.030224773597526827,0.07223379996209675,0.04556558080171385,35.19532452964959,8.424559969133263,31.16159514753444,8365.49311387,8401.35118738268,,
S023,APPROACH,93.27,converged,,0.6467799408860885,0.15507453278846933,93.27000000000011,6.934490628134316,581.9502969854668,990.066851370711,672.7293360573806,9.447641018982676,25.588181131974622,67.6818188680255,62.23228022305766,9.324096737214582,6.360755823633463,0.8519758456386626,0.030224773597526827,0.07223379996209675,0.04556558080171385,35.19532452964959,8.424559969133263,31.16159514753444,2259.90377570067,2269.590687711427,,
S023,IDLE,21.763,converged,,0.2429388549162295,0.1063380294671401,21.762999999999877,11.162930428536088,370.9211148925142,669.0499842183319,583.0465585179375,2.1988099494364004,7.696092758615889,14.066907241383985,34.08851049409956,2.1700566981854434,0.6654467516908543,0.8519758456386626,0.030224773597526827,0.07223379996209675,0.04556558080171385,35.19532452964959,8.424559969133263,31.16159514753444,848.8488909186469,852.4874195167102,,
S024,TAKE-OFF,310.9,converged,,2.3941414382033503,0.3488992456009695,310.8999999999624,7.700680084283177,901.5451512272988,1718.386843922185,983.1976403137082,43.7724,72.2524994237151,238.64750057624732,102.39547191158805,43.2,117.90482114612405,0.8356493008323014,0.08099025082801921,0.011801915642616626,0.0715585326970628,36.07098943143918,6.014238955108926,34.128231421315945,8396.93497299623,8496.115216804343,,
S024,APPROACH,93.27,converged,,0.6467738525217617,0.155084258823125,93.27000000000002,6.934425351364442,581.9502969854668,990.0635011312675,672.7270752736054,9.447641018982676,25.58818113197454,67.6818188680255,62.23228022305766,9.324096737214582,6.36063871954216,0.8356493008323014,0.08099025082801921,0.011801915642616626,0.0715585326970628,36.07098943143918,6.014238955108926,34.128231421315945,2268.419858241559,2295.2132578954906,,
S024,IDLE,21.763,converged,,0.24293769485342048,0.10634519207902147,21.76299999999977,11.162877124175116,370.9211148925142,669.0484055769246,583.0451801894044,2.1988099494364004,7.6960927586157855,14.066907241383985,34.08851049409956,2.1700566981854434,0.6654405370211819,0.8356493008323014,0.08099025082801921,0.011801915642616626,0.0715585326970628,36.07098943143918,6.014238955108926,34.128231421315945,852.0515929520901,862.1155847536039,,
S025,TAKE-OFF,310.9,converged,,2.3931593915306175,0.3489486864676263,310.8999999999672,7.697521362273626,901.5451512272988,1718.3047351828957,983.1526414705979,43.7724,72.25249942371987,238.64750057624732,102.39547191158805,43.2,117.81025189396652,0.6448817164637148,0.01804272525004968,0.228589649496774,0.10848590878946152,34.86471067385023,2.6616403662356247,46.298348541188375,6688.548217881019,6774.571696039919,,
S025,APPROACH,93.27,converged,,0.6465283001324903,0.15511097244154815,93.27000000000015,6.931792646429605,581.9502969854668,990.042802876206,672.7122459476054,9.447641018982676,25.588181131974657,67.6818188680255,62.23228022305766,9.324096737214582,6.355916623212899,0.6448817164637148,0.01804272525004968,0.228589649496774,0.10848590878946152,34.86471067385023,2.6616403662356247,46.298348541188375,1806.9568307755098,1830.1966589718202,,
S025,IDLE,21.763,converged,,0.24284850015322865,0.10636484104813088,21.762999999999867,11.158778668071045,370.9211148925142,669.0385176206231,583.0363606059566,2.1988099494364004,7.696092758615879,14.066907241383985,34.08851049409956,2.1700566981854434,0.664962789549883,0.6448817164637148,0.01804272525004968,0.228589649496774,0.10848590878946152,34.86471067385023,2.6616403662356247,46.298348541188375,678.7278393003664,687.4571670345679,,
S026,TAKE-OFF,310.9,converged,,2.3928000146193833,0.3490160606574749,310.89999999996206,7.696365437824623,901.5451512272988,1718.2461430302687,983.1219773362764,43.7724,72.25249942371477,238.64750057624732,102.39547191158805,43.2,117.77565384006905,0.5323587702587247,0.18243541373381858,0.09254048852201499,0.1926653274854417,73.75610215024341,3.7142603406879773,33.58124036151169,6273.94071731178,7199.37132231922,,
S026,APPROACH,93.27,converged,,0.6464549139910474,0.15514660928283946,93.27000000000189,6.931005832433089,581.9502969854668,990.0279620794846,672.7020387598918,9.447641018982676,25.588181131976395,67.6818188680255,62.23228022305766,9.324096737214582,6.354505703328621,0.5323587702587247,0.18243541373381858,0.09254048852201499,0.1926653274854417,73.75610215024341,3.7142603406879773,33.58124036151169,1695.009938989768,1945.0304833351463,,
S026,IDLE,21.763,converged,,0.24282504934894855,0.10639108113426986,21.762999999999497,11.15770111422847,370.9211148925142,669.0314939789912,583.0301866052404,2.1988099494364004,7.69609275861551,14.066907241383985,34.08851049409956,2.1700566981854434,0.6648372094497014,0.5323587702587247,0.18243541373381858,0.09254048852201499,0.1926653274854417,73.75610215024341,3.7142603406879773,33.58124036151169,636.6892155573415,730.6033458469572,,
S027,TAKE-OFF,310.9,converged,,2.39474817020653,0.34883693398139876,310.89999999996496,7.70263161854873,901.5451512272988,1718.4559832763625,983.2345971620439,43.7724,72.25249942371764,238.64750057624732,102.39547191158805,43.2,117.96326683269903,0.9714852040633559,0.010166357566151758,0.016699962871672237,0.0016484754988200848,39.2574294310428,8.640745338984608,37.81540605401946,9255.920851211635,9270.634563965728,,
S027,APPROACH,93.27,converged,,0.6469149261105699,0.15505108872285558,93.27000000000233,6.935937880460531,581.9502969854668,990.0809718857574,672.7393178880875,9.447641018982676,25.58818113197684,67.6818188680255,62.23228022305766,9.324096737214582,6.363352410976995,0.9714852040633559,0.010166357566151758,0.016699962871672237,0.0016484754988200848,39.2574294310428,8.640745338984608,37.81540605401946,2500.385396695158,2504.360144653022,,
S027,IDLE,21.763,converged,,0.24298686956868962,0.10632077740362521,21.762999999999895,11.165136680085043,370.9211148925142,669.0567084844704,583.052527500253,2.1988099494364004,7.696092758615908,14.066907241383985,34.08851049409956,2.1700566981854434,0.6657039998905608,0.9714852040633559,0.010166357566151758,0.016699962871672237,0.0016484754988200848,39.2574294310428,8.640745338984608,37.81540605401946,939.1664896511895,940.6594395347432,,
S028,TAKE-OFF,310.9,converged,,2.3944474051098936,0.3488576175725793,310.8999999999669,7.701664217144255,901.5451512272988,1718.4276219802837,983.2192174012865,43.7724,72.25249942371957,238.64750057624732,102.39547191158805,43.2,117.9342927619002,0.8774574920535088,0.048052236654444136,0.058851418642995854,0.015638852649051255,27.398718528639343,5.6409101607052285,53.227588329316184,8557.57888171732,8578.449029454167,,
S028,APPROACH,93.27,converged,,0.6468415815643919,0.15506217689350993,93.26999999999963,6.935151512430519,581.9502969854668,990.0738159579266,672.7342388788954,9.447641018982676,25.588181131974125,67.6818188680255,62.23228022305766,9.324096737214582,6.361941484751525,0.8774574920535088,0.048052236654444136,0.058851418642995854,0.015638852649051255,27.398718528639343,5.6409101607052285,53.227588329316184,2311.764228522707,2317.402138689694,,
S028,IDLE,21.763,converged,,0.24296058937393014,0.10632893593497772,21.762999999999906,11.163929117030335,370.9211148925142,669.053297621885,583.049495374936,2.1988099494364004,7.696092758615921,14.066907241383985,34.08851049409956,2.1700566981854434,0.6655631924191253,0.8774574920535088,0.048052236654444136,0.058851418642995854,0.015638852649051255,27.398718528639343,5.6409101607052285,53.227588329316184,868.3232733694207,870.4409324934608,,
S029,TAKE-OFF,310.9,converged,,2.392267910650726,0.3490869438941224,310.8999999999675,7.694653942267532,901.5451512272988,1718.1761216775,983.0848959397758,43.7724,72.2524994237202,238.64750057624732,102.39547191158805,43.2,117.72443606945069,0.5638870503753424,0.11346596310637301,0.017268028460924376,0.30537895805736026,38.548402928229685,6.662106827009472,37.11787324361176,6651.527531609996,7024.287174476647,,
S029,APPROACH,93.27,converged,,0.6463365944222162,0.1551842261309132,93.27000000000005,6.9297372619514945,581.9502969854668,990.0102447924621,672.6897258715427,9.447641018982676,25.58818113197456,67.6818188680255,62.23228022305766,9.324096737214582,6.352231217003305,0.5638870503753424,0.11346596310637301,0.017268028460924376,0.30537895805736026,38.548402928229685,6.662106827009472,37.11787324361176,1797.0920536726178,1897.8032645850012,,
S029,IDLE,21.763,converged,,0.24278493796862285,0.10641877575431609,21.76299999999988,11.15585801445684,370.9211148925142,669.0230887525397,583.0227707559426,2.1988099494364004,7.696092758615895,14.066907241383985,34.08851049409956,2.1700566981854434,0.6646224380923231,0.5638870503753424,0.11346596310637301,0.017268028460924376,0.30537895805736026,38.548402928229685,6.662106827009472,37.11787324361176,675.0459227282994,712.876312195827,,
S030,TAKE-OFF,310.9,converged,,2.393925183707866,0.348906598457269,310.8999999999663,7.699984508549776,901.5451512272988,1718.3708097778003,983.1887492374855,43.7724,72.25249942371899,238.64750057624732,102.39547191158805,43.2,117.88399306000076,0.7383534382097423,0.12197499860235463,0.07496785381169883,0.06470370937620425,47.341159225337705,19.630778397714593,39.8776941053963,7629.703681066113,8041.457648441124,,
S030,APPROACH,93.27,converged,,0.6467185990925677,0.1550882867074117,93.27000000000076,6.933832948349549,581.9502969854668,990.0594643204562,672.7241525704154,9.447641018982676,25.58818113197525,67.6818188680255,62.23228022305766,9.324096737214582,6.35957601879002,0.7383534382097423,0.12197499860235463,0.07496785381169883,0.06470370937620425,47.341159225337705,19.630778397714593,39.8776941053963,2061.1635274532537,2172.398811982542,,
S030,IDLE,21.763,converged,,0.2429173947037125,0.10634815279203247,21.762999999999927,11.161944341483863,370.9211148925142,669.0464723798797,583.0434493616108,2.1988099494364004,7.696092758615941,14.066907241383985,34.08851049409956,2.1700566981854434,0.6653317899792653,0.7383534382097423,0.12197499860235463,0.07496785381169883,0.06470370937620425,47.341159225337705,19.630778397714593,39.8776941053963,774.2045378775198,815.9862116300529,,
S031,TAKE-OFF,310.9,converged,,2.3936485603037907,0.34894001488595827,310.89999999996456,7.699094758134653,901.5451512272988,1718.3363897405734,983.1704582642751,43.7724,72.25249942371723,238.64750057624732,102.39547191158805,43.2,117.85735329370648,0.8046770147047937,0.01815304287730556,0.05086085875836752,0.12630908365953322,51.541032219030384,2.0493022409340456,58.91116928367987,8113.702700223092,8526.440670892738,,
S031,APPROACH,93.27,converged,,0.6466559504496759,0.15510603800859182,93.27000000000417,6.93316125709925,581.9502969854668,990.0507605545554,672.718085041797,9.447641018982676,25.588181131978683,67.6818188680255,62.23228022305766,9.324096737214582,6.358371189321289,0.8046770147047937,0.01815304287730556,0.05086085875836752,0.12630908365953322,51.541032219030384,2.0493022409340456,58.91116928367987,2191.956755177531,2303.4599512340887,,
S031,IDLE,21.763,converged,,0.2428959066603154,0.10636122026168662,21.762999999999856,11.160956975615358,370.9211148925142,669.042340712945,583.0398000001327,2.1988099494364004,7.69609275861587,14.066907241383985,34.08851049409956,2.1700566981854434,0.6652166889040605,0.8046770147047937,0.01815304287730556,0.05086085875836752,0.12630908365953322,51.541032219030384,2.0493022409340456,58.91116928367987,823.3394017928907,865.2220596155659,,
S032,TAKE-OFF,310.9,converged,,2.39406329316958,0.348906595395486,310.8999999999668,7.7004287332577555,901.5451512272988,1718.3783309959463,983.1930752907025,43.7724,72.25249942371946,238.64750057624732,102.39547191158805,43.2,117.89729456795183,0.8089467091485858,0.0989966174564898,0.014123129728041391,0.07793354366688302,31.818245856875826,6.610949593186129,43.609545660143354,8220.364728964223,8371.648052891784,,
S032,APPROACH,93.27,converged,,0.6467554560001711,0.15508817663654603,93.26999999999494,6.934228111935309,581.9502969854668,990.0613505411548,672.725563975506,9.447641018982676,25.58818113196944,67.6818188680255,62.23228022305766,9.324096737214582,6.360284885761241,0.8089467091485858,0.0989966174564898,0.014123129728041391,0.07793354366688302,31.818245856875826,6.610949593186129,43.609545660143354,2220.728981534235,2261.5981245644734,,
S032,IDLE,21.763,converged,,0.24293123487732357,0.10634807563052985,21.76299999999971,11.1625802911973,370.9211148925142,669.0473828242307,583.044274231951,2.1988099494364004,7.696092758615724,14.066907241383985,34.08851049409956,2.1700566981854434,0.6654059302607221,0.8089467091485858,0.0989966174564898,0.014123129728041391,0.07793354366688302,31.818245856875826,6.610949593186129,43.609545660143354,834.1397491230906,849.4908239267196,,
S033,TAKE-OFF,310.9,converged,,2.3940787264363106,0.34886480869230474,310.89999999996604,7.700478373871251,901.5451512272988,1718.4033814027907,983.2055989243577,43.7724,72.25249942371873,238.64750057624732,102.39547191158805,43.2,117.89878101217997,0.7497069025412202,0.05842785882877136,0.18988865252466247,0.0019765861053459874,33.92433094702333,4.703641454624412,33.01963580657906,7442.422082186039,7415.688788486633,,
S033,APPROACH,93.27,converged,,0.646745598373306,0.15506623939473418,93.27000000000001,6.934122422786597,581.9502969854668,990.0677218297374,672.7297745500076,9.447641018982676,25.588181131974515,67.6818188680255,62.23228022305766,9.324096737214582,6.360095290758214,0.7497069025412202,0.05842785882877136,0.18988865252466247,0.0019765861053459874,33.92433094702333,4.703641454624412,33.01963580657906,2010.5244116407987,2003.3025772711962,,
S033,IDLE,21.763,converged,,0.24292498508025992,0.10633191776857213,21.76299999999992,11.162293115850792,370.9211148925142,669.0503711135103,583.0468641325231,2.1988099494364004,7.696092758615935,14.066907241383985,34.08851049409956,2.1700566981854434,0.6653724502881898,0.7497069025412202,0.05842785882877136,0.18988865252466247,0.0019765861053459874,33.92433094702333,4.703641454624412,33.01963580657906,755.1757815279752,752.463178595848,,
S034,TAKE-OFF,310.9,converged,,2.393056566683719,0.3489895768445698,310.89999999996314,7.697190629411395,901.5451512272988,1718.2754500653684,983.1376407598245,43.7724,72.25249942371583,238.64750057624732,102.39547191158805,43.2,117.80035219881553,0.5730375894345343,0.17176885612774487,0.09519851042953635,0.15999504400818446,15.152053875375826,10.770929879448817,66.37697075283405,6527.435849200176,6945.442837692057,,
S034,APPROACH,93.27,converged,,0.6465145302226354,0.15513251006877715,93.2699999999988,6.9316450115004145,581.9502969854668,990.0353699864663,672.7072290294345,9.447641018982676,25.58818113197331,67.6818188680255,62.23228022305766,9.324096737214582,6.355651871647857,0.5730375894345343,0.17176885612774487,0.09519851042953635,0.15999504400818446,15.152053875375826,10.770929879448817,66.37697075283405,1763.4694391918201,1876.3993195619755,,
S034,IDLE,21.763,converged,,0.24284582215646525,0.1063807027540772,21.76299999999988,11.158655615331828,370.9211148925142,669.0350147853073,583.0333020089682,2.1988099494364004,7.696092758615893,14.066907241383985,34.08851049409956,2.1700566981854434,0.6649484481718266,0.5730375894345343,0.17176885612774487,0.09519851042953635,0.15999504400818446,15.152053875375826,10.770929879448817,66.37697075283405,662.399939659306,704.8190166676412,,
S035,TAKE-OFF,310.9,converged,,2.394328589429463,0.3488680159167877,310.89999999996496,7.70128205027254,901.5451512272988,1718.415127774546,983.2125000237253,43.7724,72.25249942371765,238.64750057624732,102.39547191158805,43.2,117.92284766502341,0.8839338053949177,0.01818987446883648,0.06577557522250914,0.032100744913736656,32.51477733695862,14.043393175596318,66.30049834482251,8584.718255830572,8763.53079841658,,
S035,APPROACH,93.27,converged,,0.6468133517548308,0.15506772596630952,93.26999999999983,6.934848844803603,581.9502969854668,990.0706606534683,672.7320163991726,9.447641018982676,25.588181131974327,67.6818188680255,62.23228022305766,9.324096737214582,6.361398469737183,0.8839338053949177,0.01818987446883648,0.06577557522250914,0.032100744913736656,32.51477733695862,14.043393175596318,66.30049834482251,2319.1095881487995,2367.414712398023,,
S035,IDLE,21.763,converged,,0.24295062288089153,0.10633301979920282,21.762999999999753,11.163471161186155,370.9211148925142,669.0517962956434,583.0481643950502,2.1988099494364004,7.696092758615768,14.066907241383985,34.08851049409956,2.1700566981854434,0.6655097964436099,0.8839338053949177,0.01818987446883648,0.06577557522250914,0.032100744913736656,32.51477733695862,14.043393175596318,66.30049834482251,871.0845523537704,889.2285192228034,,
S036,TAKE-OFF,310.9,converged,,2.394760090917486,0.3488376799713617,310.8999999999668,7.702669961137801,901.5451512272988,1718.4562001358647,983.2347555543307,43.7724,72.25249942371943,238.64750057624732,102.39547191158805,43.2,117.96441528070895,0.9779539494775236,0.009821912171410069,0.008190622743238186,0.004033515607828181,41.415172892603145,14.30838354274664,28.593472137715167,9316.691073719507,9335.564488804832,,
S036,APPROACH,93.27,converged,,0.6469183568748765,0.1550514707562164,93.2700000000001,6.935974663609691,581.9502969854668,990.0810246779702,672.739367335666,9.447641018982676,25.588181131974604,67.6818188680255,62.23228022305766,9.324096737214582,6.363418412201867,0.9779539494775236,0.009821912171410069,0.008190622743238186,0.004033515607828181,41.415172892603145,14.30838354274664,28.593472137715167,2516.8026241043294,2521.901071636474,,
S036,IDLE,21.763,converged,,0.24298820335111393,0.10632105912840296,21.762999999999977,11.165197966783724,370.9211148925142,669.056735520495,583.052554093727,2.1988099494364004,7.696092758615993,14.066907241383985,34.08851049409956,2.1700566981854434,0.6657111465929565,0.9779539494775236,0.009821912171410069,0.008190622743238186,0.004033515607828181,41.415172892603145,14.30838354274664,28.593472137715167,945.333118656213,947.2481402235409,,
S037,TAKE-OFF,310.9,converged,,2.39162383149835,0.34913785528289465,310.89999999996843,7.692582282079744,901.5451512272988,1718.1115796486486,983.0500644981287,43.7724,72.2524994237211,238.64750057624732,102.39547191158805,43.2,117.6624546709114,0.5415170001797378,0.003384030586173059,0.07869496263081323,0.3764040066032759,50.58673801301529,2.7038175880004895,30.282968209644793,6375.317544137253,6380.809128294429,,
S037,APPROACH,93.27,converged,,0.646181702578717,0.15521145192653651,93.26999999999994,6.9280765795938395,581.9502969854668,989.9939430071872,672.6782059410905,9.447641018982676,25.588181131974448,67.6818188680255,62.23228022305766,9.324096737214582,6.349254294234082,0.5415170001797378,0.003384030586173059,0.07869496263081323,0.3764040066032759,50.58673801301529,2.7038175880004895,30.282968209644793,1722.5173503015487,1724.001095844557,,
S037,IDLE,21.763,converged,,0.2427298738212438,0.10643881342415022,21.762999999999757,11.153327841807036,370.9211148925142,669.0153250049283,583.0158799213538,2.1988099494364004,7.6960927586157695,14.066907241383985,34.08851049409956,2.1700566981854434,0.6643276592486599,0.5415170001797378,0.003384030586173059,0.07869496263081323,0.3764040066032759,50.58673801301529,2.7038175880004895,30.282968209644793,647.0415634256759,647.5989134202672,,
S038,TAKE-OFF,310.9,converged,,2.3937701175948143,0.3489011424111744,310.89999999996724,7.69948574330996,901.5451512272988,1718.3655281886327,983.1854651291543,43.7724,72.2524994237199,238.64750057624732,102.39547191158805,43.2,117.86905930819798,0.6562274936586618,0.1358908979034814,0.16714683529092633,0.040734773146930435,34.28026871889933,16.698853895371382,35.56574170763876,6894.363979074648,7164.075581348828,,
S038,APPROACH,93.27,converged,,0.6466753911013632,0.15508554568727118,93.2700000000078,6.933369691233077,581.9502969854668,990.0581514232072,672.7230974095573,9.447641018982676,25.588181131982306,67.6818188680255,62.23228022305766,9.324096737214582,6.358745050925863,0.6562274936586618,0.1358908979034814,0.16714683529092633,0.040734773146930435,34.28026871889933,16.698853895371382,35.56574170763876,1862.5078029810675,1935.370211364909,,
S038,IDLE,21.763,converged,,0.24290083673153282,0.10634612942705952,21.76299999999982,11.16118351015645,370.9211148925142,669.0458273060258,583.042849565363,2.1988099494364004,7.696092758615836,14.066907241383985,34.08851049409956,2.1700566981854434,0.66524309605533,0.6562274936586618,0.1358908979034814,0.16714683529092633,0.040734773146930435,34.28026871889933,16.698853895371382,35.56574170763876,699.5854643434204,726.9536620609297,,
S039,TAKE-OFF,310.9,converged,,2.3940704255639336,0.34889943126581496,310.8999999999624,7.700451674378331,901.5451512272988,1718.3828699745184,983.1953628902636,43.7724,72.2524994237151,238.64750057624732,102.39547191158805,43.2,117.89798151835821,0.8399265669286251,0.04585016332885336,0.04228057656398601,0.07194269317853552,53.76534873943204,3.631702773516898,52.57586199695088,8356.405344108796,8639.618613125334,,
S039,APPROACH,93.27,converged,,0.6467549632325429,0.15508441200952264,93.26999999999526,6.93422282869707,581.9502969854668,990.0625041399417,672.7263317072393,9.447641018982676,25.58818113196977,67.6818188680255,62.23228022305766,9.324096737214582,6.360275408132626,0.8399265669286251,0.04585016332885336,0.04228057656398601,0.07194269317853552,53.76534873943204,3.631702773516898,52.57586199695088,2257.471866063525,2333.9815566030634,,
S039,IDLE,21.763,converged,,0.2429306129575492,0.10634530289980564,21.762999999999998,11.162551714265001,370.9211148925142,669.0479247323801,583.0447450578238,2.1988099494364004,7.696092758616011,14.066907241383985,34.08851049409956,2.1700566981854434,0.6654025986185463,0.8399265669286251,0.04585016332885336,0.04228057656398601,0.07194269317853552,53.76534873943204,3.631702773516898,52.57586199695088,847.9394134313774,876.6775709664432,,
S040,TAKE-OFF,310.9,converged,,2.394148692799893,0.3488920212377646,310.89999999996496,7.700703418463052,901.5451512272988,1718.391424506548,983.1999491155187,43.7724,72.25249942371761,238.64750057624732,102.39547191158805,43.2,117.90551988814445,0.8474640529602766,0.050151475594655014,0.040167747272192696,0.06221672417287569,49.400185743804016,0.19341130928781514,53.68188340855497,8409.044721010603,8649.863381655487,,
S040,APPROACH,93.27,converged,,0.646773372156291,0.1550804625272233,93.27000000000015,6.934420201096709,581.9502969854668,990.0646652713558,672.7278500903478,9.447641018982676,25.588181131974657,67.6818188680255,62.23228022305766,9.324096737214582,6.360629480198736,0.8474640529602766,0.050151475594655014,0.040167747272192696,0.06221672417287569,49.400185743804016,0.19341130928781514,53.68188340855497,2271.6827184449508,2336.739286440024,,
S040,IDLE,21.763,converged,,0.24293707391061564,0.10634239603558267,21.763000000000048,11.162848592134132,370.9211148925142,669.0489524440413,583.045655338949,2.1988099494364004,7.696092758616062,14.066907241383985,34.08851049409956,2.1700566981854434,0.6654372105281094,0.8474640529602766,0.050151475594655014,0.040167747272192696,0.06221672417287569,49.400185743804016,0.19341130928781514,53.68188340855497,853.2756236275136,877.7117753736788,,
S041,TAKE-OFF,310.9,converged,,2.393089727588163,0.34898426251540055,310.89999999996536,7.697297290409873,901.5451512272988,1718.28033376945,983.140210233372,43.7724,72.25249942371806,238.64750057624732,102.39547191158805,43.2,117.80354479562355,0.6563804447650909,0.07375706008335914,0.10380783947200567,0.16605465567954425,43.87823484240575,5.96988914543946,27.055892785794235,7044.396139398505,7105.459124536283,,
S041,APPROACH,93.27,converged,,0.6465216035048127,0.15512969531836196,93.27000000000089,6.931720848127013,581.9502969854668,990.0366063298991,672.7080833381917,9.447641018982676,25.588181131975386,67.6818188680255,62.23228022305766,9.324096737214582,6.35578786769115,0.6563804447650909,0.07375706008335914,0.10380783947200567,0.16605465567954425,43.87823484240575,5.96988914543946,27.055892785794235,1903.1272564765327,1919.6241469236177,,
S041,IDLE,21.763,converged,,0.24284815434328516,0.10637863033044005,21.762999999999792,11.158762778260694,370.9211148925142,669.0356005247106,583.0338177484175,2.1988099494364004,7.696092758615808,14.066907241383985,34.08851049409956,2.1700566981854434,0.6649609376380495,0.6563804447650909,0.07375706008335914,0.10380783947200567,0.16605465567954425,43.87823484240575,5.96988914543946,27.055892785794235,714.8576926281868,721.054298241611,,
S042,TAKE-OFF,310.9,converged,,2.392823768467323,0.34899446497430714,310.899999999966,7.696441841323849,901.5451512272988,1718.259945638949,983.1289428008386,43.7724,72.25249942371869,238.64750057624732,102.39547191158805,43.2,117.77794052516516,0.5208560056053102,0.14589453184993445,0.17646909803713107,0.1567803645076243,31.68128383624537,13.536917065399681,55.24851633981117,6010.57084998702,6602.0205763515805,,
S042,APPROACH,93.27,converged,,0.6464540332670214,0.15513525802787614,93.26999999999924,6.930996389696865,581.9502969854668,990.0314706055472,672.7043762979088,9.447641018982676,25.588181131973748,67.6818188680255,62.23228022305766,9.324096737214582,6.354488771482942,0.5208560056053102,0.14589453184993445,0.17646909803713107,0.1567803645076243,31.68128383624537,13.536917065399681,55.24851633981117,1623.837835203433,1783.6260595271783,,
S042,IDLE,21.763,converged,,0.24282340208050598,0.10638272031820258,21.762999999999455,11.157625422989113,370.9211148925142,669.0331426921423,583.0316196123202,2.1988099494364004,7.69609275861547,14.066907241383985,34.08851049409956,2.1700566981854434,0.6648283886896056,0.5208560056053102,0.14589453184993445,0.17646909803713107,0.1567803645076243,31.68128383624537,13.536917065399681,55.24851633981117,609.9518407804123,669.9720715253695,,
S043,TAKE-OFF,310.9,converged,,2.394679402999625,0.34884571272693804,310.89999999996536,7.702410431006406,901.5451512272988,1718.4471521824016,983.2299137605949,43.7724,72.25249942371805,238.64750057624732,102.39547191158805,43.2,117.95664186791718,0.9596745218150318,0.018786923611360463,0.008648252459760163,0.012890302113847608,40.534104394092516,-0.5230468449647896,43.0630532996559,9198.54336995104,9233.777468496444,,
S043,APPROACH,93.27,converged,,0.6468995114399707,0.1550557486111192,93.2700000000042,6.935772611128354,581.9502969854668,990.0787387474608,672.7377638698188,9.447641018982676,25.588181131978708,67.6818188680255,62.23228022305766,9.324096737214582,6.3630558668585495,0.9596745218150318,0.018786923611360463,0.008648252459760163,0.012890302113847608,40.534104394092516,-0.5230468449647896,43.0630532996559,2484.8976462264422,2494.4157976359793,,
S043,IDLE,21.763,converged,,0.24298161662220147,0.10632420771042816,21.762999999999955,11.164895309571381,370.9211148925142,669.0556489111557,583.0515922000797,2.1988099494364004,7.696092758615972,14.066907241383985,34.08851049409956,2.1700566981854434,0.6656758538014801,0.9596745218150318,0.018786923611360463,0.008648252459760163,0.012890302113847608,40.534104394092516,-0.5230468449647896,43.0630532996559,933.3512184555617,936.9263267619447,,
S044,TAKE-OFF,310.9,converged,,2.394641498794564,0.3488446586596003,310.8999999999657,7.702288513331708,901.5451512272988,1718.4456989996274,983.2290303554222,43.7724,72.25249942371842,238.64750057624732,102.39547191158805,43.2,117.95299029197977,0.9287027404643595,0.035726959084285165,0.029949807038832182,0.005620493412523128,69.51608729425396,0.06086312911263825,42.615587472900856,8951.266758600077,9090.558765612832,,
S044,APPROACH,93.27,converged,,0.6468890435289515,0.1550552253373402,93.2700000000025,6.935660378781325,581.9502969854668,990.0783765904828,672.7374788206043,9.447641018982676,25.588181131977,67.6818188680255,62.23228022305766,9.324096737214582,6.362854491287674,0.9287027404643595,0.035726959084285165,0.029949807038832182,0.005620493412523128,69.51608729425396,0.06086312911263825,42.615587472900856,2418.097404040715,2455.725781078809,,
S044,IDLE,21.763,converged,,0.24297762152922042,0.10632382121763975,21.76299999999979,11.164711736857178,370.9211148925142,669.0554719121167,583.0514288707348,2.1988099494364004,7.696092758615801,14.066907241383985,34.08851049409956,2.1700566981854434,0.6656544478728396,0.9287027404643595,0.035726959084285165,0.029949807038832182,0.005620493412523128,69.51608729425396,0.06086312911263825,42.615587472900856,908.2601749669296,922.3937480211958,,
S045,TAKE-OFF,310.9,converged,,2.393138083400617,0.348973497841082,310.89999999996735,7.697452825348564,901.5451512272988,1718.2892020237205,983.1448258173928,43.7724,72.25249942372004,238.64750057624732,102.39547191158805,43.2,117.80820037206826,0.6143282321281731,0.11380890781526641,0.1295404110489584,0.1423224490076021,54.22496481921257,11.790228539967224,39.1190057748051,6715.175288354731,7231.108839422014,,
S045,APPROACH,93.27,converged,,0.64653090959373,0.15512400860807232,93.26999999999968,6.931820623927654,581.9502969854668,990.0388537495185,672.7096215759161,9.447641018982676,25.58818113197419,67.6818188680255,62.23228022305766,9.324096737214582,6.355966795459398,0.6143282321281731,0.11380890781526641,0.1295404110489584,0.1423224490076021,54.22496481921257,11.790228539967224,39.1190057748051,1814.1737902110572,1953.5585546653756,,
S045,IDLE,21.763,converged,,0.24285099270363408,0.10637444284932099,21.76299999999997,11.158893199633985,370.9211148925142,669.0366629775456,583.0347500656006,2.1988099494364004,7.6960927586159835,14.066907241383985,34.08851049409956,2.1700566981854434,0.6649761379496639,0.6143282321281731,0.11380890781526641,0.1295404110489584,0.1423224490076021,54.22496481921257,11.790228539967224,39.1190057748051,681.4429122445506,733.7988443635022,,
S046,TAKE-OFF,310.9,converged,,2.3938747649549708,0.3489285759376512,310.8999999999664,7.699822338228466,901.5451512272988,1718.3553320714254,983.1808379343428,43.7724,72.25249942371907,238.64750057624732,102.39547191158805,43.2,117.87913734486789,0.6879082163795829,0.22052485558053406,0.0011589433255519233,0.09040798471433116,48.959707543122775,0.8439180314898533,31.020802485762324,7471.572876515722,7965.378101528596,,
S046,APPROACH,93.27,converged,,0.6467124940496429,0.1550998581004941,93.2699999999998,6.933767492759133,581.9502969854668,990.0555356952705,672.7215057678409,9.447641018982676,25.588181131974306,67.6818188680255,62.23228022305766,9.324096737214582,6.359458604547119,0.6879082163795829,0.22052485558053406,0.0011589433255519233,0.09040798471433116,48.959707543122775,0.8439180314898533,31.020802485762324,2018.467966738451,2151.8709389063906,,
S046,IDLE,21.763,converged,,0.24291644231964715,0.10635667463284795,21.76299999999984,11.161900579867156,370.9211148925142,669.0446218272795,583.0418345513997,2.1988099494364004,7.696092758615855,14.066907241383985,34.08851049409956,2.1700566981854434,0.6653266883114795,0.6879082163795829,0.22052485558053406,0.0011589433255519233,0.09040798471433116,48.959707543122775,0.8439180314898533,31.020802485762324,758.1716171060066,808.2800898695083,,
S047,TAKE-OFF,310.9,converged,,2.3935177811601545,0.3489371720299062,310.8999999999654,7.698674111162498,901.5451512272988,1718.330916764867,983.1671819275203,43.7724,72.2524994237181,238.64750057624732,102.39547191158805,43.2,117.84475984567759,0.7534358324483037,0.013701551489682863,0.12092405848205418,0.11193855757995926,61.62778849870043,3.216496299633414,78.0848262849448,7626.946906145932,8199.927561163084,,
S047,APPROACH,93.27,converged,,0.6466200973628793,0.15510464901950108,93.27000000000199,6.932776856040158,581.9502969854668,990.049394016135,672.7170245730936,9.447641018982676,25.588181131976487,67.6818188680255,62.23228022305766,9.324096737214582,6.357681729675235,0.7534358324483037,0.013701551489682863,0.12092405848205418,0.11193855757995926,61.62778849870043,3.216496299633414,78.0848262849448,2060.455614682397,2215.2490362523226,,
S047,IDLE,21.763,converged,,0.24288226980032698,0.10636019343932483,21.76299999999989,11.160330368070955,370.9211148925142,669.0416751793687,583.0391890177816,2.1988099494364004,7.6960927586159045,14.066907241383985,34.08851049409956,2.1700566981854434,0.665143647876064,0.7534358324483037,0.013701551489682863,0.12092405848205418,0.11193855757995926,61.62778849870043,3.216496299633414,78.0848262849448,773.9446060490138,832.0878306942005,,
S048,TAKE-OFF,310.9,converged,,2.3942905873253855,0.3488759388033416,310.8999999999627,7.701159817708822,901.5451512272988,1718.4084681715372,983.2090269380113,43.7724,72.25249942371538,238.64750057624732,102.39547191158805,43.2,117.91918717048294,0.7726209810934961,0.1541127306821663,0.047907566343753843,0.025358721880583773,68.89765280704329,8.606994196980356,56.71871734332056,7908.184564225787,8648.37996851958,,
S048,APPROACH,93.27,converged,,0.6468058603288888,0.15507191281024432,93.26999999999995,6.9347685250229345,581.9502969854668,990.0689737238063,672.7308596943756,9.447641018982676,25.588181131974455,67.6818188680255,62.23228022305766,9.324096737214582,6.361254372080556,0.7726209810934961,0.1541127306821663,0.047907566343753843,0.025358721880583773,68.89765280704329,8.606994196980356,56.71871734332056,2136.357277508922,2336.3174359876607,,
S048,IDLE,21.763,converged,,0.24294829291989567,0.10633610260209965,21.76299999999989,11.163364100532872,370.9211148925142,669.0509985552831,583.047463914023,2.1988099494364004,7.6960927586159045,14.066907241383985,34.08851049409956,2.1700566981854434,0.6654973138651666,0.7726209810934961,0.1541127306821663,0.047907566343753843,0.025358721880583773,68.89765280704329,8.606994196980356,56.71871734332056,802.442255816721,877.5497681848052,,
S049,TAKE-OFF,310.9,converged,,2.3932519811092354,0.3489597776554672,310.89999999996473,7.697819173719867,901.5451512272988,1718.3033505989602,983.1523453633948,43.7724,72.25249942371742,238.64750057624732,102.39547191158805,43.2,117.81916651333378,0.7077878783456981,0.015380587503486969,0.13929589131246864,0.13753564283834627,39.7765492647229,18.87155601841236,55.11263777654648,7293.982274987426,7856.778963598366,,
S049,APPROACH,93.27,converged,,0.6465567194118838,0.15511671961703954,93.2699999999998,6.932097345468909,581.9502969854668,990.0424318297848,672.7121161429409,9.447641018982676,25.58818113197429,67.6818188680255,62.23228022305766,9.324096737214582,6.356463052595145,0.7077878783456981,0.015380587503486969,0.13929589131246864,0.13753564283834627,39.7765492647229,18.87155601841236,55.11263777654648,1970.5293418282338,2122.5734991323507,,
S049,IDLE,21.763,converged,,0.24285984836904073,0.10636907701418148,21.762999999999856,11.15930011345138,370.9211148925142,669.0383615848286,583.0362504357972,2.1988099494364004,7.696092758615871,14.066907241383985,34.08851049409956,2.1700566981854434,0.6650235639121292,0.7077878783456981,0.015380587503486969,0.13929589131246864,0.13753564283834627,39.7765492647229,18.87155601841236,55.11263777654648,740.1708818345543,797.2817583897685,,
S050,TAKE-OFF,310.9,converged,,2.3932072672152236,0.3489834642380449,310.89999999996405,7.697675352896431,901.5451512272988,1718.2871948689358,983.1441208434353,43.7724,72.25249942371671,238.64750057624732,102.39547191158805,43.2,117.81486137270946,0.5954558756202459,0.19357592025111267,0.055482806091281374,0.15548539803736,19.37225417304196,13.313154215467542,59.31001919991034,6759.863441371541,7100.629726356926,,
S050,APPROACH,93.27,converged,,0.6465527064384626,0.15512918408361354,93.26999999999916,6.932054320129393,581.9502969854668,990.0383289350982,672.7093617152725,9.447641018982676,25.588181131973666,67.6818188680255,62.23228022305766,9.324096737214582,6.356385892083255,0.5954558756202459,0.19357592025111267,0.055482806091281374,0.15548539803736,19.37225417304196,13.313154215467542,59.31001919991034,1826.255528740268,1918.3174938021796,,
S050,IDLE,21.763,converged,,0.24285978555584403,0.10637825708704984,21.762999999999938,11.159297227213376,370.9211148925142,669.0364303723455,583.0345673588697,2.1988099494364004,7.6960927586159515,14.066907241383985,34.08851049409956,2.1700566981854434,0.6650232275141607,0.5954558756202459,0.19357592025111267,0.055482806091281374,0.15548539803736,19.37225417304196,13.313154215467542,59.31001919991034,685.9827847959826,720.5633361882201,,
S051,TAKE-OFF,310.9,converged,,2.3943944232294263,0.3488688155173417,310.8999999999655,7.701493802604349,901.5451512272988,1718.4182490650226,983.2143314327677,43.7724,72.25249942371816,238.64750057624732,102.39547191158805,43.2,117.92918913651894,0.908510260283947,0.02008060002510362,0.0332771261572957,0.03813201353365368,19.84421856068742,19.760733149360863,64.45268674661109,8815.756889697584,8982.867995035744,,
S051,APPROACH,93.27,converged,,0.6468311881962,0.1550680938070758,93.26999999999977,6.935040079298827,581.9502969854668,990.0714416761366,672.7326114905264,9.447641018982676,25.588181131974274,67.6818188680255,62.23228022305766,9.324096737214582,6.361741560294399,0.908510260283947,0.02008060002510362,0.0332771261572957,0.03813201353365368,19.84421856068742,19.760733149360863,64.45268674661109,2381.523465177876,2426.667520717762,,
S051,IDLE,21.763,converged,,0.24295736944854754,0.1063332926018526,21.762999999999803,11.163781162916406,370.9211148925142,669.0521749423976,583.0485097051526,2.1988099494364004,7.696092758615818,14.066907241383985,34.08851049409956,2.1700566981854434,0.665545941281957,0.908510260283947,0.02008060002510362,0.0332771261572957,0.03813201353365368,19.84421856068742,19.760733149360863,64.45268674661109,894.5281039913307,911.4847399426616,,
S052,TAKE-OFF,310.9,converged,,2.394559823587551,0.3488561154269476,310.8999999999671,7.702025807615968,901.5451512272988,1718.4346135179906,983.2231710663974,43.7724,72.2524994237198,238.64750057624732,102.39547191158805,43.2,117.94512213848978,0.9395511215552688,0.019733167882506376,0.015886678810046927,0.024829031752177932,58.53528295910548,7.766246730413226,65.51050543103594,9053.561648884735,9212.544466166872,,
S052,APPROACH,93.27,converged,,0.646871079816624,0.15506130048746816,93.27000000000042,6.9354677797429085,581.9502969854668,990.0755723898575,672.7355331783324,9.447641018982676,25.58818113197492,67.6818188680255,62.23228022305766,9.324096737214582,6.362508923118637,0.9395511215552688,0.019733167882506376,0.015886678810046927,0.024829031752177932,58.53528295910548,7.766246730413226,65.51050543103594,2445.746872686689,2488.6948022704682,,
S052,IDLE,21.763,converged,,0.24297157468953462,0.10632829359432415,21.762999999999824,11.164433887310416,370.9211148925142,669.0541422755332,583.0502564214255,2.1988099494364004,7.6960927586158405,14.066907241383985,34.08851049409956,2.1700566981854434,0.6656220492120427,0.9395511215552688,0.019733167882506376,0.015886678810046927,0.024829031752177932,58.53528295910548,7.766246730413226,65.51050543103594,918.6482244918843,934.7799181263938,,
S053,TAKE-OFF,310.9,converged,,2.392953532002183,0.3489785288643804,310.8999999999665,7.6968592216225185,901.5451512272988,1718.2762409619424,983.1375973444415,43.7724,72.25249942371919,238.64750057624732,102.39547191158805,43.2,117.79043270915881,0.50191539991647,0.1796459232632082,0.18891432818177842,0.12952434863854334,25.063460271301057,6.865123761853631,54.25792671346767,5859.316995251459,6119.677930531333,,
S053,APPROACH,93.27,converged,,0.6464833374647363,0.15512679359073317,93.27000000000046,6.931310576441868,581.9502969854668,990.0355920823024,672.7072479493038,9.447641018982676,25.588181131974977,67.6818188680255,62.23228022305766,9.324096737214582,6.355052154068699,0.50191539991647,0.1796459232632082,0.18891432818177842,0.12952434863854334,25.063460271301057,6.865123761853631,54.25792671346767,1582.9604527191286,1653.299890628874,,
S053,IDLE,21.763,converged,,0.24283343500143922,0.10637648903907618,21.7630000000031,11.158086431163197,370.9211148925142,669.0350990229904,583.0333472493398,2.1988099494364004,7.696092758619113,14.066907241383985,34.08851049409956,2.1700566981854434,0.664882113660502,0.50191539991647,0.1796459232632082,0.18891432818177842,0.12952434863854334,25.063460271301057,6.865123761853631,54.25792671346767,594.5949445699163,621.0159926214843,,
S054,TAKE-OFF,310.9,converged,,2.3936327126107755,0.3489225794073903,310.8999999999624,7.699043784532214,901.5451512272988,1718.3456278949097,983.1749855421635,43.7724,72.25249942371508,238.64750057624732,102.39547191158805,43.2,117.85582719655937,0.6763283521868289,0.1128379161727825,0.13403508691827984,0.07679864472210879,35.55379938778928,17.932610436487472,41.9331918667847,7099.730904016841,7432.933063380162,,
S054,APPROACH,93.27,converged,,0.6466458901153722,0.15509690174471485,93.26999999999616,6.93305339461133,581.9502969854668,990.0531147675329,672.7196142681148,9.447641018982676,25.588181131970657,67.6818188680255,62.23228022305766,9.324096737214582,6.358177724061664,0.6763283521868289,0.1128379161727825,0.13403508691827984,0.07679864472210879,35.55379938778928,17.932610436487472,41.9331918667847,1918.010138238833,2008.0255385944076,,
S054,IDLE,21.763,converged,,0.24289106570476413,0.10635449016601822,21.763000000000066,11.1607345358987,370.9211148925142,669.043440790562,583.0407476425694,2.1988099494364004,7.696092758616079,14.066907241383985,34.08851049409956,2.1700566981854434,0.6651907595853216,0.6763283521868289,0.1128379161727825,0.13403508691827984,0.07679864472210879,35.55379938778928,17.932610436487472,41.9331918667847,720.4368474780745,754.2481449075001,,
S055,TAKE-OFF,310.9,converged,,2.3945284152896513,0.34885698169445434,310.89999999996706,7.70192478382086,901.5451512272988,1718.4324014078318,983.2219377754215,43.7724,72.25249942371971,238.64750057624732,102.39547191158805,43.2,117.94209649900135,0.8665801179595292,0.09396726338685753,0.02593930944091719,0.013513309212696115,48.10727183264066,13.925570010402552,34.55173277380303,8560.995415307465,8781.011155065971,,
S055,APPROACH,93.27,converged,,0.6468629877785341,0.15506177965649418,93.2699999999998,6.935381020462481,581.9502969854668,990.0750158270591,672.7351282544278,9.447641018982676,25.588181131974295,67.6818188680255,62.23228022305766,9.324096737214582,6.36235325947249,0.8665801179595292,0.09396726338685753,0.02593930944091719,0.013513309212696115,48.10727183264066,13.925570010402552,34.55173277380303,2312.6854696498754,2372.1209885060075,,
S055,IDLE,21.763,converged,,0.24296858886975722,0.1063286456408579,21.76299999999975,11.164296690243074,370.9211148925142,669.0538754423947,583.0500171023531,2.1988099494364004,7.696092758615763,14.066907241383985,34.08851049409956,2.1700566981854434,0.6656060516251063,0.8665801179595292,0.09396726338685753,0.02593930944091719,0.013513309212696115,48.10727183264066,13.925570010402552,34.55173277380303,868.669155102135,890.9937654416593,,
S056,TAKE-OFF,310.9,converged,,2.394197805528585,0.3488752252031368,310.8999999999632,7.700861387998933,901.5451512272988,1718.4038298366595,983.2063268121227,43.7724,72.25249942371589,238.64750057624732,102.39547191158805,43.2,117.91025033913354,0.8210179680027068,0.05545164063447884,0.09190617668161123,0.031624214681203154,43.292252471577484,5.036505673600304,50.05172786458485,8121.617470299655,8252.313288635081,,
S056,APPROACH,93.27,converged,,0.6467808609694276,0.15507161125139526,93.27000000000027,6.934500492864005,581.9502969854668,990.067812072409,672.729980927719,9.447641018982676,25.58818113197477,67.6818188680255,62.23228022305766,9.324096737214582,6.360773520682377,0.8210179680027068,0.05545164063447884,0.09190617668161123,0.031624214681203154,43.292252471577484,5.036505673600304,50.05172786458485,2194.01535151981,2229.322189456464,,
S056,IDLE,21.763,converged,,0.24293886181640195,0.10633587785576933,21.763000000000066,11.16293074559579,370.9211148925142,669.0504363651801,583.046952552238,2.1988099494364004,7.696092758616079,14.066907241383985,34.08851049409956,2.1700566981854434,0.6654467886564313,0.8210179680027068,0.05545164063447884,0.09190617668161123,0.031624214681203154,43.292252471577484,5.036505673600304,50.05172786458485,824.0992034103037,837.3608868339763,,
S057,TAKE-OFF,310.9,converged,,2.392852006080758,0.3490264444687325,310.8999999999655,7.696532666712845,901.5451512272988,1718.2429583325106,983.1206137922939,43.7724,72.25249942371818,238.64750057624732,102.39547191158805,43.2,117.78065887212267,0.6360750650055707,0.11252593426029187,0.024228041465721224,0.22717095926841627,34.23209230976132,14.432663810726863,41.7671194022525,7095.141084404191,7482.024156994561,,
S057,APPROACH,93.27,converged,,0.6464722620399569,0.15515201755186558,93.27000000000372,6.931191830598596,581.9502969854668,990.0271409171031,672.7015627090417,9.447641018982676,25.58818113197822,67.6818188680255,62.23228022305766,9.324096737214582,6.354839222611114,0.6360750650055707,0.11252593426029187,0.024228041465721224,0.22717095926841627,34.23209230976132,14.432663810726863,41.7671194022525,1916.8807325615298,2021.4041942912497,,
S057,IDLE,21.763,converged,,0.2428321970621099,0.10639506644734059,21.762999999999288,11.158029548413264,370.9211148925142,669.0311191733513,583.0298762382006,2.1988099494364004,7.696092758615301,14.066907241383985,34.08851049409956,2.1700566981854434,0.6648754845436119,0.6360750650055707,0.11252593426029187,0.024228041465721224,0.22717095926841627,34.23209230976132,14.432663810726863,41.7671194022525,720.0314493387696,759.2932450054125,,
S058,TAKE-OFF,310.9,converged,,2.3937494857256802,0.34890527404388344,310.89999999996706,7.699419381556559,901.5451512272988,1718.3620112257208,983.1836285663838,43.7724,72.25249942371973,238.64750057624732,102.39547191158805,43.2,117.86707241112724,0.5607231287285686,0.2502428201406134,0.15818671450888075,0.03084733662193736,44.00330581958688,-0.34313278387553137,26.117529082664113,6299.596243493913,6563.924371302192,,
S058,APPROACH,93.27,converged,,0.6466712667271103,0.1550877297666561,93.27000000000199,6.933325471503125,581.9502969854668,990.057260580554,672.7224858724996,9.447641018982676,25.58818113197648,67.6818188680255,62.23228022305766,9.324096737214582,6.3586657345195015,0.5607231287285686,0.2502428201406134,0.15818671450888075,0.03084733662193736,44.00330581958688,-0.34313278387553137,26.117529082664113,1701.8355124218713,1773.243738830144,,
S058,IDLE,21.763,converged,,0.24289953988454857,0.10634773758239537,21.76299999999974,11.161123920624524,370.9211148925142,669.0454059088968,583.0424793942896,2.1988099494364004,7.696092758615752,14.066907241383985,34.08851049409956,2.1700566981854434,0.6652361496487216,0.5607231287285686,0.2502428201406134,0.15818671450888075,0.03084733662193736,44.00330581958688,-0.34313278387553137,26.117529082664113,639.2352408335752,666.0572541670678,,
S059,TAKE-OFF,310.9,converged,,2.394819077792126,0.3488333867722818,310.89999999996644,7.702859690551254,901.5451512272988,1718.4618997054913,983.2378401311119,43.7724,72.25249942371912,238.64750057624732,102.39547191158805,43.2,117.97009818985941,0.9978088149800897,7.520019705950841e-05,0.0009589694955969763,0.001157015327253851,59.47038827784043,11.185522448827536,38.51410333533693,9460.451620431102,9462.193198805653,,
S059,APPROACH,93.27,converged,,0.6469326620179713,0.15504917197010806,93.26999999999991,6.936128037074857,581.9502969854668,990.0824630026871,672.7403863932598,9.447641018982676,25.588181131974423,67.6818188680255,62.23228022305766,9.324096737214582,6.363693618905712,0.9978088149800897,7.520019705950841e-05,0.0009589694955969763,0.001157015327253851,59.47038827784043,11.185522448827536,38.51410333533693,2555.6315328589394,2556.102000104006,,
S059,IDLE,21.763,converged,,0.24299331321814144,0.10631936762591451,21.762999999999746,11.165432762861016,370.9211148925142,669.0574208062362,583.0531628995271,2.1988099494364004,7.69609275861576,14.066907241383985,34.08851049409956,2.1700566981854434,0.6657385267421192,0.9978088149800897,7.520019705950841e-05,0.0009589694955969763,0.001157015327253851,59.47038827784043,11.185522448827536,38.51410333533693,959.9165569984783,960.0932684266548,,
S060,TAKE-OFF,310.9,converged,,2.3944357618015135,0.34886936630919196,310.8999999999649,7.701626766811786,901.5451512272988,1718.4201807842403,983.21546738688,43.7724,72.2524994237176,238.64750057624732,102.39547191158805,43.2,117.93317117893784,0.9038416612893343,0.04491980459194644,0.012658755226419769,0.0385797788922995,53.23097365460808,15.362515534280163,46.15782286828783,8831.807474441372,9029.38989481923,,
S060,APPROACH,93.27,converged,,0.6468424044051728,0.15506835033689362,93.27000000000055,6.935160334568125,581.9502969854668,990.0719249190056,672.7329804391491,9.447641018982676,25.58818113197506,67.6818188680255,62.23228022305766,9.324096737214582,6.361957312860047,0.9038416612893343,0.04491980459194644,0.012658755226419769,0.0385797788922995,53.23097365460808,15.362515534280163,46.15782286828783,2385.8596138378234,2439.2353150799613,,
S060,IDLE,21.763,converged,,0.242961614864875,0.10633348272316367,21.76299999999988,11.163976237875126,370.9211148925142,669.0524093395686,583.0487236226252,2.1988099494364004,7.696092758615894,14.066907241383985,34.08851049409956,2.1700566981854434,0.6655686866559731,0.9038416612893343,0.04491980459194644,0.012658755226419769,0.0385797788922995,53.23097365460808,15.362515534280163,46.15782286828783,896.156931999508,916.2054731588654,,
S061,TAKE-OFF,310.9,converged,,2.3932216611057013,0.3489269092518357,310.8999999999653,7.6977216503890915,901.5451512272988,1718.320740934887,983.1608657516967,43.7724,72.25249942371799,238.64750057624732,102.39547191158805,43.2,117.81624723607086,0.592189896851778,0.04583015132007382,0.2963156186613021,0.06566433316684599,56.767045286859094,9.476025703226732,34.115494262115156,6196.040635593139,6423.252036239267,,
S061,APPROACH,93.27,converged,,0.6465376370607975,0.15509949652033564,93.2699999999995,6.931892752876604,581.9502969854668,990.0468638779298,672.7149944817854,9.447641018982676,25.588181131974004,67.6818188680255,62.23228022305766,9.324096737214582,6.356096145710086,0.592189896851778,0.04583015132007382,0.2963156186613021,0.06566433316684599,56.767045286859094,9.476025703226732,34.115494262115156,1673.8831746233882,1735.2651704804503,,
S061,IDLE,21.763,converged,,0.24285067872789762,0.10635638978012364,21.76300000000004,11.158878772590965,370.9211148925142,669.0404325486443,583.0380343028554,2.1988099494364004,7.6960927586160555,14.066907241383985,34.08851049409956,2.1700566981854434,0.6649744565025765,0.592189896851778,0.04583015132007382,0.2963156186613021,0.06566433316684599,56.767045286859094,9.476025703226732,34.115494262115156,628.7393676205613,651.7955031045328,,
S062,TAKE-OFF,310.9,converged,,2.393561636089728,0.34895054544943427,310.8999999999668,7.698815169154017,901.5451512272988,1718.3255567854844,983.1647021208238,43.7724,72.25249942371943,238.64750057624732,102.39547191158805,43.2,117.84898280643554,0.7296082987450063,0.09782177788391097,0.04315328217762298,0.12941664119345972,25.765602276763207,1.1265677540709356,33.82135587876979,7648.349967094531,7651.028873861543,,
S062,APPROACH,93.27,converged,,0.6466362737462937,0.15511163194557015,93.2699999999964,6.932950292123069,581.9502969854668,990.0480210856117,672.7161754871149,9.447641018982676,25.58818113197091,67.6818188680255,62.23228022305766,9.324096737214582,6.357992799164486,0.7296082987450063,0.09782177788391097,0.04315328217762298,0.12941664119345972,25.765602276763207,1.1265677540709356,33.82135587876979,2066.2515844418367,2066.9753085621664,,
S062,IDLE,21.763,converged,,0.2428891597713298,0.10636533824283945,21.76299999999975,11.160646959120186,370.9211148925142,669.0410402973006,583.0386514244151,2.1988099494364004,7.696092758615763,14.066907241383985,34.08851049409956,2.1700566981854434,0.6651805510843406,0.7296082987450063,0.09782177788391097,0.04315328217762298,0.12941664119345972,25.765602276763207,1.1265677540709356,33.82135587876979,776.1242782030571,776.3961230571583,,
S063,TAKE-OFF,310.9,converged,,2.3938921223083884,0.34890407765630893,310.8999999999661,7.69987816760582,901.5451512272988,1718.3704701866807,983.1884401815008,43.7724,72.25249942371882,238.64750057624732,102.39547191158805,43.2,117.88080898096658,0.7899851235561073,0.04026370011831158,0.10055167195134083,0.0691995043742403,26.045070515637676,13.451872510834757,45.141207957526646,7904.923541634496,8072.57261686008,,
S063,APPROACH,93.27,converged,,0.646708932744217,0.15508699000068127,93.27000000000362,6.9337293100052735,581.9502969854668,990.0593845408114,672.7240592695841,9.447641018982676,25.588181131978125,67.6818188680255,62.23228022305766,9.324096737214582,6.359390112810263,0.7899851235561073,0.04026370011831158,0.10055167195134083,0.0691995043742403,26.045070515637676,13.451872510834757,45.141207957526646,2135.5117130781528,2180.802039030746,,
S063,IDLE,21.763,converged,,0.24291361112323667,0.10634719673113961,21.762999999999792,11.161770487673527,370.9211148925142,669.0464286238428,583.0434026268448,2.1988099494364004,7.696092758615807,14.066907241383985,34.08851049409956,2.1700566981854434,0.66531152245924,0.7899851235561073,0.04026370011831158,0.10055167195134083,0.0691995043742403,26.045070515637676,13.451872510834757,45.141207957526646,802.1303488395677,819.1420770979189,,
S064,TAKE-OFF,310.9,converged,,2.3938663901721164,0.34892061208723646,310.89999999996303,7.699795401004828,901.5451512272988,1718.3594899412783,983.182870273859,43.7724,72.25249942371573,238.64750057624732,102.39547191158805,43.2,117.87833079809279,0.795637677423656,0.068657865206781,0.0396464892728235,0.09605796809673951,19.29805137320573,1.4812472228260627,72.66307927170841,8078.8342414964645,8428.990419786081,,
S064,APPROACH,93.27,converged,,0.6467075954466464,0.15509568593775758,93.27000000000108,6.9337149720879045,581.9502969854668,990.0565954828971,672.7221926409388,9.447641018982676,25.588181131975585,67.6818188680255,62.23228022305766,9.324096737214582,6.3593643937295345,0.795637677423656,0.068657865206781,0.0396464892728235,0.09605796809673951,19.29805137320573,1.4812472228260627,72.66307927170841,2182.512561177052,2277.1079241522525,,
S064,IDLE,21.763,converged,,0.242914117178619,0.10635360124820212,21.76299999999999,11.1617937406892,370.9211148925142,669.0451167996123,583.0422606023582,2.1988099494364004,7.6960927586160075,14.066907241383985,34.08851049409956,2.1700566981854434,0.6653142332305654,0.795637677423656,0.068657865206781,0.0396464892728235,0.09605796809673951,19.29805137320573,1.4812472228260627,72.66307927170841,819.7879780017349,855.3195679321761,,
S065,TAKE-OFF,310.9,converged,,2.3937920207324024,0.34890675286785566,310.89999999996667,7.699556194058087,901.5451512272988,1718.3634702688664,983.1845345229176,43.7724,72.25249942371931,238.64750057624732,102.39547191158805,43.2,117.87116864929475,0.7317658746615052,0.07262032186095055,0.13297824857149956,0.06263555490604467,29.5277885365865,13.665414768689773,32.12782544373119,7457.727980160589,7568.339567630838,,
S065,APPROACH,93.27,converged,,0.6466831128428991,0.15508847230641587,93.26999999999758,6.933452480357198,581.9502969854668,990.0576233316779,672.7227770293529,9.447641018982676,25.588181131972085,67.6818188680255,62.23228022305766,9.324096737214582,6.3588935500953365,0.7317658746615052,0.07262032186095055,0.13297824857149956,0.06263555490604467,29.5277885365865,13.665414768689773,32.12782544373119,2014.705832075696,2044.5875616003311,,
S065,IDLE,21.763,converged,,0.24290407846139625,0.10634828572569192,21.76300000000001,11.161332466176361,370.9211148925142,669.0455840820268,583.0426449822419,2.1988099494364004,7.696092758616022,14.066907241383985,34.08851049409956,2.1700566981854434,0.6652604601507824,0.7317658746615052,0.07262032186095055,0.13297824857149956,0.06263555490604467,29.5277885365865,13.665414768689773,32.12782544373119,756.7543574159083,767.9783925404771,,
S066,TAKE-OFF,310.9,converged,,2.3933595774390866,0.3489695097892918,310.8999999999615,7.698165253906025,901.5451512272988,1718.3035702874295,983.1529107459941,43.7724,72.25249942371416,238.64750057624732,102.39547191158805,43.2,117.82952641218037,0.5861110636033118,0.23135679143535004,0.049334007144482474,0.13319813781685572,64.37702638561726,-0.4155177586912999,44.54421128530476,6712.110489555909,7767.1819068563655,,
S066,APPROACH,93.27,converged,,0.6465886895958275,0.1551217419135479,93.27000000000021,6.932440115748109,581.9502969854668,990.0424660638371,672.7122714923669,9.447641018982676,25.588181131974704,67.6818188680255,62.23228022305766,9.324096737214582,6.357077784144208,0.5861110636033118,0.23135679143535004,0.049334007144482474,0.13319813781685572,64.37702638561726,-0.4155177586912999,44.54421128530476,1813.340029126827,2098.3775352220337,,
S066,IDLE,21.763,converged,,0.24287244723417314,0.10637277948310835,21.76299999999982,11.159879025601946,370.9211148925142,669.0383983505699,583.0363111243478,2.1988099494364004,7.696092758615835,14.066907241383985,34.08851049409956,2.1700566981854434,0.6650910391952907,0.5861110636033118,0.23135679143535004,0.049334007144482474,0.13319813781685572,64.37702638561726,-0.4155177586912999,44.54421128530476,681.1290355496519,788.195177863619,,
S067,TAKE-OFF,310.9,converged,,2.394434741773356,0.3488527208034837,310.8999999999622,7.7016234859236,901.5451512272988,1718.4297696753301,983.2202317963223,43.7724,72.25249942371485,238.64750057624732,102.39547191158805,43.2,117.93307292135728,0.902110390830785,8.940535926062612e-05,0.08582131177664833,0.01197889203330602,37.589206808102574,0.9638336770619289,29.531850231266638,8655.724714178985,8594.480404652804,,
S067,APPROACH,93.27,converged,,0.6468365641431436,0.15505961763309395,93.26999999999987,6.935097717842227,581.9502969854668,990.0743649537745,672.7345844149413,9.447641018982676,25.588181131974373,67.6818188680255,62.23228022305766,9.324096737214582,6.361844970398826,0.902110390830785,8.940535926062612e-05,0.08582131177664833,0.01197889203330602,37.589206808102574,0.9638336770619289,29.531850231266638,2338.2718002754336,2321.7271611353026,,
S067,IDLE,21.763,converged,,0.24295840664898039,0.10632705053266057,21.762999999999973,11.163828821806767,370.9211148925142,669.0535524060933,583.0497124402197,2.1988099494364004,7.69609275861599,14.066907241383985,34.08851049409956,2.1700566981854434,0.6655514981840561,0.902110390830785,8.940535926062612e-05,0.08582131177664833,0.01197889203330602,37.589206808102574,0.9638336770619289,29.531850231266638,878.2787220133745,872.0643869140694,,
S068,TAKE-OFF,310.9,converged,,2.394819308873499,0.34883322449330556,310.89999999996843,7.702860433817117,901.5451512272988,1718.4620063180116,983.2378941305577,43.7724,72.25249942372116,238.64750057624732,102.39547191158805,43.2,117.97012045294717,0.9956507771275938,0.002247285581318982,0.0015659570503468343,0.0005359802407404278,52.1910251474087,15.855022084228558,39.73559346047784,9445.174748034342,9452.780387658533,,
S068,APPROACH,93.27,converged,,0.6469326693947577,0.15504908664743636,93.27000000000034,6.936128116165491,581.9502969854668,990.0824900811997,672.7404044927218,9.447641018982676,25.588181131974842,67.6818188680255,62.23228022305766,9.324096737214582,6.363693760824078,0.9956507771275938,0.002247285581318982,0.0015659570503468343,0.0005359802407404278,52.1910251474087,15.855022084228558,39.73559346047784,2551.504445452332,2553.559020812695,,
S068,IDLE,21.763,converged,,0.24299330609058553,0.10631930478805558,21.762999999999792,11.165432435353022,370.9211148925142,669.0574335379226,583.053173978216,2.1988099494364004,7.696092758615807,14.066907241383985,34.08851049409956,2.1700566981854434,0.6657384885502249,0.9956507771275938,0.002247285581318982,0.0015659570503468343,0.0005359802407404278,52.1910251474087,15.855022084228558,39.73559346047784,958.3663494461211,959.1380650867826,,
S069,TAKE-OFF,310.9,converged,,2.3923561276604723,0.34904883942926107,310.8999999999673,7.694937689484478,901.5451512272988,1718.2029938917563,983.0986351964284,43.7724,72.25249942372,238.64750057624732,102.39547191158805,43.2,117.7329266619463,0.5550701129250228,0.055552311368557906,0.14496877440623723,0.24440880130018203,29.11545996037578,0.8423877890920548,49.65838347443264,6306.3013346446305,6734.02946796285,,
S069,APPROACH,93.27,converged,,0.6463474012234861,0.15516415964356384,93.27000000000021,6.929853127731153,581.9502969854668,990.0170679744803,672.6943236873427,9.447641018982676,25.5881811319747,67.6818188680255,62.23228022305766,9.324096737214582,6.352438942303387,0.5550701129250228,0.055552311368557906,0.14496877440623723,0.24440880130018203,29.11545996037578,0.8423877890920548,49.65838347443264,1703.7854154957322,1819.3455380895032,,
S069,IDLE,21.763,converged,,0.2427866734819761,0.10640399654378666,21.762999999999828,11.155937760509948,370.9211148925142,669.0263033303183,583.0255760100437,2.1988099494364004,7.696092758615844,14.066907241383985,34.08851049409956,2.1700566981854434,0.6646317299791112,0.5550701129250228,0.055552311368557906,0.14496877440623723,0.24440880130018203,29.11545996037578,0.8423877890920548,49.65838347443264,639.9908045925388,683.3985102607325,,
S070,TAKE-OFF,310.9,converged,,2.3934956304124966,0.34892907280296936,310.8999999999672,7.698602863984397,901.5451512272988,1718.3344029233613,983.1688218177851,43.7724,72.25249942371983,238.64750057624732,102.39547191158805,43.2,117.84262689263733,0.6378068272024393,0.11682373153701202,0.16608172205231947,0.0792877192082292,55.70472336739139,9.825078568575305,64.3571829226569,6780.683718294295,7451.917900176934,,
S070,APPROACH,93.27,converged,,0.6466114773075834,0.15510041659453166,93.27000000000389,6.9326844355908275,581.9502969854668,990.0502856822096,672.7175838381147,9.447641018982676,25.588181131978388,67.6818188680255,62.23228022305766,9.324096737214582,6.3575159703092625,0.6378068272024393,0.11682373153701202,0.16608172205231947,0.0792877192082292,55.70472336739139,9.825078568575305,64.3571829226569,1831.8261627601678,2013.162497972812,,
S070,IDLE,21.763,converged,,0.2428785389900362,0.10635707526219484,21.76299999999989,11.16015893902667,370.9211148925142,669.0420887284665,583.0395409167888,2.1988099494364004,7.696092758615905,14.066907241383985,34.08851049409956,2.1700566981854434,0.6651236657902088,0.6378068272024393,0.11682373153701202,0.16608172205231947,0.0792877192082292,55.70472336739139,9.825078568575305,64.3571829226569,688.0658288768298,756.178916423069,,
S071,TAKE-OFF,310.9,converged,,2.3938041730629265,0.34893248533141163,310.8999999999661,7.699595281644218,901.5451512272988,1718.3492239039228,983.1775008617503,43.7724,72.25249942371882,238.64750057624732,102.39547191158805,43.2,117.87233896493423,0.8270972929894924,0.038107095828489396,0.015184439026327155,0.11961117215569103,57.07868172656214,8.59828067214026,52.641687835490856,8337.154699149785,8752.038086395683,,
S071,APPROACH,93.27,converged,,0.646694962111365,0.15510196487087002,93.27000000000959,6.93357952301167,581.9502969854668,990.053995441207,672.7204053181035,9.447641018982676,25.58818113198409,67.6818188680255,62.23228022305766,9.324096737214582,6.3591214302913786,0.8270972929894924,0.038107095828489396,0.015184439026327155,0.11961117215569103,57.07868172656214,8.59828067214026,52.641687835490856,2252.3128679254455,2364.395134058486,,
S071,IDLE,21.763,converged,,0.2429100971467134,0.1063582244490304,21.762999999999643,11.161609022042796,370.9211148925142,669.0438864978676,583.0411793272947,2.1988099494364004,7.696092758615656,14.066907241383985,34.08851049409956,2.1700566981854434,0.6652926993979795,0.8270972929894924,0.038107095828489396,0.015184439026327155,0.11961117215569103,57.07868172656214,8.59828067214026,52.641687835490856,846.0086588062006,888.1087457867949,,
S072,TAKE-OFF,310.9,converged,,2.3942986705585576,0.3488744901754179,310.8999999999641,7.701185817172191,901.5451512272988,1718.4097476078634,983.2096975013121,43.7724,72.25249942371677,238.64750057624732,102.39547191158805,43.2,117.91996577090313,0.8605146389454603,0.05072995850981447,0.05067458145870244,0.038080821086022766,23.413902301842885,6.2307640182720885,55.05732849165459,8468.13737312824,8536.85742417147,,
S072,APPROACH,93.27,converged,,0.6468075329411815,0.155071146389899,93.26999999999997,6.934786458037759,581.9502969854668,990.0692976602049,672.731082783347,9.447641018982676,25.58818113197448,67.6818188680255,62.23228022305766,9.324096737214582,6.361286544657247,0.8605146389454603,0.05072995850981447,0.05067458145870244,0.038080821086022766,23.413902301842885,6.2307640182720885,55.05732849165459,2287.623975350713,2306.1883454626904,,
S072,IDLE,21.763,converged,,0.24294883266525832,0.10633553831236728,21.76299999999968,11.163388901588105,370.9211148925142,669.0511518950477,583.047598767783,2.1988099494364004,7.696092758615692,14.066907241383985,34.08851049409956,2.1700566981854434,0.6655002054973078,0.8605146389454603,0.05072995850981447,0.05067458145870244,0.038080821086022766,23.413902301842885,6.2307640182720885,55.05732849165459,859.2595881827087,866.2325930074388,,
S073,TAKE-OFF,310.9,converged,,2.393278174312564,0.34898078660028836,310.89999999996473,7.697903423328515,901.5451512272988,1718.292606104652,983.147112685672,43.7724,72.25249942371741,238.64750057624732,102.39547191158805,43.2,117.82168848156937,0.674579918384552,0.12415708150339991,0.03593034496459676,0.16533265514745132,25.480497858187274,5.977926608149872,29.374199374796376,7312.802486446253,7266.290128620072,,
S073,APPROACH,93.27,converged,,0.6465707352374679,0.15512772329500482,93.26999999999985,6.932247616998701,581.9502969854668,990.0396919093773,672.7103459291836,9.447641018982676,25.58818113197435,67.6818188680255,62.23228022305766,9.324096737214582,6.356732549193939,0.674579918384552,0.12415708150339991,0.03593034496459676,0.16533265514745132,25.480497858187274,5.977926608149872,29.374199374796376,1975.634980946609,1963.0691498116887,,
S073,IDLE,21.763,converged,,0.2428663925326582,0.10637718307444864,21.762999999999828,11.159600814807707,370.9211148925142,669.0370827155997,583.0351508602963,2.1988099494364004,7.696092758615844,14.066907241383985,34.08851049409956,2.1700566981854434,0.6650586118333239,0.674579918384552,0.12415708150339991,0.03593034496459676,0.16533265514745132,25.480497858187274,5.977926608149872,29.374199374796376,742.0925733788534,737.3725668728495,,
S074,TAKE-OFF,310.9,converged,,2.392447290135076,0.3490410475322267,310.8999999999676,7.695230910695804,901.5451512272988,1718.212469341388,983.103734334029,43.7724,72.25249942372025,238.64750057624732,102.39547191158805,43.2,117.74170105999806,0.5075546032749116,0.1287895665774136,0.13883422681935015,0.22482160332832457,65.33216357109586,1.736086981648246,49.694580066958,6013.361657966765,6917.503285931717,,
S074,APPROACH,93.27,converged,,0.646369127417829,0.15515999893476085,93.2699999999675,6.930086066452818,581.9502969854668,990.0194616436648,672.6960109945205,9.447641018982676,25.588181131942,67.6818188680255,62.23228022305766,9.324096737214582,6.352856567156992,0.5075546032749116,0.1287895665774136,0.13883422681935015,0.22482160332832457,65.33216357109586,1.736086981648246,49.694580066958,1624.6340488815358,1868.9066134389961,,
S074,IDLE,21.763,converged,,0.2427943573315038,0.10640093423636793,21.762999999999877,11.156290829917989,370.9211148925142,669.0274426137271,583.0265862978179,2.1988099494364004,7.696092758615891,14.066907241383985,34.08851049409956,2.1700566981854434,0.6646728698433142,0.5075546032749116,0.1287895665774136,0.13883422681935015,0.22482160332832457,65.33216357109586,1.736086981648246,49.694580066958,610.2580755563963,702.013696005621,,
S075,TAKE-OFF,310.9,converged,,2.3945972327704106,0.3488518837284669,310.8999999999631,7.7021461330675285,901.5451512272988,1718.4391023577905,983.2255620552946,43.7724,72.2524994237158,238.64750057624732,102.39547191158805,43.2,117.94872590765263,0.9417258645407856,0.021533327952406967,0.01789111258230632,0.018849694924501163,33.54795768808722,12.021525705165983,31.90310055927626,9062.74072128825,9087.568134322155,,
S075,APPROACH,93.27,converged,,0.6468796474521841,0.15505905086073757,93.26999999999987,6.935559638170741,581.9502969854668,990.0767070337431,672.7363258146497,9.447641018982676,25.588181131974373,67.6818188680255,62.23228022305766,9.324096737214582,6.362673737691918,0.9417258645407856,0.021533327952406967,0.01789111258230632,0.018849694924501163,33.54795768808722,12.021525705165983,31.90310055927626,2448.220703886356,2454.9276139131175,,
S075,IDLE,21.763,converged,,0.24297453384841075,0.10632663767420399,21.763000000000066,11.164569859321327,370.9211148925142,669.0546811200496,583.0507327213874,2.1988099494364004,7.696092758616079,14.066907241383985,34.08851049409956,2.1700566981854434,0.6656379041391485,0.9417258645407856,0.021533327952406967,0.01789111258230632,0.018849694924501163,33.54795768808722,12.021525705165983,31.90310055927626,919.5764415030322,922.0956246984441,,
S076,TAKE-OFF,310.9,converged,,2.3945555728421315,0.34885677557447664,310.8999999999673,7.702012135227995,901.5451512272988,1718.4339995684127,983.2228477157457,43.7724,72.25249942371995,238.64750057624732,102.39547191158805,43.2,117.94471265138719,0.9102591858245432,0.05400983222253747,0.014875682957405123,0.020855298995514172,27.129587543325812,13.09260847204976,51.31564662352663,8867.140695349633,8916.237462172043,,
S076,APPROACH,93.27,converged,,0.6468701662694198,0.15506165018698717,93.27000000000004,6.935457985090807,581.9502969854668,990.0754170278478,672.7354257219389,9.447641018982676,25.588181131974547,67.6818188680255,62.23228022305766,9.324096737214582,6.3624913494442055,0.9102591858245432,0.05400983222253747,0.014875682957405123,0.020855298995514172,27.129587543325812,13.09260847204976,51.31564662352663,2395.3876205625706,2408.6507221075503,,
S076,IDLE,21.763,converged,,0.24297127190317871,0.10632855104807475,21.762999999999984,11.164419974414322,370.9211148925142,669.0540686618833,583.0501915830015,2.1988099494364004,7.696092758616001,14.066907241383985,34.08851049409956,2.1700566981854434,0.6656204269183429,0.9102591858245432,0.05400983222253747,0.014875682957405123,0.020855298995514172,27.129587543325812,13.09260847204976,51.31564662352663,899.732909659047,904.7146707910368,,
S077,TAKE-OFF,310.9,converged,,2.392884391555148,0.34899111625478874,310.8999999999641,7.696636833565211,901.5451512272988,1718.2651855697852,983.131805864732,43.7724,72.25249942371677,238.64750057624732,102.39547191158805,43.2,117.7837765584619,0.6015218463726342,0.06836439120558198,0.16437758514455525,0.16573617727722859,31.12492970952784,19.9273018351969,47.9373347579503,6556.61440841679,7118.541616372167,,
S077,APPROACH,93.27,converged,,0.6464690933056667,0.15513345314375934,93.2699999999998,6.931157856820715,581.9502969854668,990.0327921085313,672.7053205340728,9.447641018982676,25.588181131974302,67.6818188680255,62.23228022305766,9.324096737214582,6.3547783025001525,0.6015218463726342,0.06836439120558198,0.16437758514455525,0.16573617727722859,31.12492970952784,19.9273018351969,47.9373347579503,1771.3553511916023,1923.1673542757158,,
S077,IDLE,21.763,converged,,0.24282885334691742,0.10638139254469263,21.762999999999728,11.157875906213318,370.9211148925142,669.0337736295531,583.0321818315018,2.1988099494364004,7.696092758615741,14.066907241383985,34.08851049409956,2.1700566981854434,0.6648575792404435,0.6015218463726342,0.06836439120558198,0.16437758514455525,0.16573617727722859,31.12492970952784,19.9273018351969,47.9373347579503,665.3623402169419,722.3864656004328,,
S078,TAKE-OFF,310.9,converged,,2.394253514310438,0.3488750935168979,310.8999999999631,7.70104057353079,901.5451512272988,1718.4069393630127,983.2081094443781,43.7724,72.25249942371575,238.64750057624732,102.39547191158805,43.2,117.91561622254181,0.7056126734241843,0.21415055958015955,0.06793489050063578,0.012301876495020346,46.83672560961183,9.196908203159683,40.104684537320395,7431.669604708338,7872.5863002689675,,
S078,APPROACH,93.27,converged,,0.6467956839192562,0.15507149841258272,93.27000000000045,6.934659418025658,581.9502969854668,990.0685921415021,672.7305628918314,9.447641018982676,25.588181131974956,67.6818188680255,62.23228022305766,9.324096737214582,6.3610586312896595,0.7056126734241843,0.21415055958015955,0.06793489050063578,0.012301876495020346,46.83672560961183,9.196908203159683,40.104684537320395,2007.628597351631,2126.7400506509657,,
S078,IDLE,21.763,converged,,0.24294441999702146,0.1063357963208247,21.76299999999992,11.163186141479683,370.9211148925142,669.050812613339,583.0472930695053,2.1988099494364004,7.696092758615934,14.066907241383985,34.08851049409956,2.1700566981854434,0.6654765652458532,0.7056126734241843,0.21415055958015955,0.06793489050063578,0.012301876495020346,46.83672560961183,9.196908203159683,40.104684537320395,754.0900121620382,798.8297401105345,,
S079,TAKE-OFF,310.9,converged,,2.393704906739641,0.3489207940312649,310.8999999999632,7.69927599466042,901.5451512272988,1718.3505927294088,983.1777607874785,43.7724,72.25249942371592,238.64750057624732,102.39547191158805,43.2,117.86277940679109,0.7669813157990575,0.03297074472596992,0.11001761803191046,0.09003032144306215,43.161200593972225,11.127032825865042,23.779986441094508,7737.087384566743,7775.359782451771,,
S079,APPROACH,93.27,converged,,0.6466645600403352,0.15509590823429803,93.27000000000744,6.933253565350957,581.9502969854668,990.0543637396077,672.7205250669748,9.447641018982676,25.588181131981944,67.6818188680255,62.23228022305766,9.324096737214582,6.358536758339565,0.7669813157990575,0.03297074472596992,0.11001761803191046,0.09003032144306215,43.161200593972225,11.127032825865042,23.779986441094508,2090.1908984049555,2100.530269507186,,
S079,IDLE,21.763,converged,,0.2428979677280589,0.10635376041013572,21.762999999999863,11.161051680745322,370.9211148925142,669.0440399408203,583.0412854609579,2.1988099494364004,7.696092758615878,14.066907241383985,34.08851049409956,2.1700566981854434,0.6652277286270296,0.7669813157990575,0.03297074472596992,0.11001761803191046,0.09003032144306215,43.161200593972225,11.127032825865042,23.779986441094508,785.1104772999803,788.9941171087883,,
S080,TAKE-OFF,310.9,converged,,2.393958005434462,0.34891883394662637,310.89999999996417,7.70009007859356,901.5451512272988,1718.3655080639917,983.1862516850196,43.7724,72.25249942371686,238.64750057624732,102.39547191158805,43.2,117.88715409818008,0.7556718341074884,0.1500081723187735,0.007044771843915786,0.08727522172982231,60.572130609706036,8.560812969926097,20.722797180694236,7894.062075554054,8325.513700506912,,
S080,APPROACH,93.27,converged,,0.6467314507147758,0.1550946809741058,93.2700000000049,6.933970737801456,581.9502969854668,990.058108570944,672.723301172133,9.447641018982676,25.588181131979407,67.6818188680255,62.23228022305766,9.324096737214582,6.359823188981597,0.7556718341074884,0.1500081723187735,0.007044771843915786,0.08727522172982231,60.572130609706036,8.560812969926097,20.722797180694236,2132.593055753723,2249.1503782654727,,
S080,IDLE,21.763,converged,,0.24292296681427647,0.10635286360702532,21.76300000000004,11.162200377442264,370.9211148925142,669.0458434477292,583.0429139565584,2.1988099494364004,7.6960927586160555,14.066907241383985,34.08851049409956,2.1700566981854434,0.6653616386746376,0.7556718341074884,0.1500081723187735,0.007044771843915786,0.08727522172982231,60.572130609706036,8.560812969926097,20.722797180694236,801.037017047271,844.8178638843765,,
S081,TAKE-OFF,310.9,converged,,2.393226880922205,0.348964143712799,310.8999999999654,7.697738439763495,901.5451512272988,1718.2994548903662,983.1503014539292,43.7724,72.25249942371809,238.64750057624732,102.39547191158805,43.2,117.81674980907495,0.6934870849363506,0.03345186146006257,0.13127874421353608,0.1417823093900508,25.36135323871786,6.294353222082902,46.97513507579753,7220.183746619758,7456.303931245737,,
S081,APPROACH,93.27,converged,,0.6465514805141023,0.1551190303634509,93.26999999999988,6.932041176306455,581.9502969854668,990.0414453792076,672.7114361873544,9.447641018982676,25.58818113197439,67.6818188680255,62.23228022305766,9.324096737214582,6.356362320388411,0.6934870849363506,0.03345186146006257,0.13127874421353608,0.1417823093900508,25.36135323871786,6.294353222082902,46.97513507579753,1950.5967144920303,2014.3866778114973,,
S081,IDLE,21.763,converged,,0.2428581472406873,0.1063707783925367,21.762999999999717,11.159221947373545,370.9211148925142,669.0378945063442,583.035839537039,2.1988099494364004,7.6960927586157295,14.066907241383985,34.08851049409956,2.1700566981854434,0.6650144534973186,0.6934870849363506,0.03345186146006257,0.13127874421353608,0.1417823093900508,25.36135323871786,6.294353222082902,46.97513507579753,732.6845864131833,756.6454198057522,,
S082,TAKE-OFF,310.9,converged,,2.3936416445777016,0.34892401240869386,310.89999999996775,7.699072513920714,901.5451512272988,1718.3452839899473,983.1748523730388,43.7724,72.25249942372042,238.64750057624732,102.39547191158805,43.2,117.85668732367124,0.612640580162406,0.19520412756967281,0.12383636261298062,0.0683189296549406,56.68918588740195,8.229096373035953,41.583957610677274,6712.431574160111,7392.706026971741,,
S082,APPROACH,93.27,converged,,0.646648753092133,0.15509764664493939,93.2700000000008,6.933084090191138,581.9502969854668,990.0530254523163,672.7195665361071,9.447641018982676,25.588181131975304,67.6818188680255,62.23228022305766,9.324096737214582,6.358232780243642,0.612640580162406,0.19520412756967281,0.12383636261298062,0.0683189296549406,56.68918588740195,8.229096373035953,41.583957610677274,1813.3815132601803,1997.159493421736,,
S082,IDLE,21.763,converged,,0.24289222817772355,0.10635503910029753,21.762999999999717,11.160787951005224,370.9211148925142,669.0434006610069,583.0407153155828,2.1988099494364004,7.696092758615729,14.066907241383985,34.08851049409956,2.1700566981854434,0.6651969860241764,0.612640580162406,0.19520412756967281,0.12383636261298062,0.0683189296549406,56.68918588740195,8.229096373035953,41.583957610677274,681.1368214751698,750.166944672642,,
S083,TAKE-OFF,310.9,converged,,2.3944536619474346,0.348864698555476,310.89999999996553,7.7016843420640075,901.5451512272988,1718.423859926281,983.2173729908696,43.7724,72.25249942371819,238.64750057624732,102.39547191158805,43.2,117.93489547611388,0.9225754961371422,0.017711435750457034,0.025162955189526024,0.03455011292287476,31.032998011094172,15.931750193326724,52.70541209014223,8924.167835796305,9037.14071390304,,
S083,APPROACH,93.27,converged,,0.6468456199683094,0.15506588720561232,93.26999999999974,6.935194810424694,581.9502969854668,990.072857476664,672.733616043738,9.447641018982676,25.588181131974242,67.6818188680255,62.23228022305766,9.324096737214582,6.362019167395355,0.9225754961371422,0.017711435750457034,0.025162955189526024,0.03455011292287476,31.032998011094172,15.931750193326724,52.70541209014223,2410.8041714000105,2441.323037786893,,
S083,IDLE,21.763,converged,,0.2429625376796649,0.10633166898036918,21.762999999999803,11.16401864079709,370.9211148925142,669.0528497388107,583.0491095025449,2.1988099494364004,7.696092758615818,14.066907241383985,34.08851049409956,2.1700566981854434,0.6655736308073357,0.9225754961371422,0.017711435750457034,0.025162955189526024,0.03455011292287476,31.032998011094172,15.931750193326724,52.70541209014223,905.5253390457603,916.9885707591123,,
S084,TAKE-OFF,310.9,converged,,2.394639583345366,0.34884747923085946,310.8999999999644,7.702282352350082,901.5451512272988,1718.4439604126846,983.2281576089738,43.7724,72.25249942371704,238.64750057624732,102.39547191158805,43.2,117.95280576489084,0.9540961151942611,0.013055596862302617,0.01847347006490525,0.014374817878531062,51.878785820330705,12.634867476469616,61.04283953488128,9140.779530627839,9231.569773574076,,
S084,APPROACH,93.27,converged,,0.6468894759271364,0.15505670670315708,93.27000000000439,6.9356650147647265,581.9502969854668,990.0779346205499,672.7371856960485,9.447641018982676,25.58818113197888,67.6818188680255,62.23228022305766,9.324096737214582,6.3628628094502595,0.9540961151942611,0.013055596862302617,0.01847347006490525,0.014374817878531062,51.878785820330705,12.634867476469616,61.04283953488128,2469.2960566001498,2493.8221911747487,,
S084,IDLE,21.763,converged,,0.24297795592136337,0.10632491227017724,21.76299999999992,11.164727102024733,370.9211148925142,669.0552644635779,583.0512488522979,2.1988099494364004,7.696092758615935,14.066907241383985,34.08851049409956,2.1700566981854434,0.6656562395514931,0.9540961151942611,0.013055596862302617,0.01847347006490525,0.014374817878531062,51.878785820330705,12.634867476469616,61.04283953488128,927.4915278803638,936.7037817001486,,
S085,TAKE-OFF,310.9,converged,,2.3936426687451644,0.34893166178450796,310.8999999999662,7.699075808122948,901.5451512272988,1718.340908199743,983.1726804809924,43.7724,72.25249942371889,238.64750057624732,102.39547191158805,43.2,117.85678594875128,0.5186204658821225,0.3269833423793768,0.08995874470447669,0.06443744703402397,35.198904688207264,6.030104930875643,59.73719316654059,6183.203585004175,6606.161709231815,,
S085,APPROACH,93.27,converged,,0.6466515845790167,0.1551016595917685,93.26999999999657,6.933114448150966,581.9502969854668,990.0519116535238,672.7188350541644,9.447641018982676,25.588181131971066,67.6818188680255,62.23228022305766,9.324096737214582,6.358287231091906,0.5186204658821225,0.3269833423793768,0.08995874470447669,0.06443744703402397,35.198904688207264,6.030104930875643,59.73719316654059,1670.4157425944047,1784.6794732730336,,
S085,IDLE,21.763,converged,,0.24289375786392592,0.10635799500566304,21.762999999999945,11.160858239393766,370.9211148925142,669.0428789583386,583.040264161931,2.1988099494364004,7.69609275861596,14.066907241383985,34.08851049409956,2.1700566981854434,0.6652051793743777,0.5186204658821225,0.3269833423793768,0.08995874470447669,0.06443744703402397,35.198904688207264,6.030104930875643,59.73719316654059,627.4376597684457,670.3571354087197,,
S086,TAKE-OFF,310.9,converged,,2.3934680842574942,0.3489484460067731,310.89999999996843,7.698514262649524,901.5451512272988,1718.3216799275472,983.162377410656,43.7724,72.2524994237211,238.64750057624732,102.39547191158805,43.2,117.83997442812606,0.6625071973539889,0.1300732430306157,0.09356086300933009,0.11385869660606532,35.84488065469415,5.592243467791905,56.133973176646066,7103.444895400978,7508.68765364114,,
S086,APPROACH,93.27,converged,,0.6466106043633721,0.15511060379205335,93.27000000000308,6.932675076266224,581.9502969854668,990.0470532500619,672.7154232748802,9.447641018982676,25.588181131977592,67.6818188680255,62.23228022305766,9.324096737214582,6.357499184145043,0.6625071973539889,0.1300732430306157,0.09356086300933009,0.11385869660606532,35.84488065469415,5.592243467791905,56.133973176646066,1919.040753911718,2028.5196588292406,,
S086,IDLE,21.763,converged,,0.24287939238984782,0.10636457825908598,21.763000000000094,11.160198152361659,370.9211148925142,669.0405687599052,583.0382182972749,2.1988099494364004,7.696092758616108,14.066907241383985,34.08851049409956,2.1700566981854434,0.665128236543056,0.6625071973539889,0.1300732430306157,0.09356086300933009,0.11385869660606532,35.84488065469415,5.592243467791905,56.133973176646066,720.8286550455404,761.9510395632725,,
S087,TAKE-OFF,310.9,converged,,2.394015144786079,0.34890024137931375,310.8999999999619,7.700273865507792,901.5451512272988,1718.3793908022917,983.1933982295529,43.7724,72.25249942371455,238.64750057624732,102.39547191158805,43.2,117.89265724912329,0.8491512131877244,0.013453071048684966,0.06310037666191862,0.07429533910167206,46.22885760195636,13.644504624903272,53.39980817691094,8369.38215581567,8625.667474055934,,
S087,APPROACH,93.27,converged,,0.6467404812039456,0.1550848804890447,93.26999999998921,6.934067558743651,581.9502969854668,990.0616298921348,672.7256883126336,9.447641018982676,25.58818113196372,67.6818188680255,62.23228022305766,9.324096737214582,6.359996871633769,0.8491512131877244,0.013453071048684966,0.06310037666191862,0.07429533910167206,46.22885760195636,13.644504624903272,53.39980817691094,2260.9791147815035,2330.2143033746925,,
S087,IDLE,21.763,converged,,0.24292522413364,0.10634564640329627,21.76299999999996,11.162304100245391,370.9211148925142,669.0475044339311,583.0443665386885,2.1988099494364004,7.696092758615973,14.066907241383985,34.08851049409956,2.1700566981854434,0.6653737308747243,0.8491512131877244,0.013453071048684966,0.06310037666191862,0.07429533910167206,46.22885760195636,13.644504624903272,53.39980817691094,849.2569650152664,875.2627187847315,,
S088,TAKE-OFF,310.9,converged,,2.394454966389616,0.34885220598058275,310.8999999999635,7.701688537761006,901.5451512272988,1718.4311691956495,983.2210135536847,43.7724,72.25249942371617,238.64750057624732,102.39547191158805,43.2,117.93502113177063,0.8382560783065856,0.08208965607782837,0.07915958118674259,0.0004946844288435011,49.98339568687102,15.150884570199663,64.80290302095531,8259.155958562511,8510.850977222166,,
S088,APPROACH,93.27,converged,,0.6468417891990189,0.15505933164035476,93.26999999999997,6.935153738597824,581.9502969854668,990.0747170003851,672.7348409858665,9.447641018982676,25.588181131974476,67.6818188680255,62.23228022305766,9.324096737214582,6.361945478795078,0.8382560783065856,0.08208965607782837,0.07915958118674259,0.0004946844288435011,49.98339568687102,15.150884570199663,64.80290302095531,2231.1412377763736,2299.1345216290965,,
S088,IDLE,21.763,converged,,0.24296033731811856,0.10632684045549086,21.762999999999984,11.163917535179834,370.9211148925142,669.0537212569461,583.0498639740889,2.1988099494364004,7.696092758615999,14.066907241383985,34.08851049409956,2.1700566981854434,0.6655618419919426,0.8382560783065856,0.08208965607782837,0.07915958118674259,0.0004946844288435011,49.98339568687102,15.150884570199663,64.80290302095531,838.039280680622,863.57824779139,,
S089,TAKE-OFF,310.9,converged,,2.39308624725644,0.3489849242091672,310.8999999999653,7.697286096033151,901.5451512272988,1718.2797609986264,983.1399106135931,43.7724,72.25249942371798,238.64750057624732,102.39547191158805,43.2,117.80320972147543,0.6500868950970471,0.08146315740647941,0.10244997492168637,0.16599997257478713,32.336037652420885,3.672477670022643,28.191174854770793,7006.961588923906,6975.763096202172,,
S089,APPROACH,93.27,converged,,0.646520895900258,0.15513004527600713,93.26999999999987,6.93171326150165,581.9502969854668,990.036461247151,672.7079835939842,9.447641018982676,25.588181131974377,67.6818188680255,62.23228022305766,9.324096737214582,6.355774262709749,0.6500868950970471,0.08146315740647941,0.10244997492168637,0.16599997257478713,32.336037652420885,3.672477670022643,28.191174854770793,1893.014549393436,1884.5859031261662,,
S089,IDLE,21.763,converged,,0.2428479289626709,0.10637888801260863,21.762999999999742,11.158752422123502,370.9211148925142,669.0355318684722,583.0337574061865,2.1988099494364004,7.696092758615756,14.066907241383985,34.08851049409956,2.1700566981854434,0.664959730661312,0.6500868950970471,0.08146315740647941,0.10244997492168637,0.16599997257478713,32.336037652420885,3.672477670022643,28.191174854770793,711.0592491774962,707.8932582513789,,
S090,TAKE-OFF,310.9,converged,,2.3934118316322484,0.3489313309629447,310.8999999999658,7.698333327862693,901.5451512272988,1718.3285325311272,983.1655470012115,43.7724,72.25249942371853,238.64750057624732,102.39547191158805,43.2,117.8345578610725,0.5437358347699046,0.1969926683744794,0.19315238184762154,0.06611911500799442,47.42190426732237,12.964121101373525,63.99740146795807,6114.630734761902,6862.415208462339,,
S090,APPROACH,93.27,converged,,0.6465898682674706,0.15510166730939243,93.26999999999437,6.932452752948532,581.9502969854668,990.0488085540096,672.7165086131342,9.447641018982676,25.588181131968874,67.6818188680255,62.23228022305766,9.324096737214582,6.357100448524205,0.5437358347699046,0.1969926683744794,0.19315238184762154,0.06611911500799442,47.42190426732237,12.964121101373525,63.99740146795807,1651.8921771175615,1853.9091714150634,,
S090,IDLE,21.763,converged,,0.2428705620765714,0.10635799414484894,21.762999999999884,11.159792403463342,370.9211148925142,669.0413804284663,583.0389055369441,2.1988099494364004,7.696092758615899,14.066907241383985,34.08851049409956,2.1700566981854434,0.6650809427125318,0.5437358347699046,0.1969926683744794,0.19315238184762154,0.06611911500799442,47.42190426732237,12.964121101373525,63.99740146795807,620.479845472112,696.3609926443065,,
S091,TAKE-OFF,310.9,converged,,2.3947298272479305,0.34884185966292797,310.8999999999662,7.702572619003507,901.5451512272988,1718.452130405577,983.2326033034855,43.7724,72.25249942371892,238.64750057624732,102.39547191158805,43.2,117.96149967240525,0.9835461685433984,0.0018738342460488068,0.003265743843398385,0.011314253367154428,38.01957154683271,8.641086464914016,24.67953964802086,9364.080992340836,9360.70886109517,,
S091,APPROACH,93.27,converged,,0.6469116788791776,0.15505368744913292,93.2700000000006,6.935903065071012,581.9502969854668,990.0799952756771,672.7386527577388,9.447641018982676,25.588181131975105,67.6818188680255,62.23228022305766,9.324096737214582,6.363289940876198,0.9835461685433984,0.0018738342460488068,0.003265743843398385,0.011314253367154428,38.01957154683271,8.641086464914016,24.67953964802086,2529.6103497727213,2528.6994031345184,,
S091,IDLE,21.763,converged,,0.24298595062000303,0.10632269098169336,21.762999999999828,11.165094454808846,370.9211148925142,669.0562473704241,583.0521235773394,2.1988099494364004,7.696092758615843,14.066907241383985,34.08851049409956,2.1700566981854434,0.665699075981261,0.9835461685433984,0.0018738342460488068,0.003265743843398385,0.011314253367154428,38.01957154683271,8.641086464914016,24.67953964802086,950.1448120439975,949.8026521447803,,
S092,TAKE-OFF,310.9,converged,,2.3943681466392466,0.3488738263319677,310.89999999996337,7.701409284784588,901.5451512272988,1718.4139150990532,983.2120646525847,43.7724,72.25249942371606,238.64750057624732,102.39547191158805,43.2,117.9266580117271,0.8900739122182131,0.044282333510101676,0.022964454456671717,0.042679299815013526,30.703460194460142,6.114351351089743,62.80702467506746,8720.447441946932,8879.100342952746,,
S092,APPROACH,93.27,converged,,0.6468258519301201,0.1550707435261815,93.26999999999948,6.934982866196243,581.9502969854668,990.0703441659366,672.7318570261714,9.447641018982676,25.588181131973997,67.6818188680255,62.23228022305766,9.324096737214582,6.361638914291561,0.8900739122182131,0.044282333510101676,0.022964454456671717,0.042679299815013526,30.703460194460142,6.114351351089743,62.80702467506746,2355.7826116950164,2398.641851197643,,
S092,IDLE,21.763,converged,,0.2429556711983872,0.106335243545137,21.763000000000137,11.163703129089999,370.9211148925142,669.0516556371824,583.0480533000517,2.1988099494364004,7.696092758616151,14.066907241383985,34.08851049409956,2.1700566981854434,0.6655368427906668,0.8900739122182131,0.044282333510101676,0.022964454456671717,0.042679299815013526,30.703460194460142,6.114351351089743,62.80702467506746,884.8606528541878,900.9591054273822,,
S093,TAKE-OFF,310.9,converged,,2.392698372680769,0.34899061982948787,310.89999999996456,7.6960385097492505,901.5451512272988,1718.255346913505,983.1261240739844,43.7724,72.25249942371725,238.64750057624732,102.39547191158805,43.2,117.76586943436196,0.5747075863182545,0.017984404055725517,0.24857104710395989,0.1587369625220601,34.1645414867903,-1.8685682163437378,31.992322300226625,6196.068845233899,5998.934543720636,,
S093,APPROACH,93.27,converged,,0.6464192808463698,0.15513333878277688,93.27000000000119,6.930623789496746,581.9502969854668,990.030325387116,672.7034680779385,9.447641018982676,25.588181131975688,67.6818188680255,62.23228022305766,9.324096737214582,6.353820676704213,0.5747075863182545,0.017984404055725517,0.24857104710395989,0.1587369625220601,34.1645414867903,-1.8685682163437378,31.992322300226625,1673.9503870365488,1620.6919342080039,,
S093,IDLE,21.763,converged,,0.24281011729846325,0.10638130302574143,21.763000000000204,11.157014993266598,370.9211148925142,669.0325818950068,583.0311007033831,2.1988099494364004,7.696092758616219,14.066907241383985,34.08851049409956,2.1700566981854434,0.6647572536950601,0.5747075863182545,0.017984404055725517,0.24857104710395989,0.1587369625220601,34.1645414867903,-1.8685682163437378,31.992322300226625,628.7747006803022,608.7695870309972,,
S094,TAKE-OFF,310.9,converged,,2.3936629303068724,0.34894701999749816,310.89999999996684,7.699140978794235,901.5451512272988,1718.33311382126,983.1688899475072,43.7724,72.25249942371953,238.64750057624732,102.39547191158805,43.2,117.85873710098932,0.7441151454113424,0.11475264760043978,0.013917111570111948,0.12721509541810588,33.39832711518926,7.365779982318919,63.60197547631191,7806.763653836256,8330.447312285287,,
S094,APPROACH,93.27,converged,,0.6466621282804816,0.15510970247705197,93.2700000000013,6.933227493089659,581.9502969854668,990.0499239579572,672.717552401028,9.447641018982676,25.588181131975812,67.6818188680255,62.23228022305766,9.324096737214582,6.358489993522775,0.7441151454113424,0.11475264760043978,0.013917111570111948,0.12721509541810588,33.39832711518926,7.365779982318919,63.60197547631191,2109.043146991985,2250.5193694085406,,
S094,IDLE,21.763,converged,,0.24289865370145863,0.10636391988281067,21.762999999999884,11.161083200912556,370.9211148925142,669.0419514687607,583.0394670442287,2.1988099494364004,7.696092758615898,14.066907241383985,34.08851049409956,2.1700566981854434,0.6652314029348008,0.7441151454113424,0.11475264760043978,0.013917111570111948,0.12721509541810588,33.39832711518926,7.365779982318919,63.60197547631191,792.1969118012798,845.3380846841371,,
S095,TAKE-OFF,310.9,converged,,2.394181563576359,0.3488710652336185,310.89999999996485,7.700809146274139,901.5451512272988,1718.405355719824,983.2070168052448,43.7724,72.25249942371752,238.64750057624732,102.39547191158805,43.2,117.9086859328151,0.806728336494416,0.053557643900613246,0.11723705554731807,0.022476964057652697,32.90005844185321,13.269725259660879,39.07255248732347,7972.603098290991,8090.16761906589,,
S095,APPROACH,93.27,converged,,0.6467751350599278,0.15506944133572267,93.26999999999994,6.934439102175706,581.9502969854668,990.0682035948782,672.7302184491606,9.447641018982676,25.588181131974437,67.6818188680255,62.23228022305766,9.324096737214582,6.36066338789726,0.806728336494416,0.053557643900613246,0.11723705554731807,0.022476964057652697,32.90005844185321,13.269725259660879,39.07255248732347,2153.7553893672757,2185.5148055950317,,
S095,IDLE,21.763,converged,,0.2429364579863479,0.1063342791124254,21.762999999999955,11.162820290692844,370.9211148925142,669.0506166807701,583.047104219846,2.1988099494364004,7.696092758615968,14.066907241383985,34.08851049409956,2.1700566981854434,0.6654339109281967,0.806728336494416,0.053557643900613246,0.11723705554731807,0.022476964057652697,32.90005844185321,13.269725259660879,39.07255248732347,808.9762226456237,820.9054383310262,,
S096,TAKE-OFF,310.9,converged,,2.3942126726503643,0.34888108509194093,310.89999999996684,7.700909207625023,901.5451512272988,1718.401244196952,983.205103947548,43.7724,72.25249942371953,238.64750057624732,102.39547191158805,43.2,117.911682332243,0.7985504986718297,0.10449688479561735,0.05975490193748173,0.037197714595071214,45.73393420409107,17.2298344546725,44.84982272993427,8049.218099439976,8362.304698154778,,
S096,APPROACH,93.27,converged,,0.6467867885992487,0.15507467418271778,93.27000000000032,6.934564046309064,581.9502969854668,990.0671511613402,672.7295644847604,9.447641018982676,25.588181131974817,67.6818188680255,62.23228022305766,9.324096737214582,6.360887534360482,0.7985504986718297,0.10449688479561735,0.05975490193748173,0.037197714595071214,45.73393420409107,17.2298344546725,44.84982272993427,2174.46344042136,2259.0425081246653,,
S096,IDLE,21.763,converged,,0.24294144506584217,0.10633813432960965,21.762999999999938,11.16304944473845,370.9211148925142,669.0501295610962,583.0466910655642,2.1988099494364004,7.696092758615952,14.066907241383985,34.08851049409956,2.1700566981854434,0.6654606277007306,0.7985504986718297,0.10449688479561735,0.05975490193748173,0.037197714595071214,45.73393420409107,17.2298344546725,44.84982272993427,816.7564640627256,848.5254508329459,,
S097,TAKE-OFF,310.9,converged,,2.3931852673924734,0.3489785497421618,310.899999999967,7.6976045911634845,901.5451512272988,1718.2888441443274,983.1448478454956,43.7724,72.25249942371968,238.64750057624732,102.39547191158805,43.2,117.81274321523273,0.7366660377010703,0.005152953630145791,0.08665994724570134,0.17152106142308257,45.74427312290119,6.500565056725161,40.22549855185678,7599.156056044428,7797.373472460376,,
S097,APPROACH,93.27,converged,,0.6465451916234127,0.1551266224988423,93.26999999999973,6.931973749580944,581.9502969854668,990.038753147538,672.7096136394789,9.447641018982676,25.588181131974228,67.6818188680255,62.23228022305766,9.324096737214582,6.356241400212884,0.7366660377010703,0.005152953630145791,0.08665994724570134,0.17152106142308257,45.74427312290119,6.500565056725161,40.22549855185678,2052.995175665903,2106.545780053244,,
S097,IDLE,21.763,converged,,0.24285666393454244,0.10637636958746398,21.762999999999863,11.159153790127464,370.9211148925142,669.0366249216991,583.0347297983681,2.1988099494364004,7.696092758615877,14.066907241383985,34.08851049409956,2.1700566981854434,0.6650065096819302,0.7366660377010703,0.005152953630145791,0.08665994724570134,0.17152106142308257,45.74427312290119,6.500565056725161,40.22549855185678,771.1503633397007,791.2651539246148,,
S098,TAKE-OFF,310.9,converged,,2.3936276346685736,0.34889835336137087,310.89999999996263,7.699027451491996,901.5451512272988,1718.359386608221,983.181806671145,43.7724,72.25249942371535,238.64750057624732,102.39547191158805,43.2,117.8553382042042,0.5694652167148888,0.16809382265935874,0.24213671668537698,0.020304243940375465,23.507448354369615,9.910528685145387,36.06046849706202,6167.874951611237,6148.422139512551,,
S098,APPROACH,93.27,converged,,0.6466364332887966,0.15508419416602037,93.27000000000027,6.932952002667468,581.9502969854668,990.0566171473333,672.721912143638,9.447641018982676,25.58818113197477,67.6818188680255,62.23228022305766,9.324096737214582,6.357995867180544,0.5694652167148888,0.16809382265935874,0.24213671668537698,0.020304243940375465,23.507448354369615,9.910528685145387,36.06046849706202,1666.2460785106357,1660.9909181629098,,
S098,IDLE,21.763,converged,,0.2428860374168887,0.10634512989225091,21.762999999999803,11.160503488346775,370.9211148925142,669.0450809282383,583.0421654883287,2.1988099494364004,7.696092758615819,14.066907241383985,34.08851049409956,2.1700566981854434,0.6651638273927065,0.5694652167148888,0.16809382265935874,0.24213671668537698,0.020304243940375465,23.507448354369615,9.910528685145387,36.06046849706202,625.8662310636157,623.8923165002842,,
S099,TAKE-OFF,310.9,converged,,2.3942067676026757,0.3488951400603227,310.89999999996445,7.700890214226278,901.5451512272988,1718.3927795341572,983.2008692274096,43.7724,72.25249942371714,238.64750057624732,102.39547191158805,43.2,117.91111356023367,0.8796932683326304,0.04621007274617202,0.0009540162289930524,0.07314264269220452,35.56283031971188,3.255659659801109,39.81187699399181,8704.566751151868,8820.425550228581,,
S099,APPROACH,93.27,converged,,0.6467899139262301,0.15508205335224845,93.26999999999998,6.934597554693151,581.9502969854668,990.0649984294535,672.7281409639703,9.447641018982676,25.588181131974487,67.6818188680255,62.23228022305766,9.324096737214582,6.360947648169657,0.8796932683326304,0.04621007274617202,0.0009540162289930524,0.07314264269220452,35.56283031971188,3.255659659801109,39.81187699399181,2351.5203682178203,2382.8193786861007,,
S099,IDLE,21.763,converged,,0.24294347578451156,0.10634356943863056,21.76299999999965,11.163142755342346,370.9211148925142,669.049119747764,583.0458156923216,2.1988099494364004,7.696092758615666,14.066907241383985,34.08851049409956,2.1700566981854434,0.6654715068130062,0.8796932683326304,0.04621007274617202,0.0009540162289930524,0.07314264269220452,35.56283031971188,3.255659659801109,39.81187699399181,883.2644407903832,895.0207935535574,,
S100,TAKE-OFF,310.9,converged,,2.3947169371092825,0.3488429352461578,310.89999999996525,7.702531158280959,901.5451512272988,1718.4508052992392,983.231889654776,43.7724,72.25249942371794,238.64750057624732,102.39547191158805,43.2,117.96025784442541,0.9731730963103473,0.01144658288661559,0.004245904841498369,0.011134415961538722,51.47571728540794,10.357577549948529,32.70245112524736,9295.136716009516,9328.273390823113,,
S100,APPROACH,93.27,converged,,0.6469085987887868,0.15505426189069366,93.2699999999999,6.935870041693873,581.9502969854668,990.0796607068655,672.7384167402479,9.447641018982676,25.588181131974405,67.6818188680255,62.23228022305766,9.324096737214582,6.363230686503918,0.9731730963103473,0.01144658288661559,0.004245904841498369,0.011134415961538722,51.47571728540794,10.357577549948529,32.70245112524736,2510.9873218512735,2519.938859939136,,
S100,IDLE,21.763,converged,,0.2429848596155728,0.10632311372351037,21.762999999999955,11.165044323649004,370.9211148925142,669.0560881256736,583.0519823240477,2.1988099494364004,7.69609275861597,14.066907241383985,34.08851049409956,2.1700566981854434,0.6656932301862756,0.9731730963103473,0.01144658288661559,0.004245904841498369,0.011134415961538722,51.47571728540794,10.357577549948529,32.70245112524736,943.1500880323289,946.5123686229643,,
S101,TAKE-OFF,310.9,converged,,2.3930672838262215,0.3489516439156609,310.8999999999682,7.697225100760586,901.5451512272988,1718.2980076119247,983.148905101101,43.7724,72.2524994237209,238.64750057624732,102.39547191158805,43.2,117.80138399701782,0.5384857780300081,0.110985766327798,0.25627332347836257,0.09425513216383137,53.506323490930185,2.9439006654270323,28.597920632364406,5941.927844693351,6099.236169660034,,
S101,APPROACH,93.27,converged,,0.6465047070066677,0.15511259665354155,93.26999999999978,6.9315396912905465,581.9502969854668,990.0411091913699,672.7110179949623,9.447641018982676,25.588181131974284,67.6818188680255,62.23228022305766,9.324096737214582,6.355463005745788,0.5384857780300081,0.110985766327798,0.25627332347836257,0.09425513216383137,53.506323490930185,2.9439006654270323,28.597920632364406,1605.2554586539552,1647.7534582838227,,
S101,IDLE,21.763,converged,,0.24283982075034127,0.10636603481893908,21.76300000000002,11.158379853436616,370.9211148925142,669.0377062336213,583.0356337950354,2.1988099494364004,7.696092758616032,14.066907241383985,34.08851049409956,2.1700566981854434,0.664916309610189,0.5384857780300081,0.110985766327798,0.25627332347836257,0.09425513216383137,53.506323490930185,2.9439006654270323,28.597920632364406,602.9653668616104,618.9284472545559,,
S102,TAKE-OFF,310.9,converged,,2.393177226133371,0.3489921797671299,310.8999999999615,7.697578726708484,901.5451512272988,1718.2805106919132,983.1406691368521,43.7724,72.25249942371417,238.64750057624732,102.39547191158805,43.2,117.81196900213529,0.6426454782485962,0.14970740765588644,0.030632518464692345,0.17701459563082503,39.84056311929209,8.238416569010035,36.020275238376364,7120.0183511714085,7427.787464848486,,
S102,APPROACH,93.27,converged,,0.6465476032205162,0.15513378116649867,93.26999999999957,6.931999605666552,581.9502969854668,990.0366337093843,672.7082093665776,9.447641018982676,25.588181131974075,67.6818188680255,62.23228022305766,9.324096737214582,6.356287769266462,0.6426454782485962,0.14970740765588644,0.030632518464692345,0.17701459563082503,39.84056311929209,8.238416569010035,36.020275238376364,1923.5645189862,2006.712302869602,,
S102,IDLE,21.763,converged,,0.24285840056286223,0.1063816424791367,21.762999999999945,11.15923358741271,370.9211148925142,669.0356302022351,583.033866909907,2.1988099494364004,7.696092758615959,14.066907241383985,34.08851049409956,2.1700566981854434,0.6650158101636247,0.6426454782485962,0.14970740765588644,0.030632518464692345,0.17701459563082503,39.84056311929209,8.238416569010035,36.020275238376364,722.5358196883287,753.768071890155,,
S103,TAKE-OFF,310.9,converged,,2.3940455943466623,0.3488902619343094,310.8999999999654,7.70037180555461,901.5451512272988,1718.3868304296361,983.1972272537753,43.7724,72.25249942371809,238.64750057624732,102.39547191158805,43.2,117.89558992954723,0.8300706725567579,0.021089245299898286,0.09328352884613644,0.05555655329720734,36.12820340389417,2.6526973260353084,42.35601223721121,8178.168837186485,8222.290123341492,,
S103,APPROACH,93.27,converged,,0.6467452695825664,0.15507962039379383,93.26999999999988,6.934118897636616,581.9502969854668,990.063516922917,672.7269673383212,9.447641018982676,25.58818113197439,67.6818188680255,62.23228022305766,9.324096737214582,6.360088967064598,0.8300706725567579,0.021089245299898286,0.09328352884613644,0.05555655329720734,36.12820340389417,2.6526973260353084,42.35601223721121,2209.311310439492,2221.2305625941012,,
S103,IDLE,21.763,converged,,0.242926413701264,0.10634177282286772,21.76299999999992,11.162358760339332,370.9211148925142,669.0483944938474,583.0451448771258,2.1988099494364004,7.696092758615935,14.066907241383985,34.08851049409956,2.1700566981854434,0.6653801032948159,0.8300706725567579,0.021089245299898286,0.09328352884613644,0.05555655329720734,36.12820340389417,2.6526973260353084,42.35601223721121,829.8476983698883,834.3247333264628,,
S104,TAKE-OFF,310.9,converged,,2.394414452275708,0.34886710798393267,310.89999999996536,7.701558225397152,901.5451512272988,1718.4203289671677,983.2154507307018,43.7724,72.25249942371804,238.64750057624732,102.39547191158805,43.2,117.93111847680971,0.8575673662126064,0.08356462176213182,0.03191209755110195,0.026955914474159806,20.933642424050028,11.970897364304992,26.746576090582312,8490.444036312147,8429.400213933166,,
S104,APPROACH,93.27,converged,,0.6468359621356387,0.15506718217053173,93.2699999999996,6.935091263382025,581.9502969854668,990.0719668903587,672.7329817427908,9.447641018982676,25.588181131974103,67.6818188680255,62.23228022305766,9.324096737214582,6.361833390322018,0.8575673662126064,0.08356462176213182,0.03191209755110195,0.026955914474159806,20.933642424050028,11.970897364304992,26.746576090582312,2293.6399051413628,2277.1493015437204,,
S104,IDLE,21.763,converged,,0.2429590579872351,0.10633262169168728,21.762999999999874,11.163858750504826,370.9211148925142,669.05242489381,583.0487313626122,2.1988099494364004,7.696092758615888,14.066907241383985,34.08851049409956,2.1700566981854434,0.6655549878036335,0.8575673662126064,0.08356462176213182,0.03191209755110195,0.026955914474159806,20.933642424050028,11.970897364304992,26.746576090582312,861.5176386841364,855.3235775152182,,
S105,TAKE-OFF,310.9,converged,,2.3933891835109384,0.3489458899546753,310.8999999999613,7.6982604808981545,901.5451512272988,1718.3188652353651,983.1606430690074,43.7724,72.252499423714,238.64750057624732,102.39547191158805,43.2,117.8323771071155,0.6697142068296671,0.08043721342950931,0.1395096322484232,0.11033894749240039,63.52727497147372,1.9858533142371217,56.85799392797445,7047.045827049325,7585.549734302128,,
S105,APPROACH,93.27,converged,,0.6465886924283398,0.1551093245358168,93.26999999999991,6.932440146117084,581.9502969854668,990.0463527864997,672.7148650489008,9.447641018982676,25.58818113197441,67.6818188680255,62.23228022305766,9.324096737214582,6.357077838609826,0.6697142068296671,0.08043721342950931,0.1395096322484232,0.11033894749240039,63.52727497147372,1.9858533142371217,56.85799392797445,1903.8024313748585,2049.282547879509,,
S105,IDLE,21.763,converged,,0.24287100817555995,0.10636363373137521,21.76299999999977,11.159812901510017,370.9211148925142,669.0402253322088,583.0378999553155,2.1988099494364004,7.6960927586157855,14.066907241383985,34.08851049409956,2.1700566981854434,0.6650833319122406,0.6697142068296671,0.08043721342950931,0.1395096322484232,0.11033894749240039,63.52727497147372,1.9858533142371217,56.85799392797445,715.1043952509866,769.7494934080322,,
S106,TAKE-OFF,310.9,converged,,2.3932986587747647,0.3489627847621945,310.899999999963,7.697969310952234,901.5451512272988,1718.3041497039217,983.1529406685271,43.7724,72.25249942371565,238.64750057624732,102.39547191158805,43.2,117.82366081171408,0.5241125929169357,0.25882227592475165,0.10557711652944854,0.11148801462886411,48.61854905205308,5.011116459211685,45.90713722126696,6186.68533599695,6905.479080618285,,
S106,APPROACH,93.27,converged,,0.6465701824902276,0.1551182608875174,93.26999999999948,6.932241690685442,581.9502969854668,990.0426258066566,672.712301380413,9.447641018982676,25.588181131973993,67.6818188680255,62.23228022305766,9.324096737214582,6.356721920852235,0.5241125929169357,0.25882227592475165,0.10557711652944854,0.11148801462886411,48.61854905205308,5.011116459211685,45.90713722126696,1671.3861648813208,1865.5744668421703,,
S106,IDLE,21.763,converged,,0.24286508738227894,0.10637021363410035,21.763000000000016,11.159540843738398,370.9211148925142,669.0384614714417,583.0363493942621,2.1988099494364004,7.696092758616029,14.066907241383985,34.08851049409956,2.1700566981854434,0.6650516218981882,0.5241125929169357,0.25882227592475165,0.10557711652944854,0.11148801462886411,48.61854905205308,5.011116459211685,45.90713722126696,627.8070934543432,700.7482222003334,,
S107,TAKE-OFF,310.9,converged,,2.394631785947502,0.34884908692751165,310.89999999996434,7.702257272266892,901.5451512272988,1718.442604311222,983.2274501379362,43.7724,72.25249942371701,238.64750057624732,102.39547191158805,43.2,117.95205459469972,0.9642308442853391,0.002316196847618676,0.014886022044151436,0.01856693682289077,35.57853343616146,14.217286577841605,33.57175250438545,9214.235904366762,9234.765504552422,,
S107,APPROACH,93.27,converged,,0.6468879328951322,0.15505755633327464,93.27000000000032,6.935648471053179,581.9502969854668,990.0775911419585,672.7369501041687,9.447641018982676,25.588181131974824,67.6818188680255,62.23228022305766,9.324096737214582,6.362833125744357,0.9642308442853391,0.002316196847618676,0.014886022044151436,0.01856693682289077,35.57853343616146,14.217286577841605,33.57175250438545,2489.141776352667,2494.687660569689,,
S107,IDLE,21.763,converged,,0.2429774745481493,0.10632553784915111,21.762999999999963,11.164704983143396,370.9211148925142,669.0551020265145,583.0511062034925,2.1988099494364004,7.696092758615977,14.066907241383985,34.08851049409956,2.1700566981854434,0.6656536603465659,0.9642308442853391,0.002316196847618676,0.014886022044151436,0.01856693682289077,35.57853343616146,14.217286577841605,33.57175250438545,934.9461504153779,937.0292391122989,,
S108,TAKE-OFF,310.9,converged,,2.3945583717361525,0.348853946000742,310.8999999999611,7.70202113778209,901.5451512272988,1718.4357914509262,983.2237507162274,43.7724,72.25249942371377,238.64750057624732,102.39547191158805,43.2,117.9449822771958,0.9327026535756886,0.021069956027802227,0.026002561950587248,0.020224828445921928,65.45475398355333,17.035617274240725,37.21475703642641,8986.640919962556,9112.308128904431,,
S108,APPROACH,93.27,converged,,0.6468699666457542,0.15506016338878456,93.2699999999995,6.935455844813527,581.9502969854668,990.0758723912406,672.7357287487127,9.447641018982676,25.58818113197401,67.6818188680255,62.23228022305766,9.324096737214582,6.362487509337851,0.9327026535756886,0.021069956027802227,0.026002561950587248,0.020224828445921928,65.45475398355333,17.035617274240725,37.21475703642641,2427.6660701901164,2461.6140182611243,,
S108,IDLE,21.763,converged,,0.24297102437360737,0.10632745601418589,21.76299999999994,11.164408600542574,370.9211148925142,669.054282558034,583.0503774176773,2.1988099494364004,7.696092758615956,14.066907241383985,34.08851049409956,2.1700566981854434,0.6656191006854345,0.9327026535756886,0.021069956027802227,0.026002561950587248,0.020224828445921928,65.45475398355333,17.035617274240725,37.21475703642641,911.856388958252,924.6075880299379,,
S109,TAKE-OFF,310.9,converged,,2.3929983957402055,0.3490027491617374,310.8999999999654,7.6970035244145105,901.5451512272988,1718.264652998222,983.1320242490447,43.7724,72.25249942371812,238.64750057624732,102.39547191158805,43.2,117.79475183946323,0.61814039433375,0.130626621545638,0.06326751778429363,0.18796546633631836,45.44755270548703,10.329525154683433,64.53544816162028,6890.34920311215,7848.713512320264,,
S109,APPROACH,93.27,converged,,0.6465034094468705,0.1551394680246298,93.2700000000009,6.931525779423868,581.9502969854668,990.0326335328989,672.7053569443397,9.447641018982676,25.58818113197541,67.6818188680255,62.23228022305766,9.324096737214582,6.355438058438523,0.61814039433375,0.130626621545638,0.06326751778429363,0.18796546633631836,45.44755270548703,10.329525154683433,64.53544816162028,1861.5283069229213,2120.4443991769613,,
S109,IDLE,21.763,converged,,0.24284244910842645,0.10638582640544576,21.762999999999824,11.158500625301127,370.9211148925142,669.0337212656094,583.0321671152954,2.1988099494364004,7.696092758615839,14.066907241383985,34.08851049409956,2.1700566981854434,0.6649303848262086,0.61814039433375,0.130626621545638,0.06326751778429363,0.18796546633631836,45.44755270548703,10.329525154683433,64.53544816162028,699.235435625301,796.4906349603657,,
S110,TAKE-OFF,310.9,converged,,2.393656973485627,0.3489285488958713,310.89999999996695,7.699121818867421,901.5451512272988,1718.3434903947077,983.1740253417997,43.7724,72.25249942371964,238.64750057624732,102.39547191158805,43.2,117.85816346809439,0.7006864035502076,0.11146722647662045,0.09725679027893824,0.0905895796942337,18.850318151282202,5.544168299196064,37.55656059799781,7339.279439814013,7281.0308027311185,,
S110,APPROACH,93.27,converged,,0.6466543611724251,0.15510001496963824,93.269999999998,6.933144217566623,581.9502969854668,990.0525659206749,672.7192831431673,9.447641018982676,25.588181131972505,67.6818188680255,62.23228022305766,9.324096737214582,6.35834062653366,0.7006864035502076,0.11146722647662045,0.09725679027893824,0.0905895796942337,18.850318151282202,5.544168299196064,37.55656059799781,1982.730654471257,1966.9945921953188,,
S110,IDLE,21.763,converged,,0.24289461071947122,0.1063567840059024,21.762999999999717,11.160897427720185,370.9211148925142,669.0431882896978,583.0405356648268,2.1988099494364004,7.6960927586157295,14.066907241383985,34.08851049409956,2.1700566981854434,0.6652097474857323,0.7006864035502076,0.11146722647662045,0.09725679027893824,0.0905895796942337,18.850318151282202,5.544168299196064,37.55656059799781,744.7480746997469,738.8373363667655,,
S111,TAKE-OFF,310.9,converged,,2.3942033130833638,0.3488648299194165,310.89999999996576,7.700879102874324,901.5451512272988,1718.410152603422,983.2094946137946,43.7724,72.25249942371848,238.64750057624732,102.39547191158805,43.2,117.91078082283285,0.7640955550596118,0.09543603710088128,0.13489388624291215,0.005574521596594789,15.896657906058428,18.707693458284716,50.74123606762025,7657.954517118009,7699.878384738039,,
S111,APPROACH,93.27,converged,,0.6467788537556145,0.1550661527059628,93.2700000000003,6.934478972398548,581.9502969854668,990.0694198150735,672.7310454213743,9.447641018982676,25.588181131974796,67.6818188680255,62.23228022305766,9.324096737214582,6.360734913600836,0.7640955550596118,0.09543603710088128,0.13489388624291215,0.005574521596594789,15.896657906058428,18.707693458284716,50.74123606762025,2068.747886876622,2080.0733540565016,,
S111,IDLE,21.763,converged,,0.2429374741732481,0.10633185744642117,21.762999999999817,11.16286698402105,370.9211148925142,669.0511907360434,583.0476067851404,2.1988099494364004,7.696092758615831,14.066907241383985,34.08851049409956,2.1700566981854434,0.6654393548001514,0.7640955550596118,0.09543603710088128,0.13489388624291215,0.005574521596594789,15.896657906058428,18.707693458284716,50.74123606762025,777.0451730460401,781.299146988657,,
S112,TAKE-OFF,310.9,converged,,2.393818215920838,0.3489164948261922,310.8999999999651,7.699640450051808,901.5451512272988,1718.3592524528326,983.1825479266653,43.7724,72.25249942371775,238.64750057624732,102.39547191158805,43.2,117.87369135262229,0.7761317822150886,0.05919654002684971,0.07886626327932848,0.08580541447873319,56.608950276768724,8.250480922074244,47.37892039242074,7865.222003179599,8211.895761082887,,
S112,APPROACH,93.27,converged,,0.6466933618364389,0.15509356340385666,93.2700000000021,6.933562365566896,581.9502969854668,990.0565447240874,672.7220997749878,9.447641018982676,25.588181131976597,67.6818188680255,62.23228022305766,9.324096737214582,6.359090654237406,0.7761317822150886,0.05919654002684971,0.07886626327932848,0.08580541447873319,56.608950276768724,8.250480922074244,47.37892039242074,2124.8007994080485,2218.4552032670767,,
S112,IDLE,21.763,converged,,0.24290852115223932,0.10635203646341661,21.762999999999984,11.161536605809838,370.9211148925142,669.0450837293159,583.0422190580556,2.1988099494364004,7.696092758616,14.066907241383985,34.08851049409956,2.1700566981854434,0.6652842574680815,0.7761317822150886,0.05919654002684971,0.07886626327932848,0.08580541447873319,56.608950276768724,8.250480922074244,47.37892039242074,798.1096612181472,833.2877751177375,,
S113,TAKE-OFF,310.9,converged,,2.393479147640983,0.3489540369466543,310.89999999996644,7.698549847672054,901.5451512272988,1718.3190433100312,983.16111301646,43.7724,72.25249942371909,238.64750057624732,102.39547191158805,43.2,117.84103973598846,0.7120891525410116,0.09243849164959268,0.06425152542940395,0.1312208303799918,53.726043793767886,4.6990410615878915,28.346556716246177,7488.717670723975,7702.083604582423,,
S113,APPROACH,93.27,converged,,0.6466154266700126,0.155113528834091,93.26999999999894,6.932726778921626,581.9502969854668,990.0463799960867,672.7149940110303,9.447641018982676,25.588181131973435,67.6818188680255,62.23228022305766,9.324096737214582,6.357591914317737,0.7120891525410116,0.09243849164959268,0.06425152542940395,0.1312208303799918,53.726043793767886,4.6990410615878915,28.346556716246177,2023.1303776508955,2080.772703256575,,
S113,IDLE,21.763,converged,,0.2428815441580479,0.10636673314025068,21.762999999999966,11.160297025136622,370.9211148925142,669.0402554137736,583.037950128264,2.1988099494364004,7.696092758615983,14.066907241383985,34.08851049409956,2.1700566981854434,0.6651397613391115,0.7120891525410116,0.09243849164959268,0.06425152542940395,0.1312208303799918,53.726043793767886,4.6990410615878915,28.346556716246177,759.9277868878788,781.5793845369915,,
S114,TAKE-OFF,310.9,converged,,2.393215489837895,0.3489665071622178,310.8999999999638,7.697701800701746,901.5451512272988,1718.2974656226397,983.1492638146466,43.7724,72.25249942371653,238.64750057624732,102.39547191158805,43.2,117.81565305703342,0.6057913489639759,0.13772620710243538,0.12597063642578415,0.13051180750780458,42.061257370210356,3.5683857922373092,26.48501478259419,6667.517260279218,6770.221928693734,,
S114,APPROACH,93.27,converged,,0.6465492307084273,0.15512027950425644,93.26999999999978,6.932017054877546,581.9502969854668,990.0409413769651,672.7110905502702,9.447641018982676,25.588181131974288,67.6818188680255,62.23228022305766,9.324096737214582,6.356319061931119,0.6057913489639759,0.13772620710243538,0.12597063642578415,0.13051180750780458,42.061257370210356,3.5683857922373092,26.48501478259419,1801.2912642733597,1829.037877411848,,
S114,IDLE,21.763,converged,,0.24285744648456375,0.10637169818513013,21.762999999999863,11.159189747946758,370.9211148925142,669.0376561397691,583.0356302215957,2.1988099494364004,7.696092758615876,14.066907241383985,34.08851049409956,2.1700566981854434,0.6650107006066095,0.6057913489639759,0.13772620710243538,0.12597063642578415,0.13051180750780458,42.061257370210356,3.5683857922373092,26.48501478259419,676.6027643974702,687.0249740225979,,
S115,TAKE-OFF,310.9,converged,,2.3945200118190897,0.3488563552965893,310.89999999996644,7.7018977543240545,901.5451512272988,1718.432306777706,983.2218550836508,43.7724,72.25249942371909,238.64750057624732,102.39547191158805,43.2,117.94128697820426,0.9216126967221498,0.024208133483380984,0.03237764642574041,0.021801523368728756,53.99821588570606,4.80209301414342,24.769507661224345,8901.13752501696,8946.076578873983,,
S115,APPROACH,93.27,converged,,0.6468605356318686,0.15506145760029316,93.26999999999995,6.935354729622268,581.9502969854668,990.0749934309122,672.7351031458284,9.447641018982676,25.58818113197446,67.6818188680255,62.23228022305766,9.324096737214582,6.362306088770482,0.9216126967221498,0.024208133483380984,0.03237764642574041,0.021801523368728756,53.99821588570606,4.80209301414342,24.769507661224345,2404.5715044123876,2416.711432375094,,
S115,IDLE,21.763,converged,,0.24296762985908152,0.10632840818963418,21.763000000000073,11.164252624136411,370.9211148925142,669.0538633273158,583.0500043638958,2.1988099494364004,7.696092758616087,14.066907241383985,34.08851049409956,2.1700566981854434,0.665600913425629,0.9216126967221498,0.024208133483380984,0.03237764642574041,0.021801523368728756,53.99821588570606,4.80209301414342,24.769507661224345,903.1823817835342,907.742266582933,,
S116,TAKE-OFF,310.9,converged,,2.3947431416100673,0.348840477873463,310.8999999999665,7.7026154442274875,901.5451512272988,1718.4536560376016,983.233418474739,43.7724,72.25249942371916,238.64750057624732,102.39547191158805,43.2,117.96278237652119,0.9530718037858605,0.03942020244197355,0.003436163133504838,0.004071830638661075,32.92929532128818,8.946753975610221,70.74924399541429,9167.21644578173,9203.865250721321,,
S116,APPROACH,93.27,converged,,0.6469147697371255,0.15505295201981992,93.2699999999998,6.935936203893287,581.9502969854668,990.080380778181,672.7389228067722,9.447641018982676,25.588181131974306,67.6818188680255,62.23228022305766,9.324096737214582,6.3633494026643875,0.9530718037858605,0.03942020244197355,0.003436163133504838,0.004071830638661075,32.92929532128818,8.946753975610221,70.74924399541429,2476.427476963589,2486.3277676447415,,
S116,IDLE,21.763,converged,,0.2429870269916258,0.10632214967617172,21.762999999999835,11.165143913597742,370.9211148925142,669.0564305610483,583.0522856647431,2.1988099494364004,7.69609275861585,14.066907241383985,34.08851049409956,2.1700566981854434,0.665704843395657,0.9530718037858605,0.03942020244197355,0.003436163133504838,0.004071830638661075,32.92929532128818,8.946753975610221,70.74924399541429,930.1685142113436,933.8871527577222,,
S117,TAKE-OFF,310.9,converged,,2.3924275224979072,0.3490091479466988,310.89999999996337,7.695167328717238,901.5451512272988,1718.2298706894203,983.1123052700739,43.7724,72.25249942371607,238.64750057624732,102.39547191158805,43.2,117.73979839564578,0.5118317930027843,0.02621686212683455,0.28701753570096195,0.17493380916941928,22.50557321041415,10.354845940925218,25.96931872178534,5707.30482499299,5709.333336037244,,
S117,APPROACH,93.27,converged,,0.6463531874069879,0.15514327438706413,93.27000000000609,6.9299151646504304,581.9502969854668,990.0238952945613,672.6989034469968,9.447641018982676,25.588181131980598,67.6818188680255,62.23228022305766,9.324096737214582,6.352550164062741,0.5118317930027843,0.02621686212683455,0.28701753570096195,0.17493380916941928,22.50557321041415,10.354845940925218,25.96931872178534,1541.9211785717646,1542.4692138066107,,
S117,IDLE,21.763,converged,,0.2427864269480533,0.10638861401968612,21.76300000000002,11.15592643238768,370.9211148925142,669.0295165310173,583.0283755569241,2.1988099494364004,7.696092758616032,14.066907241383985,34.08851049409956,2.1700566981854434,0.664630410039965,0.5118317930027843,0.02621686212683455,0.28701753570096195,0.17493380916941928,22.50557321041415,10.354845940925218,25.96931872178534,579.1841687712589,579.390024515614,,
S118,TAKE-OFF,310.9,converged,,2.393694351692022,0.3489210023818952,310.89999999996337,7.699242044684157,901.5451512272988,1718.3498973685282,983.1773702132551,43.7724,72.25249942371606,238.64750057624732,102.39547191158805,43.2,117.86176295553332,0.6810487066395581,0.12953201716665824,0.11375915663700521,0.07566011955677845,38.7420815071829,11.71781926488478,33.310465468112284,7175.261420904558,7396.210388369268,,
S118,APPROACH,93.27,converged,,0.6466618128141852,0.15509602584822033,93.26999999999683,6.933224110798834,581.9502969854668,990.054188901662,672.7203970141269,9.447641018982676,25.58818113197133,67.6818188680255,62.23228022305766,9.324096737214582,6.358483926849051,0.6810487066395581,0.12953201716665824,0.11375915663700521,0.07566011955677845,38.7420815071829,11.71781926488478,33.310465468112284,1938.4127111207788,1998.1025623915375,,
S118,IDLE,21.763,converged,,0.2428969488007933,0.10635384674328478,21.762999999999778,11.16100486149868,370.9211148925142,669.0439559820811,583.0412099789519,2.1988099494364004,7.696092758615793,14.066907241383985,34.08851049409956,2.1700566981854434,0.6652222709229645,0.6810487066395581,0.12953201716665824,0.11375915663700521,0.07566011955677845,38.7420815071829,11.71781926488478,33.310465468112284,728.100103822278,750.5206062560694,,
S119,TAKE-OFF,310.9,converged,,2.39419458689685,0.34888726607888165,310.8999999999662,7.700851035371856,901.5451512272988,1718.3966783319374,983.2027565538979,43.7724,72.25249942371894,238.64750057624732,102.39547191158805,43.2,117.909940323389,0.8696726732887328,0.03071744174856595,0.040720486135636974,0.058889398827064315,30.839723880625755,5.800665836156945,27.734560319240884,8550.47510546085,8539.720056993625,,
S119,APPROACH,93.27,converged,,0.6467840294839108,0.15507793148737153,93.27000000000011,6.934534464285515,581.9502969854668,990.065992964281,672.7287802069079,9.447641018982676,25.588181131974615,67.6818188680255,62.23228022305766,9.324096737214582,6.360834464645612,0.8696726732887328,0.03071744174856595,0.040720486135636974,0.058889398827064315,30.839723880625755,5.800665836156945,27.734560319240884,2309.8835712763644,2306.9781292446273,,
S119,IDLE,21.763,converged,,0.2429407859106445,0.10634053304598158,21.76299999999994,11.16301915685545,370.9211148925142,669.049583394428,583.046213615387,2.1988099494364004,7.696092758615954,14.066907241383985,34.08851049409956,2.1700566981854434,0.6654570964457286,0.8696726732887328,0.03071744174856595,0.040720486135636974,0.058889398827064315,30.839723880625755,5.800665836156945,27.734560319240884,867.6233558452846,866.5320327166489,,
S120,TAKE-OFF,310.9,converged,,2.3941764157199716,0.3488890822741115,310.89999999996564,7.700792588357144,901.5451512272988,1718.3946366994853,983.201664158228,43.7724,72.25249942371833,238.64750057624732,102.39547191158805,43.2,117.9081900992747,0.8177006435580552,0.0887439807122664,0.040792378170189436,0.052762997559488996,43.992414262545644,12.153237906603591,28.05805326919362,8215.652640910443,8373.483878539415,,
S120,APPROACH,93.27,converged,,0.6467797875994379,0.15507889870070635,93.26999999999974,6.934488984662161,581.9502969854668,990.065477092931,672.728418394075,9.447641018982676,25.58818113197424,67.6818188680255,62.23228022305766,9.324096737214582,6.360752875292714,0.8177006435580552,0.0887439807122664,0.040792378170189436,0.052762997559488996,43.992414262545644,12.153237906603591,28.05805326919362,2219.434639481605,2262.0722887709226,,
S120,IDLE,21.763,converged,,0.24293930377837533,0.10634124495167051,21.76299999999976,11.162951053548591,370.9211148925142,669.0493381752771,583.045996551255,2.1988099494364004,7.696092758615774,14.066907241383985,34.08851049409956,2.1700566981854434,0.6654491563354753,0.8177006435580552,0.0887439807122664,0.040792378170189436,0.052762997559488996,43.992414262545644,12.153237906603591,28.05805326919362,833.6499013033462,849.665183524114,,
S121,TAKE-OFF,310.9,converged,,2.393594724244088,0.34889717633690287,310.89999999996394,7.698921596154281,901.5451512272988,1718.3582767308562,983.1811151702965,43.7724,72.25249942371663,238.64750057624732,102.39547191158805,43.2,117.85216904172,0.6315803141333163,0.07792623152984293,0.26178734227837,0.028706112058470745,30.265724275739124,13.453194017469883,20.653389596148383,6523.970872311004,6671.805456328515,,
S121,APPROACH,93.27,converged,,0.6466272567197612,0.15508360242658467,93.27000000000005,6.932853615522255,581.9502969854668,990.0563413183569,672.7216900531803,9.447641018982676,25.58818113197456,67.6818188680255,62.23228022305766,9.324096737214582,6.357819402144433,0.6315803141333163,0.07792623152984293,0.26178734227837,0.028706112058470745,30.265724275739124,13.453194017469883,20.653389596148383,1762.4443041059696,1802.3816713399901,,
S121,IDLE,21.763,converged,,0.24288251971233282,0.10634469309954435,21.762999999999728,11.160341851414596,370.9211148925142,669.0449453397798,583.0420393318661,2.1988099494364004,7.696092758615741,14.066907241383985,34.08851049409956,2.1700566981854434,0.6651449864062711,0.6315803141333163,0.07792623152984293,0.26178734227837,0.028706112058470745,30.265724275739124,13.453194017469883,20.653389596148383,661.9994888638367,677.0005397531586,,
S122,TAKE-OFF,310.9,converged,,2.39279117335657,0.349034879104047,310.89999999996337,7.6963370001828615,901.5451512272988,1718.2347611493183,983.1162790066926,43.7724,72.25249942371609,238.64750057624732,102.39547191158805,43.2,117.7748027336569,0.5505582438781857,0.2098347618408914,0.014176131877643905,0.22543086240327895,32.32300724562298,10.778316927624047,37.8922097274946,6567.745747842979,6862.1104998648125,,
S122,APPROACH,93.27,converged,,0.6464588462807064,0.15515649164537407,93.26999999997582,6.9310479927187085,581.9502969854668,990.025066621312,672.7001229580086,9.447641018982676,25.588181131950332,67.6818188680255,62.23228022305766,9.324096737214582,6.354581301537141,0.5505582438781857,0.2098347618408914,0.014176131877643905,0.22543086240327895,32.32300724562298,10.778316927624047,37.8922097274946,1774.403627901919,1853.9319628843648,,
S122,IDLE,21.763,converged,,0.24282767329814692,0.10639836044114237,21.762999999999916,11.157821683506311,370.9211148925142,669.0301354101948,583.0290086620024,2.1988099494364004,7.696092758615931,14.066907241383985,34.08851049409956,2.1700566981854434,0.6648512602384758,0.5505582438781857,0.2098347618408914,0.014176131877643905,0.22543086240327895,32.32300724562298,10.778316927624047,37.8922097274946,666.5146697801068,696.3876936487869,,
S123,TAKE-OFF,310.9,converged,,2.3947716768998393,0.3488361297845601,310.8999999999666,7.702707227082975,901.5451512272988,1718.4577292369745,983.2355651212279,43.7724,72.25249942371926,238.64750057624732,102.39547191158805,43.2,117.96553148601271,0.9845357900485396,0.0027987074295440315,0.00985786182037608,0.0028076407015402505,44.524823194217966,8.675611721570156,66.15136330401836,9355.24823227132,9372.064464900772,,
S123,APPROACH,93.27,converged,,0.6469209301438115,0.15505064833581422,93.2699999999999,6.936002253069713,581.9502969854668,990.0814114054172,672.7396360566065,9.447641018982676,25.588181131974405,67.6818188680255,62.23228022305766,9.324096737214582,6.363467917105073,0.9845357900485396,0.0027987074295440315,0.00985786182037608,0.0028076407015402505,44.524823194217966,8.675611721570156,66.15136330401836,2527.216246344615,2531.758964533199,,
S123,IDLE,21.763,converged,,0.24298907509108938,0.10632045370170483,21.763000000000005,11.16523802284103,370.9211148925142,669.0569189508835,583.0527159247157,2.1988099494364004,7.696092758616017,14.066907241383985,34.08851049409956,2.1700566981854434,0.6657158175895761,0.9845357900485396,0.0027987074295440315,0.00985786182037608,0.0028076407015402505,44.524823194217966,8.675611721570156,66.15136330401836,949.2441960688155,950.950480159513,,
S124,TAKE-OFF,310.9,converged,,2.3944229332675118,0.3488636983018511,310.89999999996576,7.701585504238583,901.5451512272988,1718.4227663158772,983.2166988301831,43.7724,72.25249942371848,238.64750057624732,102.39547191158805,43.2,117.93193543095076,0.8910029754042625,0.03859874798004136,0.04307037033232561,0.027327906283370482,52.904262043301834,-2.2171477327302056,28.59804398158426,8680.638632466233,8732.967244568294,,
S124,APPROACH,93.27,converged,,0.6468370848782393,0.155065386522856,93.26999999999995,6.935103300935345,581.9502969854668,990.0725853650288,672.7333990916839,9.447641018982676,25.58818113197446,67.6818188680255,62.23228022305766,9.324096737214582,6.36185498714672,0.8910029754042625,0.03859874798004136,0.04307037033232561,0.027327906283370482,52.904262043301834,-2.2171477327302056,28.59804398158426,2345.0155400255535,2359.151759002387,,
S124,IDLE,21.763,converged,,0.24295927165006737,0.10633129932648243,21.76299999999995,11.163868568215225,370.9211148925142,669.0527163135586,583.048985803209,2.1988099494364004,7.696092758615965,14.066907241383985,34.08851049409956,2.1700566981854434,0.6655561325287677,0.8910029754042625,0.03859874798004136,0.04307037033232561,0.027327906283370482,52.904262043301834,-2.2171477327302056,28.59804398158426,880.8141662439567,886.1238888105653,,
S125,TAKE-OFF,310.9,converged,,2.392618236557915,0.3490380098531171,310.89999999996365,7.695780754449002,901.5451512272988,1718.2235340281923,983.1099620622509,43.7724,72.25249942371636,238.64750057624732,102.39547191158805,43.2,117.7581555331737,0.5815915074199438,0.10755289554076802,0.07673604797352072,0.23411954906576743,67.38192165184725,12.88905897419473,34.151092274513395,6628.247230317705,7235.66297612017,,
S125,APPROACH,93.27,converged,,0.646413736907289,0.1551582704887042,93.27000000002576,6.930564349813557,581.9502969854668,990.0222436806039,672.6980522928923,9.447641018982676,25.588181132000265,67.6818188680255,62.23228022305766,9.324096737214582,6.3537141009219935,0.5815915074199438,0.10755289554076802,0.07673604797352072,0.23411954906576743,67.38192165184725,12.88905897419473,34.151092274513395,1790.7537424185907,1954.859271709116,,
S125,IDLE,21.763,converged,,0.24281092430462994,0.10639966587169333,21.76299999999975,11.157052074834938,370.9211148925142,669.0287792385559,583.0277887558582,2.1988099494364004,7.696092758615763,14.066907241383985,34.08851049409956,2.1700566981854434,0.6647615748024226,0.5815915074199438,0.10755289554076802,0.07673604797352072,0.23411954906576743,67.38192165184725,12.88905897419473,34.151092274513395,672.6567623376419,734.2993497015424,,
S126,TAKE-OFF,310.9,converged,,2.3941163035401765,0.348878173184502,310.89999999996763,7.700599239435271,901.5451512272988,1718.3976842437814,983.202924914923,43.7724,72.25249942372032,238.64750057624732,102.39547191158805,43.2,117.90240026280136,0.7255470524542034,0.1401878711690387,0.11494040514378911,0.019324671232968823,45.433015577944985,16.34219887388759,31.864397589267227,7455.380883726189,7817.82774936667,,
S126,APPROACH,93.27,converged,,0.6467600965396098,0.15507322201549018,93.26999999999987,6.934277865761881,581.9502969854668,990.0662646213807,672.7288622784804,9.447641018982676,25.588181131974377,67.6818188680255,62.23228022305766,9.324096737214582,6.360374139749691,0.7255470524542034,0.1401878711690387,0.11494040514378911,0.019324671232968823,45.433015577944985,16.34219887388759,31.864397589267227,2014.0386884999104,2111.9521313286846,,
S126,IDLE,21.763,converged,,0.24293124426721813,0.10633706198072711,21.763000000000023,11.162580722658543,370.9211148925142,669.0496955824378,583.0462896820374,2.1988099494364004,7.696092758616038,14.066907241383985,34.08851049409956,2.1700566981854434,0.6654059805627207,0.7255470524542034,0.1401878711690387,0.11494040514378911,0.019324671232968823,45.433015577944985,16.34219887388759,31.864397589267227,756.4983170999244,793.2758403641855,,
S127,TAKE-OFF,310.9,converged,,2.3934033509340056,0.34896818469884533,310.8999999999649,7.698306049965506,901.5451512272988,1718.306720950082,983.1546632720344,43.7724,72.25249942371758,238.64750057624732,102.39547191158805,43.2,117.83374126492684,0.7862334600649774,0.012428522670032008,0.03583126267947313,0.16550675458551745,31.108757762636195,0.720646265092864,42.22487982753075,8030.949877939258,8235.819424403293,,
S127,APPROACH,93.27,converged,,0.6465999289587739,0.15512101219934082,93.26999999999987,6.932560619264231,581.9502969854668,990.0432591263805,672.7128472734396,9.447641018982676,25.588181131974373,67.6818188680255,62.23228022305766,9.324096737214582,6.357293904628992,0.7862334600649774,0.012428522670032008,0.03583126267947313,0.16550675458551745,31.108757762636195,0.720646265092864,42.22487982753075,2169.634975450564,2224.9823677477157,,
S127,IDLE,21.763,converged,,0.2428765870685139,0.10637224321718228,21.763000000000023,11.160069249116098,370.9211148925142,669.0387784054608,583.0366517329514,2.1988099494364004,7.696092758616037,14.066907241383985,34.08851049409956,2.1700566981854434,0.66511321148557,0.7862334600649774,0.012428522670032008,0.03583126267947313,0.16550675458551745,31.108757762636195,0.720646265092864,42.22487982753075,814.9607112862975,835.750360561269,,
S128,TAKE-OFF,310.9,converged,,2.3941798600563455,0.3488768634726793,310.8999999999619,7.700803666956061,901.5451512272988,1718.4019035597967,983.2052927453482,43.7724,72.25249942371454,238.64750057624732,102.39547191158805,43.2,117.90852185229758,0.788501841481775,0.09031655754577202,0.09265633052807844,0.028525270444374497,38.63015262018227,16.006120610057756,49.9880619882952,7910.606949336881,8152.079542780973,,
S128,APPROACH,93.27,converged,,0.6467766198281676,0.1550724849194717,93.26999999999995,6.9344550212090486,581.9502969854668,990.0673255170303,672.729638680081,9.447641018982676,25.588181131974455,67.6818188680255,62.23228022305766,9.324096737214582,6.360691946006513,0.788501841481775,0.09031655754577202,0.09265633052807844,0.028525270444374497,38.63015262018227,16.006120610057756,49.9880619882952,2137.0138930835838,2202.246597766529,,
S128,IDLE,21.763,converged,,0.2429373691153163,0.10633652086132865,21.762999999999963,11.162862156656558,370.9211148925142,669.0502049271435,583.0467474734777,2.1988099494364004,7.696092758615977,14.066907241383985,34.08851049409956,2.1700566981854434,0.6654387919873918,0.788501841481775,0.09031655754577202,0.09265633052807844,0.028525270444374497,38.63015262018227,16.006120610057756,49.9880619882952,802.6890846588327,827.191302534552,,
S129,TAKE-OFF,310.9,converged,,2.3933926506070895,0.34896324673925333,310.8999999999664,7.698271632702953,901.5451512272988,1718.3089990110184,983.1557508879415,43.7724,72.25249942371906,238.64750057624732,102.39547191158805,43.2,117.8327109473749,0.7231547082774341,0.06783176097847356,0.06212769350673278,0.14688583723735954,56.03725252925243,0.777477265543641,45.211880668053844,7565.5515119486145,7967.173007091226,,
S129,APPROACH,93.27,converged,,0.6465954219102319,0.15511842946996834,93.26999999999883,6.932512296668167,581.9502969854668,990.0438410721529,672.7132169160141,9.447641018982676,25.588181131973347,67.6818188680255,62.23228022305766,9.324096737214582,6.357207238652704,0.7231547082774341,0.06783176097847356,0.06212769350673278,0.14688583723735954,56.03725252925243,0.777477265543641,45.211880668053844,2043.8982172904966,2152.3996869653893,,
S129,IDLE,21.763,converged,,0.24287459349411458,0.10637034047774475,21.762999999999657,11.159977645274934,370.9211148925142,669.0390490393336,583.0368830405819,2.1988099494364004,7.696092758615671,14.066907241383985,34.08851049409956,2.1700566981854434,0.6651025341750049,0.7231547082774341,0.06783176097847356,0.06212769350673278,0.14688583723735954,56.03725252925243,0.777477265543641,45.211880668053844,767.7303795335139,808.4857722378904,,
S130,TAKE-OFF,310.9,converged,,2.3933091207422357,0.348950394141013,310.8999999999683,7.6980029615390135,901.5451512272988,1718.3118972194875,983.1568381850775,43.7724,72.25249942372102,238.64750057624732,102.39547191158805,43.2,117.8246681401527,0.5800623577088118,0.16331419326033375,0.15511756270835492,0.10150588632249956,54.67693735736204,8.992140566248542,63.93787552505182,6435.265855213587,7285.0165005098315,,
S130,APPROACH,93.27,converged,,0.6465688312816785,0.15511175089836118,93.27000000000062,6.9322272036203945,581.9502969854668,990.0445955138414,672.713610132635,9.447641018982676,25.58818113197513,67.6818188680255,62.23228022305766,9.324096737214582,6.356695939562928,0.5800623577088118,0.16331419326033375,0.15511756270835492,0.10150588632249956,54.67693735736204,8.992140566248542,63.93787552505182,1738.531093593936,1968.0970434532055,,
S130,IDLE,21.763,converged,,0.24286382453165858,0.10636541870110733,21.762999999999998,11.159482816323973,370.9211148925142,669.0393864730291,583.0371526051293,2.1988099494364004,7.69609275861601,14.066907241383985,34.08851049409956,2.1700566981854434,0.6650448585401433,0.5800623577088118,0.16331419326033375,0.15511756270835492,0.10150588632249956,54.67693735736204,8.992140566248542,63.93787552505182,653.0260817250667,739.2555160368734,,
S131,TAKE-OFF,310.9,converged,,2.3941568733787544,0.3488978462157364,310.8999999999634,7.7007297310358185,901.5451512272988,1718.3884950779898,983.1985269180229,43.7724,72.25249942371615,238.64750057624732,102.39547191158805,43.2,117.9063078205649,0.8926561176776886,0.017054568755401088,0.011114767832402023,0.07917454573450829,54.69254360224711,6.0327951590341335,33.92353072075016,8765.599275458599,8850.073565065843,,
S131,APPROACH,93.27,converged,,0.6467775036855419,0.15508351244658905,93.26999999999948,6.934464497539889,581.9502969854668,990.0639181971421,672.7273687071379,9.447641018982676,25.588181131973997,67.6818188680255,62.23228022305766,9.324096737214582,6.360708946194798,0.8926561176776886,0.017054568755401088,0.011114767832402023,0.07917454573450829,54.69254360224711,6.0327951590341335,33.92353072075016,2368.0120884008643,2390.832677463049,,
S131,IDLE,21.763,converged,,0.24293898058271463,0.1063446427548023,21.763000000000115,11.162936202854079,370.9211148925142,669.0486039737016,583.0453560040274,2.1988099494364004,7.696092758616131,14.066907241383985,34.08851049409956,2.1700566981854434,0.6654474249110137,0.8926561176776886,0.017054568755401088,0.011114767832402023,0.07917454573450829,54.69254360224711,6.0327951590341335,33.92353072075016,889.4595737877563,898.031316947456,,
S132,TAKE-OFF,310.9,converged,,2.394775169830477,0.3488374681291803,310.8999999999674,7.702718461983687,901.5451512272988,1718.4571439600688,983.235288866383,43.7724,72.2524994237201,238.64750057624732,102.39547191158805,43.2,117.96586799950947,0.9866838892921805,0.005524123340064816,0.0024737502271833913,0.005318237140571255,31.013545467518313,4.773368752088638,30.196274800909215,9385.710402428796,9386.86744088231,,
S132,APPROACH,93.27,converged,,0.6469223100131867,0.15505134777179097,93.26999999999978,6.936017047423483,581.9502969854668,990.0812617980694,672.7395419465993,9.447641018982676,25.588181131974284,67.6818188680255,62.23228022305766,9.324096737214582,6.36349446330023,0.9866838892921805,0.005524123340064816,0.0024737502271833913,0.005318237140571255,31.013545467518313,4.773368752088638,30.196274800909215,2535.4469727042683,2535.7595339829018,,
S132,IDLE,21.763,converged,,0.24298967487130937,0.10632096897095217,21.762999999999856,11.165265582470754,370.9211148925142,669.0568495294345,583.0526567920903,2.1988099494364004,7.696092758615868,14.066907241383985,34.08851049409956,2.1700566981854434,0.6657190313684171,0.9866838892921805,0.005524123340064816,0.0024737502271833913,0.005318237140571255,31.013545467518313,4.773368752088638,30.196274800909215,952.3360471805303,952.4534479291162,,
S133,TAKE-OFF,310.9,converged,,2.392704207926374,0.34898927692287385,310.89999999996337,7.696057278631894,901.5451512272988,1718.2564424588384,983.1266936807283,43.7724,72.25249942371606,238.64750057624732,102.39547191158805,43.2,117.76643114460356,0.5485341371968389,0.04738007211533981,0.25186839870534294,0.15221739198247838,38.87005371484622,17.071223279080332,25.93061157181927,6020.072291625577,6268.5892762181165,,
S133,APPROACH,93.27,converged,,0.6464203892460222,0.15513262950311396,93.27000000000127,6.930635673271292,581.9502969854668,990.0306030658082,672.7036579625341,9.447641018982676,25.588181131975787,67.6818188680255,62.23228022305766,9.324096737214582,6.353841984503454,0.5485341371968389,0.04738007211533981,0.25186839870534294,0.15221739198247838,38.87005371484622,17.071223279080332,25.93061157181927,1626.4014002024708,1693.5415194793875,,
S133,IDLE,21.763,converged,,0.24281045166826348,0.10638078073022945,21.762999999999433,11.157030357407978,370.9211148925142,669.0327131412607,583.0312158367851,2.1988099494364004,7.696092758615444,14.066907241383985,34.08851049409956,2.1700566981854434,0.6647590440735246,0.5485341371968389,0.04738007211533981,0.25186839870534294,0.15221739198247838,38.87005371484622,17.071223279080332,25.93061157181927,610.913989018313,636.1333709528836,,
S134,TAKE-OFF,310.9,converged,,2.393111438163145,0.3490032411880089,310.8999999999673,7.6973671217864155,901.5451512272988,1718.2705216856139,983.1354222318106,43.7724,72.25249942371994,238.64750057624732,102.39547191158805,43.2,117.80563502425471,0.6296829269267619,0.1673208409911602,0.011285373912442052,0.19171085816963584,19.887491306619783,4.843019924871477,60.719014026727486,7080.745997368935,7564.615673022396,,
S134,APPROACH,93.27,converged,,0.6465337439057778,0.15513963740629147,93.27000000000015,6.9318510121773,581.9502969854668,990.0341044902306,672.706464215622,9.447641018982676,25.588181131974643,67.6818188680255,62.23228022305766,9.324096737214582,6.356021291143319,0.6296829269267619,0.1673208409911602,0.011285373912442052,0.19171085816963584,19.887491306619783,4.843019924871477,60.719014026727486,1912.9661687792648,2043.6905754967506,,
S134,IDLE,21.763,converged,,0.24285387046368526,0.10638595438230093,21.76300000000155,11.159025431405043,370.9211148925142,669.034432330403,583.0328127363327,2.1988099494364004,7.696092758617562,14.066907241383985,34.08851049409956,2.1700566981854434,0.6649915494324191,0.6296829269267619,0.1673208409911602,0.011285373912442052,0.19171085816963584,19.887491306619783,4.843019924871477,60.719014026727486,718.5568309978819,767.6601120480308,,
S135,TAKE-OFF,310.9,converged,,2.3942818994581083,0.34886262486869357,310.89999999996604,7.701131873458893,901.5451512272988,1718.4157091045427,983.212591171534,43.7724,72.25249942371876,238.64750057624732,102.39547191158805,43.2,117.91835033275665,0.819474068004638,0.058418562233920016,0.1098989278180328,0.01220844194340923,37.76292879296208,1.2841846085020454,50.019679861265985,8070.370799043643,8079.210985461735,,
S135,APPROACH,93.27,converged,,0.6467990884172296,0.15506493405663327,93.26999999999994,6.934695919558592,581.9502969854668,990.0708179225494,672.7320622207188,9.447641018982676,25.588181131974444,67.6818188680255,62.23228022305766,9.324096737214582,6.361124115661423,0.819474068004638,0.058418562233920016,0.1098989278180328,0.01220844194340923,37.76292879296208,1.2841846085020454,50.019679861265985,2180.1561784315645,2182.544295101516,,
S135,IDLE,21.763,converged,,0.24294493806545484,0.10633096206277348,21.76299999999995,11.163209946489703,370.9211148925142,669.0518609763751,583.048207832586,2.1988099494364004,7.696092758615963,14.066907241383985,34.08851049409956,2.1700566981854434,0.6654793407035926,0.819474068004638,0.058418562233920016,0.1098989278180328,0.01220844194340923,37.76292879296208,1.2841846085020454,50.019679861265985,818.8909310898869,819.7879342967007,,
S136,TAKE-OFF,310.9,converged,,2.3944613626113416,0.3488680471425798,310.89999999996445,7.701709111005519,901.5451512272988,1718.4223390514185,983.2166492808326,43.7724,72.25249942371711,238.64750057624732,102.39547191158805,43.2,117.93563727458483,0.8681492456234992,0.0940487331855335,0.007142778661609787,0.03065924252935756,42.80975618883288,10.449738493561819,27.074345976857032,8614.058136098822,8751.198148971916,,
S136,APPROACH,93.27,converged,,0.646848795174639,0.15506763809327503,93.26999999999974,6.935228853593233,581.9502969854668,990.0724689560273,672.7333699531996,9.447641018982676,25.58818113197424,67.6818188680255,62.23228022305766,9.324096737214582,6.362080245915975,0.8681492456234992,0.0940487331855335,0.007142778661609787,0.03065924252935756,42.80975618883288,10.449738493561819,27.074345976857032,2327.0340519602864,2364.08157065587,,
S136,IDLE,21.763,converged,,0.24296393422662343,0.10633295883600148,21.762999999999856,11.164082811497728,370.9211148925142,669.0526691851553,583.0489553368276,2.1988099494364004,7.69609275861587,14.066907241383985,34.08851049409956,2.1700566981854434,0.6655811131007746,0.8681492456234992,0.0940487331855335,0.007142778661609787,0.03065924252935756,42.80975618883288,10.449738493561819,27.074345976857032,874.0610673796601,887.9765464881636,,
S137,TAKE-OFF,310.9,converged,,2.393215877387383,0.34895881190060396,310.8999999999659,7.697703047242345,901.5451512272988,1718.301944580884,983.1514930394867,43.7724,72.25249942371862,238.64750057624732,102.39547191158805,43.2,117.81569037084364,0.6826923121698201,0.02645345628061731,0.15943257612355635,0.13142165542600628,31.303663191502267,7.057041342976429,58.62183324540014,7087.332567629022,7495.071584178443,,
S137,APPROACH,93.27,converged,,0.646546760972344,0.15511624121180304,93.26999999999967,6.931990575451338,581.9502969854668,990.0420812558704,672.7118409364523,9.447641018982676,25.588181131974164,67.6818188680255,62.23228022305766,9.324096737214582,6.356271574896403,0.6826923121698201,0.02645345628061731,0.15943257612355635,0.13142165542600628,31.303663191502267,7.057041342976429,58.62183324540014,1914.700616367601,2024.8546325443058,,
S137,IDLE,21.763,converged,,0.2428560498843862,0.10636872359831727,21.76299999999984,11.159125574800717,370.9211148925142,669.0381903547359,583.0360925815655,2.1988099494364004,7.696092758615853,14.066907241383985,34.08851049409956,2.1700566981854434,0.6650032211625876,0.6826923121698201,0.02645345628061731,0.15943257612355635,0.13142165542600628,31.303663191502267,7.057041342976429,58.62183324540014,719.2003061045809,760.5763841586161,,
S138,TAKE-OFF,310.9,converged,,2.39369165177242,0.3489028143838511,310.89999999996706,7.699233360478204,901.5451512272988,1718.3602874902408,983.1825261099232,43.7724,72.25249942371977,238.64750057624732,102.39547191158805,43.2,117.86150295391965,0.514079193584621,0.27298091212918774,0.19442528480714635,0.01851460947904497,27.00081904223311,18.345171400115383,47.63385050800931,5918.047462914426,6128.345948948281,,
S138,APPROACH,93.27,converged,,0.6466550096987013,0.15508648459533475,93.27000000000331,6.933151170780297,581.9502969854668,990.0568335438139,672.722133536728,9.447641018982676,25.588181131977805,67.6818188680255,62.23228022305766,9.324096737214582,6.35835309808767,0.514079193584621,0.27298091212918774,0.19442528480714635,0.01851460947904497,27.00081904223311,18.345171400115383,47.63385050800931,1598.7585688802612,1655.5706354741976,,
S138,IDLE,21.763,converged,,0.24289328513993552,0.10634681877951808,21.76299999999983,11.160836517940423,370.9211148925142,669.0451946646078,583.0422810842235,2.1988099494364004,7.696092758615846,14.066907241383985,34.08851049409956,2.1700566981854434,0.6652026473509794,0.514079193584621,0.27298091212918774,0.19442528480714635,0.01851460947904497,27.00081904223311,18.345171400115383,47.63385050800931,600.517610034265,621.8570712363355,,
S139,TAKE-OFF,310.9,converged,,2.394607349393411,0.34885011724145265,310.89999999996377,7.702178672864874,901.5451512272988,1718.4406767414157,983.2263879158328,43.7724,72.25249942371651,238.64750057624732,102.39547191158805,43.2,117.9497004897475,0.9507042551413178,0.01046925602683238,0.021150518355454246,0.01767597047639553,37.12998919700788,8.03931542182105,33.70403776759715,9113.158682162299,9131.743630899504,,
S139,APPROACH,93.27,converged,,0.6468817562944653,0.15505811609422143,93.26999999999991,6.93558224825202,581.9502969854668,990.077105589132,672.7366005032034,9.447641018982676,25.588181131974423,67.6818188680255,62.23228022305766,9.324096737214582,6.362714305556842,0.9507042551413178,0.01046925602683238,0.021150518355454246,0.01767597047639553,37.12998919700788,8.03931542182105,33.70403776759715,2461.8383031358467,2466.8588607996376,,
S139,IDLE,21.763,converged,,0.24297521800655253,0.10632594945241168,21.76299999999995,11.164601296078349,370.9211148925142,669.0548698108116,583.0508987098611,2.1988099494364004,7.696092758615965,14.066907241383985,34.08851049409956,2.1700566981854434,0.6656415698278293,0.9507042551413178,0.01046925602683238,0.021150518355454246,0.01767597047639553,37.12998919700788,8.03931542182105,33.70403776759715,924.6909386157187,926.5767099812025,,
S140,TAKE-OFF,310.9,converged,,2.394494276823624,0.3488589802419469,310.89999999996695,7.701814978526467,901.5451512272988,1718.4293845983445,983.2202927169676,43.7724,72.25249942371964,238.64750057624732,102.39547191158805,43.2,117.93880789864437,0.9197248462587595,0.022629817391943145,0.032248937910244885,0.025396398439052472,45.64072305141606,4.960072846740214,27.256909092146458,8889.48209839961,8915.595362024736,,
S140,APPROACH,93.27,converged,,0.646854545903559,0.15506285504855438,93.26999999999978,6.93529051038448,581.9502969854668,990.0742550604195,672.734585619603,9.447641018982676,25.588181131974288,67.6818188680255,62.23228022305766,9.324096737214582,6.36219086812277,0.9197248462587595,0.022629817391943145,0.032248937910244885,0.025396398439052472,45.64072305141606,4.960072846740214,27.256909092146458,2401.426456406457,2408.4807573700396,,
S140,IDLE,21.763,converged,,0.24296554073456914,0.10632943676374133,21.76299999999973,11.164156629810785,370.9211148925142,669.0535124041177,583.0496938046122,2.1988099494364004,7.6960927586157455,14.066907241383985,34.08851049409956,2.1700566981854434,0.6655897203551102,0.9197248462587595,0.022629817391943145,0.032248937910244885,0.025396398439052472,45.64072305141606,4.960072846740214,27.256909092146458,902.0016651503676,904.6513366398476,,
S141,TAKE-OFF,310.9,converged,,2.3936385914442195,0.3489262793726062,310.8999999999676,7.6990626936136035,901.5451512272988,1718.3438044341437,983.1741035950217,43.7724,72.25249942372027,238.64750057624732,102.39547191158805,43.2,117.8563933138537,0.6075590513646603,0.20615446664554016,0.11527584428681702,0.07101063770298255,38.402464899483576,11.132128503154439,21.31406942494596,6699.023425147798,6895.829554503319,,
S141,APPROACH,93.27,converged,,0.6466486964083129,0.15509883855217743,93.26999999999106,6.933083482452824,581.9502969854668,990.0526495359985,672.7193154590041,9.447641018982676,25.588181131965552,67.6818188680255,62.23228022305766,9.324096737214582,6.3582316901889735,0.6075590513646603,0.20615446664554016,0.11527584428681702,0.07101063770298255,38.402464899483576,11.132128503154439,21.31406942494596,1809.7614153467011,1862.929185722649,,
S141,IDLE,21.763,converged,,0.2428923451164568,0.10635591695350628,21.762999999999828,11.160793324287035,370.9211148925142,669.0432239273512,583.0405615688619,2.1988099494364004,7.696092758615843,14.066907241383985,34.08851049409956,2.1700566981854434,0.6651976123731157,0.6075590513646603,0.20615446664554016,0.11527584428681702,0.07101063770298255,38.402464899483576,11.132128503154439,21.31406942494596,679.7774382232363,699.7481649918138,,
S142,TAKE-OFF,310.9,converged,,2.393661947306049,0.3489323981506372,310.8999999999661,7.699137817003248,901.5451512272988,1718.3415311793224,983.1730720409706,43.7724,72.25249942371882,238.64750057624732,102.39547191158805,43.2,117.85864243939973,0.7142124562524259,0.10852704042026591,0.07824432884334177,0.09901617448396641,43.34733304744387,-0.6454724029514045,45.619551944180216,7469.201260000414,7742.408269596259,,
S142,APPROACH,93.27,converged,,0.6466569758881322,0.15510203083465138,93.26999999999107,6.9331722514012455,581.9502969854668,990.0520663195687,672.7189606056907,9.447641018982676,25.588181131965563,67.6818188680255,62.23228022305766,9.324096737214582,6.358390909177162,0.7142124562524259,0.10852704042026591,0.07824432884334177,0.09901617448396641,43.34733304744387,-0.6454724029514045,45.619551944180216,2017.833430709645,2091.6413545125547,,
S142,IDLE,21.763,converged,,0.2428958272999667,0.10635826900478247,21.763000000000087,11.160953329043133,370.9211148925142,669.0429551466451,583.0403352613371,2.1988099494364004,7.696092758616103,14.066907241383985,34.08851049409956,2.1700566981854434,0.6652162638270208,0.7142124562524259,0.10852704042026591,0.07824432884334177,0.09901617448396641,43.34733304744387,-0.6454724029514045,45.619551944180216,757.9340187780448,785.6575837929871,,
S143,TAKE-OFF,310.9,converged,,2.3935241300717762,0.3489413400276811,310.899999999964,7.698694532235617,901.5451512272988,1718.3288477914084,983.1661798641741,43.7724,72.25249942371666,238.64750057624732,102.39547191158805,43.2,117.84537120235107,0.7741286563687027,0.0038603194683825763,0.09991143394014618,0.12209959022276859,20.173362473394,7.150140839505152,57.076720258027834,7807.514469661041,8160.011305309233,,
S143,APPROACH,93.27,converged,,0.6466231856056052,0.15510683107667847,93.26999999999373,6.932809966823723,581.9502969854668,990.0488661909953,672.7166851645538,9.447641018982676,25.58818113196823,67.6818188680255,62.23228022305766,9.324096737214582,6.3577411155571415,0.7741286563687027,0.0038603194683825763,0.09991143394014618,0.12209959022276859,20.173362473394,7.150140839505152,57.076720258027834,2109.24127089652,2204.4701528279893,,
S143,IDLE,21.763,converged,,0.24288368362690993,0.10636180089913927,21.76299999999991,11.16039533276253,370.9211148925142,669.0414290733784,583.038977766415,2.1988099494364004,7.696092758615924,14.066907241383985,34.08851049409956,2.1700566981854434,0.6651512203570906,0.7741286563687027,0.0038603194683825763,0.09991143394014618,0.12209959022276859,20.173362473394,7.150140839505152,57.076720258027834,792.2702138393765,828.0399513713289,,
S144,TAKE-OFF,310.9,converged,,2.3939591659980515,0.3488994245035214,310.89999999996246,7.700093811509619,901.5451512272988,1718.3768162596184,983.1918805066822,43.7724,72.25249942371515,238.64750057624732,102.39547191158805,43.2,117.88726587202882,0.7618120340630412,0.089191619804854,0.09133739901701679,0.057658947115088,35.67422011638762,10.866998193986992,43.055975080809574,7743.614174083035,7926.2581716387185,,
S144,APPROACH,93.27,converged,,0.6467252687128826,0.1550844958363888,93.27000000000598,6.933904457090609,581.9502969854668,990.0609859825522,672.7251955907936,9.447641018982676,25.58818113198048,67.6818188680255,62.23228022305766,9.324096737214582,6.359704292386423,0.7618120340630412,0.089191619804854,0.09133739901701679,0.057658947115088,35.67422011638762,10.866998193986992,43.055975080809574,2091.928312175235,2141.269374493961,,
S144,IDLE,21.763,converged,,0.24291946179648075,0.10634536149149088,21.762999999999863,11.162039323461025,370.9211148925142,669.0471919283284,583.0440811051318,2.1988099494364004,7.696092758615874,14.066907241383985,34.08851049409956,2.1700566981854434,0.665342862910463,0.7618120340630412,0.089191619804854,0.09133739901701679,0.057658947115088,35.67422011638762,10.866998193986992,43.055975080809574,785.7588442798784,804.2920683284547,,
S145,TAKE-OFF,310.9,converged,,2.39350446079108,0.3489288629571557,310.89999999996587,7.698631266617377,901.5451512272988,1718.3350052396813,983.1691588069764,43.7724,72.25249942371858,238.64750057624732,102.39547191158805,43.2,117.84347719047128,0.7030938873067498,0.043668552350365625,0.16310639329019455,0.09013116705269003,14.432252755652506,5.234444911764161,20.665863947834822,7207.783807875909,7016.047690115744,,
S145,APPROACH,93.27,converged,,0.6466137637773343,0.15510029954920257,93.26999999999519,6.932708950116517,581.9502969854668,990.05043719154,672.7176944143531,9.447641018982676,25.5881811319697,67.6818188680255,62.23228022305766,9.324096737214582,6.357559937776885,0.7030938873067498,0.043668552350365625,0.16310639329019455,0.09013116705269003,14.432252755652506,5.234444911764161,20.665863947834822,1947.2084940103139,1895.410298189957,,
S145,IDLE,21.763,converged,,0.24287938480691634,0.10635698929874801,21.762999999999924,11.160197803929478,370.9211148925142,669.0421614242073,583.0396061900957,2.1988099494364004,7.6960927586159364,14.066907241383985,34.08851049409956,2.1700566981854434,0.6651281959293099,0.7030938873067498,0.043668552350365625,0.16310639329019455,0.09013116705269003,14.432252755652506,5.234444911764161,20.665863947834822,731.4054039822233,711.9491000188442,,
S146,TAKE-OFF,310.9,converged,,2.393071577335135,0.3489847533754821,310.89999999996553,7.697238910696045,901.5451512272988,1718.2790613578404,983.1395004619889,43.7724,72.2524994237182,238.64750057624732,102.39547191158805,43.2,117.801797357954,0.6196849220432341,0.11021911124047329,0.1096638385855357,0.1604321281307569,21.359376073916803,6.349512009263854,30.210564244921997,6795.077092630345,6709.935924181942,,
S146,APPROACH,93.27,converged,,0.6465169235537844,0.15512996715586516,93.27000000000116,6.931670671746288,581.9502969854668,990.0362861300555,672.7078502772883,9.447641018982676,25.588181131975674,67.6818188680255,62.23228022305766,9.324096737214582,6.35569788740581,0.6196849220432341,0.11021911124047329,0.1096638385855357,0.1604321281307569,21.359376073916803,6.349512009263854,30.210564244921997,1835.7713905616845,1812.7694850548157,,
S146,IDLE,21.763,converged,,0.24284642683759045,0.10637883005256096,21.762999999999906,11.158683400155837,370.9211148925142,669.0354469835645,583.0336800184162,2.1988099494364004,7.6960927586159205,14.066907241383985,34.08851049409956,2.1700566981854434,0.664951686385314,0.6196849220432341,0.11021911124047329,0.1096638385855357,0.1604321281307569,21.359376073916803,6.349512009263854,30.210564244921997,689.5573904516551,680.9173527986666,,
S147,TAKE-OFF,310.9,converged,,2.394561127288467,0.34885391745852734,310.8999999999624,7.702030000928776,901.5451512272988,1718.4359580294213,983.2238452420277,43.7724,72.25249942371507,238.64750057624732,102.39547191158805,43.2,117.94524772806284,0.9310341333039105,0.024131640430852353,0.024913309672373683,0.019920916592863474,45.34073039788815,0.6845658898048979,59.176941306041975,8978.322642533994,9066.238401708322,,
S147,APPROACH,93.27,converged,,0.6468706924612557,0.1550601462498828,93.26999999999923,6.935463626688764,581.9502969854668,990.0759142237946,672.7357596711811,9.447641018982676,25.588181131973734,67.6818188680255,62.23228022305766,9.324096737214582,6.362501471659375,0.9310341333039105,0.024131640430852353,0.024913309672373683,0.019920916592863474,45.34073039788815,0.6845658898048979,59.176941306041975,2425.418887298626,2449.168595488265,,
S147,IDLE,21.763,converged,,0.24297129518457736,0.10632744346843247,21.7629999999999,11.164421044184097,370.9211148925142,669.0543026899979,583.0503955773246,2.1988099494364004,7.696092758615914,14.066907241383985,34.08851049409956,2.1700566981854434,0.6656205516572714,0.9310341333039105,0.024131640430852353,0.024913309672373683,0.019920916592863474,45.34073039788815,0.6845658898048979,59.176941306041975,911.0123171137176,919.9329521437828,,
S148,TAKE-OFF,310.9,converged,,2.394691910572929,0.348845087116852,310.8999999999648,7.702450661219685,901.5451512272988,1718.4481957269554,983.2304857632173,43.7724,72.25249942371747,238.64750057624732,102.39547191158805,43.2,117.95784682164526,0.9620673670433462,0.019640321963787653,0.005871153915964882,0.012421157076901302,46.19913983367634,6.006854780837227,50.83897121088755,9220.11893534635,9284.430449966212,,
S148,APPROACH,93.27,converged,,0.6469026399798187,0.15505541055388142,93.27000000000486,6.9358061539593105,581.9502969854668,990.0790017569842,672.7379523382078,9.447641018982676,25.58818113197936,67.6818188680255,62.23228022305766,9.324096737214582,6.363116052489169,0.9620673670433462,0.019640321963787653,0.005871153915964882,0.012421157076901302,46.19913983367634,6.006854780837227,50.83897121088755,2490.7251132678944,2508.098241061497,,
S148,IDLE,21.763,converged,,0.2429827532650403,0.10632395906706035,21.763000000000094,11.164947537795305,370.9211148925142,669.0557745544054,583.051704275471,2.1988099494364004,7.69609275861611,14.066907241383985,34.08851049409956,2.1700566981854434,0.665681944057999,0.9620673670433462,0.019640321963787653,0.005871153915964882,0.012421157076901302,46.19913983367634,6.006854780837227,50.83897121088755,935.5399224635918,942.0654336660913,,
S149,TAKE-OFF,310.9,converged,,2.3923641083841165,0.3490381097933089,310.89999999996326,7.694963359229331,901.5451512272988,1718.2096431559462,983.1019761203244,43.7724,72.25249942371597,238.64750057624732,102.39547191158805,43.2,117.73369479469777,0.5261520775966346,0.06288826082649315,0.18836096294990276,0.22259869862696946,30.31031468850233,8.996604345578906,47.94561492879227,6022.3303570834205,6502.354801684998,,
S149,APPROACH,93.27,converged,,0.6463459443469974,0.15515852262410484,93.2699999999999,6.929837507740947,581.9502969854668,990.018759041069,672.6954460764537,9.447641018982676,25.5881811319744,67.6818188680255,62.23228022305766,9.324096737214582,6.3524109384389345,0.5261520775966346,0.06288826082649315,0.18836096294990276,0.22259869862696946,30.31031468850233,8.996604345578906,47.94561492879227,1627.0553416920327,1756.7437331322517,,
S149,IDLE,21.763,converged,,0.24278547234260056,0.10639984438442585,21.76299999999992,11.155882568699235,370.9211148925142,669.0270973529211,583.0262652208768,2.1988099494364004,7.696092758615934,14.066907241383985,34.08851049409956,2.1700566981854434,0.6646252991079153,0.5261520775966346,0.06288826082649315,0.18836096294990276,0.22259869862696946,30.31031468850233,8.996604345578906,47.94561492879227,611.1671359821793,659.8816945688761,,
S150,TAKE-OFF,310.9,converged,,2.393899103894458,0.3489085192633151,310.8999999999659,7.699900623656224,901.5451512272988,1718.368277027737,983.1873790573594,43.7724,72.25249942371865,238.64750057624732,102.39547191158805,43.2,117.88148136043164,0.6716267336159945,0.19414051592519785,0.07806812132802093,0.056164629130786785,57.67264770008045,12.651486963738494,39.74837533226858,7193.130271004841,7897.910203754646,,
S150,APPROACH,93.27,converged,,0.646712281462817,0.15508931504386272,93.27000000000587,6.933765213496048,581.9502969854668,990.0588250355513,672.723699802294,9.447641018982676,25.588181131980363,67.6818188680255,62.23228022305766,9.324096737214582,6.359454516024729,0.6716267336159945,0.19414051592519785,0.07806812132802093,0.056164629130786785,57.67264770008045,12.651486963738494,39.74837533226858,1943.225460443584,2133.6218883867446,,
S150,IDLE,21.763,converged,,0.2429151394585714,0.1063489095022889,21.76300000000011,11.161840713990268,370.9211148925142,669.0461678046204,583.0431788142126,2.1988099494364004,7.696092758616125,14.066907241383985,34.08851049409956,2.1700566981854434,0.6653197092626574,0.6716267336159945,0.19414051592519785,0.07806812132802093,0.056164629130786785,57.67264770008045,12.651486963738494,39.74837533226858,729.905550355997,801.421394684192,,
S151,TAKE-OFF,310.9,converged,,2.3940810489657647,0.3488925434518305,310.8999999999648,7.700485844213689,901.5451512272988,1718.3874389660868,983.1976802120503,43.7724,72.25249942371745,238.64750057624732,102.39547191158805,43.2,117.89900470576333,0.8557788021862507,0.012680139877735547,0.06769232849236036,0.0638487294436534,45.34755132270895,13.617446260561838,62.76882657649459,8401.153432265131,8694.486382579174,,
S151,APPROACH,93.27,converged,,0.6467554945448679,0.15508078965113195,93.26999999999974,6.934228525194272,581.9502969854668,990.063664662383,672.7271083031565,9.447641018982676,25.58818113197425,67.6818188680255,62.23228022305766,9.324096737214582,6.360285627109584,0.8557788021862507,0.012680139877735547,0.06769232849236036,0.0638487294436534,45.34755132270895,13.617446260561838,62.76882657649459,2269.552296560386,2348.7955191023384,,
S151,IDLE,21.763,converged,,0.24293039245031123,0.10634263506907944,21.762999999999604,11.162541582057422,370.9211148925142,669.0484705555176,583.0452202081898,2.1988099494364004,7.6960927586156185,14.066907241383985,34.08851049409956,2.1700566981854434,0.6654014173568678,0.8557788021862507,0.012680139877735547,0.06769232849236036,0.0638487294436534,45.34755132270895,13.617446260561838,62.76882657649459,852.4755255120155,882.2403861332472,,
S152,TAKE-OFF,310.9,converged,,2.3939768115493996,0.34891290666182984,310.8999999999658,7.700150567866396,901.5451512272988,1718.3699659641832,983.1885484654937,43.7724,72.2524994237185,238.64750057624732,102.39547191158805,43.2,117.88896532099386,0.8315789606422186,0.05278705342697496,0.024655463039228904,0.09097852289157754,63.42629330377193,9.243228522705031,56.26259026542728,8343.173280771585,8804.719314290516,,
S152,APPROACH,93.27,converged,,0.6467344871412096,0.15509155610791137,93.26999999999491,6.934003293033611,581.9502969854668,990.0592392261078,672.7240682225236,9.447641018982676,25.588181131969414,67.6818188680255,62.23228022305766,9.324096737214582,6.359881588061692,0.8315789606422186,0.05278705342697496,0.024655463039228904,0.09097852289157754,63.42629330377193,9.243228522705031,56.26259026542728,2253.914017395115,2378.6009967509153,,
S152,IDLE,21.763,converged,,0.2429237455954287,0.10635056242457736,21.762999999999963,11.16223616208377,370.9211148925142,669.0463768618245,583.0433805656234,2.1988099494364004,7.696092758615979,14.066907241383985,34.08851049409956,2.1700566981854434,0.6653658105035233,0.8315789606422186,0.05278705342697496,0.024655463039228904,0.09097852289157754,63.42629330377193,9.243228522705031,56.26259026542728,846.6059043424921,893.4403142190716,,
S153,TAKE-OFF,310.9,converged,,2.393432037014819,0.3489382713103731,310.8999999999656,7.698398317835586,901.5451512272988,1718.32561185457,983.164180095415,43.7724,72.25249942371826,238.64750057624732,102.39547191158805,43.2,117.83650342399226,0.6410170122981071,0.11126509332087119,0.15391490934152738,0.09380298503949429,45.93839362805376,7.523070541212949,45.54867581377944,6829.370725028385,7194.432989115324,,
S153,APPROACH,93.27,converged,,0.6465975815372946,0.15510529318402125,93.26999999999651,6.932535451241758,581.9502969854668,990.0480611822913,672.7160418746037,9.447641018982676,25.588181131971005,67.6818188680255,62.23228022305766,9.324096737214582,6.357248766020634,0.6410170122981071,0.11126509332087119,0.15391490934152738,0.09380298503949429,45.93839362805376,7.523070541212949,45.54867581377944,1844.9885043456586,1943.6118926092972,,
S153,IDLE,21.763,converged,,0.24287388170193597,0.1063606654920672,21.762999999999835,11.159944938746396,370.9211148925142,669.0410341162542,583.0386112957566,2.1988099494364004,7.696092758615849,14.066907241383985,34.08851049409956,2.1700566981854434,0.66509872193419,0.6410170122981071,0.11126509332087119,0.15391490934152738,0.09380298503949429,45.93839362805376,7.523070541212949,45.54867581377944,693.0114379341112,730.056186968338,,
S154,TAKE-OFF,310.9,converged,,2.3930497516136304,0.34900095922925223,310.8999999999661,7.6971687089542975,901.5451512272988,1718.2684855187595,983.1341480538355,43.7724,72.25249942371879,238.64750057624732,102.39547191158805,43.2,117.79969607686468,0.5362537554465234,0.24361892275469516,0.04845173039613734,0.1716755914026441,40.514160112759264,3.734307793867257,33.072375860705165,6395.965595917018,6753.508917715744,,
S154,APPROACH,93.27,converged,,0.646516517327909,0.15513848839244335,93.26999999999954,6.931666316370883,581.9502969854668,990.0335986713037,672.7060552933467,9.447641018982676,25.58818113197403,67.6818188680255,62.23228022305766,9.324096737214582,6.355690077028622,0.5362537554465234,0.24361892275469516,0.04845173039613734,0.1716755914026441,40.514160112759264,3.734307793867257,33.072375860705165,1727.9613176588175,1824.5567449153111,,
S154,IDLE,21.763,converged,,0.24284726232011844,0.10638510625368135,21.762999999997547,11.158721790201065,370.9211148925142,669.0341834241,583.03258080317,2.1988099494364004,7.696092758613563,14.066907241383985,34.08851049409956,2.1700566981854434,0.6649561606087441,0.5362537554465234,0.24361892275469516,0.04845173039613734,0.1716755914026441,40.514160112759264,3.734307793867257,33.072375860705165,649.0641215523259,685.347703538498,,
S155,TAKE-OFF,310.9,converged,,2.3947330633724007,0.34883796647308396,310.89999999996746,7.702583027895309,901.5451512272988,1718.454562428013,983.2338265014532,43.7724,72.25249942372015,238.64750057624732,102.39547191158805,43.2,117.96181143963724,0.975525266956538,0.0017996454517012136,0.01884486667865099,0.003830220913109835,31.469890214840547,6.815189899700078,43.71788043644765,9277.243703094295,9281.910465914329,,
S155,APPROACH,93.27,converged,,0.6469112400585303,0.15505164229291224,93.26999999999975,6.9358983602287125,581.9502969854668,990.0806134029201,672.7390634014051,9.447641018982676,25.588181131974252,67.6818188680255,62.23228022305766,9.324096737214582,6.36328149888605,0.975525266956538,0.0017996454517012136,0.01884486667865099,0.003830220913109835,31.469890214840547,6.815189899700078,43.71788043644765,2506.1470608511954,2507.4077363599367,,
S155,IDLE,21.763,converged,,0.24298554839327624,0.10632118470881924,21.76299999999974,11.165075972672847,370.9211148925142,669.0565376079262,583.0523755871085,2.1988099494364004,7.696092758615753,14.066907241383985,34.08851049409956,2.1700566981854434,0.6656969207762933,0.975525266956538,0.0017996454517012136,0.01884486667865099,0.003830220913109835,31.469890214840547,6.815189899700078,43.71788043644765,941.330866163384,941.8043869663458,,
S156,TAKE-OFF,310.9,converged,,2.3945676180817728,0.3488480735204053,310.89999999996445,7.702050878359751,901.5451512272988,1718.4396975038185,983.2257324637374,43.7724,72.25249942371714,238.64750057624732,102.39547191158805,43.2,117.9458730073875,0.8815657407976687,0.06851395093466159,0.047580735055385424,0.0023395732122842914,58.66551791665617,15.615921688421771,23.573915173591494,8608.423757204915,8866.53830639882,,
S156,APPROACH,93.27,converged,,0.6468704697110547,0.15505707501213153,93.26999999999326,6.935461238459327,581.9502969854668,990.0768643836734,672.736392769152,9.447641018982676,25.58818113196776,67.6818188680255,62.23228022305766,9.324096737214582,6.362497186670867,0.8815657407976687,0.06851395093466159,0.047580735055385424,0.0023395732122842914,58.66551791665617,15.615921688421771,23.573915173591494,2325.4866879707315,2395.2139650020945,,
S156,IDLE,21.763,converged,,0.2429708551341675,0.10632518151227743,21.762999999999774,11.164400824066995,370.9211148925142,669.0547491292411,583.0507836214499,2.1988099494364004,7.696092758615789,14.066907241383985,34.08851049409956,2.1700566981854434,0.6656181939221358,0.8815657407976687,0.06851395093466159,0.047580735055385424,0.0023395732122842914,58.66551791665617,15.615921688421771,23.573915173591494,873.4754725034182,899.6657175675572,,
S157,TAKE-OFF,310.9,converged,,2.392656556017923,0.34901701463954077,310.89999999996706,7.695904007777988,901.5451512272988,1718.2377812513369,983.1172104617483,43.7724,72.25249942371971,238.64750057624732,102.39547191158805,43.2,117.76184413263074,0.5677128923125565,0.08175676492090918,0.1516235952579206,0.19890674750861373,51.42039410472804,1.1398202632803875,37.848319564568065,6369.832741184178,6643.756965363527,,
S157,APPROACH,93.27,converged,,0.646416944828,0.15514722261928704,93.27000000000015,6.930598743733237,581.9502969854668,990.0258626129639,672.7004804521537,9.447641018982676,25.588181131974643,67.6818188680255,62.23228022305766,9.324096737214582,6.353775769360925,0.5677128923125565,0.08175676492090918,0.1516235952579206,0.19890674750861373,51.42039410472804,1.1398202632803875,37.848319564568065,1720.9188712292553,1794.9241686728174,,
S157,IDLE,21.763,converged,,0.24281084907276423,0.1063915288562266,21.76300000000027,11.15704861796449,370.9211148925142,669.0304825248029,583.0292728946661,2.1988099494364004,7.696092758616287,14.066907241383985,34.08851049409956,2.1700566981854434,0.6647611719734846,0.5677128923125565,0.08175676492090918,0.1516235952579206,0.19890674750861373,51.42039410472804,1.1398202632803875,37.848319564568065,646.4214399882462,674.2197352710765,,
S158,TAKE-OFF,310.9,converged,,2.3939292516615653,0.3488935933585865,310.8999999999643,7.699997592994018,901.5451512272988,1718.3785658995412,983.1926238252494,43.7724,72.25249942371696,238.64750057624732,102.39547191158805,43.2,117.8843848396077,0.7345578735694289,0.09189964966914174,0.12999796320595947,0.04354451355546988,20.665654620207224,12.203745436917586,53.44054169759075,7481.184435084747,7578.105626111161,,
S158,APPROACH,93.27,converged,,0.6467153351081337,0.15508145973951815,93.27000000000001,6.933797953341199,581.9502969854668,990.061437215859,672.725455516413,9.447641018982676,25.588181131974515,67.6818188680255,62.23228022305766,9.324096737214582,6.359513244609649,0.7345578735694289,0.09189964966914174,0.12999796320595947,0.04354451355546988,20.665654620207224,12.203745436917586,53.44054169759075,2021.027436622664,2047.210508027227,,
S158,IDLE,21.763,converged,,0.2429153760099523,0.10634312433583157,21.762999999999924,11.161851583419251,370.9211148925142,669.0473975916328,583.0442510369334,2.1988099494364004,7.6960927586159364,14.066907241383985,34.08851049409956,2.1700566981854434,0.6653209763971231,0.7345578735694289,0.09189964966914174,0.12999796320595947,0.04354451355546988,20.665654620207224,12.203745436917586,53.44054169759075,759.1263312343403,768.9610611225243,,
S159,TAKE-OFF,310.9,converged,,2.393716728066549,0.3489438442811394,310.89999999996286,7.6993140175839,901.5451512272988,1718.337882487709,983.1714896531383,43.7724,72.25249942371558,238.64750057624732,102.39547191158805,43.2,117.86391780585062,0.8005384849384427,0.06310921768979358,0.004085809115196142,0.13226648825656756,43.92905951480902,12.829694215640822,49.07361718845214,8191.863770935682,8576.13128194461,,
S159,APPROACH,93.27,converged,,0.646675423784989,0.15510799383983148,93.26999999998547,6.933370041654226,581.9502969854668,990.0511267391648,672.7184101023256,9.447641018982676,25.588181131959985,67.6818188680255,62.23228022305766,9.324096737214582,6.35874567947108,0.8005384849384427,0.06310921768979358,0.004085809115196142,0.13226648825656756,43.92905951480902,12.829694215640822,49.07361718845214,2213.075972417841,2316.8879033012486,,
S159,IDLE,21.763,converged,,0.24290345277976172,0.10636266284066957,21.76299999999986,11.161303716388518,370.9211148925142,669.0425254359374,583.0399781349448,2.1988099494364004,7.696092758615873,14.066907241383985,34.08851049409956,2.1700566981854434,0.665257108714358,0.8005384849384427,0.06310921768979358,0.004085809115196142,0.13226648825656756,43.92905951480902,12.829694215640822,49.07361718845214,831.2729619719631,870.266675856624,,
S160,TAKE-OFF,310.9,converged,,2.3940334254137814,0.34890203299626915,310.8999999999669,7.700332664567503,901.5451512272988,1718.3793481089629,983.1934545006403,43.7724,72.25249942371956,238.64750057624732,102.39547191158805,43.2,117.89441790207668,0.8050598311237991,0.07792654786767016,0.04721727322326832,0.06979634778526245,40.54129098811038,3.8494258752267894,27.167800201421088,8120.992952453788,8184.821067914999,,
S160,APPROACH,93.27,converged,,0.6467459590661094,0.15508580619422757,93.27000000000677,6.934126289976009,581.9502969854668,990.0616153598619,672.7257013205717,9.447641018982676,25.58818113198128,67.6818188680255,62.23228022305766,9.324096737214582,6.360102228033707,0.8050598311237991,0.07792654786767016,0.04721727322326832,0.06979634778526245,40.54129098811038,3.8494258752267894,27.167800201421088,2193.8788823284935,2211.1219898436725,,
S160,IDLE,21.763,converged,,0.2429273904086942,0.1063463287726701,21.762999999999888,11.162403639603706,370.9211148925142,669.0475011493842,583.044368602632,2.1988099494364004,7.696092758615903,14.066907241383985,34.08851049409956,2.1700566981854434,0.6653853354619078,0.8050598311237991,0.07792654786767016,0.04721727322326832,0.06979634778526245,40.54129098811038,3.8494258752267894,27.167800201421088,824.0535008929618,830.5302682426142,,
S161,TAKE-OFF,310.9,converged,,2.3938182811036812,0.34890091335426976,310.89999999996763,7.699640659710294,901.5451512272988,1718.3682831516626,983.1870394474852,43.7724,72.25249942372031,238.64750057624732,102.39547191158805,43.2,117.87369763002847,0.7456596880219877,0.05141581971011038,0.14692034606634743,0.056004146201554514,26.047003629856153,6.878284259422369,69.15400559583904,7515.560850814163,7726.86049283376,,
S161,APPROACH,93.27,converged,,0.6466881681130303,0.1550853876768364,93.2699999999995,6.933506680744438,581.9502969854668,990.0588428218995,672.7236117250434,9.447641018982676,25.588181131974,67.6818188680255,62.23228022305766,9.324096737214582,6.358990770456921,0.7456596880219877,0.05141581971011038,0.14692034606634743,0.056004146201554514,26.047003629856153,6.878284259422369,69.15400559583904,2030.3229853830799,2087.4054212134183,,
S161,IDLE,21.763,converged,,0.24290562073196356,0.10634601440567716,21.762999999999803,11.161403332810998,370.9211148925142,669.0461605572098,583.0431508525425,2.1988099494364004,7.6960927586158165,14.066907241383985,34.08851049409956,2.1700566981854434,0.6652687212911401,0.7456596880219877,0.05141581971011038,0.14692034606634743,0.056004146201554514,26.047003629856153,6.878284259422369,69.15400559583904,762.619279845323,784.0602852509413,,
S162,TAKE-OFF,310.9,converged,,2.392718249469006,0.34904084637303523,310.8999999999674,7.696102442808802,901.5451512272988,1718.2273350895466,983.1122764841355,43.7724,72.2524994237201,238.64750057624732,102.39547191158805,43.2,117.7677828117227,0.5771150849759579,0.1639133109956118,0.020240441006700492,0.23873116302172984,22.13065583982531,8.306390696819976,26.631452886384494,6725.755352112254,6546.269883423013,,
S162,APPROACH,93.27,converged,,0.6464413783522537,0.1551596804523384,93.27000000002312,6.930860709253709,581.9502969854668,990.0231910334003,672.6987990078005,9.447641018982676,25.588181131997622,67.6818188680255,62.23228022305766,9.324096737214582,6.35424548424023,0.5771150849759579,0.1639133109956118,0.020240441006700492,0.23873116302172984,22.13065583982531,8.306390696819976,26.631452886384494,1817.0992599084166,1768.6076191565555,,
S162,IDLE,21.763,converged,,0.24282147738816348,0.10640070732801298,21.762999999999636,11.157536984247004,370.9211148925142,669.0292424340839,583.0282163989659,2.1988099494364004,7.69609275861565,14.066907241383985,34.08851049409956,2.1700566981854434,0.664818082458013,0.5771150849759579,0.1639133109956118,0.020240441006700492,0.23873116302172984,22.13065583982531,8.306390696819976,26.631452886384494,682.5533476470441,664.3385299657311,,
S163,TAKE-OFF,310.9,converged,,2.3943620445585725,0.3488652940168655,310.89999999996525,7.7013896576353815,901.5451512272988,1718.4185264227776,983.2143320860649,43.7724,72.25249942371795,238.64750057624732,102.39547191158805,43.2,117.92607022511716,0.8877904061228037,0.020527339320256358,0.06292604679731262,0.028756207759627336,29.01407512718405,1.1966258907452478,46.892252068822835,8615.701253257806,8626.971348101388,,
S163,APPROACH,93.27,converged,,0.6468213694026388,0.15506627157068756,93.26999999999941,6.934934806504158,581.9502969854668,990.0715187327457,672.7326222103101,9.447641018982676,25.58818113197393,67.6818188680255,62.23228022305766,9.324096737214582,6.361552691044097,0.8877904061228037,0.020527339320256358,0.06292604679731262,0.028756207759627336,29.01407512718405,1.1966258907452478,46.892252068822835,2327.475786571641,2330.5203295623674,,
S163,IDLE,21.763,converged,,0.24295346761424502,0.1063319494939496,21.76299999999981,11.163601875396184,370.9211148925142,669.0522048003281,583.0485268513812,2.1988099494364004,7.696092758615823,14.066907241383985,34.08851049409956,2.1700566981854434,0.6655250370286435,0.8877904061228037,0.020527339320256358,0.06292604679731262,0.028756207759627336,29.01407512718405,1.1966258907452478,46.892252068822835,874.2263936919733,875.3699586882578,,
S164,TAKE-OFF,310.9,converged,,2.3947631573995265,0.348837424464199,310.89999999996735,7.702679824380116,901.5451512272988,1718.456515159643,983.2349252218564,43.7724,72.25249942372002,238.64750057624732,102.39547191158805,43.2,117.9647107082,0.9817576194182038,0.005982582355422115,0.007955842623156073,0.0043039556032179824,31.766433904415635,10.76357299984422,50.69079395108949,9341.705201948012,9356.148250132419,,
S164,APPROACH,93.27,converged,,0.6469190897285002,0.15505133429367304,93.27000000000015,6.9359825209445605,581.9502969854668,990.0811042154442,672.7394234469685,9.447641018982676,25.588181131974657,67.6818188680255,62.23228022305766,9.324096737214582,6.363432510921937,0.9817576194182038,0.005982582355422115,0.007955842623156073,0.0043039556032179824,31.766433904415635,10.76357299984422,50.69079395108949,2523.5595457876734,2527.461177377207,,
S164,IDLE,21.763,converged,,0.2429884629610527,0.10632095870353986,21.763,11.1652098957429,370.9211148925142,669.0567733782378,583.0525876748578,2.1988099494364004,7.6960927586160155,14.066907241383985,34.08851049409956,2.1700566981854434,0.6657125376450141,0.9817576194182038,0.005982582355422115,0.007955842623156073,0.0043039556032179824,31.766433904415635,10.76357299984422,50.69079395108949,947.8710165733181,949.3365034912863,,
S165,TAKE-OFF,310.9,converged,,2.3925847414604173,0.349037987410222,310.89999999996365,7.695673018529099,901.5451512272988,1718.221723769738,983.1089197362012,43.7724,72.25249942371633,238.64750057624732,102.39547191158805,43.2,117.75493136910055,0.5456483764573932,0.13507080639545366,0.09160299383454348,0.22767782331260966,55.001617397676895,2.845775977112201,31.429233230000598,6363.6721978844,6747.498337348674,,
S165,APPROACH,93.27,converged,,0.6464047896831463,0.15515828503082985,93.27000000000002,6.930468421605513,581.9502969854668,990.0217896414355,672.6977122370637,9.447641018982676,25.588181131974533,67.6818188680255,62.23228022305766,9.324096737214582,6.353542102784548,0.5456483764573932,0.13507080639545366,0.09160299383454348,0.22767782331260966,55.001617397676895,2.845775977112201,31.429233230000598,1719.2737700797563,1822.9721054640465,,
S165,IDLE,21.763,converged,,0.24280756299721468,0.10639967563276245,21.762999999999952,11.15689762428044,370.9211148925142,669.0285600201103,583.0275900771672,2.1988099494364004,7.6960927586159675,14.066907241383985,34.08851049409956,2.1700566981854434,0.66474357680216,0.5456483764573932,0.13507080639545366,0.09160299383454348,0.22767782331260966,55.001617397676895,2.845775977112201,31.429233230000598,645.8069013423084,684.7588715371292,,
S166,TAKE-OFF,310.9,converged,,2.3939371056758794,0.3488847489267635,310.89999999996587,7.700022855182188,901.5451512272988,1718.3841176813607,983.1954181742583,43.7724,72.25249942371856,238.64750057624732,102.39547191158805,43.2,117.88514125184626,0.6521263946779072,0.16706424153866695,0.16518026698607594,0.015629096797349865,36.69559074244138,-2.278032400663448,58.963685561850355,6870.823578619341,6888.641456927432,,
S166,APPROACH,93.27,converged,,0.6467144730988931,0.15507681295360412,93.26999999999988,6.9337887112565015,581.9502969854668,990.0628483860569,672.7263935894492,9.447641018982676,25.58818113197438,67.6818188680255,62.23228022305766,9.324096737214582,6.3594966661731815,0.6521263946779072,0.16706424153866695,0.16518026698607594,0.015629096797349865,36.69559074244138,-2.278032400663448,58.963685561850355,1856.1310737308354,1860.9445167216459,,
S166,IDLE,21.763,converged,,0.24291451301329764,0.10633970187238001,21.76299999999984,11.161811929113606,370.9211148925142,669.0480603246426,583.0448266060288,2.1988099494364004,7.696092758615852,14.066907241383985,34.08851049409956,2.1700566981854434,0.6653163535897947,0.6521263946779072,0.16706424153866695,0.16518026698607594,0.015629096797349865,36.69559074244138,-2.278032400663448,58.963685561850355,697.1873904470792,698.9953833228645,,
S167,TAKE-OFF,310.9,converged,,2.393864357109631,0.348920624626969,310.89999999996314,7.699788861723752,901.5451512272988,1718.3593719876435,983.1828029924749,43.7724,72.25249942371582,238.64750057624732,102.39547191158805,43.2,117.87813500118526,0.8360926159657538,0.02048448978470898,0.04048761433859974,0.10293527991093748,39.96583271560561,16.327371214526735,29.51376157584899,8337.543438113298,8401.907622310591,,
S167,APPROACH,93.27,converged,,0.6467070570626914,0.1550956941141985,93.2699999999901,6.933709199772274,581.9502969854668,990.0565658742067,672.7221706520575,9.447641018982676,25.588181131964607,67.6818188680255,62.23228022305766,9.324096737214582,6.359354039473673,0.8360926159657538,0.02048448978470898,0.04048761433859974,0.10293527991093748,39.96583271560561,16.327371214526735,29.51376157584899,2252.4033845029053,2269.7914925712885,,
S167,IDLE,21.763,converged,,0.24291391577082588,0.10635360721323686,21.76299999999982,11.161784486092353,370.9211148925142,669.045102534002,583.0422477127348,2.1988099494364004,7.696092758615835,14.066907241383985,34.08851049409956,2.1700566981854434,0.6653131543549787,0.8360926159657538,0.02048448978470898,0.04048761433859974,0.10293527991093748,39.96583271560561,16.327371214526735,29.51376157584899,846.040135250948,852.5713975475456,,
S168,TAKE-OFF,310.9,converged,,2.3942022251396744,0.34888409951868155,310.8999999999662,7.700875603537905,901.5451512272988,1718.3989288535904,983.203908177238,43.7724,72.25249942371892,238.64750057624732,102.39547191158805,43.2,117.91067603278982,0.8515033987350762,0.04644099720972641,0.05118895160274134,0.05086665245245606,19.694073166328344,8.831030167322528,50.300729289556415,8409.759198366188,8485.880025836637,,
S168,APPROACH,93.27,converged,,0.6467850087440765,0.15507626402387534,93.26999999999983,6.934544963483197,581.9502969854668,990.0665640986795,672.7291653723646,9.447641018982676,25.588181131974327,67.6818188680255,62.23228022305766,9.324096737214582,6.360853300026911,0.8515033987350762,0.04644099720972641,0.05118895160274134,0.05086665245245606,19.694073166328344,8.831030167322528,50.300729289556415,2271.8658096366657,2292.4295738601363,,
S168,IDLE,21.763,converged,,0.24294096053219083,0.10633930505997824,21.762999999999856,11.163027180636513,370.9211148925142,669.0498524754948,583.0464485003599,2.1988099494364004,7.69609275861587,14.066907241383985,34.08851049409956,2.1700566981854434,0.6654580319350084,0.8515033987350762,0.04644099720972641,0.05118895160274134,0.05086665245245606,19.694073166328344,8.831030167322528,50.300729289556415,853.3426942982308,861.0667147456252,,
S169,TAKE-OFF,310.9,converged,,2.3933971132003538,0.348961810784482,310.899999999964,7.698285986492863,901.5451512272988,1718.310073815695,983.1563043517044,43.7724,72.25249942371666,238.64750057624732,102.39547191158805,43.2,117.83314064288578,0.6602751896716654,0.13931949046685108,0.06643620487334859,0.13396911498813494,48.36626694653842,5.744225800202393,43.66421832935509,7150.848331679813,7635.441201563107,,
S169,APPROACH,93.27,converged,,0.6465961327111435,0.15511767246695807,93.26999999999957,6.9325199175634875,581.9502969854668,990.0441137210591,672.7134017961457,9.447641018982676,25.588181131974075,67.6818188680255,62.23228022305766,9.324096737214582,6.357220906595599,0.6602751896716654,0.13931949046685108,0.06643620487334859,0.13396911498813494,48.36626694653842,5.744225800202393,43.66421832935509,1931.8611405382117,2062.7779340271754,,
S169,IDLE,21.763,converged,,0.24287477286204096,0.10636978299754249,21.76299999999977,11.15998588714991,370.9211148925142,669.039177659731,583.0369955333174,2.1988099494364004,7.696092758615785,14.066907241383985,34.08851049409956,2.1700566981854434,0.665103494841544,0.6602751896716654,0.13931949046685108,0.06643620487334859,0.13396911498813494,48.36626694653842,5.744225800202393,43.66421832935509,725.6466779995874,774.8217114925008,,
S170,TAKE-OFF,310.9,converged,,2.3930390653233995,0.3489771547701999,310.8999999999656,7.697134336840349,901.5451512272988,1718.2816932129285,983.1406715891372,43.7724,72.2524994237183,238.64750057624732,102.39547191158805,43.2,117.79866725617798,0.5169920148327947,0.19512113296627057,0.15720974031326485,0.13067711188766992,38.75446366370482,3.969062486820612,33.42460642124961,6026.99722759614,6232.8874990135355,,
S170,APPROACH,93.27,converged,,0.6465057057695947,0.15512600534697446,93.26999999999883,6.931550399588321,581.9502969854668,990.0369625619328,672.7082551563973,9.447641018982676,25.58818113197334,67.6818188680255,62.23228022305766,9.324096737214582,6.355482208319704,0.5169920148327947,0.19512113296627057,0.15720974031326485,0.13067711188766992,38.75446366370482,3.969062486820612,33.42460642124961,1628.2592928635934,1683.8828040559642,,
S170,IDLE,21.763,converged,,0.24284175104343705,0.10637591084294902,21.762999999999863,11.158468549530792,370.9211148925142,669.0357577008883,583.0339401571175,2.1988099494364004,7.696092758615874,14.066907241383985,34.08851049409956,2.1700566981854434,0.6649266465787832,0.5169920148327947,0.19512113296627057,0.15720974031326485,0.13067711188766992,38.75446366370482,3.969062486820612,33.42460642124961,611.6099738996918,632.503387115682,,
S171,TAKE-OFF,310.9,converged,,2.3947093826418597,0.3488385344180296,310.89999999996706,7.7025068595757915,901.5451512272988,1718.4529438888262,983.2329211721029,43.7724,72.25249942371974,238.64750057624732,102.39547191158805,43.2,117.95953005467862,0.9556044181808829,0.016471173208627718,0.026795740371617256,0.0011286682388720944,38.65268010160573,7.556965367820885,63.2745805054427,9131.150422848545,9152.470832689907,,
S171,APPROACH,93.27,converged,,0.6469051105337842,0.1550519588648583,93.26999999999957,6.935832642154897,581.9502969854668,990.080206335143,672.7387663669529,9.447641018982676,25.588181131974068,67.6818188680255,62.23228022305766,9.324096737214582,6.363163580240341,0.9556044181808829,0.016471173208627718,0.026795740371617256,0.0011286682388720944,38.65268010160573,7.556965367820885,63.2745805054427,2466.68256132058,2472.4420418592317,,
S171,IDLE,21.763,converged,,0.2429832813373606,0.10632141720996312,21.76299999999994,11.164971802479496,370.9211148925142,669.0563423125326,583.0522002433528,2.1988099494364004,7.696092758615957,14.066907241383985,34.08851049409956,2.1700566981854434,0.6656847735364518,0.9556044181808829,0.016471173208627718,0.026795740371617256,0.0011286682388720944,38.65268010160573,7.556965367820885,63.2745805054427,926.5077876301898,928.6710994626246,,
S172,TAKE-OFF,310.9,converged,,2.3946660748762088,0.3488482934585479,310.89999999996365,7.702367561519744,901.5451512272988,1718.4449311265516,983.2287526850228,43.7724,72.25249942371634,238.64750057624732,102.39547191158805,43.2,117.95535787070956,0.9245634973049164,0.06130962024471603,0.003247045259436289,0.010879837190931304,58.592271463340964,13.087903357106075,38.8766415819616,8984.591813909405,9193.429745611831,,
S172,APPROACH,93.27,converged,,0.6468968179751362,0.1550571131026395,93.26999999999835,6.935743732981106,581.9502969854668,990.0781763046045,672.7373773994804,9.447641018982676,25.58818113197285,67.6818188680255,62.23228022305766,9.324096737214582,6.3630040512543795,0.9245634973049164,0.06130962024471603,0.003247045259436289,0.010879837190931304,58.592271463340964,13.087903357106075,38.8766415819616,2427.1041028231484,2483.519732086945,,
S172,IDLE,21.763,converged,,0.24298076259557488,0.10632521235598648,21.762999999999906,11.16485606743445,370.9211148925142,669.055382814211,583.05135837047,2.1988099494364004,7.696092758615919,14.066907241383985,34.08851049409956,2.1700566981854434,0.6656712778514206,0.9245634973049164,0.06130962024471603,0.003247045259436289,0.010879837190931304,58.592271463340964,13.087903357106075,38.8766415819616,911.6440047560787,932.8342660774034,,
S173,TAKE-OFF,310.9,converged,,2.3928035454732384,0.3489846495673929,310.8999999999647,7.696376794704118,901.5451512272988,1718.2645305257251,983.1311373751114,43.7724,72.25249942371737,238.64750057624732,102.39547191158805,43.2,117.77599373945283,0.6105324309319258,0.0048510702282208214,0.22829245904054077,0.15632403979931264,39.73632522759958,14.526053548299293,31.753933134656755,6471.403338101786,6684.070471380954,,
S173,APPROACH,93.27,converged,,0.6464453542865005,0.15513012324889344,93.26999999999921,6.930903337477281,581.9502969854668,990.032641701119,672.7051217816327,9.447641018982676,25.58818113197372,67.6818188680255,62.23228022305766,9.324096737214582,6.354321919988056,0.6105324309319258,0.0048510702282208214,0.22829245904054077,0.15632403979931264,39.73632522759958,14.526053548299293,31.753933134656755,1748.3293317348687,1805.7839775948805,,
S173,IDLE,21.763,converged,,0.24281954455813604,0.10637893742534348,21.762999999999803,11.157448171581962,370.9211148925142,669.0336875847311,583.0320856811863,2.1988099494364004,7.696092758615817,14.066907241383985,34.08851049409956,2.1700566981854434,0.6648077327297889,0.6105324309319258,0.0048510702282208214,0.22829245904054077,0.15632403979931264,39.73632522759958,14.526053548299293,31.753933134656755,656.7121710357945,678.2934398127592,,
S174,TAKE-OFF,310.9,converged,,2.393699339621012,0.3489273088674211,310.8999999999669,7.699258088199636,901.5451512272988,1718.3465153363504,983.1757093596024,43.7724,72.25249942371958,238.64750057624732,102.39547191158805,43.2,117.86224329264249,0.6917347754351795,0.13677446729793988,0.08400340203702533,0.0874873552298553,38.395369393554816,12.989613687828017,73.65847961521024,7311.104683053796,7915.138810687945,,
S174,APPROACH,93.27,converged,,0.6466652530793484,0.15509933103155094,93.26999999998934,6.933260995812398,581.9502969854668,990.053327216692,672.7198362865954,9.447641018982676,25.588181131963836,67.6818188680255,62.23228022305766,9.324096737214582,6.358550086101875,0.6917347754351795,0.13677446729793988,0.08400340203702533,0.0874873552298553,38.395369393554816,12.989613687828017,73.65847961521024,1975.117460200803,2138.2991411870807,,
S174,IDLE,21.763,converged,,0.2428986252176415,0.10635628142855814,21.76300000000001,11.161081892093986,370.9211148925142,669.0435531797434,583.040862773381,2.1988099494364004,7.69609275861602,14.066907241383985,34.08851049409956,2.1700566981854434,0.6652312503655524,0.6917347754351795,0.13677446729793988,0.08400340203702533,0.0874873552298553,38.395369393554816,12.989613687828017,73.65847961521024,741.8881924482606,803.1820470098371,,
S175,TAKE-OFF,310.9,converged,,2.3935748049689485,0.3489434580031398,310.89999999996377,7.698857526436885,901.5451512272988,1718.3303796404675,983.1671565398645,43.7724,72.25249942371651,238.64750057624732,102.39547191158805,43.2,117.850250903178,0.7575443214736879,0.05105367518740867,0.06832098789396363,0.12308101544493981,50.07707241704678,3.8591711433152107,52.122731274158745,7771.439755799449,8159.890319732992,,
S175,APPROACH,93.27,converged,,0.6466374180590417,0.15510790262696766,93.27000000000824,6.9329625609411885,581.9502969854668,990.0492458469396,672.7169974920656,9.447641018982676,25.588181131982743,67.6818188680255,62.23228022305766,9.324096737214582,6.3580148044130995,0.7575443214736879,0.05105367518740867,0.06832098789396363,0.12308101544493981,50.07707241704678,3.8591711433152107,52.122731274158745,2099.4972573488208,2204.43931689261,,
S175,IDLE,21.763,converged,,0.24288915733091238,0.10636259162977207,21.76300000000005,11.160646846983955,370.9211148925142,669.0416167374499,583.0391537514503,2.1988099494364004,7.696092758616065,14.066907241383985,34.08851049409956,2.1700566981854434,0.6651805380131023,0.7575443214736879,0.05105367518740867,0.06832098789396363,0.12308101544493981,50.07707241704678,3.8591711433152107,52.122731274158745,788.6105960070746,828.0288042630558,,
S176,TAKE-OFF,310.9,converged,,2.394243940025863,0.3488814317027575,310.8999999999673,7.701009778147684,901.5451512272988,1718.402745813171,983.20598330366,43.7724,72.25249942371997,238.64750057624732,102.39547191158805,43.2,117.91469401663235,0.7686344431713223,0.15396035097634694,0.04446390271079091,0.03294130314153979,70.99502042260595,4.717949787068038,23.093834264929658,7890.67888398103,8549.813165578256,,
S176,APPROACH,93.27,converged,,0.6467952488829926,0.15507483149215995,93.2700000000003,6.934654753757806,581.9502969854668,990.0675269907745,672.7298503352827,9.447641018982676,25.5881811319748,67.6818188680255,62.23228022305766,9.324096737214582,6.3610502635374,0.7686344431713223,0.15396035097634694,0.04446390271079091,0.03294130314153979,70.99502042260595,4.717949787068038,23.093834264929658,2131.6347625652356,2309.697204151027,,
S176,IDLE,21.763,converged,,0.24294464315481665,0.10633825108449425,21.762999999999828,11.163196395479417,370.9211148925142,669.0503116880548,583.0468570508998,2.1988099494364004,7.696092758615843,14.066907241383985,34.08851049409956,2.1700566981854434,0.6654777607726033,0.7686344431713223,0.15396035097634694,0.04446390271079091,0.03294130314153979,70.99502042260595,4.717949787068038,23.093834264929658,800.6695281422789,867.5520793129064,,
S177,TAKE-OFF,310.9,converged,,2.3935533634752635,0.34893122404034893,310.8999999999658,7.698788560551709,901.5451512272988,1718.3362997788042,983.1700099458639,43.7724,72.25249942371853,238.64750057624732,102.39547191158805,43.2,117.84818619873877,0.7040835088118911,0.0702151071907713,0.13123311526848283,0.09446826872885478,56.488064862867496,13.291133541881589,30.096971244359246,7285.536802904376,7580.224070706275,,
S177,APPROACH,93.27,converged,,0.6466276044652665,0.15510150004235917,93.27000000000382,6.932857343896645,581.9502969854668,990.0507568070029,672.7179650541998,9.447641018982676,25.588181131978317,67.6818188680255,62.23228022305766,9.324096737214582,6.357826089232223,0.7040835088118911,0.0702151071907713,0.13123311526848283,0.09446826872885478,56.488064862867496,13.291133541881589,30.096971244359246,1968.2156587750042,2047.8265523330601,,
S177,IDLE,21.763,converged,,0.24288472619749613,0.10635787495156997,21.762999999999842,11.16044323840913,370.9211148925142,669.0423206126169,583.0397570594685,2.1988099494364004,7.6960927586158565,14.066907241383985,34.08851049409956,2.1700566981854434,0.6651568044111996,0.7040835088118911,0.0702151071907713,0.13123311526848283,0.09446826872885478,56.488064862867496,13.291133541881589,30.096971244359246,739.2964947336543,769.1997496374976,,
S178,TAKE-OFF,310.9,converged,,2.3936323198687117,0.3489371567093446,310.8999999999657,7.6990425212897255,901.5451512272988,1718.3371613959434,983.1707731870856,43.7724,72.25249942371842,238.64750057624732,102.39547191158805,43.2,117.85578937650574,0.5991294872947037,0.24365017418380863,0.07050806433364482,0.08671227418784283,33.464910936679374,3.8562723046104384,53.06644146479334,6745.679510165658,7062.858903323689,,
S178,APPROACH,93.27,converged,,0.6466506603381017,0.15510455101620524,93.27000000000305,6.933104538845079,581.9502969854668,990.0509602024339,672.7181963371147,9.447641018982676,25.58818113197756,67.6818188680255,62.23228022305766,9.324096737214582,6.358269457471605,0.5991294872947037,0.24365017418380863,0.07050806433364482,0.08671227418784283,33.464910936679374,3.8562723046104384,53.06644146479334,1822.376007154299,1908.0634631302148,,
S178,IDLE,21.763,converged,,0.24289374584454754,0.10636012449904537,21.76299999999981,11.16085768710884,370.9211148925142,669.042431134367,583.039873883202,2.1988099494364004,7.696092758615825,14.066907241383985,34.08851049409956,2.1700566981854434,0.6652051149956377,0.5991294872947037,0.24365017418380863,0.07050806433364482,0.08671227418784283,33.464910936679374,3.8562723046104384,53.06644146479334,684.5175639092383,716.7033303986715,,
S179,TAKE-OFF,310.9,converged,,2.3943265065676713,0.34887494659253826,310.8999999999633,7.701275350813618,901.5451512272988,1718.4109987894863,983.2104377614984,43.7724,72.25249942371599,238.64750057624732,102.39547191158805,43.2,117.92264703510929,0.9125275523401797,0.0031643015065459007,0.03641637158376781,0.04789177456950661,21.263381358959442,6.936999605875068,54.78583222783205,8835.140028882966,8959.961222072046,,
S179,APPROACH,93.27,converged,,0.6468151141955089,0.15507136400676777,93.26999999999971,6.934867740918954,581.9502969854668,990.0696104492952,672.7313229248896,9.447641018982676,25.58818113197422,67.6818188680255,62.23228022305766,9.324096737214582,6.361432370533908,0.9125275523401797,0.0031643015065459007,0.03641637158376781,0.04789177456950661,21.263381358959442,6.936999605875068,54.78583222783205,2386.768091586398,2420.4879013555137,,
S179,IDLE,21.763,converged,,0.24295170735877614,0.10633569938992711,21.762999999999888,11.163520992454046,370.9211148925142,669.0513038220272,583.0477377002705,2.1988099494364004,7.696092758615902,14.066907241383985,34.08851049409956,2.1700566981854434,0.6655156064855842,0.9125275523401797,0.0031643015065459007,0.03641637158376781,0.04789177456950661,21.263381358959442,6.936999605875068,54.78583222783205,896.4994326726409,909.1650076962072,,
S180,TAKE-OFF,310.9,converged,,2.3945892693803934,0.348852567001585,310.89999999996263,7.702120519075847,901.5451512272988,1718.4382728494502,983.2251157625753,43.7724,72.25249942371534,238.64750057624732,102.39547191158805,43.2,117.94795875943313,0.9434992740862072,0.017927127644839454,0.01841465322614534,0.020158945042808057,69.19419746136505,6.547072866558146,52.58275757608693,9073.054034725343,9198.39346496156,,
S180,APPROACH,93.27,converged,,0.6468777508682177,0.15505941560696643,93.27000000000045,6.9355393038298985,581.9502969854668,990.0764975698105,672.7361781825387,9.447641018982676,25.588181131974952,67.6818188680255,62.23228022305766,9.324096737214582,6.362637253154796,0.9434992740862072,0.017927127644839454,0.01841465322614534,0.020158945042808057,69.19419746136505,6.547072866558146,52.58275757608693,2451.0077208387384,2484.867092783259,,
S180,IDLE,21.763,converged,,0.2429738633321098,0.10632690610503567,21.76299999999993,11.164539049400844,370.9211148925142,669.0545814413003,583.050644332536,2.1988099494364004,7.696092758615946,14.066907241383985,34.08851049409956,2.1700566981854434,0.6656343115524119,0.9434992740862072,0.017927127644839454,0.01841465322614534,0.020158945042808057,69.19419746136505,6.547072866558146,52.58275757608693,920.623431845841,933.341356369164,,
S181,TAKE-OFF,310.9,converged,,2.3917869018881084,0.3491366735638011,310.8999999999665,7.693106792822021,901.5451512272988,1718.121139186158,983.0555103438661,43.7724,72.25249942371916,238.64750057624732,102.39547191158805,43.2,117.67814584713636,0.505657201167196,0.11252754060096427,0.011936850220469433,0.3698784080113703,20.27780789454035,12.54241396069481,72.12320383957419,6293.3070834731325,7888.384419091761,,
S181,APPROACH,93.27,converged,,0.6462248330783746,0.15521070352298144,93.26999999999992,6.928539005879438,581.9502969854668,989.996343869077,672.6799867556676,9.447641018982676,25.588181131974434,67.6818188680255,62.23228022305766,9.324096737214582,6.3500831665123085,0.505657201167196,0.11252754060096427,0.011936850220469433,0.3698784080113703,20.27780789454035,12.54241396069481,72.12320383957419,1700.356882261509,2131.322778154465,,
S181,IDLE,21.763,converged,,0.24274599894434828,0.1064382667400034,21.76299999999987,11.15406878391535,370.9211148925142,669.0164815418274,583.0169244369589,2.1988099494364004,7.696092758615884,14.066907241383985,34.08851049409956,2.1700566981854434,0.6644139764078075,0.505657201167196,0.11252754060096427,0.011936850220469433,0.3698784080113703,20.27780789454035,12.54241396069481,72.12320383957419,638.7170669072824,800.6038306998985,,
S182,TAKE-OFF,310.9,converged,,2.393454726555129,0.348950805916171,310.8999999999664,7.69847129802312,901.5451512272988,1718.3195855827157,983.1612791822836,43.7724,72.25249942371906,238.64750057624732,102.39547191158805,43.2,117.83868820352924,0.6725557968020439,0.11913168984056574,0.0891354119991116,0.11917710135827873,25.835802459879787,6.232936056847553,51.61538427797885,7178.256879290404,7412.976483657526,,
S182,APPROACH,93.27,converged,,0.6466078286126447,0.15511185259702293,93.2700000000047,6.932645315885194,581.9502969854668,990.0465229228503,672.7150578919634,9.447641018982676,25.588181131979205,67.6818188680255,62.23228022305766,9.324096737214582,6.357445808360774,0.6725557968020439,0.11913168984056574,0.0891354119991116,0.11917710135827873,25.835802459879787,6.232936056847553,51.61538427797885,1939.2541845244039,2002.6652580779391,,
S182,IDLE,21.763,converged,,0.24287849392776306,0.10636549774128666,21.76299999999984,11.16015686843564,370.9211148925142,669.04031768255,583.0379974555308,2.1988099494364004,7.696092758615852,14.066907241383985,34.08851049409956,2.1700566981854434,0.6651234244400862,0.6725557968020439,0.11913168984056574,0.0891354119991116,0.11917710135827873,25.835802459879787,6.232936056847553,51.61538427797885,728.4216411220681,752.2400753592004,,
S183,TAKE-OFF,310.9,converged,,2.3943143562322478,0.3488690918598857,310.8999999999651,7.701236269644634,901.5451512272988,1718.413729402172,983.2117442373079,43.7724,72.25249942371774,238.64750057624732,102.39547191158805,43.2,117.9214766675711,0.86266272328794,0.03993318803656059,0.06734641590875905,0.030057672766740342,22.64450768687114,2.0911143641177987,24.6726623832987,8444.25800477408,8363.823418937918,,
S183,APPROACH,93.27,converged,,0.6468099132573751,0.15506830166944605,93.27000000000021,6.934811978743151,581.9502969854668,990.0703076893496,672.7317666211756,9.447641018982676,25.588181131974704,67.6818188680255,62.23228022305766,9.324096737214582,6.361332330004478,0.86266272328794,0.03993318803656059,0.06734641590875905,0.030057672766740342,22.64450768687114,2.0911143641177987,24.6726623832987,2281.16653662207,2259.437607272355,,
S183,IDLE,21.763,converged,,0.24294939729699502,0.10633344343762262,21.76299999999981,11.163414846160784,370.9211148925142,669.0516281692339,583.0480150959594,2.1988099494364004,7.6960927586158245,14.066907241383985,34.08851049409956,2.1700566981854434,0.6655032304622962,0.86266272328794,0.03993318803656059,0.06734641590875905,0.030057672766740342,22.64450768687114,2.0911143641177987,24.6726623832987,856.8329332112106,848.6712922387698,,
S184,TAKE-OFF,310.9,converged,,2.3942485451927693,0.34887884622346843,310.8999999999667,7.7010245905211505,901.5451512272988,1718.4044945399146,983.2068725107144,43.7724,72.25249942371939,238.64750057624732,102.39547191158805,43.2,117.91513759107276,0.8247297294437885,0.08310878185529794,0.05372997962709746,0.038431509073816074,56.80572123945924,11.349932735381136,53.27380518436868,8231.141190735627,8599.99701634317,,
S184,APPROACH,93.27,converged,,0.6467956130499886,0.15507347130679708,93.27000000000027,6.934658658196491,581.9502969854668,990.0679710413569,672.7301481506559,9.447641018982676,25.58818113197476,67.6818188680255,62.23228022305766,9.324096737214582,6.361057268146667,0.8247297294437885,0.08310878185529794,0.05372997962709746,0.038431509073816074,56.80572123945924,11.349932735381136,53.27380518436868,2223.6062430745756,2323.2510064931043,,
S184,IDLE,21.763,converged,,0.24294462223447522,0.10633724934698532,21.76299999999998,11.16319543419912,370.9211148925142,669.0505206373821,583.0470390900266,2.1988099494364004,7.696092758615995,14.066907241383985,34.08851049409956,2.1700566981854434,0.6654776486956859,0.8247297294437885,0.08310878185529794,0.05372997962709746,0.038431509073816074,56.80572123945924,11.349932735381136,53.27380518436868,835.2146610496912,872.6424959297142,,
S185,TAKE-OFF,310.9,converged,,2.3926608396205262,0.34902505976411474,310.8999999999665,7.695917785850062,901.5451512272988,1718.233354312079,983.1150268496588,43.7724,72.25249942371917,238.64750057624732,102.39547191158805,43.2,117.76225647217532,0.6400542128831148,0.021421638887934205,0.11456463337932779,0.22395951484962318,50.12549492591553,12.619681664712573,47.62989634800543,6919.02153213893,7465.918222290147,,
S185,APPROACH,93.27,converged,,0.6464207778310992,0.15515144110313525,93.26999999999974,6.930639839510035,581.9502969854668,990.024734866352,672.699743808342,9.447641018982676,25.588181131974242,67.6818188680255,62.23228022305766,9.324096737214582,6.353849454644708,0.6400542128831148,0.021421638887934205,0.11456463337932779,0.22395951484962318,50.12549492591553,12.619681664712573,47.62989634800543,1869.2993200593864,2017.0533928417506,,
S185,IDLE,21.763,converged,,0.24281277890810846,0.10639463639569884,21.76299999999971,11.157137293025396,370.9211148925142,669.0299548641199,583.0288174588721,2.1988099494364004,7.6960927586157215,14.066907241383985,34.08851049409956,2.1700566981854434,0.6647715053123209,0.6400542128831148,0.021421638887934205,0.11456463337932779,0.22395951484962318,50.12549492591553,12.619681664712573,47.62989634800543,702.1583743603804,757.6587206327442,,
S186,TAKE-OFF,310.9,converged,,2.393449641089268,0.34891308932780285,310.89999999996564,7.6984549407833125,901.5451512272988,1718.3411588567901,983.1719868159548,43.7724,72.25249942371836,238.64750057624732,102.39547191158805,43.2,117.83819852147084,0.5567137035541236,0.14725031546039116,0.25620410596125714,0.03983187502422802,45.692040839534286,13.277330422876243,71.8708667379186,6055.762886985665,6656.8462372940785,,
S186,APPROACH,93.27,converged,,0.6465938588587076,0.15509206597621814,93.26999999999741,6.932495538315917,581.9502969854668,990.0520142568439,672.718664260275,9.447641018982676,25.588181131971908,67.6818188680255,62.23228022305766,9.324096737214582,6.357177182890635,0.5567137035541236,0.14725031546039116,0.25620410596125714,0.03983187502422802,45.692040839534286,13.277330422876243,71.8708667379186,1635.9730433465045,1798.3565739207088,,
S186,IDLE,21.763,converged,,0.24287094846172874,0.10635092303889448,21.762999999999828,11.15981015768647,370.9211148925142,669.0428898375291,583.0402217736107,2.1988099494364004,7.696092758615844,14.066907241383985,34.08851049409956,2.1700566981854434,0.6650830120989698,0.5567137035541236,0.14725031546039116,0.25620410596125714,0.03983187502422802,45.692040839534286,13.277330422876243,71.8708667379186,614.4975230613971,675.4913626173943,,
S187,TAKE-OFF,310.9,converged,,2.394802227518594,0.3488351863622436,310.89999999996695,7.702805492180278,901.5451512272988,1718.4599394309275,983.2367938161318,43.7724,72.25249942371964,238.64750057624732,102.39547191158805,43.2,117.9684747883922,0.994127334561199,0.002129049640487735,0.0005212439011544896,0.0032223718971588254,46.25994887791374,9.212430406020008,48.46039444019588,9437.854150431911,9448.53334064477,,
S187,APPROACH,93.27,converged,,0.6469287673563561,0.15505012937293208,93.27000000000021,6.936086280222522,581.9502969854668,990.0819676290821,672.7400396979399,9.447641018982676,25.588181131974714,67.6818188680255,62.23228022305766,9.324096737214582,6.363618691642039,0.994127334561199,0.002129049640487735,0.0005212439011544896,0.0032223718971588254,46.25994887791374,9.212430406020008,48.46039444019588,2549.529678012035,2552.4145406037683,,
S187,IDLE,21.763,converged,,0.2429919604965082,0.1063200723241284,21.763000000000048,11.16537060591406,370.9211148925142,669.0571854561132,583.0529547297891,2.1988099494364004,7.696092758616061,14.066907241383985,34.08851049409956,2.1700566981854434,0.6657312784138214,0.994127334561199,0.002129049640487735,0.0005212439011544896,0.0032223718971588254,46.25994887791374,9.212430406020008,48.46039444019588,957.6250834165181,958.7086624012538,,
S188,TAKE-OFF,310.9,converged,,2.394433114227748,0.3488670846604351,310.8999999999651,7.7016182509746445,901.5451512272988,1718.4213586087976,983.2160419167291,43.7724,72.25249942371778,238.64750057624732,102.39547191158805,43.2,117.93291614273502,0.9001072500832379,0.041783927670162264,0.02379218171415316,0.034316640532446686,62.71940046561898,19.73734460904265,51.885272272557245,8782.670306580398,9047.74555723529,,
S188,APPROACH,93.27,converged,,0.6468409346162759,0.15506715527941367,93.26999999999997,6.935144576136765,581.9502969854668,990.072225142198,672.733174679589,9.447641018982676,25.588181131974476,67.6818188680255,62.23228022305766,9.324096737214582,6.361929040115691,0.9001072500832379,0.041783927670162264,0.02379218171415316,0.034316640532446686,62.71940046561898,19.73734460904265,51.885272272557245,2372.582736088375,2444.1911355289053,,
S188,IDLE,21.763,converged,,0.24296092379218998,0.10633260241328614,21.762999999999955,11.163944483397989,370.9211148925142,669.0525494971372,583.0488441899139,2.1988099494364004,7.69609275861597,14.066907241383985,34.08851049409956,2.1700566981854434,0.665564984117665,0.9001072500832379,0.041783927670162264,0.02379218171415316,0.034316640532446686,62.71940046561898,19.73734460904265,51.885272272557245,891.1694707067302,918.0664123631398,,
S189,TAKE-OFF,310.9,converged,,2.393626069468196,0.3488923284053013,310.89999999996405,7.699022417074534,901.5451512272988,1718.3627919459118,983.1834936132794,43.7724,72.25249942371669,238.64750057624732,102.39547191158805,43.2,117.85518747976238,0.5882343524135649,0.1286525876358978,0.2691546447388091,0.013958415211728184,35.45204859931854,1.429536142974912,34.80080129484754,6227.889380959106,6150.081304290402,,
S189,APPROACH,93.27,converged,,0.6466340007569816,0.15508103411119867,93.27000000000017,6.932925922129093,581.9502969854668,990.057484042869,672.7224805238459,9.447641018982676,25.588181131974665,67.6818188680255,62.23228022305766,9.324096737214582,6.357949089463032,0.5882343524135649,0.1286525876358978,0.2691546447388091,0.013958415211728184,35.45204859931854,1.429536142974912,34.80080129484754,1682.453695692011,1661.433976468002,,
S189,IDLE,21.763,converged,,0.24288475662711267,0.10634280223695425,21.76299999999984,11.160444636636239,370.9211148925142,669.0454868255326,583.0425162905427,2.1988099494364004,7.696092758615856,14.066907241383985,34.08851049409956,2.1700566981854434,0.6651569673939141,0.5882343524135649,0.1286525876358978,0.2691546447388091,0.013958415211728184,35.45204859931854,1.429536142974912,34.80080129484754,631.9530923770843,624.0577924359783,,
S190,TAKE-OFF,310.9,converged,,2.39365012463101,0.3489446532157928,310.8999999999623,7.699099789743648,901.5451512272988,1718.3337877909344,983.169170849803,43.7724,72.25249942371497,238.64750057624732,102.39547191158805,43.2,117.85750393541839,0.7335335621610284,0.11500161821719417,0.029902926902091325,0.12156189271968613,32.768166419513896,5.525656845688372,42.61534035559253,7702.697319287127,7919.490219561076,,
S190,APPROACH,93.27,converged,,0.6466579191519478,0.15510847062362396,93.26999999999612,6.933182364661464,581.9502969854668,990.0500980566632,672.7176511282994,9.447641018982676,25.588181131970618,67.6818188680255,62.23228022305766,9.324096737214582,6.358409048787045,0.7335335621610284,0.11500161821719417,0.029902926902091325,0.12156189271968613,32.768166419513896,5.525656845688372,42.61534035559253,2080.9266020510586,2139.4944120812224,,
S190,IDLE,21.763,converged,,0.24289692877234842,0.10636301214675557,21.762999999999977,11.161003941200601,370.9211148925142,669.0420305806961,583.0395320629872,2.1988099494364004,7.696092758615993,14.066907241383985,34.08851049409956,2.1700566981854434,0.6652221636443537,0.7335335621610284,0.11500161821719417,0.029902926902091325,0.12156189271968613,32.768166419513896,5.525656845688372,42.61534035559253,781.6353371219029,803.6345128219479,,
S191,TAKE-OFF,310.9,converged,,2.394019718794106,0.3488851333079696,310.899999999967,7.70028857765957,901.5451512272988,1718.3883929723024,983.1978946419244,43.7724,72.25249942371968,238.64750057624732,102.39547191158805,43.2,117.89309778206551,0.7937498120591044,0.03810905617464318,0.1270935115577414,0.04104762020851097,21.49721625026018,9.164277732158864,54.33330883397168,7868.215328100518,7968.872211156257,,
S191,APPROACH,93.27,converged,,0.6467366487781158,0.1550769497611687,93.27000000000017,6.934026469155298,581.9502969854668,990.0639197238722,672.7272003871954,9.447641018982676,25.58818113197466,67.6818188680255,62.23228022305766,9.324096737214582,6.359923162621275,0.7937498120591044,0.03810905617464318,0.1270935115577414,0.04104762020851097,21.49721625026018,9.164277732158864,54.33330883397168,2125.5728067785285,2152.7649366982896,,
S191,IDLE,21.763,converged,,0.24292286373025937,0.10633980498159358,21.76299999999975,11.162195640778485,370.9211148925142,669.0485782397739,583.0452969277002,2.1988099494364004,7.696092758615762,14.066907241383985,34.08851049409956,2.1700566981854434,0.6653610864679838,0.7937498120591044,0.03810905617464318,0.1270935115577414,0.04104762020851097,21.49721625026018,9.164277732158864,54.33330883397168,798.3933402650827,808.6070649450024,,
S192,TAKE-OFF,310.9,converged,,2.3939294554270907,0.348917862645148,310.89999999996434,7.699998248399375,901.5451512272988,1718.3645163907277,983.1856374550991,43.7724,72.252499423717,238.64750057624732,102.39547191158805,43.2,117.88440446403105,0.791529546957463,0.0930220219484936,0.023869139051661287,0.09157929204238209,22.593083719259326,3.2298996385464265,25.636607292520765,8087.376028617349,7980.710785568607,,
S192,APPROACH,93.27,converged,,0.6467235065235204,0.1550941937455629,93.27000000000253,6.933885563670021,581.9502969854668,990.0578619452322,672.7231036761425,9.447641018982676,25.588181131977034,67.6818188680255,62.23228022305766,9.324096737214582,6.359670400923933,0.791529546957463,0.0930220219484936,0.023869139051661287,0.09157929204238209,22.593083719259326,3.2298996385464265,25.636607292520765,2184.816336982896,2156.0005672231478,,
S192,IDLE,21.763,converged,,0.2429199244040045,0.10635250391429178,21.76300000000005,11.162060580067267,370.9211148925142,669.0457223827777,583.0428015372278,2.1988099494364004,7.696092758616064,14.066907241383985,34.08851049409956,2.1700566981854434,0.6653453410028126,0.791529546957463,0.0930220219484936,0.023869139051661287,0.09157929204238209,22.593083719259326,3.2298996385464265,25.636607292520765,820.6527427300448,809.8290684069798,,
S193,TAKE-OFF,310.9,converged,,2.393562829438215,0.3489223699918361,310.89999999996184,7.698819007521741,901.5451512272988,1718.341944560514,983.1728574269079,43.7724,72.2524994237145,238.64750057624732,102.39547191158805,43.2,117.84909771960966,0.727939912583679,0.021693289443368673,0.165752512860742,0.08461428511221038,62.68460066742151,15.97009698812396,49.51279377154192,7361.307970241331,7768.558984756019,,
S193,APPROACH,93.27,converged,,0.646627169799429,0.1550968467476882,93.27000000000531,6.932852683600217,581.9502969854668,990.0521914510633,672.7189205646375,9.447641018982676,25.588181131979812,67.6818188680255,62.23228022305766,9.324096737214582,6.357817730681549,0.727939912583679,0.021693289443368673,0.165752512860742,0.08461428511221038,62.68460066742151,15.97009698812396,49.51279377154192,1988.6763281398128,2098.6962397438824,,
S193,IDLE,21.763,converged,,0.2428840231273763,0.1063544476747584,21.762999999999835,11.160410932655338,370.9211148925142,669.0429946790048,583.0403428685411,2.1988099494364004,7.69609275861585,14.066907241383985,34.08851049409956,2.1700566981854434,0.6651530387340685,0.727939912583679,0.021693289443368673,0.165752512860742,0.08461428511221038,62.68460066742151,15.97009698812396,49.51279377154192,746.9802226630821,788.3055489137613,,
S194,TAKE-OFF,310.9,converged,,2.3929625066334332,0.34900028069127875,310.8999999999658,7.696888088239614,901.5451512272988,1718.2641292200692,983.1316116147132,43.7724,72.25249942371853,238.64750057624732,102.39547191158805,43.2,117.7912967103698,0.5899062715470791,0.14126948114834337,0.0898790352300688,0.17894521207450878,53.65413496870791,9.532225454976901,29.89889431888878,6648.928581888532,7054.614421025365,,
S194,APPROACH,93.27,converged,,0.6464930056141605,0.1551382008686245,93.27,6.931414234096285,581.9502969854668,990.0325074594939,672.7052296981012,9.447641018982676,25.588181131974498,67.6818188680255,62.23228022305766,9.324096737214582,6.355238032692569,0.5899062715470791,0.14126948114834337,0.0898790352300688,0.17894521207450878,53.65413496870791,9.532225454976901,29.89889431888878,1796.3030390586391,1905.9048638894242,,
S194,IDLE,21.763,converged,,0.24283839171297447,0.10638489198414892,21.762999999998698,11.158314189817075,370.9211148925142,669.0336552777892,583.0321003847151,2.1988099494364004,7.696092758614712,14.066907241383985,34.08851049409956,2.1700566981854434,0.664908656981292,0.5899062715470791,0.14126948114834337,0.0898790352300688,0.17894521207450878,53.65413496870791,9.532225454976901,29.89889431888878,674.7348188550513,715.9039121624578,,
S195,TAKE-OFF,310.9,converged,,2.394536914118628,0.34885056271429826,310.8999999999631,7.701952120035098,901.5451512272988,1718.4365833872835,983.2240535787187,43.7724,72.2524994237158,238.64750057624732,102.39547191158805,43.2,117.9429152086006,0.9062492791563272,0.03332528557450329,0.05023426848871265,0.010191166780456812,28.107551792239562,6.197272337572159,36.355930021875984,8761.746864324909,8759.626134246719,,
S195,APPROACH,93.27,converged,,0.6468631085642964,0.15505840512377686,93.2700000000002,6.935382315474377,581.9502969854668,990.0760781820063,672.7358376416852,9.447641018982676,25.588181131974693,67.6818188680255,62.23228022305766,9.324096737214582,6.362355582971371,0.9062492791563272,0.03332528557450329,0.05023426848871265,0.010191166780456812,28.107551792239562,6.197272337572159,36.355930021875984,2366.90893328609,2366.3360366885413,,
S195,IDLE,21.763,converged,,0.24296824275368406,0.10632616034434254,21.763000000000037,11.164280786366017,370.9211148925142,669.0543748383333,583.0504515086568,2.1988099494364004,7.696092758616053,14.066907241383985,34.08851049409956,2.1700566981854434,0.6656041971978147,0.9062492791563272,0.03332528557450329,0.05023426848871265,0.010191166780456812,28.107551792239562,6.197272337572159,36.355930021875984,889.0346298383105,888.8194441556783,,
S196,TAKE-OFF,310.9,converged,,2.3948308202512543,0.3488323859251878,310.89999999996525,7.702897459799041,901.5451512272988,1718.4631190341986,983.2384963069405,43.7724,72.25249942371795,238.64750057624732,102.39547191158805,43.2,117.97122949696306,0.9997214758768678,0.00011374809036232671,0.00015797622817695413,6.799804592948003e-06,29.156593474697694,10.787216560090622,32.290943078985386,9474.48615581715,9474.547068702523,,
S196,APPROACH,93.27,converged,,0.6469354608077416,0.15504863764706922,93.26999999999997,6.936158044470266,581.9502969854668,990.0827708817723,672.7406034352261,9.447641018982676,25.58818113197447,67.6818188680255,62.23228022305766,9.324096737214582,6.36374746355685,0.9997214758768678,0.00011374809036232671,0.00015797622817695413,6.799804592948003e-06,29.156593474697694,10.787216560090622,32.290943078985386,2559.4213233346777,2559.437778236307,,
S196,IDLE,21.763,converged,,0.2429943031456785,0.10631897440287093,21.762999999999924,11.165478249583208,370.9211148925142,669.0575673234251,583.0532928316728,2.1988099494364004,7.6960927586159364,14.066907241383985,34.08851049409956,2.1700566981854434,0.6657438311245303,0.9997214758768678,0.00011374809036232671,0.00015797622817695413,6.799804592948003e-06,29.156593474697694,10.787216560090622,32.290943078985386,961.3397913655655,961.3459719625447,,
S197,TAKE-OFF,310.9,converged,,2.3925829423143288,0.34905080361876506,310.8999999999666,7.695667231632634,901.5451512272988,1718.2142022676285,983.105171207554,43.7724,72.25249942371926,238.64750057624732,102.39547191158805,43.2,117.75475818849436,0.5589344603940845,0.15451510450078,0.03636696474399071,0.25018347036114486,46.453276487545196,10.178849105244025,47.36791417891362,6573.651977046909,7358.860491703398,,
S197,APPROACH,93.27,converged,,0.6464085943410692,0.1551650121906367,93.27000000000237,6.930509213477569,581.9502969854668,990.01987531994,672.6964506034589,9.447641018982676,25.58818113197687,67.6818188680255,62.23228022305766,9.324096737214582,6.3536152418473435,0.5589344603940845,0.15451510450078,0.03636696474399071,0.25018347036114486,46.453276487545196,10.178849105244025,47.36791417891362,1776.0158107873156,1988.1570591625025,,
S197,IDLE,21.763,converged,,0.24280977306035947,0.1064046309975069,21.7629999999999,11.15699917568169,370.9211148925142,669.0276625685942,583.0268130283974,2.1988099494364004,7.696092758615912,14.066907241383985,34.08851049409956,2.1700566981854434,0.664755410479363,0.5589344603940845,0.15451510450078,0.03636696474399071,0.25018347036114486,46.453276487545196,10.178849105244025,47.36791417891362,667.1229308274687,746.8093224157927,,
S198,TAKE-OFF,310.9,converged,,2.393717249890238,0.3489132225712093,310.8999999999654,7.6993156960132,901.5451512272988,1718.3556512093385,983.1803288647061,43.7724,72.25249942371812,238.64750057624732,102.39547191158805,43.2,117.86396805782871,0.6339117218740284,0.1728670023273232,0.13766231811138185,0.0555589576872665,45.959193431483655,2.7208202584885632,33.68242088599089,6817.569726744291,7089.992062231145,,
S198,APPROACH,93.27,converged,,0.64666532200321,0.15509192571977728,93.27000000000807,6.933261734782397,581.9502969854668,990.0556485593752,672.7213855615263,9.447641018982676,25.58818113198257,67.6818188680255,62.23228022305766,9.324096737214582,6.358551411570349,0.6339117218740284,0.1728670023273232,0.13766231811138185,0.0555589576872665,45.959193431483655,2.7208202584885632,33.68242088599089,1841.7738865467886,1915.3690771677989,,
S198,IDLE,21.763,converged,,0.2428977921948397,0.10635082731573725,21.76299999999978,11.161043615073387,370.9211148925142,669.0446443508511,583.0418117684192,2.1988099494364004,7.696092758615796,14.066907241383985,34.08851049409956,2.1700566981854434,0.6652267884127611,0.6339117218740284,0.1728670023273232,0.13766231811138185,0.0555589576872665,45.959193431483655,2.7208202584885632,33.68242088599089,691.7995994875746,719.4431249863998,,
S199,TAKE-OFF,310.9,converged,,2.393865145875931,0.34891680070290054,310.8999999999646,7.699791398765529,901.5451512272988,1718.3616303178715,983.1839294761085,43.7724,72.2524994237173,238.64750057624732,102.39547191158805,43.2,117.87821096440086,0.8230573483742774,0.025410236335453047,0.056848234255051366,0.09468418103521824,38.74783909751892,11.366387041421946,32.09530389491418,8216.696528958233,8294.60464037799,,
S199,APPROACH,93.27,converged,,0.6467059886416551,0.15509368704223372,93.27000000000707,6.933697744629635,581.9502969854668,990.0571404166388,672.7225496052249,9.447641018982676,25.588181131981575,67.6818188680255,62.23228022305766,9.324096737214582,6.359333491514285,0.8230573483742774,0.025410236335453047,0.056848234255051366,0.09468418103521824,38.74783909751892,11.366387041421946,32.09530389491418,2219.7519610838567,2240.7989454161684,,
S199,IDLE,21.763,converged,,0.2429132813841849,0.10635212886336205,21.763000000000048,11.16175533631321,370.9211148925142,669.0453718994371,583.0424810057676,2.1988099494364004,7.696092758616061,14.066907241383985,34.08851049409956,2.1700566981854434,0.6653097561590917,0.8230573483742774,0.025410236335453047,0.056848234255051366,0.09468418103521824,38.74783909751892,11.366387041421946,32.09530389491418,833.7749181176024,841.6805075464894,,
S200,TAKE-OFF,310.9,converged,,2.394276240626783,0.3488788149272148,310.899999999968,7.701113672007172,901.5451512272988,1718.4060206322006,983.2077488946156,43.7724,72.25249942372068,238.64750057624732,102.39547191158805,43.2,117.91780526112646,0.8643479910679162,0.04862400261287258,0.041664010460339566,0.04536399585887169,33.09946033711949,11.81300758834139,39.018001875242085,8513.339937411116,8601.950012401892,,
S200,APPROACH,93.27,converged,,0.6468029936700734,0.15507343313798963,93.26999999999992,6.9347377899654115,581.9502969854668,990.0683538129977,672.7304341584742,9.447641018982676,25.588181131974427,67.6818188680255,62.23228022305766,9.324096737214582,6.3611992322901445,0.8643479910679162,0.04862400261287258,0.041664010460339566,0.04536399585887169,33.09946033711949,11.81300758834139,39.018001875242085,2299.840621651495,2323.7782362010844,,
S200,IDLE,21.763,converged,,0.2429473918475381,0.10633722201771802,21.76299999999979,11.163322696665922,370.9211148925142,669.0507053279364,583.047206335005,2.1988099494364004,7.696092758615804,14.066907241383985,34.08851049409956,2.1700566981854434,0.6654924864732401,0.8643479910679162,0.04862400261287258,0.041664010460339566,0.04536399585887169,33.09946033711949,11.81300758834139,39.018001875242085,863.8492495603045,872.8405205945895,,
S201,TAKE-OFF,310.9,converged,,2.3938608274794393,0.3488977357235578,310.899999999964,7.6997775087800475,901.5451512272988,1718.372440579284,983.1892874373116,43.7724,72.25249942371664,238.64750057624732,102.39547191158805,43.2,117.8777950756228,0.6786806569434702,0.13928542569127744,0.1420536784651623,0.03998023890009003,29.40975533295503,7.045187042271088,30.62103796750891,7094.705302321023,7102.4360210504365,,
S201,APPROACH,93.27,converged,,0.6466984599097368,0.15508368696234084,93.27000000000514,6.933617024870818,581.9502969854668,990.0598922352845,672.7243546361244,9.447641018982676,25.58818113197964,67.6818188680255,62.23228022305766,9.324096737214582,6.359188699255774,0.6786806569434702,0.13928542569127744,0.1420536784651623,0.03998023890009003,29.40975533295503,7.045187042271088,30.62103796750891,1916.6256199427519,1918.7140637816408,,
S201,IDLE,21.763,converged,,0.24290929170378978,0.10634476290880746,21.762999999999934,11.161572012304854,370.9211148925142,669.0466604781418,583.0435948512383,2.1988099494364004,7.696092758615949,14.066907241383985,34.08851049409956,2.1700566981854434,0.6652883849773913,0.6786806569434702,0.13928542569127744,0.1420536784651623,0.03998023890009003,29.40975533295503,7.045187042271088,30.62103796750891,719.9122940026986,720.6967437039372,,
S202,TAKE-OFF,310.9,converged,,2.3928446221526176,0.3489949270575492,310.8999999999662,7.6965089165419025,901.5451512272988,1718.2608131715315,983.1294626669547,43.7724,72.25249942371889,238.64750057624732,102.39547191158805,43.2,117.77994804143444,0.5034235836938024,0.17658820414522505,0.1652544243366991,0.1547337878242735,23.880061636740507,11.199063017147243,27.902385143951534,5923.392685542763,5873.220571136816,,
S202,APPROACH,93.27,converged,,0.6464597534000107,0.15513548412545095,93.26999999999974,6.931057718451941,581.9502969854668,990.0316872123831,672.7045445437847,9.447641018982676,25.588181131974235,67.6818188680255,62.23228022305766,9.324096737214582,6.354598740954276,0.5034235836938024,0.17658820414522505,0.1652544243366991,0.1547337878242735,23.880061636740507,11.199063017147243,27.902385143951534,1600.2856764442142,1586.7309924475376,,
S202,IDLE,21.763,converged,,0.2428255783006476,0.10638288745577658,21.762999999999984,11.157725419319386,370.9211148925142,669.0332482102604,583.0317165134688,2.1988099494364004,7.696092758615999,14.066907241383985,34.08851049409956,2.1700566981854434,0.6648400418818067,0.5034235836938024,0.17658820414522505,0.1652544243366991,0.1547337878242735,23.880061636740507,11.199063017147243,27.902385143951534,601.1051620538561,596.0137020474683,,
S203,TAKE-OFF,310.9,converged,,2.3944067672234013,0.34887357305789396,310.8999999999637,7.701533506669928,901.5451512272988,1718.4161646861166,983.2133471658083,43.7724,72.25249942371643,238.64750057624732,102.39547191158805,43.2,117.93037819605082,0.9379227897152305,0.0042632141062942325,0.007055937826248373,0.05075805835222692,40.758905226204355,14.229614367786956,38.59495627676497,9064.26519022251,9125.04730126545,,
S203,APPROACH,93.27,converged,,0.6468360738544399,0.15507058031087698,93.26999999999985,6.935092461181954,581.9502969854668,990.0709088374459,672.7322761891573,9.447641018982676,25.58818113197435,67.6818188680255,62.23228022305766,9.324096737214582,6.361835539318201,0.9379227897152305,0.0042632141062942325,0.007055937826248373,0.05075805835222692,40.758905226204355,14.229614367786956,38.59495627676497,2448.6623527287925,2465.0823121967446,,
S203,IDLE,21.763,converged,,0.24295949421644392,0.10633512442046054,21.76299999999986,11.163878795039539,370.9211148925142,669.0519276636571,583.0482990485939,2.1988099494364004,7.6960927586158725,14.066907241383985,34.08851049409956,2.1700566981854434,0.6655573249567683,0.9379227897152305,0.0042632141062942325,0.007055937826248373,0.05075805835222692,40.758905226204355,14.229614367786956,38.59495627676497,919.7473529587244,925.9148893850956,,
S204,TAKE-OFF,310.9,converged,,2.3944991853636077,0.34886179627243824,310.89999999996587,7.701830766689838,901.5451512272988,1718.4280202466844,983.2196350123419,43.7724,72.25249942371855,238.64750057624732,102.39547191158805,43.2,117.93928074157064,0.9064022302627563,0.048187352787719434,0.017785429106797913,0.027624987842726306,21.587627882452537,19.512630209729608,63.9600413490677,8836.208502222242,8924.804625115734,,
S204,APPROACH,93.27,converged,,0.6468567978380133,0.15506432869760178,93.26999999999994,6.935314654637223,581.9502969854668,990.0739069301283,672.7343626538844,9.447641018982676,25.58818113197445,67.6818188680255,62.23228022305766,9.324096737214582,6.362234187054199,0.9064022302627563,0.048187352787719434,0.017785429106797913,0.027624987842726306,21.587627882452537,19.512630209729608,63.9600413490677,2387.038413591509,2410.972021381417,,
S204,IDLE,21.763,converged,,0.24296655810232648,0.1063305223335497,21.76299999999992,11.164203377398676,370.9211148925142,669.053350237363,583.0495547996825,2.1988099494364004,7.696092758615932,14.066907241383985,34.08851049409956,2.1700566981854434,0.665595171176724,0.9064022302627563,0.048187352787719434,0.017785429106797913,0.027624987842726306,21.587627882452537,19.512630209729608,63.9600413490677,896.5979940951376,905.5877215388633,,
S205,TAKE-OFF,310.9,converged,,2.392595880329641,0.34902327220607865,310.89999999996706,7.69570884634897,901.5451512272988,1718.230853730257,983.1135078190094,43.7724,72.25249942371977,238.64750057624732,102.39547191158805,43.2,117.75600356725138,0.5974437575787306,0.0382198675177853,0.1510224330392813,0.21331394186420283,24.467315995141597,0.023393493254820097,46.89030390875192,6563.172966695285,6823.015372239674,,
S205,APPROACH,93.27,converged,,0.6464028429260389,0.15515055408162118,93.26999999999983,6.930447549330332,581.9502969854668,990.0241114752305,672.6992534971905,9.447641018982676,25.588181131974334,67.6818188680255,62.23228022305766,9.324096737214582,6.353504679345233,0.5974437575787306,0.0382198675177853,0.1510224330392813,0.21331394186420283,24.467315995141597,0.023393493254820097,46.89030390875192,1773.159311677261,1843.3604146037999,,
S205,IDLE,21.763,converged,,0.24280593488916488,0.1063939811528702,21.763000000000016,11.156822813452406,370.9211148925142,669.0296502306925,583.0285364269108,2.1988099494364004,7.69609275861603,14.066907241383985,34.08851049409956,2.1700566981854434,0.6647348592414812,0.5974437575787306,0.0382198675177853,0.1510224330392813,0.21331394186420283,24.467315995141597,0.023393493254820097,46.89030390875192,666.0453447734711,692.4147282204419,,
S206,TAKE-OFF,310.9,converged,,2.3940453464278524,0.3489029961861338,310.8999999999666,7.700371008131585,901.5451512272988,1718.379439121708,983.1935503048859,43.7724,72.2524994237193,238.64750057624732,102.39547191158805,43.2,117.89556605166491,0.7096604849211872,0.1973722916522668,0.037756132872030446,0.05521109055451557,45.59486481010907,6.18338181331028,62.62222689868067,7527.66045751927,8075.043937431278,,
S206,APPROACH,93.27,converged,,0.6467494626345561,0.15508630221863753,93.26999999999454,6.934163853699946,581.9502969854668,990.061636127523,672.72572970016,9.447641018982676,25.58818113196905,67.6818188680255,62.23228022305766,9.324096737214582,6.360169613045805,0.7096604849211872,0.1973722916522668,0.037756132872030446,0.05521109055451557,45.59486481010907,6.18338181331028,62.62222689868067,2033.591537044306,2181.4667525310792,,
S206,IDLE,21.763,converged,,0.24292876478939285,0.10634669446998252,21.763000000000023,11.162466791774692,370.9211148925142,669.0475131789995,583.0443822111304,2.1988099494364004,7.696092758616038,14.066907241383985,34.08851049409956,2.1700566981854434,0.6653926979765158,0.7096604849211872,0.1973722916522668,0.037756132872030446,0.05521109055451557,45.59486481010907,6.18338181331028,62.62222689868067,763.8473763363287,819.3915174861843,,
S207,TAKE-OFF,310.9,converged,,2.3937090286752434,0.3489232938361946,310.89999999996263,7.699289252735706,901.5451512272988,1718.3493689045795,983.1771696130347,43.7724,72.2524994237153,238.64750057624732,102.39547191158805,43.2,117.8631763504199,0.7708685523830354,0.037175421921157255,0.09727761864520021,0.09467840705060712,63.149964688915084,8.423482084936301,39.54463246755501,7790.800347932123,8038.531668370006,,
S207,APPROACH,93.27,converged,,0.6466664961115188,0.15509721667644197,93.2700000000131,6.9332743230559455,581.9502969854668,990.0540514653874,672.7203247167455,9.447641018982676,25.588181131987593,67.6818188680255,62.23228022305766,9.324096737214582,6.358573990760488,0.7708685523830354,0.037175421921157255,0.09727761864520021,0.09467840705060712,63.149964688915084,8.423482084936301,39.54463246755501,2104.704248740662,2171.6294861214583,,
S207,IDLE,21.763,converged,,0.2428988471816405,0.10635472430299603,21.763000000000034,11.161092091239265,370.9211148925142,669.0438944117041,583.041160641068,2.1988099494364004,7.696092758616046,14.066907241383985,34.08851049409956,2.1700566981854434,0.6652324392825166,0.7708685523830354,0.037175421921157255,0.09727761864520021,0.09467840705060712,63.149964688915084,8.423482084936301,39.54463246755501,790.5624286266486,815.7006770203765,,
S208,TAKE-OFF,310.9,converged,,2.3940475745322405,0.34889514680641764,310.89999999996496,7.700378174758797,901.5451512272988,1718.3841080989398,983.1958817619175,43.7724,72.25249942371762,238.64750057624732,102.39547191158805,43.2,117.89578064786842,0.7519065486267209,0.12701651803201003,0.07106868563184006,0.05000824770942901,47.402322458009635,4.325374036418639,46.24118852765872,7724.698201490867,8043.838813105459,,
S208,APPROACH,93.27,converged,,0.6467474318724656,0.15508218190828565,93.26999999999992,6.934142080759796,581.9502969854668,990.0628237860715,672.7265137841855,9.447641018982676,25.58818113197443,67.6818188680255,62.23228022305766,9.324096737214582,6.3601305548458456,0.7519065486267209,0.12701651803201003,0.07106868563184006,0.05000824770942901,47.402322458009635,4.325374036418639,46.24118852765872,2086.812633529306,2173.0278671627784,,
S208,IDLE,21.763,converged,,0.24292752354992064,0.10634365961861988,21.762999999999778,11.162409757382857,370.9211148925142,669.0480700997629,583.0448647111981,2.1988099494364004,7.696092758615793,14.066907241383985,34.08851049409956,2.1700566981854434,0.6653860486935707,0.7519065486267209,0.12701651803201003,0.07106868563184006,0.05000824770942901,47.402322458009635,4.325374036418639,46.24118852765872,783.8364718484548,816.2201384340647,,
S209,TAKE-OFF,310.9,converged,,2.393210749237817,0.34897148570009895,310.89999999996667,7.69768655271172,901.5451512272988,1718.2943234990885,983.1476809999753,43.7724,72.25249942371931,238.64750057624732,102.39547191158805,43.2,117.81519662585235,0.6895614629611373,0.05156084333278029,0.1063012686469766,0.15257642505910582,49.18843106376734,13.829616650992872,43.222776940043794,7251.332356093144,7660.346805498949,,
S209,APPROACH,93.27,converged,,0.6465496302620739,0.15512289566845658,93.26999999999992,6.932021338716354,581.9502969854668,990.0401426105377,672.710559202418,9.447641018982676,25.588181131974427,67.6818188680255,62.23228022305766,9.324096737214582,6.356326744394948,0.6895614629611373,0.05156084333278029,0.1063012686469766,0.15257642505910582,49.18843106376734,13.829616650992872,43.222776940043794,1959.019386500987,2069.5186984062966,,
S209,IDLE,21.763,converged,,0.24285790005869112,0.10637362511787489,21.76300000000005,11.159210589472524,370.9211148925142,669.0372809282017,583.0353042789802,2.1988099494364004,7.696092758616066,14.066907241383985,34.08851049409956,2.1700566981854434,0.665013129716029,0.6895614629611373,0.05156084333278029,0.1063012686469766,0.15257642505910582,49.18843106376734,13.829616650992872,43.222776940043794,735.8496735773371,777.3555837058082,,
S210,TAKE-OFF,310.9,converged,,2.3943700306300326,0.3488768359591033,310.8999999999614,7.701415344581312,901.5451512272988,1718.4122739264567,983.2112564503977,43.7724,72.25249942371411,238.64750057624732,102.39547191158805,43.2,117.92683948856781,0.61659647943452,0.3734453938004215,0.008986991128194299,0.0009711356368641476,55.513750733801814,-1.279749318498999,51.88150157483773,6989.987436971885,8054.104926470632,,
S210,APPROACH,93.27,converged,,0.6468273614432162,0.15507232115171735,93.26999999999991,6.934999050533041,581.9502969854668,990.0699261910331,672.7315843769677,9.447641018982676,25.588181131974412,67.6818188680255,62.23228022305766,9.324096737214582,6.361667950521228,0.61659647943452,0.3734453938004215,0.008986991128194299,0.0009711356368641476,55.513750733801814,-1.279749318498999,51.88150157483773,1888.3109429782062,2175.777081959632,,
S210,IDLE,21.763,converged,,0.24295642158336386,0.10633640562295293,21.76299999999992,11.163737608940162,370.9211148925142,669.0514601588375,583.0478846589263,2.1988099494364004,7.696092758615936,14.066907241383985,34.08851049409956,2.1700566981854434,0.6655408630219641,0.61659647943452,0.3734453938004215,0.008986991128194299,0.0009711356368641476,55.513750733801814,-1.279749318498999,51.88150157483773,709.2731335901716,817.2489995113049,,
S211,TAKE-OFF,310.9,converged,,2.3944792260479955,0.3488584788310196,310.89999999996735,7.701766568183489,901.5451512272988,1718.4288556060492,983.219965824925,43.7724,72.25249942372001,238.64750057624732,102.39547191158805,43.2,117.93735805317806,0.9263105005957186,0.007031193859478243,0.04106994601949427,0.025588359525308867,38.86441716275673,6.9611455460361,29.69556008754666,8912.155152387584,8917.686915854929,,
S211,APPROACH,93.27,converged,,0.6468503616201433,0.1550626037885459,93.27000000000022,6.935245648334318,581.9502969854668,990.0741234750556,672.7344804717033,9.447641018982676,25.588181131974725,67.6818188680255,62.23228022305766,9.324096737214582,6.362110378291409,0.9263105005957186,0.007031193859478243,0.04106994601949427,0.025588359525308867,38.86441716275673,6.9611455460361,29.69556008754666,2407.55096992484,2409.045333776622,,
S211,IDLE,21.763,converged,,0.2429639389091222,0.10632925126959203,21.76299999999995,11.16408302665638,370.9211148925142,669.0534478466786,583.0496339039769,2.1988099494364004,7.696092758615962,14.066907241383985,34.08851049409956,2.1700566981854434,0.6655811381883137,0.9263105005957186,0.007031193859478243,0.04106994601949427,0.025588359525308867,38.86441716275673,6.9611455460361,29.69556008754666,904.3019861847459,904.8632852874982,,
S212,TAKE-OFF,310.9,converged,,2.394674906035659,0.3488453977565981,310.89999999996513,7.70239596666429,901.5451512272988,1718.447089817027,983.2298636779399,43.7724,72.25249942371781,238.64750057624732,102.39547191158805,43.2,117.95620864118523,0.9577772389166057,0.018187932331387744,0.012004969800171527,0.012029858951835018,16.088617404730595,0.03102324941470691,43.87713699991652,9178.787474954117,9163.45196739009,,
S212,APPROACH,93.27,converged,,0.6468982059909525,0.15505558688736135,93.27000000000356,6.9357586146770425,581.9502969854668,990.0787237788547,672.7377484704671,9.447641018982676,25.588181131978068,67.6818188680255,62.23228022305766,9.324096737214582,6.363030753221243,0.9577772389166057,0.018187932331387744,0.012004969800171527,0.012029858951835018,16.088617404730595,0.03102324941470691,43.87713699991652,2479.560434593548,2475.417695925295,,
S212,IDLE,21.763,converged,,0.24298110720301347,0.1063240884647546,21.762999999999824,11.164871901990322,370.9211148925142,669.0556410298934,583.0515841735488,2.1988099494364004,7.696092758615839,14.066907241383985,34.08851049409956,2.1700566981854434,0.6656731242866486,0.9577772389166057,0.018187932331387744,0.012004969800171527,0.012029858951835018,16.088617404730595,0.03102324941470691,43.87713699991652,931.3464378084115,929.7903858374173,,
S213,TAKE-OFF,310.9,converged,,2.392494966320118,0.34901043219590216,310.8999999999645,7.695384259634581,901.5451512272988,1718.2327980484692,983.1140470900444,43.7724,72.25249942371721,238.64750057624732,102.39547191158805,43.2,117.74629002523581,0.5226292959414423,0.046312859231036535,0.25165817187048384,0.17939967295703738,68.58160498056847,2.687536275100047,31.325335249542313,5855.803514728779,5957.231230133426,,
S213,APPROACH,93.27,converged,,0.6463716170148357,0.1551438953277164,93.27000000002512,6.9301127588148566,581.9502969854668,990.0246268163011,672.699467962077,9.447641018982676,25.58818113199961,67.6818188680255,62.23228022305766,9.324096737214582,6.352904423499634,0.5226292959414423,0.046312859231036535,0.25165817187048384,0.17939967295703738,68.58160498056847,2.687536275100047,31.325335249542313,1582.0410241272623,1609.4433791328652,,
S213,IDLE,21.763,converged,,0.24279342602777892,0.10638907332912492,21.762999999999604,11.15624803693348,370.9211148925142,669.0298723135033,583.0287015146923,2.1988099494364004,7.6960927586156185,14.066907241383985,34.08851049409956,2.1700566981854434,0.6646678835121955,0.5226292959414423,0.046312859231036535,0.25165817187048384,0.17939967295703738,68.58160498056847,2.687536275100047,31.325335249542313,594.254373572746,604.5473868764027,,
S214,TAKE-OFF,310.9,converged,,2.393259219520212,0.34896357137216405,310.8999999999635,7.697842455839475,901.5451512272988,1718.301546950775,983.1514790160655,43.7724,72.2524994237162,238.64750057624732,102.39547191158805,43.2,117.81986344884163,0.6585286483168602,0.08672212202026022,0.11952455298074764,0.13522467668213192,50.93725294642894,11.37773439196239,37.82584955060337,7021.247556030649,7397.2670314151665,,
S214,APPROACH,93.27,converged,,0.6465599198043254,0.1551187046317441,93.26999999999964,6.9321316586718975,581.9502969854668,990.0419713202955,672.7118221171257,9.447641018982676,25.58818113197414,67.6818188680255,62.23228022305766,9.324096737214582,6.356524589318608,0.6585286483168602,0.08672212202026022,0.11952455298074764,0.13522467668213192,50.93725294642894,11.37773439196239,37.82584955060337,1896.8514650341883,1998.4364165791437,,
S214,IDLE,21.763,converged,,0.24286128148177327,0.10637053937647692,21.762999999999774,11.15936596433285,370.9211148925142,669.0381471874675,583.0360668604095,2.1988099494364004,7.69609275861579,14.066907241383985,34.08851049409956,2.1700566981854434,0.6650312390131654,0.6585286483168602,0.08672212202026022,0.11952455298074764,0.13522467668213192,50.93725294642894,11.37773439196239,37.82584955060337,712.4966510732672,750.654060395729,,
S215,TAKE-OFF,310.9,converged,,2.3941752092987345,0.3488923306865926,310.89999999996445,7.700788707941487,901.5451512272988,1718.3926889613822,983.2006903841486,43.7724,72.25249942371714,238.64750057624732,102.39547191158805,43.2,117.90807389880028,0.845439812168479,0.06482867079683026,0.027132229495473992,0.06259928753921677,42.873178719367104,7.0560171971634595,28.873681378827982,8425.157869190922,8518.982316979007,,
S215,APPROACH,93.27,converged,,0.6467805521824131,0.1550806040698638,93.26999999999974,6.934497182185214,581.9502969854668,990.0649817103106,672.7280910042085,9.447641018982676,25.58818113197425,67.6818188680255,62.23228022305766,9.324096737214582,6.3607675814145574,0.845439812168479,0.06482867079683026,0.027132229495473992,0.06259928753921677,42.873178719367104,7.0560171971634595,28.873681378827982,2276.035704360757,2301.3821484776695,,
S215,IDLE,21.763,converged,,0.24293978898655616,0.10634250104322324,21.763000000000023,11.16297334864476,370.9211148925142,669.0491058276946,583.0457951777915,2.1988099494364004,7.696092758616035,14.066907241383985,34.08851049409956,2.1700566981854434,0.665451755697878,0.845439812168479,0.06482867079683026,0.027132229495473992,0.06259928753921677,42.873178719367104,7.0560171971634595,28.873681378827982,854.9107295782187,864.4312072186559,,
S216,TAKE-OFF,310.9,converged,,2.3943492316592123,0.34886441673587615,310.8999999999661,7.70134844535051,901.5451512272988,1718.41833706661,983.2141835901185,43.7724,72.2524994237188,238.64750057624732,102.39547191158805,43.2,117.92483601949965,0.8421738334000111,0.06592026200066994,0.07240372177364619,0.019502182825672804,40.03408802513403,6.9839529638498465,21.8945637833247,8300.550944942781,8359.881975156119,,
S216,APPROACH,93.27,converged,,0.6468176565988032,0.15506582134075653,93.26999999999964,6.934894999451117,581.9502969854668,990.0714731173513,672.7325763827014,9.447641018982676,25.58818113197414,67.6818188680255,62.23228022305766,9.324096737214582,6.361481274177862,0.8421738334000111,0.06592026200066994,0.07240372177364619,0.019502182825672804,40.03408802513403,6.9839529638498465,21.8945637833247,2242.3391039603503,2258.3669905437914,,
S216,IDLE,21.763,converged,,0.24295201991183352,0.10633161750895509,21.762999999999806,11.163535354125612,370.9211148925142,669.0521809554675,583.0485027798096,2.1988099494364004,7.696092758615822,14.066907241383985,34.08851049409956,2.1700566981854434,0.6655172809792724,0.8421738334000111,0.06592026200066994,0.07240372177364619,0.019502182825672804,40.03408802513403,6.9839529638498465,21.8945637833247,842.2479025991788,848.2681578915914,,
S217,TAKE-OFF,310.9,converged,,2.3928724952254954,0.34901584585214374,310.89999999996115,7.696598569397858,901.5451512272988,1718.2502129827185,983.1243087819511,43.7724,72.25249942371386,238.64750057624732,102.39547191158805,43.2,117.78263131736504,0.6538600493222475,0.07099523039697814,0.06152430297450762,0.2136204173062667,31.735881737853603,6.76987421400319,51.18537799663497,7125.439443092814,7641.656933949206,,
S217,APPROACH,93.27,converged,,0.6464741867186402,0.15514643961119265,93.26999999999957,6.931212466158928,581.9502969854668,990.0289834147989,672.7028001586342,9.447641018982676,25.588181131974068,67.6818188680255,62.23228022305766,9.324096737214582,6.354876225423497,0.6538600493222475,0.07099523039697814,0.06152430297450762,0.2136204173062667,31.735881737853603,6.76987421400319,51.18537799663497,1925.0556300753738,2064.5203459084146,,
S217,IDLE,21.763,converged,,0.24283227367484272,0.10639095820864168,21.762999999999604,11.158033068733499,370.9211148925142,669.0319865422001,583.0306322714843,2.1988099494364004,7.696092758615617,14.066907241383985,34.08851049409956,2.1700566981854434,0.6648758948008744,0.6538600493222475,0.07099523039697814,0.06152430297450762,0.2136204173062667,31.735881737853603,6.76987421400319,51.18537799663497,723.1002338616364,775.4867556113325,,
S218,TAKE-OFF,310.9,converged,,2.393114639671942,0.34896392889874617,310.8999999999643,7.697377419338105,901.5451512272988,1718.2934689882193,983.1468485917511,43.7724,72.25249942371691,238.64750057624732,102.39547191158805,43.2,117.8059432573921,0.5399934384040534,0.1639537573262809,0.18169920615946591,0.11435359811019977,24.460551455861008,11.295036889942521,33.16692590983365,6119.202714369175,6163.724359320197,,
S218,APPROACH,93.27,converged,,0.6465214531983905,0.15511900581174354,93.26999999999965,6.931719236607623,581.9502969854668,990.0399444975419,672.7103102211156,9.447641018982676,25.588181131974157,67.6818188680255,62.23228022305766,9.324096737214582,6.3557849777762865,0.5399934384040534,0.1639537573262809,0.18169920615946591,0.11435359811019977,24.460551455861008,11.295036889942521,33.16692590983365,1653.1576739891686,1665.1855969792948,,
S218,IDLE,21.763,converged,,0.24284685823749785,0.10637075712356865,21.76300000000007,11.158703222786247,370.9211148925142,669.0371695843662,583.0351821409546,2.1988099494364004,7.696092758616083,14.066907241383985,34.08851049409956,2.1700566981854434,0.6649539966407338,0.5399934384040534,0.1639537573262809,0.18169920615946591,0.11435359811019977,24.460551455861008,11.295036889942521,33.16692590983365,620.9602872625585,625.4782244397776,,
S219,TAKE-OFF,310.9,converged,,2.39471894059469,0.3488427174422957,310.8999999999667,7.702537602428261,901.5451512272988,1718.4510405926226,983.232015164348,43.7724,72.25249942371936,238.64750057624732,102.39547191158805,43.2,117.96045085855032,0.9795976593159139,0.004187360756366867,0.004314695268324717,0.0119002846593945,25.318421199857866,15.719413311327248,52.87162567774391,9336.36302282861,9368.52850693671,,
S219,APPROACH,93.27,converged,,0.646909060583437,0.1550541460435292,93.26999999999978,6.93587499285342,581.9502969854668,990.0797201718923,672.7384583341056,9.447641018982676,25.58818113197428,67.6818188680255,62.23228022305766,9.324096737214582,6.3632395704312446,0.9795976593159139,0.004187360756366867,0.004314695268324717,0.0119002846593945,25.318421199857866,15.719413311327248,52.87162567774391,2522.1238826733097,2530.813062332287,,
S219,IDLE,21.763,converged,,0.2429850197401804,0.10632302845261393,21.762999999999785,11.165051681302339,370.9211148925142,669.0561163737508,583.0520073046882,2.1988099494364004,7.6960927586158,14.066907241383985,34.08851049409956,2.1700566981854434,0.6656940881607151,0.9795976593159139,0.004187360756366867,0.004314695268324717,0.0119002846593945,25.318421199857866,15.719413311327248,52.87162567774391,947.3330314246109,950.5967675810629,,
S220,TAKE-OFF,310.9,converged,,2.394262073765205,0.3488877567541242,310.8999999999661,7.701068104745789,901.5451512272988,1718.40006853027,983.2047287110092,43.7724,72.2524994237188,238.64750057624732,102.39547191158805,43.2,117.91644068188144,0.8860572134144604,0.04204621141167851,0.00884216954747966,0.06305440562638141,62.79999070518005,11.930102810763175,28.468490026825883,8727.311506979684,8878.836683863905,,
S220,APPROACH,93.27,converged,,0.6468022039350737,0.15507813594399927,93.2699999999999,6.934729322773394,581.9502969854668,990.066842102159,672.7294221509949,9.447641018982676,25.588181131974398,67.6818188680255,62.23228022305766,9.324096737214582,6.361184041886427,0.8860572134144604,0.04204621141167851,0.00884216954747966,0.06305440562638141,62.79999070518005,11.930102810763175,28.468490026825883,2357.6551535418735,2398.5891930667285,,
S220,IDLE,21.763,converged,,0.2429476405982074,0.10634068555465734,21.76299999999989,11.163334126646538,370.9211148925142,669.0499942785352,583.0465872641173,2.1988099494364004,7.6960927586159045,14.066907241383985,34.08851049409956,2.1700566981854434,0.6654938191247433,0.8860572134144604,0.04204621141167851,0.00884216954747966,0.06305440562638141,62.79999070518005,11.930102810763175,28.468490026825883,885.5671075522482,900.9424854687334,,
S221,TAKE-OFF,310.9,converged,,2.3932052972546107,0.348942231021004,310.8999999999641,7.697669016580532,901.5451512272988,1718.3109739806982,983.1559388878438,43.7724,72.25249942371676,238.64750057624732,102.39547191158805,43.2,117.81467170284084,0.5710343294776976,0.10625947713709853,0.23656518189579198,0.08614101148941189,23.898166060795763,9.854091142134546,41.056127275362556,6194.595205946923,6303.728126964533,,
S221,APPROACH,93.27,converged,,0.6465383930361019,0.15510754903338253,93.2699999999999,6.931900858111962,581.9502969854668,990.0443814533971,672.7133411368819,9.447641018982676,25.588181131974405,67.6818188680255,62.23228022305766,9.324096737214582,6.356110681067161,0.5710343294776976,0.10625947713709853,0.23656518189579198,0.08614101148941189,23.898166060795763,9.854091142134546,41.056127275362556,1673.5060859828825,1702.9889821903257,,
S221,IDLE,21.763,converged,,0.24285189668609153,0.1063623206966972,21.762999999999924,11.158934737218784,370.9211148925142,669.0392661674994,583.0370206425123,2.1988099494364004,7.6960927586159364,14.066907241383985,34.08851049409956,2.1700566981854434,0.664980979095449,0.5710343294776976,0.10625947713709853,0.23656518189579198,0.08614101148941189,23.898166060795763,9.854091142134546,41.056127275362556,628.6001442051511,639.6744707121262,,
S222,TAKE-OFF,310.9,converged,,2.393893827300221,0.34891370661017423,310.89999999996536,7.69988365165805,901.5451512272988,1718.3649844343756,983.1857191797363,43.7724,72.25249942371805,238.64750057624732,102.39547191158805,43.2,117.88097318438359,0.7478191563859582,0.11718856871053854,0.05772817796805465,0.07726409693544864,33.048695631301904,4.736528492403295,38.23193891826786,7729.815604147448,7840.72699788212,,
S222,APPROACH,93.27,converged,,0.6467126082012226,0.15509204102011823,93.27000000000169,6.933768716642124,581.9502969854668,990.0579882071179,672.7231427567535,9.447641018982676,25.588181131976192,67.6818188680255,62.23228022305766,9.324096737214582,6.359460799939048,0.7478191563859582,0.11718856871053854,0.05772817796805465,0.07726409693544864,33.048695631301904,4.736528492403295,38.23193891826786,2088.2167593499453,2118.1795738671935,,
S222,IDLE,21.763,converged,,0.24291557846848114,0.10635091724888031,21.762999999999863,11.161860886297049,370.9211148925142,669.0457746768093,583.0428372254837,2.1988099494364004,7.696092758615878,14.066907241383985,34.08851049409956,2.1700566981854434,0.6653220609073902,0.7478191563859582,0.11718856871053854,0.05772817796805465,0.07726409693544864,33.048695631301904,4.736528492403295,38.23193891826786,784.3675469324336,795.6220583316245,,
S223,TAKE-OFF,310.9,converged,,2.3941240646317175,0.34887090146648586,310.89999999996377,7.700624202740419,901.5451512272988,1718.4023199128821,983.2052632464323,43.7724,72.25249942371644,238.64750057624732,102.39547191158805,43.2,117.90314778154827,0.8107142774388194,0.023616339182462955,0.14328989025875868,0.02237949311995896,27.747740212224503,6.591495661248059,31.94241127603653,7940.06486825625,7927.301981545309,,
S223,APPROACH,93.27,converged,,0.6467597355669732,0.15506940055966772,93.2699999999994,6.934273995571752,581.9502969854668,990.0674426425619,672.7296468516998,9.447641018982676,25.588181131973908,67.6818188680255,62.23228022305766,9.324096737214582,6.360367196947062,0.8107142774388194,0.023616339182462955,0.14328989025875868,0.02237949311995896,27.747740212224503,6.591495661248059,31.94241127603653,2144.9658062594926,2141.5179810794266,,
S223,IDLE,21.763,converged,,0.24293066529509905,0.10633424744928642,21.76299999999994,11.162554119151757,370.9211148925142,669.0502490448034,583.0467706743198,2.1988099494364004,7.696092758615954,14.066907241383985,34.08851049409956,2.1700566981854434,0.6654028789919969,0.8107142774388194,0.023616339182462955,0.14328989025875868,0.02237949311995896,27.747740212224503,6.591495661248059,31.94241127603653,805.6747223032695,804.3796780716115,,
S224,TAKE-OFF,310.9,converged,,2.3940898384566967,0.34888385233486147,310.89999999996604,7.700514115332768,901.5451512272988,1718.3929529246882,983.200459709439,43.7724,72.25249942371876,238.64750057624732,102.39547191158805,43.2,117.89985126427744,0.802284789737314,0.054821641477385906,0.1017905461411699,0.041103022644130204,37.87911351917983,6.530056410390474,35.34812203228669,7979.6079230841815,8047.609930261029,,
S224,APPROACH,93.27,converged,,0.6467549332855881,0.15507622258330084,93.26999999999994,6.9342225076186175,581.9502969854668,990.0650659975709,672.7280410598682,9.447641018982676,25.58818113197445,67.6818188680255,62.23228022305766,9.324096737214582,6.360274832149161,0.802284789737314,0.054821641477385906,0.1017905461411699,0.041103022644130204,37.87911351917983,6.530056410390474,35.34812203228669,2155.662960946487,2174.033463551895,,
S224,IDLE,21.763,converged,,0.24292965170618133,0.10633927135186193,21.76299999999978,11.162507545199823,370.9211148925142,669.0491288568644,583.0457921934368,2.1988099494364004,7.696092758615794,14.066907241383985,34.08851049409956,2.1700566981854434,0.6653974491832707,0.802284789737314,0.054821641477385906,0.1017905461411699,0.041103022644130204,37.87911351917983,6.530056410390474,35.34812203228669,809.6953348903276,816.5955370688064,,
S225,TAKE-OFF,310.9,converged,,2.3934304519689715,0.3489714604449317,310.8999999999657,7.6983932195858324,901.5451512272988,1718.3062986797147,983.1545681459759,43.7724,72.25249942371842,238.64750057624732,102.39547191158805,43.2,117.83635080040885,0.7406217004172504,0.08663379592772648,0.009570796837771215,0.16317370681725188,33.67827151011316,10.032412377604684,37.617930925860016,7796.13580101827,7990.139352352847,,
S225,APPROACH,93.27,converged,,0.6466082572684566,0.15512270982545176,93.27000000000008,6.932649911744998,581.9502969854668,990.0431461939656,672.7128064335699,9.447641018982676,25.588181131974594,67.6818188680255,62.23228022305766,9.324096737214582,6.357454051103981,0.7406217004172504,0.08663379592772648,0.009570796837771215,0.16317370681725188,33.67827151011316,10.032412377604684,37.617930925860016,2106.2010720125986,2158.6129973848797,,
S225,IDLE,21.763,converged,,0.24287991426661998,0.10637349445822089,21.762999999999785,11.160222132363295,370.9211148925142,669.0387307063024,583.0366177319904,2.1988099494364004,7.6960927586158,14.066907241383985,34.08851049409956,2.1700566981854434,0.6651310316880332,0.7406217004172504,0.08663379592772648,0.009570796837771215,0.16317370681725188,33.67827151011316,10.032412377604684,37.617930925860016,791.1342455781505,810.8212876130668,,
S226,TAKE-OFF,310.9,converged,,2.393699060907994,0.3489142887733649,310.89999999996485,7.699257191728095,901.5451512272988,1718.3540432308648,983.1794520525357,43.7724,72.25249942371751,238.64750057624732,102.39547191158805,43.2,117.86221645257889,0.565540311858058,0.24797889973542206,0.14102004192797277,0.0454607464785472,29.720903908902216,11.313110195636641,35.001102832336755,6369.794215370839,6481.337603252161,,
S226,APPROACH,93.27,converged,,0.646660824361088,0.15509249944985273,93.27000000000812,6.9332135130377575,581.9502969854668,990.0552430118662,672.7210963054524,9.447641018982676,25.58818113198263,67.6818188680255,62.23228022305766,9.324096737214582,6.358464918109541,0.565540311858058,0.24797889973542206,0.14102004192797277,0.0454607464785472,29.720903908902216,11.313110195636641,35.001102832336755,1720.807951839908,1750.9415389467194,,
S226,IDLE,21.763,converged,,0.24289616826488789,0.10635124939803899,21.762999999999842,11.160968996227066,370.9211148925142,669.0444508169854,583.0416394225522,2.1988099494364004,7.696092758615857,14.066907241383985,34.08851049409956,2.1700566981854434,0.6652180901349476,0.565540311858058,0.24797889973542206,0.14102004192797277,0.0454607464785472,29.720903908902216,11.313110195636641,35.001102832336755,646.3630423794924,657.6817005826584,,
S227,TAKE-OFF,310.9,converged,,2.3941195683474237,0.3488946103519105,310.8999999999644,7.700609740584426,901.5451512272988,1718.3883387124529,983.1982909905768,43.7724,72.25249942371707,238.64750057624732,102.39547191158805,43.2,117.90271471630562,0.8759282231330872,0.011498269532320068,0.04168911625800271,0.07088439107659006,45.94704190825461,2.36282976305788,34.587046373158145,8589.237263895162,8626.752331237787,,
S227,APPROACH,93.27,converged,,0.6467664656443752,0.15508184389500235,93.27000000000011,6.9343461525075,581.9502969854668,990.0638858899517,672.727301397832,9.447641018982676,25.588181131974626,67.6818188680255,62.23228022305766,9.324096737214582,6.360496641160406,0.8759282231330872,0.011498269532320068,0.04168911625800271,0.07088439107659006,45.94704190825461,2.36282976305788,34.587046373158145,2320.3647391700733,2330.499357271185,,
S227,IDLE,21.763,converged,,0.2429346383020759,0.1063434126873325,21.762999999999778,11.162736677024233,370.9211148925142,669.04858164182,583.0453266685165,2.1988099494364004,7.6960927586157934,14.066907241383985,34.08851049409956,2.1700566981854434,0.6654241626496954,0.8759282231330872,0.011498269532320068,0.04168911625800271,0.07088439107659006,45.94704190825461,2.36282976305788,34.587046373158145,871.5618365858836,875.3685425817955,,
S228,TAKE-OFF,310.9,converged,,2.3947164203849716,0.3488432498310001,310.89999999996394,7.702529496253618,901.5451512272988,1718.4505948852882,983.231782822085,43.7724,72.25249942371657,238.64750057624732,102.39547191158805,43.2,117.9602080636583,0.9694609781727195,0.01644374744000506,0.003099472805007732,0.010995801582267732,59.819781796013444,0.9708221965402823,32.98929240563512,9273.8060138497,9330.592475875375,,
S228,APPROACH,93.27,converged,,0.6469085661343157,0.15505442734821645,93.26999999999963,6.935869691586987,581.9502969854668,990.079607274665,672.7383809507625,9.447641018982676,25.58818113197413,67.6818188680255,62.23228022305766,9.324096737214582,6.363230058302959,0.9694609781727195,0.01644374744000506,0.003099472805007732,0.010995801582267732,59.819781796013444,0.9708221965402823,32.98929240563512,2505.22546217095,2520.565753995134,,
S228,IDLE,21.763,converged,,0.24298486654001197,0.10632323557719267,21.762999999999934,11.165044641823862,370.9211148925142,669.0560629911397,583.0519604365634,2.1988099494364004,7.696092758615947,14.066907241383985,34.08851049409956,2.1700566981854434,0.6656932672885679,0.9694609781727195,0.01644374744000506,0.003099472805007732,0.010995801582267732,59.819781796013444,0.9708221965402823,32.98929240563512,940.9859545001896,946.7479106045246,,
S229,TAKE-OFF,310.9,converged,,2.393365288548362,0.3488970857458058,310.89999999996354,7.698183623508017,901.5451512272988,1718.345837884142,983.1739562472701,43.7724,72.25249942371623,238.64750057624732,102.39547191158805,43.2,117.83007631804726,0.5345069887116551,0.09215350644998911,0.36333189931152976,0.010007605526825985,21.061716130120118,11.219580077256715,33.45587428963671,5672.165338758048,5738.908812113738,,
S229,APPROACH,93.27,converged,,0.646565995784415,0.15508373507049839,93.2699999999995,6.932196802663433,581.9502969854668,990.0532219649801,672.7193546549878,9.447641018982676,25.588181131974,67.6818188680255,62.23228022305766,9.324096737214582,6.356641418262858,0.5345069887116551,0.09215350644998911,0.36333189931152976,0.010007605526825985,21.061716130120118,11.219580077256715,33.45587428963671,1532.331586847878,1550.3622905264237,,
S229,IDLE,21.763,converged,,0.24285950977089882,0.10634478429720429,21.76299999999978,11.159284555020045,370.9211148925142,669.0434394823424,583.0406747437523,2.1988099494364004,7.696092758615794,14.066907241383985,34.08851049409956,2.1700566981854434,0.6650217505405565,0.5345069887116551,0.09215350644998911,0.36333189931152976,0.010007605526825985,21.061716130120118,11.219580077256715,33.45587428963671,575.5658361477186,582.3384284039561,,
S230,TAKE-OFF,310.9,converged,,2.3932538720644745,0.34897808710615413,310.8999999999661,7.69782525591745,901.5451512272988,1718.292846912067,983.1471294297601,43.7724,72.25249942371879,238.64750057624732,102.39547191158805,43.2,117.81934857987392,0.6466550217010081,0.13880132062608935,0.058440579891526505,0.15610307778137605,72.81196995980794,15.969740517610187,50.62149747492556,7082.472823328192,8142.2324308547795,,
S230,APPROACH,93.27,converged,,0.6465633465907997,0.15512632583777392,93.2699999999995,6.93216839917233,581.9502969854668,990.039758098949,672.7103594731973,9.447641018982676,25.588181131974014,67.6818188680255,62.23228022305766,9.324096737214582,6.356590479439401,0.6466550217010081,0.13880132062608935,0.058440579891526505,0.15610307778137605,72.81196995980794,15.969740517610187,50.62149747492556,1913.4064230466645,2199.711911328638,,
S230,IDLE,21.763,converged,,0.2428634533348528,0.10637615301223231,21.7629999999997,11.159465759998904,370.9211148925142,669.0371090517831,583.0351671270654,2.1988099494364004,7.6960927586157135,14.066907241383985,34.08851049409956,2.1700566981854434,0.6650428705545574,0.6466550217010081,0.13880132062608935,0.058440579891526505,0.15610307778137605,72.81196995980794,15.969740517610187,50.62149747492556,718.717653860915,826.2603099046202,,
S231,TAKE-OFF,310.9,converged,,2.394177097092181,0.348878856668106,310.8999999999677,7.700794779969218,901.5451512272988,1718.4005983012648,983.2046318956042,43.7724,72.25249942372037,238.64750057624732,102.39547191158805,43.2,117.90825572793025,0.8337520328350365,0.041741603729067704,0.08516590282116254,0.039340460614733244,39.80340040094744,11.678086095721426,41.94268923385668,8219.029366217426,8358.015039065009,,
S231,APPROACH,93.27,converged,,0.6467765491582396,0.15507353289210918,93.26999999999914,6.934454263517161,581.9502969854668,990.0669939392319,672.7294171320461,9.447641018982676,25.58818113197364,67.6818188680255,62.23228022305766,9.324096737214582,6.360690586736037,0.8337520328350365,0.041741603729067704,0.08516590282116254,0.039340460614733244,39.80340040094744,11.678086095721426,41.94268923385668,2220.3351027660706,2257.881478920104,,
S231,IDLE,21.763,converged,,0.2429374641246616,0.10633729268449334,21.763000000000133,11.162866522292887,370.9211148925142,669.0500490324437,583.0466118367451,2.1988099494364004,7.69609275861615,14.066907241383985,34.08851049409956,2.1700566981854434,0.6654393009681975,0.8337520328350365,0.041741603729067704,0.08516590282116254,0.039340460614733244,39.80340040094744,11.678086095721426,41.94268923385668,833.9859880123599,848.0888824691903,,
S232,TAKE-OFF,310.9,converged,,2.39453280108979,0.34885486083834605,310.89999999996706,7.701938890608053,901.5451512272988,1718.433869056487,983.2226862578752,43.7724,72.25249942371977,238.64750057624732,102.39547191158805,43.2,117.94251899176314,0.8536195703782141,0.10510958886044798,0.03327140339529674,0.007999437366041164,67.624137126833,10.874576682653904,37.44826123737597,8460.919982641604,8915.995850815052,,
S232,APPROACH,93.27,converged,,0.6468634487358205,0.1550606634563214,93.26999999999991,6.935385962644163,581.9502969854668,990.0753883766988,672.7353787594848,9.447641018982676,25.588181131974423,67.6818188680255,62.23228022305766,9.324096737214582,6.362362126693156,0.8536195703782141,0.10510958886044798,0.03327140339529674,0.007999437366041164,67.624137126833,10.874576682653904,37.44826123737597,2285.648322277519,2408.5833455059123,,
S232,IDLE,21.763,converged,,0.24296863261987062,0.10632782361862798,21.762999999999895,11.164298700540908,370.9211148925142,669.0540508434092,583.0501700532424,2.1988099494364004,7.696092758615909,14.066907241383985,34.08851049409956,2.1700566981854434,0.6656062860304773,0.8536195703782141,0.10510958886044798,0.03327140339529674,0.007999437366041164,67.624137126833,10.874576682653904,37.44826123737597,858.5132590177805,904.6889311063319,,
S233,TAKE-OFF,310.9,converged,,2.392996836263127,0.34897675654539134,310.89999999996724,7.696998508405851,901.5451512272988,1718.2796250271847,983.1394639708069,43.7724,72.25249942371993,238.64750057624732,102.39547191158805,43.2,117.79460170389146,0.6659720470197499,0.0014678999228128153,0.1775684370346943,0.154991616022743,35.017933517347856,13.710113495363718,62.202297948056824,6940.831484165746,7599.442718816881,,
S233,APPROACH,93.27,converged,,0.6464943022312062,0.15512582955443938,93.2700000000005,6.931428135855074,581.9502969854668,990.0364446770866,672.7078623168951,9.447641018982676,25.588181131975002,67.6818188680255,62.23228022305766,9.324096737214582,6.355262961490735,0.6659720470197499,0.0014678999228128153,0.1775684370346943,0.154991616022743,35.017933517347856,13.710113495363718,62.202297948056824,1875.141637992003,2053.07267581666,,
S233,IDLE,21.763,converged,,0.24283744447626474,0.10637578015533702,21.76299999999986,11.15827066471839,370.9211148925142,669.035506888385,583.0337117964282,2.1988099494364004,7.6960927586158725,14.066907241383985,34.08851049409956,2.1700566981854434,0.6649035844637445,0.6659720470197499,0.0014678999228128153,0.1775684370346943,0.154991616022743,35.017933517347856,13.710113495363718,62.202297948056824,704.3443412099344,771.1791429540907,,
S234,TAKE-OFF,310.9,converged,,2.393154693958169,0.348979211851747,310.8999999999656,7.697506252680714,901.5451512272988,1718.286796212786,983.1436997099022,43.7724,72.25249942371828,238.64750057624732,102.39547191158805,43.2,117.80979961567121,0.5278850300237536,0.23806047924888463,0.09724356828183062,0.13681092244553114,50.7098111285972,-0.055387679365999976,32.35080146628858,6231.138606955027,6755.566439819184,,
S234,APPROACH,93.27,converged,,0.6465372533751129,0.15512699395632693,93.2699999999994,6.931888639167117,581.9502969854668,990.0382380706385,672.7092370357844,9.447641018982676,25.58818113197391,67.6818188680255,62.23228022305766,9.324096737214582,6.356088768480038,0.5278850300237536,0.23806047924888463,0.09724356828183062,0.13681092244553114,50.7098111285972,-0.055387679365999976,32.35080146628858,1683.4111269577415,1825.0911159319023,,
S234,IDLE,21.763,converged,,0.24285372330733884,0.10637664233705986,21.76299999999971,11.159018669638472,370.9211148925142,669.0363776695947,583.0345076463693,2.1988099494364004,7.696092758615725,14.066907241383985,34.08851049409956,2.1700566981854434,0.6649907613508413,0.5278850300237536,0.23806047924888463,0.09724356828183062,0.13681092244553114,50.7098111285972,-0.055387679365999976,32.35080146628858,632.326533242311,685.544677534694,,
S235,TAKE-OFF,310.9,converged,,2.3946791751938328,0.34884471600690364,310.8999999999651,7.7024096982763,901.5451512272988,1718.4477172973484,983.2301938343901,43.7724,72.2524994237178,238.64750057624732,102.39547191158805,43.2,117.9566199216344,0.9681483590975404,0.005995528700958019,0.01310216393146551,0.012753948270036094,28.70834243439178,9.977401853299924,32.85985973441482,9243.105472715413,9251.201747733296,,
S235,APPROACH,93.27,converged,,0.6468991172095994,0.1550552258440402,93.26999999999785,6.935768384363829,581.9502969854668,990.0788825757766,672.7378582091701,9.447641018982676,25.58818113197235,67.6818188680255,62.23228022305766,9.324096737214582,6.363048282828006,0.9681483590975404,0.005995528700958019,0.01310216393146551,0.012753948270036094,28.70834243439178,9.977401853299924,32.85985973441482,2496.9343837430038,2499.121513115493,,
S235,IDLE,21.763,converged,,0.24298140779545604,0.10632382265766033,21.762999999999913,11.164885714076966,370.9211148925142,669.0557162558475,583.0516504120186,2.1988099494364004,7.696092758615928,14.066907241383985,34.08851049409956,2.1700566981854434,0.6656747348879228,0.9681483590975404,0.005995528700958019,0.01310216393146551,0.012753948270036094,28.70834243439178,9.977401853299924,32.85985973441482,937.8720972008641,938.6936036148016,,
S236,TAKE-OFF,310.9,converged,,2.3945385932475904,0.34885803868941306,310.89999999996706,7.70195752090011,901.5451512272988,1718.4323431677954,983.2219519660242,43.7724,72.25249942371971,238.64750057624732,102.39547191158805,43.2,117.94307696286064,0.9366893116384745,0.01928205491613797,0.01683837348574378,0.02719025995964379,37.36271499579562,8.207403825501272,31.34737948224597,9033.1552835192,9058.002760871412,,
S236,APPROACH,93.27,converged,,0.6468660575215586,0.15506232624279123,93.26999999999967,6.935413932899763,581.9502969854668,990.0749989719217,672.7351297314173,9.447641018982676,25.588181131974167,67.6818188680255,62.23228022305766,9.324096737214582,6.362412310803394,0.9366893116384745,0.01928205491613797,0.01683837348574378,0.02719025995964379,37.36271499579562,8.207403825501272,31.34737948224597,2440.2369465698234,2446.949300156233,,
S236,IDLE,21.763,converged,,0.24296980605616875,0.10632904852206014,21.7629999999999,11.164352619407705,370.9211148925142,669.0538695090637,583.0500146998338,2.1988099494364004,7.696092758615912,14.066907241383985,34.08851049409956,2.1700566981854434,0.6656125731097071,0.9366893116384745,0.01928205491613797,0.01683837348574378,0.02719025995964379,37.36271499579562,8.207403825501272,31.34737948224597,916.5790827097267,919.1003144703158,,
S237,TAKE-OFF,310.9,converged,,2.393127673230899,0.34897125840673493,310.8999999999672,7.697419341367487,901.5451512272988,1718.2899325906262,983.1451450319806,43.7724,72.25249942371983,238.64750057624732,102.39547191158805,43.2,117.80719809942069,0.6218446455895901,0.09427047316609825,0.14391770191777764,0.13996717932653402,34.31031788527131,13.169699397525727,46.33637493800196,6731.280155385478,7126.791715614157,,
S237,APPROACH,93.27,converged,,0.646527382451609,0.1551228416593048,93.27000000000105,6.931782807457937,581.9502969854668,990.0390417923154,672.709732435172,9.447641018982676,25.588181131975546,67.6818188680255,62.23228022305766,9.324096737214582,6.355898978961033,0.6218446455895901,0.09427047316609825,0.14391770191777764,0.13996717932653402,34.31031788527131,13.169699397525727,46.33637493800196,1818.5226756140303,1925.374080419681,,
S237,IDLE,21.763,converged,,0.24284953165173728,0.10637358297772148,21.762999999999987,11.158826064960593,370.9211148925142,669.0367490893698,583.0348217844398,2.1988099494364004,7.696092758616003,14.066907241383985,34.08851049409956,2.1700566981854434,0.6649683135364187,0.6218446455895901,0.09427047316609825,0.14391770191777764,0.13996717932653402,34.31031788527131,13.169699397525727,46.33637493800196,683.0760646150763,723.2117407174333,,
S238,TAKE-OFF,310.9,converged,,2.3936429119192932,0.3489255652015826,310.8999999999666,7.69907659028482,901.5451512272988,1718.3444533989878,983.1744446642241,43.7724,72.2524994237193,238.64750057624732,102.39547191158805,43.2,117.85680936589239,0.6970124333165586,0.10137113773238274,0.11649239497332052,0.08512403397773814,29.875329106871803,4.341072797231618,49.9426643059044,7272.394198789182,7431.929429811602,,
S238,APPROACH,93.27,converged,,0.6466496106123006,0.15509846042251704,93.27000000000533,6.933093284145638,581.9502969854668,990.0528138218672,672.7194288732112,9.447641018982676,25.588181131979834,67.6818188680255,62.23228022305766,9.324096737214582,6.358249270742921,0.6970124333165586,0.10137113773238274,0.11649239497332052,0.08512403397773814,29.875329106871803,4.341072797231618,49.9426643059044,1964.6584933152885,2007.7574010537332,,
S238,IDLE,21.763,converged,,0.24289264487090187,0.10635563855162698,21.762999999999927,11.160807097868064,370.9211148925142,669.0433017403388,583.0406300597996,2.1988099494364004,7.69609275861594,14.066907241383985,34.08851049409956,2.1700566981854434,0.6651992179235391,0.6970124333165586,0.10137113773238274,0.11649239497332052,0.08512403397773814,29.875329106871803,4.341072797231618,49.9426643059044,737.9593057476344,754.1479920467345,,
S239,TAKE-OFF,310.9,converged,,2.393689418050975,0.348937604867607,310.89999999996496,7.6992261757839975,901.5451512272988,1718.3400103435815,983.1724321349864,43.7724,72.25249942371765,238.64750057624732,102.39547191158805,43.2,117.86128784728919,0.7600786196999252,0.08125028867053403,0.0433855226424432,0.11528556898709758,45.0409631715622,9.900039782762565,60.057913680507795,7842.93428278233,8373.641222452921,,
S239,APPROACH,93.27,converged,,0.6466660485717591,0.15510474132655094,93.26999999999084,6.933269524732739,581.9502969854668,990.0516737558754,672.7187362590166,9.447641018982676,25.588181131965346,67.6818188680255,62.23228022305766,9.324096737214582,6.358565384151814,0.7600786196999252,0.08125028867053403,0.0433855226424432,0.11528556898709758,45.0409631715622,9.900039782762565,60.057913680507795,2118.8042540558313,2262.177139877347,,
S239,IDLE,21.763,converged,,0.24289955174559055,0.10636026629844343,21.76299999999992,11.16112446563394,370.9211148925142,669.0427764938037,583.0401880456608,2.1988099494364004,7.696092758615934,14.066907241383985,34.08851049409956,2.1700566981854434,0.6652362131808214,0.7600786196999252,0.08125028867053403,0.0433855226424432,0.11528556898709758,45.0409631715622,9.900039782762565,60.057913680507795,795.8614878320792,849.7149563656965,,
S240,TAKE-OFF,310.9,converged,,2.3939381856508333,0.34890690763056864,310.89999999996644,7.7000263288873985,901.5451512272988,1718.3713385500787,983.1890673347193,43.7724,72.25249942371912,238.64750057624732,102.39547191158805,43.2,117.88524526333603,0.7802709070965648,0.07940876991879457,0.06788737544917672,0.07243294753546395,64.08612891550403,11.455000570487416,76.92458572565955,7915.56157488667,8610.846308312604,,
S240,APPROACH,93.27,converged,,0.646722172391029,0.15508843872061456,93.2699999999947,6.933871259687637,581.9502969854668,990.0595962689569,672.7242554278362,9.447641018982676,25.58818113196919,67.6818188680255,62.23228022305766,9.324096737214582,6.359644742161708,0.7802709070965648,0.07940876991879457,0.06788737544917672,0.07243294753546395,64.08612891550403,11.455000570487416,76.92458572565955,2138.38820404376,2326.2193084251335,,
S240,IDLE,21.763,converged,,0.24291875538768837,0.10634826513001426,21.763000000000016,11.16200686429666,370.9211148925142,669.0465367131535,583.0435085184168,2.1988099494364004,7.696092758616027,14.066907241383985,34.08851049409956,2.1700566981854434,0.6653390788340955,0.7802709070965648,0.07940876991879457,0.06788737544917672,0.07243294753546395,64.08612891550403,11.455000570487416,76.92458572565955,803.2113684018636,873.7636086795176,,
S241,TAKE-OFF,310.9,converged,,2.393516940333509,0.3489338236802162,310.89999999996553,7.698671406670229,901.5451512272988,1718.332810773013,983.1681203237284,43.7724,72.25249942371825,238.64750057624732,102.39547191158805,43.2,117.84467887995089,0.715885073877871,0.04793087137177329,0.13592705260533353,0.10025700214502216,25.22019408925352,2.503944017948952,40.523104262097974,7351.299934346478,7378.830078060836,,
S241,APPROACH,93.27,converged,,0.6466187532304901,0.15510289273103603,93.27000000000474,6.932762444842471,581.9502969854668,990.0498762022121,672.7173407562511,9.447641018982676,25.588181131979244,67.6818188680255,62.23228022305766,9.324096737214582,6.357655882540493,0.715885073877871,0.04793087137177329,0.13592705260533353,0.10025700214502216,25.22019408925352,2.503944017948952,40.523104262097974,1985.9848568726486,1993.4222419627054,,
S241,IDLE,21.763,converged,,0.24288156089880283,0.106358899754769,21.7630000000001,11.160297794366663,370.9211148925142,669.041900960553,583.0393841603104,2.1988099494364004,7.696092758616116,14.066907241383985,34.08851049409956,2.1700566981854434,0.6651398510023984,0.715885073877871,0.04793087137177329,0.13592705260533353,0.10025700214502216,25.22019408925352,2.503944017948952,40.523104262097974,745.9714082660937,748.7650230362403,,
S242,TAKE-OFF,310.9,converged,,2.393353858915948,0.3489449542468971,310.8999999999627,7.698146860457495,901.5451512272988,1718.3174841952239,983.1598064716496,43.7724,72.25249942371538,238.64750057624732,102.39547191158805,43.2,117.82897579371105,0.6019651466049254,0.14183460362029465,0.15917039152323065,0.0970298582515493,44.51490845409015,2.4219196792406907,52.78751970194658,6566.762863735825,6960.6479380085675,,
S242,APPROACH,93.27,converged,,0.6465789520399643,0.1551088612913386,93.26999999999983,6.932335713948381,581.9502969854668,990.0460084191013,672.7145948874909,9.447641018982676,25.58818113197433,67.6818188680255,62.23228022305766,9.324096737214582,6.356890544647086,0.6019651466049254,0.14183460362029465,0.15917039152323065,0.0970298582515493,44.51490845409015,2.4219196792406907,52.78751970194658,1774.0505169813991,1880.4609408302188,,
S242,IDLE,21.763,converged,,0.24286729341704097,0.10636329150756169,21.762999999999824,11.159642210037353,370.9211148925142,669.0400571611839,583.0377449571937,2.1988099494364004,7.696092758615838,14.066907241383985,34.08851049409956,2.1700566981854434,0.6650634366802041,0.6019651466049254,0.14183460362029465,0.15917039152323065,0.0970298582515493,44.51490845409015,2.4219196792406907,52.78751970194658,666.3669550099178,706.3367244402187,,
S243,TAKE-OFF,310.9,converged,,2.3946011084059577,0.3488486352269426,310.8999999999644,7.702158598926447,901.5451512272988,1718.4411956155,983.2266194979381,43.7724,72.2524994237171,238.64750057624732,102.39547191158805,43.2,117.94909926547231,0.9175038491375744,0.042486842653879475,0.030373341568141362,0.009635966640404729,46.4573943396213,9.020927068783829,37.223248617639214,8878.494311271645,8971.727505255896,,
S243,APPROACH,93.27,converged,,0.646879595019386,0.15505734342686656,93.2699999999886,6.935559076010132,581.9502969854668,990.0772388570283,672.7366804715806,9.447641018982676,25.58818113196311,67.6818188680255,62.23228022305766,9.324096737214582,6.36267272904215,0.9175038491375744,0.042486842653879475,0.030373341568141362,0.009635966640404729,46.4573943396213,9.020927068783829,37.223248617639214,2398.4440599714517,2423.630154872679,,
S243,IDLE,21.763,converged,,0.24297431603979283,0.10632538016297353,21.763,11.164559851113948,370.9211148925142,669.0549310473391,583.0509500226167,2.1988099494364004,7.696092758616015,14.066907241383985,34.08851049409956,2.1700566981854434,0.6656367371323995,0.9175038491375744,0.042486842653879475,0.030373341568141362,0.009635966640404729,46.4573943396213,9.020927068783829,37.223248617639214,900.8790963854764,910.3392404825485,,
S244,TAKE-OFF,310.9,converged,,2.3946870944356378,0.34884223114143587,310.89999999996377,7.702435170266699,901.5451512272988,1718.4495882947895,983.2311578861205,43.7724,72.2524994237165,238.64750057624732,102.39547191158805,43.2,117.9573828442333,0.9490320994518697,0.02484981720069919,0.02046723384825599,0.005650849499175094,54.0713035500719,11.012065491383028,24.92793528425814,9103.255944643537,9175.262903087378,,
S244,APPROACH,93.27,converged,,0.6469003992997671,0.15505391590207326,93.2699999999999,6.935782130371693,581.9502969854668,990.0793570305984,672.7381801165717,9.447641018982676,25.588181131974398,67.6818188680255,62.23228022305766,9.324096737214582,6.363072947131102,0.9490320994518697,0.02484981720069919,0.02046723384825599,0.005650849499175094,54.0713035500719,11.012065491383028,24.92793528425814,2459.152145264196,2478.6040938206147,,
S244,IDLE,21.763,converged,,0.24298173768343712,0.10632285803950212,21.76299999999984,11.164900872280425,370.9211148925142,669.0559400829466,583.0518462140469,2.1988099494364004,7.696092758615854,14.066907241383985,34.08851049409956,2.1700566981854434,0.6656765024595119,0.9490320994518697,0.02484981720069919,0.02046723384825599,0.005650849499175094,54.0713035500719,11.012065491383028,24.92793528425814,923.6801556020645,930.9864863242029,,
S245,TAKE-OFF,310.9,converged,,2.392555085520998,0.34902352927905045,310.89999999996536,7.69557763113948,901.5451512272988,1718.228484193192,983.1121563918359,43.7724,72.25249942371804,238.64750057624732,102.39547191158805,43.2,117.752076789908,0.5079374047927558,0.1260296958485074,0.1678875114551309,0.1981453879036059,59.10106228723237,13.25974138299449,38.25769370267927,5949.33589684248,6647.102745254858,,
S245,APPROACH,93.27,converged,,0.6463920409611634,0.15515072104022903,93.26999999997564,6.930331735406156,581.9502969854668,990.023516552918,672.6988117453129,9.447641018982676,25.588181131950137,67.6818188680255,62.23228022305766,9.324096737214582,6.353297029985511,0.5079374047927558,0.1260296958485074,0.1678875114551309,0.1981453879036059,59.10106228723237,13.25974138299449,38.25769370267927,1607.3207241897685,1795.8350618490413,,
S245,IDLE,21.763,converged,,0.24280189412695374,0.1063941029796833,21.762999999999433,11.156637142257964,370.9211148925142,669.0293635877713,583.0282774468966,2.1988099494364004,7.696092758615449,14.066907241383985,34.08851049409956,2.1700566981854434,0.6647132235787009,0.5079374047927558,0.1260296958485074,0.1678875114551309,0.1981453879036059,59.10106228723237,13.25974138299449,38.25769370267927,603.7520445370559,674.5630003552907,,
S246,TAKE-OFF,310.9,converged,,2.3938315305942592,0.34892853690933534,310.8999999999667,7.699683276276987,901.5451512272988,1718.3530008331413,983.1794952391277,43.7724,72.2524994237194,238.64750057624732,102.39547191158805,43.2,117.8749736200114,0.6849128175526857,0.20525526714669848,0.02038126254792732,0.08945065275268847,54.24741851402812,9.475086720466974,37.14149469909065,7409.3470575617575,8048.543314688072,,
S246,APPROACH,93.27,converged,,0.646700942691129,0.15509987157903815,93.26999999998836,6.933643644164358,581.9502969854668,990.0549511188171,672.7210678125793,9.447641018982676,25.58818113196287,67.6818188680255,62.23228022305766,9.324096737214582,6.359236447825999,0.6849128175526857,0.20525526714669848,0.02038126254792732,0.08945065275268847,54.24741851402812,9.475086720466974,37.14149469909065,2001.6578717473185,2174.3387044480273,,
S246,IDLE,21.763,converged,,0.24291210219511566,0.10635668333533287,21.7629999999998,11.161701153109309,370.9211148925142,669.0443395770278,583.0415787178497,2.1988099494364004,7.696092758615813,14.066907241383985,34.08851049409956,2.1700566981854434,0.6653034396623545,0.6849128175526857,0.20525526714669848,0.02038126254792732,0.08945065275268847,54.24741851402812,9.475086720466974,37.14149469909065,751.8574497173253,816.7193685906464,,
S247,TAKE-OFF,310.9,converged,,2.394140822018434,0.3488872119835702,310.8999999999661,7.700678102343824,901.5451512272988,1718.393782328424,983.2010883498,43.7724,72.25249942371883,238.64750057624732,102.39547191158805,43.2,117.90476179704592,0.8737426586449146,0.0025968996630242446,0.06464683906688475,0.059013602625176374,40.49990541338349,5.28415706526831,44.59033860162147,8523.225334209472,8606.157463145762,,
S247,APPROACH,93.27,converged,,0.6467696630663453,0.155077945324808,93.27000000000002,6.9343804338623904,581.9502969854668,990.0652668255916,672.7282361217501,9.447641018982676,25.588181131974533,67.6818188680255,62.23228022305766,9.324096737214582,6.360558139830178,0.8737426586449146,0.0025968996630242446,0.06464683906688475,0.059013602625176374,40.49990541338349,5.28415706526831,44.59033860162147,2302.522694967336,2324.9265504950486,,
S247,IDLE,21.763,converged,,0.24293538781811586,0.10634054171487152,21.763000000000023,11.16277111694691,370.9211148925142,669.0492327886085,583.0458958079807,2.1988099494364004,7.696092758616034,14.066907241383985,34.08851049409956,2.1700566981854434,0.6654281778933449,0.8737426586449146,0.0025968996630242446,0.06464683906688475,0.059013602625176374,40.49990541338349,5.28415706526831,44.59033860162147,864.8585049737001,873.2736945567148,,
S248,TAKE-OFF,310.9,converged,,2.393957046959722,0.34892044481252327,310.89999999996354,7.700086995689939,901.5451512272988,1718.364522620648,983.1857575297188,43.7724,72.25249942371622,238.64750057624732,102.39547191158805,43.2,117.88706178754221,0.8138973321765661,0.08596573345364565,0.0004288888282256937,0.09970804554156253,37.83849849761003,7.760276586425741,24.8070023608922,8284.051515503372,8320.818030493785,,
S248,APPROACH,93.27,converged,,0.6467317337005546,0.1550955269651774,93.27000000000221,6.933973771850962,581.9502969854668,990.0578579893918,672.7231351366365,9.447641018982676,25.58818113197671,67.6818188680255,62.23228022305766,9.324096737214582,6.359828631588524,0.8138973321765661,0.08596573345364565,0.0004288888282256937,0.09970804554156253,37.83849849761003,7.760276586425741,24.8070023608922,2237.95118023951,2247.883719343366,,
S248,IDLE,21.763,converged,,0.2429231713120017,0.10635348672156489,21.763000000000005,11.162209774020202,370.9211148925142,669.0457258482379,583.0428119407571,2.1988099494364004,7.696092758616017,14.066907241383985,34.08851049409956,2.1700566981854434,0.6653627341409967,0.8138973321765661,0.08596573345364565,0.0004288888282256937,0.09970804554156253,37.83849849761003,7.760276586425741,24.8070023608922,840.6116007861401,844.3424272982134,,
S249,TAKE-OFF,310.9,converged,,2.393510986695947,0.34891417310930206,310.8999999999656,7.698652256983635,901.5451512272988,1718.343870822389,983.1735956396832,43.7724,72.2524994237183,238.64750057624732,102.39547191158805,43.2,117.84410558706085,0.6274485811591148,0.09401031426757939,0.2244250121225523,0.05411609245075348,30.63422124844623,13.522088641374301,41.8343494262154,6582.350253353883,6814.304577084715,,
S249,APPROACH,93.27,converged,,0.6466105930175247,0.15509258646744517,93.27000000000598,6.932674954620812,581.9502969854668,990.0526920858808,672.7191859221766,9.447641018982676,25.58818113198048,67.6818188680255,62.23228022305766,9.324096737214582,6.3574989659717245,0.6274485811591148,0.09401031426757939,0.2244250121225523,0.05411609245075348,30.63422124844623,13.522088641374301,41.8343494262154,1778.2318211313413,1840.8946305582633,,
S249,IDLE,21.763,converged,,0.24287729849608225,0.10635130816148246,21.76299999999983,11.160101938890968,370.9211148925142,669.0432192734175,583.0405232969881,2.1988099494364004,7.696092758615845,14.066907241383985,34.08851049409956,2.1700566981854434,0.6651170218141562,0.6274485811591148,0.09401031426757939,0.2244250121225523,0.05411609245075348,30.63422124844623,13.522088641374301,41.8343494262154,667.932362197542,691.4695173789345,,
S250,TAKE-OFF,310.9,converged,,2.39280727863026,0.34901589698843144,310.89999999996314,7.696388802285442,901.5451512272988,1718.2466332562522,983.1222519437183,43.7724,72.25249942371585,238.64750057624732,102.39547191158805,43.2,117.77635311417184,0.5546592227183282,0.15902614204188584,0.09005330722204223,0.19626132801774368,30.45369378060638,13.038197025750538,34.409640499665656,6423.057454453895,6612.592062734394,,
S250,APPROACH,93.27,converged,,0.646456797981049,0.1551465176871762,93.27000000000054,6.931026031747028,581.9502969854668,990.0280853959509,672.7021288554399,9.447641018982676,25.588181131975038,67.6818188680255,62.23228022305766,9.324096737214582,6.354541922952729,0.5546592227183282,0.15902614204188584,0.09005330722204223,0.19626132801774368,30.45369378060638,13.038197025750538,34.409640499665656,1735.2961069357316,1786.5020427709578,,
S250,IDLE,21.763,converged,,0.2428257468593766,0.10639101386949362,21.762999999999707,11.157733164516836,370.9211148925142,669.0315531650836,583.0302397683823,2.1988099494364004,7.69609275861572,14.066907241383985,34.08851049409956,2.1700566981854434,0.6648409444818207,0.5546592227183282,0.15902614204188584,0.09005330722204223,0.19626132801774368,30.45369378060638,13.038197025750538,34.409640499665656,651.8217064231264,671.0559687151391,,
S251,TAKE-OFF,310.9,converged,,2.3947764231034783,0.3488367538141514,310.89999999996655,7.70272249309661,901.5451512272988,1718.4576260973813,983.2355339532139,43.7724,72.25249942371921,238.64750057624732,102.39547191158805,43.2,117.96598874158063,0.9883698592893779,0.0021008212161671373,0.005041616623674322,0.004487702870780612,14.754532772782817,14.355648013580105,26.980680541567125,9390.774410155995,9390.142764258788,,
S251,APPROACH,93.27,converged,,0.6469224054957664,0.15505097201386353,93.27000000000022,6.936018071145758,581.9502969854668,990.0813842156983,672.7396240289352,9.447641018982676,25.588181131974718,67.6818188680255,62.23228022305766,9.324096737214582,6.363496300214654,0.9883698592893779,0.0021008212161671373,0.005041616623674322,0.004487702870780612,14.754532772782817,14.355648013580105,26.980680541567125,2536.814005799028,2536.6433736350814,,
S251,IDLE,21.763,converged,,0.24298966715935225,0.10632069224146366,21.76299999999976,11.165265228109863,370.9211148925142,669.0569071278298,583.0527069680825,2.1988099494364004,7.696092758615772,14.066907241383985,34.08851049409956,2.1700566981854434,0.6657189900456915,0.9883698592893779,0.0021008212161671373,0.005041616623674322,0.004487702870780612,14.754532772782817,14.355648013580105,26.980680541567125,952.8493458839137,952.7852549630057,,
S252,TAKE-OFF,310.9,converged,,2.3945036612456634,0.3488561342585679,310.8999999999676,7.701845163222622,901.5451512272988,1718.4315445591324,983.2214066930886,43.7724,72.25249942372028,238.64750057624732,102.39547191158805,43.2,117.93971190707803,0.8948899717070162,0.04779989617458551,0.040546465735312565,0.01676366638308571,23.427550657492958,14.693023556874746,33.25806349761093,8710.681689823232,8721.657647076476,,
S252,APPROACH,93.27,converged,,0.6468560982700233,0.1550613544657084,93.2699999999999,6.935307154176305,581.9502969854668,990.0748027639991,672.7349575250498,9.447641018982676,25.5881811319744,67.6818188680255,62.23228022305766,9.324096737214582,6.362220729925158,0.8948899717070162,0.04779989617458551,0.040546465735312565,0.01676366638308571,23.427550657492958,14.693023556874746,33.25806349761093,2353.121301230332,2356.086368688161,,
S252,IDLE,21.763,converged,,0.24296595009965186,0.10632833176194084,21.76299999999989,11.164175439950975,370.9211148925142,669.0537708369457,583.0499199441592,2.1988099494364004,7.696092758615907,14.066907241383985,34.08851049409956,2.1700566981854434,0.6655919136361104,0.8948899717070162,0.04779989617458551,0.040546465735312565,0.01676366638308571,23.427550657492958,14.693023556874746,33.25806349761093,883.8570961643692,884.970806669577,,
S253,TAKE-OFF,310.9,converged,,2.3920458344702067,0.34909914469025094,310.899999999966,7.693939641268794,901.5451512272988,1718.1569676609756,983.0744280305239,43.7724,72.25249942371869,238.64750057624732,102.39547191158805,43.2,117.70306330379992,0.5856386017985642,0.026103318349183318,0.06185260275237649,0.326405477099876,69.6605922001304,7.306035905629269,57.252802218887666,6693.213216029455,7777.410221823447,,
S253,APPROACH,93.27,converged,,0.6462813997944299,0.15519080380901049,93.2699999999995,6.929145489379579,581.9502969854668,990.0054134206805,672.6862732056602,9.447641018982676,25.588181131974014,67.6818188680255,62.23228022305766,9.324096737214582,6.351170333137385,0.5856386017985642,0.026103318349183318,0.06185260275237649,0.326405477099876,69.6605922001304,7.306035905629269,57.252802218887666,1808.3680270851312,2101.2956743986542,,
S253,IDLE,21.763,converged,,0.2427649542418988,0.10642361486595589,21.76299999999916,11.154939771258935,370.9211148925142,669.0207818417382,583.0207149850442,2.1988099494364004,7.6960927586151735,14.066907241383985,34.08851049409956,2.1700566981854434,0.6645154503888961,0.5856386017985642,0.026103318349183318,0.06185260275237649,0.326405477099876,69.6605922001304,7.306035905629269,57.252802218887666,679.2836394293184,789.3170813926398,,
S254,TAKE-OFF,310.9,converged,,2.394037948274895,0.34888047169846287,310.89999999996655,7.700347212206988,901.5451512272988,1718.3920863194812,983.1998087244546,43.7724,72.2524994237192,238.64750057624732,102.39547191158805,43.2,117.89485351212005,0.7214692002162337,0.11754326349279087,0.13942706612123282,0.021560470169742593,19.616398989682562,14.575757010486413,37.63225296255766,7374.62978182756,7383.5351950399245,,
S254,APPROACH,93.27,converged,,0.6467399545775663,0.15507448954669428,93.27000000000018,6.934061912485956,581.9502969854668,990.0648558854164,672.7278387711433,9.447641018982676,25.58818113197468,67.6818188680255,62.23228022305766,9.324096737214582,6.359986743008479,0.7214692002162337,0.11754326349279087,0.13942706612123282,0.021560470169742593,19.616398989682562,14.575757010486413,37.63225296255766,1992.2272884447486,1994.6330508682765,,
S254,IDLE,21.763,converged,,0.24292382084904274,0.10633799338223973,21.76299999999959,11.162239619953468,370.9211148925142,669.0490204003224,583.045684420358,2.1988099494364004,7.6960927586156025,14.066907241383985,34.08851049409956,2.1700566981854434,0.6653662136279793,0.7214692002162337,0.11754326349279087,0.13942706612123282,0.021560470169742593,19.616398989682562,14.575757010486413,37.63225296255766,748.3061182215595,749.2097534397674,,
S255,TAKE-OFF,310.9,converged,,2.393830582348828,0.3489228529755747,310.8999999999615,7.699680226275731,901.5451512272988,1718.3562421605616,983.1811032387266,43.7724,72.25249942371414,238.64750057624732,102.39547191158805,43.2,117.87488229916885,0.7823772178962827,0.0749629165632817,0.04563480510319619,0.09702506043723942,42.1682315692775,3.1779897230468204,50.49893666778974,7980.238489996233,8285.995043048068,,
S255,APPROACH,93.27,converged,,0.6466987886247603,0.1550968898823993,93.2700000000012,6.933620549209305,581.9502969854668,990.0557761752189,672.7216094295245,9.447641018982676,25.58818113197571,67.6818188680255,62.23228022305766,9.324096737214582,6.35919502105577,0.7823772178962827,0.0749629165632817,0.04563480510319619,0.09702506043723942,42.1682315692775,3.1779897230468204,50.49893666778974,2155.879619247515,2238.480449035014,,
S255,IDLE,21.763,converged,,0.24291094670820595,0.10635448703793283,21.76299999999981,11.161648059008778,370.9211148925142,669.0447259931885,583.0419128285027,2.1988099494364004,7.696092758615825,14.066907241383985,34.08851049409956,2.1700566981854434,0.6652972501580909,0.7823772178962827,0.0749629165632817,0.04563480510319619,0.09702506043723942,42.1682315692775,3.1779897230468204,50.49893666778974,809.7846609763852,840.8109225304439,,
