p62_case,blend,Mode,target_kN,status,reason,ff,phi,thrust_kN,tsfc_mg_Ns,T3,T4,T5,p3_bar,thrust_core_kN,thrust_bypass_kN,m_core,pi_c,nox_corr_g_s,lifecycle_g_s
draw_00,Jet-A1,TAKE-OFF,310.9,converged,,2.3846562264625852,0.3721840740798434,310.8999999999677,7.670171201231369,908.328168841139,1773.0838834958388,977.6122836534689,43.7724,62.06374604945754,248.83625395051018,95.563164727609,43.2,116.99296379163707,9436.366077547173
draw_00,Jet-A1,APPROACH,93.27,converged,,0.6468128814005027,0.17179871392606336,93.26999999999975,6.93484380187096,589.1855502370545,1037.6540527752952,698.509696620866,9.664501327033625,23.410292598085984,69.85970740191377,56.15407548523632,9.538121220857265,6.395381819278102,2559.514895621795
draw_00,Jet-A1,IDLE,21.763,converged,,0.24382324872195132,0.12314734454213282,21.76299999999984,11.203567923629699,375.5265573445066,718.0279936760367,625.5734882654594,2.2671857627050045,7.55797408361862,14.20502591638122,29.53062179684589,2.237538379180858,0.6750297204630357,964.8373663361107
draw_00,HEFA-50,TAKE-OFF,310.9,converged,,2.3840902377605953,0.3722444037841589,310.8999999999643,7.668350716503278,908.328168841139,1773.0132249045832,977.576135076717,43.7724,62.06374604945409,248.83625395051018,95.563164727609,43.2,116.93866206115928,6233.428984743522
draw_00,HEFA-50,APPROACH,93.27,converged,,0.6466805211161529,0.1718321839125839,93.27000000000028,6.93342469300044,589.1855502370545,1037.6353049840616,698.4967276068128,9.664501327033625,23.41029259808651,69.85970740191377,56.15407548523632,9.538121220857265,6.3928225013240825,1690.8072690993754
draw_00,HEFA-50,IDLE,21.763,converged,,0.24377702013520663,0.12317318858416963,21.76299999999992,11.201443740991937,375.5265573445066,718.01852686798,625.5651075230774,2.2671857627050045,7.557974083618701,14.20502591638122,29.53062179684589,2.237538379180858,0.6747794323333575,637.3780316941986
draw_00,FT-50,TAKE-OFF,310.9,converged,,2.3828898604035214,0.37225111993579796,310.8999999999681,7.664489740764767,908.328168841139,1772.9360471987734,977.5336303291377,43.7724,62.063746049457954,248.83625395051018,95.563164727609,43.2,116.82353698735618,5123.120267163015
draw_00,FT-50,APPROACH,93.27,converged,,0.6463616784226791,0.17183708070981404,93.27000000000017,6.93000620159406,589.1855502370545,1037.6150452334948,698.4818498094602,9.664501327033625,23.4102925980864,69.85970740191377,56.15407548523632,9.538121220857265,6.386659415705726,1389.6524005033018
draw_00,FT-50,IDLE,21.763,converged,,0.24365737891929215,0.12317697770328939,21.76299999999989,11.19594628127066,375.5265573445066,718.0082198345485,625.5557904392498,2.2671857627050045,7.55797408361867,14.20502591638122,29.53062179684589,2.237538379180858,0.674131888419709,523.8538620387003
draw_00,ATJ-50,TAKE-OFF,310.9,converged,,2.380765506728212,0.372598787926952,310.8999999999695,7.6576568244723235,908.328168841139,1772.5983035983595,977.3638422543659,43.7724,62.063746049459326,248.83625395051018,95.563164727609,43.2,116.6199315640997,6265.041926442278
draw_00,ATJ-50,APPROACH,93.27,converged,,0.6459028415051383,0.17202883704437255,93.27000000000007,6.925086753566397,589.1855502370545,1037.5251678812074,698.4205377153125,9.664501327033625,23.410292598086308,69.85970740191377,56.15407548523632,9.538121220857265,6.377795403215515,1699.7089259743939
draw_00,ATJ-50,IDLE,21.763,converged,,0.2435053766688519,0.12332505084464084,21.76299999999988,11.188961846659616,375.5265573445066,717.9629042033284,625.5158661191259,2.2671857627050045,7.55797408361866,14.20502591638122,29.53062179684589,2.237538379180858,0.6733096324540186,640.7902793589303
draw_01,Jet-A1,TAKE-OFF,310.9,converged,,2.3805182994141023,0.3871012722752465,310.89999999995814,7.656861689978844,907.791372123043,1803.1891842984846,987.5210202527592,43.7724,57.35012756092809,253.54987243903005,91.72114235934436,43.2,116.5962496319248,9419.991811940934
draw_01,Jet-A1,APPROACH,93.27,converged,,0.6469754459093284,0.18199145705370204,93.27000000000021,6.936586747178375,590.4150176510094,1063.394256963641,716.6055533191648,9.74658911497211,22.20989914853599,71.06010085146421,53.0223932039121,9.619135568687007,6.411246966745062,2560.15818256583
draw_01,Jet-A1,IDLE,21.763,converged,,0.24441034486861477,0.13334434005543497,21.763000000000055,11.23054472584727,376.8544333158054,745.6453356136457,651.0835520399829,2.2936161822743837,7.469624977717206,14.293375022282849,27.338049592423836,2.2636231752029445,0.6800607361639014,967.1605750658032
draw_01,HEFA-50,TAKE-OFF,310.9,converged,,2.379952605723092,0.3871639082268868,310.8999999999645,7.655042154143981,907.791372123043,1803.1142705099542,987.4830627041301,43.7724,57.35012756093442,253.54987243903005,91.72114235934436,43.2,116.54206622902309,6222.610755189005
draw_01,HEFA-50,APPROACH,93.27,converged,,0.6468428453515027,0.1820268545464925,93.2699999999998,6.935165062201182,590.4150176510094,1063.3738745360565,716.5914759111138,9.74658911497211,22.209899148535584,71.06010085146421,53.0223932039121,9.619135568687007,6.408677288623546,1691.2316811361052
draw_01,HEFA-50,IDLE,21.763,converged,,0.24436397002616592,0.1333723049954613,21.762999999999984,11.228413822826177,376.8544333158054,745.6347228233285,651.0741386027282,2.2936161822743837,7.469624977717135,14.293375022282849,27.338049592423836,2.2636231752029445,0.6798083925083758,638.9126675921814
draw_01,FT-50,TAKE-OFF,310.9,converged,,2.3787525652105344,0.3871706093080902,310.8999999999677,7.651182261855199,907.791372123043,1803.0322611655224,987.4381866540757,43.7724,57.35012756093764,253.54987243903005,91.72114235934436,43.2,116.42716442266683,5114.225243852607
draw_01,FT-50,APPROACH,93.27,converged,,0.6465236414456896,0.1820319626995182,93.27000000000038,6.931742698034599,590.4150176510094,1063.3518287170843,716.5753079427543,9.74658911497211,22.209899148536163,71.06010085146421,53.0223932039121,9.619135568687007,6.402493472092712,1390.0006146862165
draw_01,FT-50,IDLE,21.763,converged,,0.24424399586999515,0.13337638335930033,21.76300000000006,11.22290106465076,376.8544333158054,745.6232019923756,651.0637079532273,2.2936161822743837,7.46962497771721,14.293375022282849,27.338049592423836,2.2636231752029445,0.67915577856175,525.1150656046507
draw_01,ATJ-50,TAKE-OFF,310.9,converged,,2.3766296076034723,0.38753183773082606,310.89999999996417,7.644353835972167,907.791372123043,1802.6743686757236,987.2601480123419,43.7724,57.350127560934055,253.54987243903005,91.72114235934436,43.2,116.22403056779493,6254.158208013561
draw_01,ATJ-50,APPROACH,93.27,converged,,0.6460637558533384,0.18223483233229465,93.27000000000037,6.9268120065759184,590.4150176510094,1063.2541357954065,716.5087751984674,9.74658911497211,22.209899148536152,71.06010085146421,53.0223932039121,9.619135568687007,6.393589411906708,1700.1323759677641
draw_01,ATJ-50,IDLE,21.763,converged,,0.24409146746312102,0.1335366297361822,21.76299999999999,11.215892453389749,376.8544333158054,745.5723674488402,651.0188300318364,2.2936161822743837,7.4696249777171415,14.293375022282849,27.338049592423836,2.2636231752029445,0.6783265241054592,642.3325914381422
draw_02,Jet-A1,TAKE-OFF,310.9,converged,,2.3953835800401233,0.37246259248163155,310.89999999995644,7.704675394147503,926.3478024288366,1789.9195272606141,1008.3965304554177,43.7724,67.00280412912171,243.89719587083476,95.92127346956946,43.2,118.02449019064869,9478.815481481213
draw_02,Jet-A1,APPROACH,93.27,converged,,0.6477000222015559,0.16895394928140672,93.26999999999997,6.944355336137623,597.2264786560927,1038.1144380036799,699.6416294716212,9.626922604245902,23.924103896395515,69.34589610360445,57.1778858915089,9.501033905004592,6.406684505510235,2563.0254164541766
draw_02,Jet-A1,IDLE,21.763,converged,,0.2436224447503714,0.11876792634401498,21.76300000000007,11.19434107201997,377.40503917613864,708.2978926173687,615.2136139793432,2.2551868682031926,7.453064557477474,14.309935442522594,30.59430927690402,2.225696391022149,0.6731035804413055,964.0427613257002
draw_02,HEFA-50,TAKE-OFF,310.9,converged,,2.3948117240345437,0.37252245070560464,310.8999999999609,7.702836037423109,926.3478024288366,1789.848357350174,1008.3593858859592,43.7724,67.00280412912619,243.89719587083476,95.92127346956946,43.2,117.96938970738584,6261.461322715064
draw_02,HEFA-50,APPROACH,93.27,converged,,0.6475670546175416,0.16898675394343013,93.27000000000034,6.94292971606668,597.2264786560927,1038.0960006937198,699.6288628180432,9.626922604245902,23.92410389639588,69.34589610360445,57.1778858915089,9.501033905004592,6.404112429483532,1693.1251946275188
draw_02,HEFA-50,IDLE,21.763,converged,,0.24357623780196302,0.11879284329441041,21.763000000000016,11.19221788365404,377.40503917613864,708.2888642018538,615.2056414067699,2.2551868682031926,7.453064557477421,14.309935442522594,30.59430927690402,2.225696391022149,0.6728539177011806,636.8530673300809
draw_02,FT-50,TAKE-OFF,310.9,converged,,2.3936062967723166,0.3725292260829507,310.89999999995683,7.69895881882486,926.3478024288366,1789.7707092773053,1008.316040790303,43.7724,67.00280412912208,243.89719587083476,95.92127346956946,43.2,117.85328343227069,5146.160187414907
draw_02,FT-50,APPROACH,93.27,converged,,0.6472477787701925,0.16899157068343704,93.26999999999988,6.939506580574603,597.2264786560927,1038.0760665115474,699.6142161842934,9.626922604245902,23.92410389639544,69.34589610360445,57.1778858915089,9.501033905004592,6.397938535968736,1391.5574816925418
draw_02,FT-50,IDLE,21.763,converged,,0.24345668924711178,0.11879649479423868,21.76299999999994,11.186724681666702,377.40503917613864,708.2790053609447,615.196745706963,2.2551868682031926,7.453064557477348,14.309935442522594,30.59430927690402,2.225696391022149,0.6722081898361669,523.4223870704097
draw_02,ATJ-50,TAKE-OFF,310.9,converged,,2.391452555587425,0.37287406134254536,310.89999999996206,7.692031378538813,926.3478024288366,1789.430437884152,1008.1412470941065,43.7724,67.00280412912727,243.89719587083476,95.92127346956946,43.2,117.64597503312402,6293.165153607527
draw_02,ATJ-50,APPROACH,93.27,converged,,0.6467858103241377,0.16917949707845112,93.2699999999955,6.9345535576730875,597.2264786560927,1037.987687803124,699.5538619331863,9.626922604245902,23.92410389639105,69.34589610360445,57.1778858915089,9.501033905004592,6.3890105221484434,1702.032479745288
draw_02,ATJ-50,IDLE,21.763,converged,,0.2433047215926083,0.11893925779207672,21.762999999999813,11.179741836723355,377.40503917613864,708.2358171753665,615.1587980890806,2.2551868682031926,7.45306455747722,14.309935442522594,30.59430927690402,2.225696391022149,0.6713877912879256,640.2622506799753
draw_03,Jet-A1,TAKE-OFF,310.9,converged,,2.4029603810752627,0.3161923401326539,310.8999999999665,7.72904593462696,919.944818881895,1666.3668500605113,975.1172368031969,43.7724,85.24438048491474,225.65561951505174,113.34902665109328,43.2,118.75573048592311,9508.797777239783
draw_03,Jet-A1,APPROACH,93.27,converged,,0.6465453021924024,0.13655561303101918,93.26999999999954,6.931974935053132,592.747648593594,954.2616279304601,641.4993643658314,9.553143439418488,28.103087587404502,65.16691241259502,70.61743416349503,9.42821953063754,6.372841114703918,2558.456053120995
draw_03,Jet-A1,IDLE,21.763,converged,,0.24184855451938822,0.09050170464010443,21.762999999999963,11.112831618774463,375.2288840382246,630.7111633618399,542.3527918171624,2.231812690019315,7.7484205134427535,14.01457948655721,39.85742762147547,2.2026278707321145,0.6619300117381953,957.0232683626525
draw_03,HEFA-50,TAKE-OFF,310.9,converged,,2.4023910064005105,0.31624371994459494,310.8999999999663,7.727214559024674,919.944818881895,1666.3111370706097,975.0866032514822,43.7724,85.24438048491456,225.65561951505174,113.34902665109328,43.2,118.70070319423867,6281.27807194514
draw_03,HEFA-50,APPROACH,93.27,converged,,0.6464132007820321,0.1365822600521868,93.26999999999957,6.930558601715827,592.747648593594,954.2479611910267,641.4898395415751,9.553143439418488,28.103087587404538,65.16691241259502,70.61743416349503,9.42821953063754,6.370294751296617,1690.108334850777
draw_03,HEFA-50,IDLE,21.763,converged,,0.24180274675410007,0.09052071495632236,21.762999999999913,11.110726772692232,375.2288840382246,630.7049734869563,542.3473812073427,2.231812690019315,7.748420513442705,14.01457948655721,39.85742762147547,2.2026278707321145,0.6616848291773761,632.2161075678883
draw_03,FT-50,TAKE-OFF,310.9,converged,,2.4011878409082423,0.31625027208288914,310.8999999999655,7.7233446153377585,919.944818881895,1666.2507640149647,975.0514529938755,43.7724,85.24438048491372,225.65561951505174,113.34902665109328,43.2,118.58446410004952,5162.460211626926
draw_03,FT-50,APPROACH,93.27,converged,,0.6460952296194592,0.1365863086936858,93.27000000000044,6.9271494544811425,592.747648593594,954.2331839209868,641.4789114584972,9.553143439418488,28.103087587405412,65.16691241259502,70.61743416349503,9.42821953063754,6.364167634654804,1389.0795459678823
draw_03,FT-50,IDLE,21.763,converged,,0.2416841666645934,0.0905235341326716,21.762999999999813,11.10527807124916,375.2288840382246,630.6981479011266,542.3412757581658,2.231812690019315,7.748420513442604,14.01457948655721,39.85742762147547,2.2026278707321145,0.6610503445042034,519.611532646376
draw_03,ATJ-50,TAKE-OFF,310.9,converged,,2.399046392336266,0.31654553426453924,310.89999999996644,7.716456713851802,919.944818881895,1665.9839613967818,974.9066944565405,43.7724,85.24438048491467,225.65561951505174,113.34902665109328,43.2,118.37771416640857,6313.148518403259
draw_03,ATJ-50,APPROACH,93.27,converged,,0.6456370399634744,0.13673882503125773,93.26999999999995,6.922236946107803,592.747648593594,954.1676709856654,641.4338820012817,9.553143439418488,28.103087587404932,65.16691241259502,70.61743416349503,9.42821953063754,6.355343657955314,1699.0094627983983
draw_03,ATJ-50,IDLE,21.763,converged,,0.24153357558268676,0.09063242163439175,21.762999999998218,11.098358479194346,375.2288840382246,630.6686036219934,542.3155901213213,2.231812690019315,7.748420513441007,14.01457948655721,39.85742762147547,2.2026278707321145,0.660245007867171,635.6014371816906
draw_04,Jet-A1,TAKE-OFF,310.9,converged,,2.401730498793761,0.3333260427056192,310.89999999996724,7.725090057233883,911.5390388623114,1694.9901007814974,984.5981790945783,43.7724,79.8858743669612,231.01412563300605,107.46760149411256,43.2,118.63688396375464,9503.93098792577
draw_04,Jet-A1,APPROACH,93.27,converged,,0.6472922511866631,0.1454481051244521,93.26999999999997,6.939983394303241,585.8773921172912,969.9803423559641,657.6620184726723,9.401595965876748,27.330713854045857,65.93928614595411,66.37657967549382,9.278653802987169,6.363308673043264,2561.411818431266
draw_04,Jet-A1,IDLE,21.763,converged,,0.2425506883008609,0.0975784363237845,21.762999999999817,11.145094348245323,371.4862109506652,646.1716884018845,560.7495218265914,2.1845616781575425,7.861755500840801,13.901244499159016,37.074148617223344,2.155994747749857,0.6623568986890577,959.8016945877262
draw_04,HEFA-50,TAKE-OFF,310.9,converged,,2.4011624941054763,0.3333803564159118,310.8999999999674,7.723263088149657,911.5390388623114,1694.9302037293755,984.5655870525065,43.7724,79.88587436696139,231.01412563300605,107.46760149411256,43.2,118.58201591713967,6278.066010578213
draw_04,HEFA-50,APPROACH,93.27,converged,,0.6471603123365851,0.1454765582469056,93.2699999999996,6.938568803866065,585.8773921172912,969.9655491884101,657.6516503199796,9.401595965876748,27.330713854045474,65.93928614595411,66.37657967549382,9.278653802987169,6.360772177065155,1692.0617285374867
draw_04,HEFA-50,IDLE,21.763,converged,,0.24250477635623519,0.09759894473612613,21.76299999999973,11.1429847151697,371.4862109506652,646.164876690578,560.7435182112665,2.1845616781575425,7.861755500840714,13.901244499159016,37.074148617223344,2.155994747749857,0.6621117118469131,634.0516302342651
draw_04,FT-50,TAKE-OFF,310.9,converged,,2.399958904055429,0.3333871191565227,310.89999999996536,7.719391778886126,911.5390388623114,1694.8652509703822,984.5280804353127,43.7724,79.88587436695933,231.01412563300605,107.46760149411256,43.2,118.46579266381563,5159.818045321915
draw_04,FT-50,APPROACH,93.27,converged,,0.6468418942161783,0.14548085266801325,93.26999999999983,6.935154864545723,585.8773921172912,969.9495809101994,657.6397933396389,9.401595965876748,27.3307138540457,65.93928614595411,66.37657967549382,9.278653802987169,6.354652692883882,1390.684845730909
draw_04,FT-50,IDLE,21.763,converged,,0.24238585112172076,0.09760198400662749,21.762999999996556,11.13752015447131,371.4862109506652,646.1573971473238,560.7367833267954,2.1845616781575425,7.861755500837538,13.901244499159016,37.074148617223344,2.155994747749857,0.6614768131975892,521.1201268635059
draw_04,ATJ-50,TAKE-OFF,310.9,converged,,2.397825913960476,0.3336994055079796,310.89999999996934,7.712531083823455,911.5390388623114,1694.578461557668,984.3741774361669,43.7724,79.88587436696326,231.01412563300605,107.46760149411256,43.2,118.25995980533963,6309.936800082814
draw_04,ATJ-50,APPROACH,93.27,converged,,0.6463851041699087,0.14564373558813998,93.26999999999967,6.9302573621733785,585.8773921172912,969.8786417331823,657.5907384817818,9.401595965876748,27.330713854045545,65.93928614595411,66.37657967549382,9.278653802987169,6.345878949529045,1700.9780118233805
draw_04,ATJ-50,IDLE,21.763,converged,,0.24223499282077374,0.09771945449778714,21.76299999999799,11.130588283820984,371.4862109506652,646.124853286457,560.7082429659297,2.1845616781575425,7.861755500838975,13.901244499159016,37.074148617223344,2.155994747749857,0.6606718637896918,637.4472335829428
draw_05,Jet-A1,TAKE-OFF,310.9,converged,,2.41057329558009,0.3530675099111883,310.89999999997343,7.7535326329375875,890.4718236240967,1717.3003963964507,1017.6965022507733,43.7724,80.25988871992992,230.64011128004353,101.8321975507212,43.2,119.4926789745913,9538.922978259296
draw_05,Jet-A1,APPROACH,93.27,converged,,0.6500630374882451,0.1574222037285527,93.26999999999984,6.9696905488179075,576.6193368486211,991.011578245256,685.2913215163899,9.446134766040094,28.181778103751927,65.08822189624792,61.590256756634815,9.32261018113999,6.423816099358033,2572.3761467794097
draw_05,Jet-A1,IDLE,21.763,converged,,0.2436206751758106,0.10833790726710144,21.7629999999997,11.194259760870008,369.40210192927475,672.8848760652643,589.4393936148238,2.1983423597201974,8.316032295271123,13.446967704728575,33.53947264854019,2.1695952230152455,0.6690708789430233,964.0357589103534
draw_05,HEFA-50,TAKE-OFF,310.9,converged,,2.410007810608717,0.3531257160174578,310.8999999999729,7.751713768442994,890.4718236240967,1717.2361913250816,1017.6609268857923,43.7724,80.2598887199294,230.64011128004353,101.8321975507212,43.2,119.43786206577298,6301.192925573812
draw_05,HEFA-50,APPROACH,93.27,converged,,0.6499310442316542,0.15745312291309144,93.27000000000015,6.96827537505793,576.6193368486211,990.9952753882088,685.2797398953724,9.446134766040094,28.18177810375223,65.08822189624792,61.590256756634815,9.32261018113999,6.4212653461908955,1699.3060686342355
draw_05,HEFA-50,IDLE,21.763,converged,,0.24357458553184555,0.10836068808543618,21.762999999999806,11.192141962590071,369.40210192927475,672.8770606474432,589.4324486283024,2.1983423597201974,8.316032295271231,13.446967704728575,33.53947264854019,2.1695952230152455,0.6688233401440726,636.8487473138845
draw_05,FT-50,TAKE-OFF,310.9,converged,,2.408801077062856,0.35313306845140324,310.8999999999718,7.74783234822475,890.4718236240967,1717.1668849557545,1017.6203714855822,43.7724,80.25988871992823,230.64011128004353,101.8321975507212,43.2,119.32092499008843,5178.828372443136
draw_05,FT-50,APPROACH,93.27,converged,,0.6496113705328251,0.15745779698051754,93.26999999999985,6.964847973976908,576.6193368486211,990.9777889518892,685.2666450980441,9.446134766040094,28.181778103751938,65.08822189624792,61.590256756634815,9.32261018113999,6.415089743430192,1396.6391118021234
draw_05,FT-50,IDLE,21.763,converged,,0.24345516529025085,0.1083640756701119,21.762999999999924,11.186654656538698,369.40210192927475,672.8685559136696,589.42474330645,2.1983423597201974,8.316032295271349,13.446967704728575,33.53947264854019,2.1695952230152455,0.6681821647721551,523.419110622593
draw_05,ATJ-50,TAKE-OFF,310.9,converged,,2.406685985761417,0.3534676339500872,310.89999999997434,7.741029224064379,890.4718236240967,1716.8591526072764,1017.4519974453741,43.7724,80.2598887199308,230.64011128004353,101.8321975507212,43.2,119.11609963276649,6333.252292997725
draw_05,ATJ-50,APPROACH,93.27,converged,,0.6491555123892344,0.15763479071140696,93.26999999999282,6.959960463056549,576.6193368486211,990.8994992188043,685.2116993109843,9.446134766040094,28.181778103744914,65.08822189624792,61.590256756634815,9.32261018113999,6.406288290432182,1708.2684079578946
draw_05,ATJ-50,IDLE,21.763,converged,,0.2433037576685995,0.1084945508757423,21.762999999999877,11.179697544851393,369.40210192927475,672.8311401415158,589.391642500813,2.1983423597201974,8.3160322952713,13.446967704728575,33.53947264854019,2.1695952230152455,0.6673696790548178,640.2597140906673
draw_06,Jet-A1,TAKE-OFF,310.9,converged,,2.4067713415580676,0.3134855159310555,310.8999999999632,7.741303768280323,922.6154842436903,1663.0435358646084,985.4433693290131,43.7724,88.25165371438975,222.6483462855735,114.5090683448226,43.2,119.12436215466877,9523.878197563577
draw_06,Jet-A1,APPROACH,93.27,converged,,0.6469648490421659,0.13486499057627277,93.26999999999956,6.936473132220103,595.0876909438844,952.2164482388852,641.0182301226921,9.60922187193969,28.570505797476365,64.69949420252318,71.54906920182754,9.483564640453679,6.3897078599981425,2560.1162495120375
draw_06,Jet-A1,IDLE,21.763,converged,,0.24174973620254495,0.08897175535066044,21.763,11.108290961840966,376.5741766963355,627.7778990267308,538.6404367207122,2.249556887682474,7.743532792888812,14.01946720711119,40.526246283191476,2.220140032255094,0.6626322668834121,956.6322326223424
draw_06,HEFA-50,TAKE-OFF,310.9,converged,,2.4062008682505844,0.31353643040430784,310.89999999996394,7.739468858960642,922.6154842436903,1662.9885089320526,985.4127096907561,43.7724,88.25165371439044,222.6483462855735,114.5090683448226,43.2,119.06914511801797,6291.239315403117
draw_06,HEFA-50,APPROACH,93.27,converged,,0.6468325485132463,0.13489128404683806,93.27000000000032,6.935054664021059,595.0876909438844,952.2029826148357,641.0088322850515,9.60922187193969,28.570505797477132,64.69949420252318,71.54906920182754,9.483564640453679,6.387152567257655,1691.2047590804625
draw_06,HEFA-50,IDLE,21.763,converged,,0.24170393484963043,0.08899043976344642,21.762999999999963,11.106186410404394,376.5741766963355,627.7718373449828,538.635148695317,2.249556887682474,7.743532792888776,14.01946720711119,40.526246283191476,2.220140032255094,0.6623867582536919,631.9577545158087
draw_06,FT-50,TAKE-OFF,310.9,converged,,2.404996403799718,0.3135430058600808,310.8999999999631,7.735594737214549,922.6154842436903,1662.9289419237475,985.3776641013105,43.7724,88.25165371438963,222.6483462855735,114.5090683448226,43.2,118.95260414317902,5170.648473309646
draw_06,FT-50,APPROACH,93.27,converged,,0.6465143918639049,0.13489528690154154,93.27000000000031,6.931643528078726,595.0876909438844,952.1884209338025,640.9980520793426,9.60922187193969,28.570505797477118,64.69949420252318,71.54906920182754,9.483564640453679,6.381009637656225,1389.980728446113
draw_06,FT-50,IDLE,21.763,converged,,0.24158540179763693,0.08899321075788463,21.76299999999992,11.100739870313735,376.5741766963355,627.7651470548798,538.6291737832457,2.249556887682474,7.74353279288873,14.01946720711119,40.526246283191476,2.220140032255094,0.6617515928993605,519.3991920342494
draw_06,ATJ-50,TAKE-OFF,310.9,converged,,2.4028498026247798,0.313835511091607,310.89999999996695,7.72869026254434,922.6154842436903,1662.6653615051832,985.2326478321768,43.7724,88.25165371439341,222.6483462855735,114.5090683448226,43.2,118.74504264154334,6323.157284429842
draw_06,ATJ-50,APPROACH,93.27,converged,,0.6460552186870402,0.13504577154303893,93.26999999999785,6.926720474826366,595.0876909438844,952.1238739183411,640.9536207823144,9.60922187193969,28.570505797474652,64.69949420252318,71.54906920182754,9.483564640453679,6.372149071152133,1700.1099102084777
draw_06,ATJ-50,IDLE,21.763,converged,,0.24143480144715698,0.08910023135736476,21.76300000000012,11.093819852371256,376.5741766963355,627.736220674952,538.6040778526035,2.249556887682474,7.74353279288893,14.01946720711119,40.526246283191476,2.220140032255094,0.660945022840278,635.3415106586486
draw_07,Jet-A1,TAKE-OFF,310.9,converged,,2.4078706248573263,0.3284022004485412,310.8999999999688,7.744839578184523,902.3238401036107,1676.1994683614512,995.8215043036325,43.7724,84.9661405562558,225.93385944371303,109.35776344594046,43.2,119.23079884931964,9528.228191294174
draw_07,Jet-A1,APPROACH,93.27,converged,,0.6481438426550182,0.14280252230021337,93.2699999999999,6.949113784228787,581.7620258915389,959.6243475300109,656.3123186808923,9.417111746630336,28.671007068101705,64.5989929318982,67.6952272843824,9.29396668801415,6.38216309782448,2564.7816663593408
draw_07,Jet-A1,IDLE,21.763,converged,,0.24256571192920137,0.09542534673504062,21.762999999999902,11.145784677167784,370.5142405349228,639.4817877664356,555.7319164895057,2.189352380504958,8.097314423230179,13.665685576769722,37.9130037346433,2.160722803360432,0.6627779939301024,959.8611448578575
draw_07,HEFA-50,TAKE-OFF,310.9,converged,,2.4073039312754454,0.3284560888646422,310.8999999999697,7.743016826232487,902.3238401036107,1676.1412992365456,995.7890438981137,43.7724,84.96614055625662,225.93385944371303,109.35776344594046,43.2,119.17592366931885,6294.123377810765
draw_07,HEFA-50,APPROACH,93.27,converged,,0.6480120304103444,0.1428305240487182,93.27000000000021,6.947700551199131,581.7620258915389,959.6099991757306,656.3021810299576,9.417111746630336,28.671007068102007,64.5989929318982,67.6952272843824,9.29396668801415,6.379624866194649,1694.2886258435165
draw_07,HEFA-50,IDLE,21.763,converged,,0.24251981443048087,0.09544540942925264,21.762999999999973,11.143675707874886,370.5142405349228,639.4751958385134,555.7261012275102,2.189352380504958,8.097314423230252,13.665685576769722,37.9130037346433,2.160722803360432,0.6625327435877777,634.0909486989746
draw_07,FT-50,TAKE-OFF,310.9,converged,,2.4060992282842353,0.3284630200266734,310.8999999999688,7.739141937228938,902.3238401036107,1676.0784376046372,995.7520027730587,43.7724,84.96614055625577,225.93385944371303,109.35776344594046,43.2,119.05930853391571,5173.019502941203
draw_07,FT-50,APPROACH,93.27,converged,,0.6476933672479431,0.1428347787368423,93.26999999999983,6.944283984646128,581.7620258915389,959.5945404611621,656.2906334201905,9.417111746630336,28.671007068101623,64.5989929318982,67.6952272843824,9.29396668801415,6.373490593643117,1392.5154795417552
draw_07,FT-50,IDLE,21.763,converged,,0.24240090534100744,0.09544839089899905,21.763000000003558,11.138211889030364,370.5142405349228,639.4679614904444,555.719583754837,2.189352380504958,8.097314423233836,13.665685576769722,37.9130037346433,2.160722803360432,0.6618975668174003,521.1524928478577
draw_07,ATJ-50,TAKE-OFF,310.9,converged,,2.40397502901485,0.3287726425363568,310.89999999996616,7.732309517578358,902.3238401036107,1675.799699889273,995.5984060347657,43.7724,84.96614055625312,225.93385944371303,109.35776344594046,43.2,118.85382216693705,6326.118344849529
draw_07,ATJ-50,APPROACH,93.27,converged,,0.6472375635961607,0.14299504983696412,93.2700000000019,6.93939705796234,581.7620258915389,959.5257044600894,656.2426230898953,9.417111746630336,28.67100706810371,64.5989929318982,67.6952272843824,9.29396668801415,6.3647213765019535,1703.2212793904578
draw_07,ATJ-50,IDLE,21.763,converged,,0.24225011564015175,0.0955633001549848,21.763000000004258,11.131283170523567,370.5142405349228,639.4364637274084,555.6919326116655,2.189352380504958,8.097314423234533,13.665685576769722,37.9130037346433,2.160722803360432,0.6610925215409251,637.4870296473521
draw_08,Jet-A1,TAKE-OFF,310.9,converged,,2.399136367885314,0.34458688413296745,310.89999999996746,7.716746117354664,903.018858817005,1710.9158535707588,985.4393047396696,43.7724,75.72316066884396,235.1768393311235,103.8433572929197,43.2,118.38639746629772,9493.665705813599
draw_08,Jet-A1,APPROACH,93.27,converged,,0.6475938926351333,0.15281141291032552,93.26999999999916,6.943217461511089,582.7922277994612,985.3314564712035,670.1144675601821,9.45504515850523,26.641600610209963,66.6283993897892,63.20762650608531,9.331404054779403,6.377594065488373,2562.605449236554
draw_08,Jet-A1,IDLE,21.763,converged,,0.24299226602756677,0.10448657586577907,21.762999999999877,11.165384644928004,371.24437380617195,664.3826923932912,578.4743664755966,2.2011099019985734,7.893544876128874,13.869455123871003,34.686021058918875,2.172326574881395,0.6658963750593608,961.549069758473
draw_08,HEFA-50,TAKE-OFF,310.9,converged,,2.3985702376137703,0.3446432139138871,310.89999999997025,7.714925177272433,903.018858817005,1710.853215894532,985.4055693739542,43.7724,75.72316066884677,235.1768393311235,103.8433572929197,43.2,118.33176692822862,6271.2883112716345
draw_08,HEFA-50,APPROACH,93.27,converged,,0.6474620008225799,0.1528413320894814,93.26999999999947,6.941803375389552,582.7922277994612,985.3156694198544,670.1033927623482,9.45504515850523,26.641600610210276,66.6283993897892,63.20762650608531,9.331404054779403,6.3750539649831355,1692.850521563513
draw_08,HEFA-50,IDLE,21.763,converged,,0.24294626630476776,0.1045085343831367,21.763,11.16327097848494,371.24437380617195,664.3752176546388,578.4677573825913,2.2011099019985734,7.893544876128998,13.869455123871003,34.686021058918875,2.172326574881395,0.66564985552978,635.2059473813546
draw_08,FT-50,TAKE-OFF,310.9,converged,,2.39736719374446,0.3446500968447542,310.89999999996905,7.71105562478192,903.018858817005,1710.7852461888122,985.3666239173536,43.7724,75.72316066884554,235.1768393311235,103.8433572929197,43.2,118.21571630709936,5154.245969230034
draw_08,FT-50,APPROACH,93.27,converged,,0.6471433418584688,0.15284582209142167,93.26999999999991,6.938386853848713,582.7922277994612,985.2986469494425,670.0907496090826,9.45504515850523,26.64160061021072,66.6283993897892,63.20762650608531,9.331404054779403,6.36891896214428,1391.3329464053757
draw_08,FT-50,IDLE,21.763,converged,,0.2428271136412473,0.10451178412081755,21.762999999999963,11.15779596752505,371.24437380617195,664.3670384379611,578.4603734151019,2.2011099019985734,7.893544876128962,13.869455123871003,34.686021058918875,2.172326574881395,0.6650115056628985,522.0688240712498
draw_08,ATJ-50,TAKE-OFF,310.9,converged,,2.3952446541289856,0.3449741066945764,310.8999999999686,7.704228543355508,903.018858817005,1710.485382031012,985.2074455085219,43.7724,75.72316066884514,235.1768393311235,103.8433572929197,43.2,118.0111029987455,6303.144152498823
draw_08,ATJ-50,APPROACH,93.27,converged,,0.6466870682452127,0.15301712352809083,93.26999999999471,6.933494888444832,582.7922277994612,985.2229235363898,670.0383297179517,9.45504515850523,26.64160061020551,66.6283993897892,63.20762650608531,9.331404054779403,6.360139549967495,1701.7726375799755
draw_08,ATJ-50,IDLE,21.763,converged,,0.24267596703559224,0.10463756512353893,21.762999999999625,11.150850849404788,371.24437380617195,664.3312987572224,578.4289247581912,2.2011099019985734,7.893544876128623,13.869455123871003,34.686021058918875,2.172326574881395,0.6642021817339435,638.6076678787649
draw_09,Jet-A1,TAKE-OFF,310.9,converged,,2.397161683822011,0.33986427921463547,310.89999999995916,7.710394608627617,918.0462851744342,1714.6722096597914,985.5876793191371,43.7724,75.22597031088344,235.6740296890757,105.19965983678564,43.2,118.19589752918336,9485.85164796239
draw_09,Jet-A1,APPROACH,93.27,converged,,0.646298979672263,0.14924270108841503,93.26999999999906,6.9293339731132155,591.7154133118204,984.7700414677685,663.1961970504228,9.546883669571782,25.561954590494917,67.70804540950414,64.58964524459631,9.422041618131539,6.367113317601023,2557.481325842746
draw_09,Jet-A1,IDLE,21.763,converged,,0.24238461893095378,0.10093400131784254,21.762999999999746,11.137463535861627,374.8590486556304,658.4215938241748,569.1637042609601,2.229840696452583,7.425784296790972,14.337215703208773,35.81707335886838,2.2006816643992924,0.6646645671240702,959.1445384948181
draw_09,HEFA-50,TAKE-OFF,310.9,converged,,2.396592712371117,0.33991936792127475,310.89999999996286,7.708564529981997,918.0462851744342,1714.610272945231,985.5543892878022,43.7724,75.22597031088716,235.6740296890757,105.19965983678564,43.2,118.14103605238341,6266.117884846334
draw_09,HEFA-50,APPROACH,93.27,converged,,0.6461668086437116,0.14927179611796415,93.26999999999896,6.927916893360339,591.7154133118204,984.7545949451754,663.1854394537321,9.546883669571782,25.56195459049481,67.70804540950414,64.58964524459631,9.422041618131539,6.364566932175786,1689.46411934572
draw_09,HEFA-50,IDLE,21.763,converged,,0.2423386905313253,0.10095519503105747,21.762999999999565,11.135353146686127,374.8590486556304,658.4144077851051,569.157387988174,2.229840696452583,7.42578429679079,14.337215703208773,35.81707335886838,2.2006816643992924,0.664418269250938,633.6173831665362
draw_09,FT-50,TAKE-OFF,310.9,converged,,2.3953896216983357,0.3399260091160377,310.8999999999616,7.704694826949604,918.0462851744342,1714.542880952375,985.5158058089495,43.7724,75.22597031088587,235.6740296890757,105.19965983678564,43.2,118.02507239433214,5149.994266456176
draw_09,FT-50,APPROACH,93.27,converged,,0.6458486079233173,0.14927613983781543,93.26999999999957,6.924505284907477,591.7154133118204,984.7378691004421,663.1730714311541,9.546883669571782,25.561954590495425,67.70804540950414,64.58964524459631,9.422041618131539,6.3584385708875795,1388.5493189394233
draw_09,FT-50,IDLE,21.763,converged,,0.24221979451144288,0.10095831704498187,21.763000000003125,11.129889928383408,374.8590486556304,658.4065012776293,569.1502805098199,2.229840696452583,7.425784296794351,14.337215703208773,35.81707335886838,2.2006816643992924,0.6637808788862457,520.7631116276162
draw_09,ATJ-50,TAKE-OFF,310.9,converged,,2.393250469309786,0.34024296707502555,310.89999999996104,7.697814311064926,918.0462851744342,1714.2465571708822,985.358881794354,43.7724,75.22597031088537,235.6740296890757,105.19965983678564,43.2,117.81902095308861,6297.896406987536
draw_09,ATJ-50,APPROACH,93.27,converged,,0.6453902399619679,0.14944274423330497,93.26999999999965,6.91959086482224,591.7154133118204,984.6638498520732,663.1222400948136,9.546883669571782,25.561954590495525,67.70804540950414,64.58964524459631,9.422041618131539,6.3496157413457155,1698.3600026342137
draw_09,ATJ-50,IDLE,21.763,converged,,0.24206881068570707,0.1010797315354783,21.762999999998506,11.122952289928948,374.8590486556304,658.3721851188486,569.1202758152895,2.229840696452583,7.425784296789732,14.337215703208773,35.81707335886838,2.2006816643992924,0.6629718996989428,637.0099212812163
draw_10,Jet-A1,TAKE-OFF,310.9,converged,,2.4029373273198376,0.3317717139254278,310.8999999999695,7.728971782952954,909.8488543474951,1690.1595803651448,983.3638142666543,43.7724,81.11963830046469,229.7803616995048,108.02533380057172,43.2,118.75350221053782,9508.706550809222
draw_10,Jet-A1,APPROACH,93.27,converged,,0.6475608283869176,0.1453076226486257,93.27000000000004,6.942862961154898,585.9931191043152,969.7594618315914,657.7637641736084,9.451169100737015,27.822408545234538,65.4475914547655,66.46832000013558,9.327578683184816,6.376343246125288,2562.474610104783
draw_10,Jet-A1,IDLE,21.763,converged,,0.24259374837955258,0.0979091751023293,21.76299999999978,11.1470729393721,372.1015402630545,647.5660811314003,561.6168037416604,2.199905575462614,7.983347129715955,13.779652870283828,36.9554710916462,2.171137997002333,0.6636768371795384,959.9720884001985
draw_10,HEFA-50,TAKE-OFF,310.9,converged,,2.4023695666277187,0.3318258474903648,310.89999999996917,7.727145598674677,909.8488543474951,1690.1001719928536,983.3314289479468,43.7724,81.11963830046435,229.7803616995048,108.02533380057172,43.2,118.69863138801978,6281.222015635261
draw_10,HEFA-50,APPROACH,93.27,converged,,0.647428854646928,0.14533605274637434,93.26999999999998,6.941447996643381,585.9931191043152,969.744699838431,657.7534191456884,9.451169100737015,27.82240854523448,65.4475914547655,66.46832000013558,9.327578683184816,6.373801936688593,1692.7638577582723
draw_10,HEFA-50,IDLE,21.763,converged,,0.24254782601766642,0.09792975211212404,21.763000000000144,11.144962827627845,372.1015402630545,647.5592373995851,561.6107755955496,2.199905575462614,7.983347129716318,13.779652870283828,36.9554710916462,2.171137997002333,0.6634311496065644,634.164187637965
draw_10,FT-50,TAKE-OFF,310.9,converged,,2.4011658754073544,0.33183264833142945,310.8999999999678,7.72327396400001,909.8488543474951,1690.0358199287066,983.2942381122955,43.7724,81.119638300463,229.7803616995048,108.02533380057172,43.2,118.58234250702,5162.412986656672
draw_10,FT-50,APPROACH,93.27,converged,,0.6471103678519948,0.14534035727164998,93.26999999999978,6.9380333210249425,585.9931191043152,969.7287842747154,657.7416091023206,9.451169100737015,27.822408545234275,65.4475914547655,66.46832000013558,9.327578683184816,6.367671138215131,1391.2620535774429
draw_10,FT-50,IDLE,21.763,converged,,0.24242888821633551,0.09793280513594005,21.76299999999835,11.139497689489222,372.1015402630545,647.5517306106844,561.6040203738801,2.199905575462614,7.98334712971452,13.779652870283828,36.9554710916462,2.171137997002333,0.662795031439091,521.212654938481
draw_10,ATJ-50,TAKE-OFF,310.9,converged,,2.3990344156835928,0.3321438389915598,310.89999999996934,7.716418191327853,909.8488543474951,1689.7512986177853,983.1412330825002,43.7724,81.11963830046452,229.7803616995048,108.02533380057172,43.2,118.37655835512541,6313.117001552514
draw_10,ATJ-50,APPROACH,93.27,converged,,0.6466534413245171,0.1455030948411004,93.26999999999987,6.9331343553609734,585.9931191043152,969.6579755043444,657.6926431504659,9.451169100737015,27.822408545234367,65.4475914547655,66.46832000013558,9.327578683184816,6.358880441991655,1701.6841475260749
draw_10,ATJ-50,IDLE,21.763,converged,,0.2422779812883659,0.09805066495316697,21.763000000000957,11.132563584448617,372.1015402630545,647.5190258662209,561.5753562266356,2.199905575462614,7.98334712971713,13.779652870283828,36.9554710916462,2.171137997002333,0.66198836117782,637.560358773583
draw_11,Jet-A1,TAKE-OFF,310.9,converged,,2.386935531117391,0.3731187210394633,310.89999999996206,7.677502512440279,905.439268731452,1772.382118991702,988.7818660403245,43.7724,63.02949284742865,247.87050715253338,95.41489543335744,43.2,117.21176810407705,9445.38555502419
draw_11,Jet-A1,APPROACH,93.27,converged,,0.6470242725013561,0.17089318445938106,93.26999999999879,6.937110244466222,585.9552676984483,1032.4809993238384,699.1555628389622,9.564129459238089,23.471988248182228,69.79801175181656,56.47007441275123,9.439061889206108,6.383800564773324,2560.3513951520213
draw_11,Jet-A1,IDLE,21.763,converged,,0.24383834606587143,0.12140986285243045,21.76300000000001,11.204261639749637,373.4157101436227,711.4201414111283,621.446069387872,2.2352778037082905,7.543556905513587,14.219443094486419,29.955085592074663,2.2060476720535807,0.6728681468953743,964.8971083074891
draw_11,HEFA-50,TAKE-OFF,310.9,converged,,2.3863697970123985,0.37317932665925113,310.89999999996354,7.67568284661524,905.439268731452,1772.3113691753247,988.74520406196,43.7724,63.02949284743015,247.87050715253338,95.41489543335744,43.2,117.15744120681056,6239.389107597754
draw_11,HEFA-50,APPROACH,93.27,converged,,0.6468920536873933,0.17092652684006232,93.27000000000054,6.935692652379003,585.9552676984483,1032.462437917076,699.1426430913912,9.564129459238089,23.47198824818397,69.79801175181656,56.47007441275123,9.439061889206108,6.38124944535595,1691.3603409755583
draw_11,HEFA-50,IDLE,21.763,converged,,0.2437921336667061,0.1214353517507665,21.76299999999969,11.202138200924026,373.4157101436227,711.4108856316739,621.4378565005177,2.2352778037082905,7.543556905513274,14.219443094486419,29.955085592074663,2.2060476720535807,0.6726187630294435,637.4175474490213
draw_11,FT-50,TAKE-OFF,310.9,converged,,2.38516859409754,0.37318611008907254,310.8999999999617,7.671819215496408,905.439268731452,1772.2341139791179,988.7021866250118,43.7724,63.02949284742834,247.87050715253338,95.41489543335744,43.2,117.04213166796514,5128.019455734541
draw_11,FT-50,APPROACH,93.27,converged,,0.6465731214324903,0.17093140172335086,93.27000000000012,6.932273200734314,585.9552676984483,1032.4423713981998,699.1278262384656,9.564129459238089,23.471988248183568,69.79801175181656,56.47007441275123,9.439061889206108,6.375097801016103,1390.1069947281185
draw_11,FT-50,IDLE,21.763,converged,,0.24367248783360146,0.12143908880518618,21.762999999999977,11.196640529044787,373.4157101436227,711.4007994061736,621.4287214315168,2.2352778037082905,7.543556905513561,14.219443094486419,29.955085592074663,2.2060476720535807,0.6719733076789434,523.8863456152177
draw_11,ATJ-50,TAKE-OFF,310.9,converged,,2.3830465534297076,0.37353533231257274,310.8999999999636,7.6649937389192235,905.439268731452,1771.895911354414,988.5298961126826,43.7724,63.02949284743024,247.87050715253338,95.41489543335744,43.2,116.8385618636455,6271.044555924542
draw_11,ATJ-50,APPROACH,93.27,converged,,0.6461152037230783,0.17112243059702623,93.26999999999964,6.927363608052758,585.9552676984483,1032.3533954409775,699.0667424448086,9.564129459238089,23.471988248183074,69.79801175181656,56.47007441275123,9.439061889206108,6.3662704410469315,1700.2677622794506
draw_11,ATJ-50,IDLE,21.763,converged,,0.24352058516481564,0.12158512722587504,21.762999999999842,11.18966067016576,373.4157101436227,711.3565027715197,621.3896012474705,2.2352778037082905,7.543556905513426,14.219443094486419,29.955085592074663,2.2060476720535807,0.6711542721638092,640.8303008833442
draw_12,Jet-A1,TAKE-OFF,310.9,converged,,2.37697606956775,0.3863362315018764,310.89999999995536,7.645468219903801,925.1716756253791,1817.2795714400797,989.2781059133656,43.7724,55.39941480233139,255.50058519762396,91.76602073910742,43.2,116.25716972465838,9405.974790455797
draw_12,Jet-A1,APPROACH,93.27,converged,,0.6454932291283927,0.18019130944923922,93.27000000000025,6.920695069458464,598.691600285181,1066.5922562385683,712.8627368591542,9.735753540111778,21.023706719234145,72.2462932807661,53.42941010230688,9.608441687749103,6.380884610616532,2554.2928758620874
draw_12,Jet-A1,IDLE,21.763,converged,,0.24400647779201914,0.13097180505225098,21.76299999999987,11.211987216469264,379.1517972486528,741.9631473085682,645.2565005028214,2.290110083003616,7.105322377067575,14.657677622932296,27.787282251362473,2.260162924257208,0.6776211993372889,965.5624253873993
draw_12,HEFA-50,TAKE-OFF,310.9,converged,,2.3764072146747934,0.38639809279262827,310.8999999999534,7.643638516163233,925.1716756253791,1817.2041542273219,989.2401761274792,43.7724,55.39941480232947,255.50058519762396,91.76602073910742,43.2,116.20276107227231,6213.340995608313
draw_12,HEFA-50,APPROACH,93.27,converged,,0.645360403745429,0.18022620918920473,93.26999999999934,6.919270974004863,598.691600285181,1066.5719697775714,712.8488174083216,9.735753540111778,21.023706719233246,72.2462932807661,53.42941010230688,9.608441687749103,6.378316884049495,1687.355697614538
draw_12,HEFA-50,IDLE,21.763,converged,,0.2439601454643577,0.13099925410578067,21.76300000000017,11.20985826698322,379.1517972486528,741.9527386978614,645.2472962380789,2.290110083003616,7.10532237706787,14.657677622932296,27.787282251362473,2.260162924257208,0.6773695756374198,637.8568301542952
draw_12,FT-50,TAKE-OFF,310.9,converged,,2.3752074303006747,0.3864045314627767,310.89999999996104,7.639779447735518,925.1716756253791,1817.121351053741,989.1951127506106,43.7724,55.39941480233707,255.50058519762396,91.76602073910742,43.2,116.08804739646446,5106.603342056669
draw_12,FT-50,APPROACH,93.27,converged,,0.6450417200423483,0.18023120775739404,93.26999999999965,6.915854187223659,598.691600285181,1066.5499452177157,712.8327299280054,9.735753540111778,21.023706719233545,72.2462932807661,53.42941010230688,9.608441687749103,6.372158279221977,1386.8145414639673
draw_12,FT-50,IDLE,21.763,converged,,0.24384032522581495,0.13100323607964784,21.762999999999767,11.20435258125339,379.1517972486528,741.9413865647223,645.2370379174413,2.290110083003616,7.105322377067471,14.657677622932296,27.787282251362473,2.260162924257208,0.6767190622455118,524.2471894628184
draw_12,ATJ-50,TAKE-OFF,310.9,converged,,2.3730656817272897,0.3867614669389817,310.8999999999585,7.632890581304621,925.1716756253791,1816.76130105243,989.017426437657,43.7724,55.39941480233455,255.50058519762396,91.76602073910742,43.2,115.8834083668309,6244.779651001577
draw_12,ATJ-50,APPROACH,93.27,converged,,0.6445799976546142,0.18043126127084572,93.27000000000046,6.910903802451067,598.691600285181,1066.4527952884482,712.7670449450532,9.735753540111778,21.023706719234372,72.2462932807661,53.42941010230688,9.608441687749103,6.363240590655716,1696.2278304350607
draw_12,ATJ-50,IDLE,21.763,converged,,0.24368789297278062,0.13116054728594484,21.76299999999995,11.197348388217671,379.1517972486528,741.891582921997,645.1932166108003,2.290110083003616,7.105322377067655,14.657677622932296,27.787282251362473,2.260162924257208,0.6758919371584384,641.2705754204876
draw_13,Jet-A1,TAKE-OFF,310.9,converged,,2.401369044896322,0.3427964256259725,310.89999999996803,7.723927452224411,895.6144515379166,1700.458652368207,988.0331154232088,43.7724,77.56254400317637,233.33745599679165,104.48288421868124,43.2,118.60196684970717,9502.500672202044
draw_13,Jet-A1,APPROACH,93.27,converged,,0.6479829222176601,0.15206803771153174,93.27000000000005,6.947388465933952,579.3878412174084,980.3733693741124,669.8692640046431,9.46296889115289,27.24045158874215,66.0295484112579,63.55476946398686,9.339224170888615,6.386345420099774,2564.1448852001026
draw_13,Jet-A1,IDLE,21.763,converged,,0.24303408631127482,0.10401701933298463,21.76299999999988,11.167306268036398,370.37529547849994,662.225505811863,577.3793910895674,2.2035739585385627,8.024944797491681,13.7380552025082,34.84859826386988,2.174758409611214,0.6662955715229243,961.7145575558993
draw_13,HEFA-50,TAKE-OFF,310.9,converged,,2.4008042970883574,0.3428527353840556,310.8999999999712,7.722110958792473,895.6144515379166,1700.396795308276,987.9994585835133,43.7724,77.56254400317953,233.33745599679165,104.48288421868124,43.2,118.54742122354682,6277.129470663157
draw_13,HEFA-50,APPROACH,93.27,converged,,0.64785117532671,0.15209786396918093,93.27000000000017,6.945975933598251,579.3878412174084,980.3577509211002,669.8582605147107,9.46296889115289,27.240451588742264,66.0295484112579,63.55476946398686,9.339224170888615,6.383806153926647,1693.8680550426343
draw_13,HEFA-50,IDLE,21.763,converged,,0.24298809022581777,0.1040388841171298,21.76300000000033,11.165192768727387,370.37529547849994,662.2180925805421,577.3728295713931,2.2035739585385627,8.024944797492129,13.7380552025082,34.84859826386988,2.174758409611214,0.6660489661492711,635.315299971118
draw_13,FT-50,TAKE-OFF,310.9,converged,,2.399601096585574,0.3428597202804859,310.8999999999712,7.7182409024953245,895.6144515379166,1700.3297850965178,987.9607434776498,43.7724,77.56254400317951,233.33745599679165,104.48288421868124,43.2,118.43125214742463,5159.048773216217
draw_13,FT-50,APPROACH,93.27,converged,,0.647532420917537,0.1521023547022629,93.2699999999996,6.942558388737427,579.3878412174084,980.3409312808914,669.8457285696979,9.46296889115289,27.240451588741685,66.0295484112579,63.55476946398686,9.339224170888615,6.3776645794985845,1392.169451208289
draw_13,FT-50,IDLE,21.763,converged,,0.2428689303208196,0.10404212493597391,21.762999999999895,11.159717425025079,370.37529547849994,662.2099873737577,577.3655073012962,2.2035739585385627,8.024944797491694,13.7380552025082,34.84859826386988,2.174758409611214,0.6654103046522672,522.1587283014796
draw_13,ATJ-50,TAKE-OFF,310.9,converged,,2.3974868179765942,0.3431835125907728,310.899999999971,7.71144039233457,895.6144515379166,1700.0335428918766,987.8017949281566,43.7724,77.56254400317938,233.33745599679165,104.48288421868124,43.2,118.22725326709582,6309.044460812062
draw_13,ATJ-50,APPROACH,93.27,converged,,0.6470770923787028,0.152273109854572,93.2699999999998,6.937676556006264,579.3878412174084,980.2659952376407,669.7936162240655,9.46296889115289,27.240451588741898,66.0295484112579,63.55476946398686,9.339224170888615,6.368896584996228,1702.7989955063374
draw_13,ATJ-50,IDLE,21.763,converged,,0.2427178122388762,0.10416736411130616,21.763000000000027,11.152773617556214,370.37529547849994,662.1745350482176,577.3342764531172,2.2035739585385627,8.024944797491827,13.7380552025082,34.84859826386988,2.174758409611214,0.6646007875236536,638.7177845417683
draw_14,Jet-A1,TAKE-OFF,310.9,converged,,2.385989285931848,0.3853535499570599,310.89999999996434,7.674458944780064,901.8444275469112,1794.2635022786335,997.4855426609095,43.7724,60.37719628234336,250.52280371762095,92.3488846356703,43.2,117.12090802024417,9441.641151168064
draw_14,Jet-A1,APPROACH,93.27,converged,,0.6476175019034811,0.17993083063360876,93.26999999999944,6.943470589723223,587.0192875429992,1055.335810192679,715.5471526154154,9.719008774419144,22.9031351609196,70.36686483907985,53.682844739481745,9.591915888891334,6.4194233263554,2562.6988738972996
draw_14,Jet-A1,IDLE,21.763,converged,,0.2443472604973954,0.13078814886664883,21.76299999999983,11.227646027542034,375.5356080810018,737.9659240760714,645.2276074459623,2.2847022750644017,7.549860900488468,14.213139099511366,27.865164474506713,2.254825832780066,0.6790962179767629,966.9109427649324
draw_14,HEFA-50,TAKE-OFF,310.9,converged,,2.3854240447668507,0.385416186287362,310.89999999996485,7.672640864480927,901.8444275469112,1794.1894311302804,997.4473853981204,43.7724,60.37719628234392,250.52280371762095,92.3488846356703,43.2,117.0666490232559,6236.916349072758
draw_14,HEFA-50,APPROACH,93.27,converged,,0.6474850125159359,0.1799658948077085,93.27000000000052,6.942050096664868,587.0192875429992,1055.3158304857036,715.5332686524079,9.719008774419144,22.903135160920684,70.36686483907985,53.682844739481745,9.591915888891334,6.416855076472045,1692.9106878080963
draw_14,HEFA-50,IDLE,21.763,converged,,0.24430091950376123,0.13081558943849855,21.763000000000158,11.225516679858451,375.5356080810018,737.9556177729502,645.2184556433951,2.2847022750644017,7.54986090048879,14.213139099511366,27.865164474506713,2.254825832780066,0.6788443511194854,638.747816049385
draw_14,FT-50,TAKE-OFF,310.9,converged,,2.3842224668045655,0.38542305456614734,310.8999999999635,7.6687760270339185,901.8444275469112,1794.1085065346053,997.4025305825746,43.7724,60.37719628234258,250.52280371762095,92.3488846356703,43.2,116.95134719365295,5125.985318953611
draw_14,FT-50,APPROACH,93.27,converged,,0.6471656212421824,0.1799709811455253,93.26999999999843,6.938625723621671,587.0192875429992,1055.2942456690307,715.5173636940342,9.719008774419144,22.90313516091858,70.36686483907985,53.682844739481745,9.591915888891334,6.41066587851383,1391.3808462114637
draw_14,FT-50,IDLE,21.763,converged,,0.24418099737886947,0.13081960091233039,21.76299999999987,11.220006312496942,375.5356080810018,737.9444276155969,645.2083157587072,2.2847022750644017,7.549860900488504,14.213139099511366,27.865164474506713,2.254825832780066,0.6781927771334093,524.9796213056717
draw_14,ATJ-50,TAKE-OFF,310.9,converged,,2.3821036898704846,0.3857841201896452,310.89999999996513,7.661961048152949,901.8444275469112,1793.7544743780195,997.2232972474208,43.7724,60.377196282344215,250.52280371762095,92.3488846356703,43.2,116.74816744626892,6268.563387698291
draw_14,ATJ-50,APPROACH,93.27,converged,,0.6467065741539738,0.1801719147006865,93.26999999999991,6.933704022236244,587.0192875429992,1055.1984570476332,715.4517040801181,9.719008774419144,22.903135160920062,70.36686483907985,53.682844739481745,9.591915888891334,6.401775527566644,1701.823967849948
draw_14,ATJ-50,IDLE,21.763,converged,,0.24402861565551145,0.1309768330307174,21.763000000000062,11.213004441276972,375.5356080810018,737.8950630015199,645.1646841685244,2.2847022750644017,7.549860900488694,14.213139099511366,27.865164474506713,2.254825832780066,0.6773652812439219,642.1671953885465
draw_15,Jet-A1,TAKE-OFF,310.9,converged,,2.3931494645942637,0.35200861053544996,310.8999999999661,7.697489432597377,898.6324803150691,1722.4643270026222,980.7327227123251,43.7724,70.70699543786228,240.19300456210382,101.40025938660472,43.2,117.80929613794301,9469.974823036324
draw_15,Jet-A1,APPROACH,93.27,converged,,0.6469612983351535,0.1575140783575879,93.27000000000046,6.936435063097997,581.0613714832178,995.3157484641138,676.3924840538125,9.47540556718196,25.365564916715265,67.9044350832852,61.26062943423511,9.351498215822314,6.368631666140915,2560.102198945406
draw_15,Jet-A1,IDLE,21.763,converged,,0.24314670189835064,0.1088556280490659,21.763000000000055,11.172480903292287,370.9914195794744,675.6978880853119,589.3080507984961,2.2074470482300703,7.718310988460957,14.044689011539099,33.31501588848113,2.178580851941841,0.6671746169212361,962.1601907225976
draw_15,HEFA-50,TAKE-OFF,310.9,converged,,2.3925850265619952,0.35206619467680705,310.89999999996763,7.695673935549194,898.6324803150691,1722.3997331925566,980.6983595408867,43.7724,70.70699543786382,240.19300456210382,101.40025938660472,43.2,117.75495881216642,6255.639411972845
draw_15,HEFA-50,APPROACH,93.27,converged,,0.6468295453893732,0.1575449207216875,93.26999999999981,6.9350224658451225,581.0613714832178,995.2992838096984,676.3809456215236,9.47540556718196,25.36556491671462,67.9044350832852,61.26062943423511,9.351498215822314,6.366095328288359,1691.1969071296012
draw_15,HEFA-50,IDLE,21.763,converged,,0.24310066208401088,0.10887849988835394,21.762999999999924,11.170365394661202,370.9914195794744,675.6899743812862,589.3010411917714,2.2074470482300703,7.718310988460825,14.044689011539099,33.31501588848113,2.178580851941841,0.6669275659291017,635.6096297211473
draw_15,FT-50,TAKE-OFF,310.9,converged,,2.3913836645692292,0.35207303149953245,310.8999999999666,7.691809792761294,898.6324803150691,1722.3294655214181,980.6584180094027,43.7724,70.70699543786279,240.19300456210382,101.40025938660472,43.2,117.63934687078908,5141.381614860925
draw_15,FT-50,APPROACH,93.27,converged,,0.6465110231043056,0.1575495063532083,93.27000000000035,6.931607409716985,581.0613714832178,995.2815037522389,676.3677414632829,9.47540556718196,25.36556491671515,67.9044350832852,61.26062943423511,9.351498215822314,6.359965587597052,1389.9734857443561
draw_15,FT-50,IDLE,21.763,converged,,0.24298140495798076,0.10888187263367492,21.762999999999877,11.16488558369628,370.9914195794744,675.6813187609715,589.2932143273005,2.2074470482300703,7.718310988460779,14.044689011539099,33.31501588848113,2.178580851941841,0.6662878366242289,522.4005443848654
draw_15,ATJ-50,TAKE-OFF,310.9,converged,,2.3892693788315853,0.35240445577877766,310.8999999999684,7.685009259671369,898.6324803150691,1722.0204141917568,980.496548727129,43.7724,70.70699543786456,240.19300456210382,101.40025938660472,43.2,117.4360153560979,6287.420071250816
draw_15,ATJ-50,APPROACH,93.27,converged,,0.646055428704878,0.15772613640781905,93.27000000000146,6.926722726545169,581.0613714832178,995.2025575093626,676.3131589825899,9.47540556718196,25.36556491671626,67.9044350832852,61.26062943423511,9.351498215822314,6.351203004839276,1700.1104628754897
draw_15,ATJ-50,IDLE,21.763,converged,,0.24283012733444279,0.10901289737924628,21.762999999999778,11.157934445363473,370.9914195794744,675.6434764518941,589.2598554424405,2.2074470482300703,7.718310988460679,14.044689011539099,33.31501588848113,2.178580851941841,0.6654767719040974,639.0133444281614
draw_16,Jet-A1,TAKE-OFF,310.9,converged,,2.3789349787026555,0.3860486133566788,310.8999999999659,7.651768989073387,901.4595044172218,1795.3252515475028,982.8493060726234,43.7724,56.83607440794677,254.06392559201916,91.91007164749108,43.2,116.44462662962691,9413.726425053896
draw_16,Jet-A1,APPROACH,93.27,converged,,0.6468671133489381,0.1819559293596765,93.26999999999978,6.935425253017472,587.3837338094104,1060.5569065911623,715.8680693408594,9.749796953430646,22.221584699250684,71.0484153007491,53.023866010729876,9.622301459097603,6.409642831062298,2559.7294978411232
draw_16,Jet-A1,IDLE,21.763,converged,,0.24443517174784324,0.13368178700504316,21.76300000000004,11.231685509711106,376.00236762235204,745.6317646879669,651.775692028071,2.2946551615659443,7.505233742157683,14.257766257842357,27.27181133096146,2.264648568039422,0.6802681909109837,967.2588179564821
draw_16,HEFA-50,TAKE-OFF,310.9,converged,,2.378371016347301,0.3861112989680686,310.8999999999646,7.649955022024998,901.4595044172218,1795.2508496934934,982.81157738524,43.7724,56.83607440794546,254.06392559201916,91.91007164749108,43.2,116.39064338313273,6218.475540463962
draw_16,HEFA-50,APPROACH,93.27,converged,,0.6467347089380912,0.18199136889012515,93.2700000000001,6.9340056710420335,587.3837338094104,1060.5365818875168,715.8540059330894,9.749796953430646,22.221584699251007,71.0484153007491,53.023866010729876,9.622301459097603,6.407077166153329,1690.9489482751633
draw_16,HEFA-50,IDLE,21.763,converged,,0.24438880027214988,0.13370982713368426,21.762999999999955,11.22955476139091,376.00236762235204,745.6211288331413,651.7662496341627,2.2946551615659443,7.505233742157597,14.257766257842357,27.27181133096146,2.264648568039422,0.6800158142347265,638.9775886142817
draw_16,FT-50,TAKE-OFF,310.9,converged,,2.3771719957804245,0.38611801796465733,310.8999999999626,7.646098410359313,901.4595044172218,1795.169407245839,982.7669432605813,43.7724,56.8360744079434,254.06392559201916,91.91007164749108,43.2,116.27591215021144,5110.827081220078
draw_16,FT-50,APPROACH,93.27,converged,,0.6464155819737918,0.18199648268575436,93.27000000000024,6.930584131808622,587.3837338094104,1060.5146021238859,715.837859941441,9.749796953430646,22.22158469925114,71.0484153007491,53.023866010729876,9.622301459097603,6.400895350231077,1389.7682910359556
draw_16,FT-50,IDLE,21.763,converged,,0.24426881769214095,0.13371391788058512,21.762999999999938,11.22404161614399,376.00236762235204,745.6095885955682,651.7557943154101,2.2946551615659443,7.505233742157581,14.257766257842357,27.27181133096146,2.264648568039422,0.6793630216539923,525.1684315542132
draw_16,ATJ-50,TAKE-OFF,310.9,converged,,2.375058176988305,0.3864795218913724,310.899999999966,7.639299379184833,901.4595044172218,1794.8139516720385,982.5900056022172,43.7724,56.83607440794684,254.06392559201916,91.91007164749108,43.2,116.07378087457822,6250.0229503997
draw_16,ATJ-50,APPROACH,93.27,converged,,0.6459567704502954,0.1821995940499531,93.27000000000015,6.9256649560447565,587.3837338094104,1060.4171820186934,715.7713873227326,9.749796953430646,22.221584699251054,71.0484153007491,53.023866010729876,9.622301459097603,6.392012811769763,1699.8508412959588
draw_16,ATJ-50,IDLE,21.763,converged,,0.2441163174306734,0.13387459372758098,21.763000000000112,11.217034298151548,376.00236762235204,745.558637945192,651.7107709302851,2.2946551615659443,7.505233742157755,14.257766257842357,27.27181133096146,2.264648568039422,0.6785337514232435,642.3979847278831
draw_17,Jet-A1,TAKE-OFF,310.9,converged,,2.4087182010263546,0.32530444062303115,310.8999999999706,7.747565780079068,906.307350066902,1673.266705441264,992.4415232363116,43.7724,86.44323449458017,224.45676550539045,110.43799974059918,43.2,119.31289604080709,9531.582150209008
draw_17,Jet-A1,APPROACH,93.27,converged,,0.6482554635541421,0.14205179144595798,93.2699999999995,6.950310534514266,585.3554905235774,961.0983031209983,655.0857756238921,9.508622460176044,29.150293496981057,64.11970650301845,68.06471026092838,9.384280740366192,6.398827756622893,2565.22336342844
draw_17,Jet-A1,IDLE,21.763,converged,,0.2425209807242187,0.09539427302773235,21.76299999999963,11.143729298544448,372.5948702069959,641.2981647450058,555.6259848308878,2.2178253785120132,8.187125236526212,13.575874763473417,37.91835974566334,2.1888234675667535,0.6645523834300078,959.684138201459
draw_17,HEFA-50,TAKE-OFF,310.9,converged,,2.408150602461451,0.32535772540058683,310.8999999999709,7.745740117277828,906.307350066902,1673.2092231076158,992.4095101132987,43.7724,86.44323449458044,224.45676550539045,110.43799974059918,43.2,119.25791474394347,6296.337079552337
draw_17,HEFA-50,APPROACH,93.27,converged,,0.6481234553192478,0.14207960799764532,93.26999999999965,6.948895200163506,585.3554905235774,961.0840219361055,655.0757220382247,9.508622460176044,29.15029349698119,64.11970650301845,68.06471026092838,9.384280740366192,6.396279552583435,1694.5799567863558
draw_17,HEFA-50,IDLE,21.763,converged,,0.24247507638846005,0.09541432316791457,21.762999999999717,11.141620015092736,372.5948702069959,641.2915599924734,555.6201739122292,2.2178253785120132,8.1871252365263,13.575874763473417,37.91835974566334,2.1888234675667535,0.6643063945172337,633.97397686484
draw_17,FT-50,TAKE-OFF,310.9,converged,,2.4069457519807886,0.3253646285183105,310.8999999999701,7.741864753879126,906.307350066902,1673.147150535075,992.3730353028064,43.7724,86.44323449457961,224.45676550539045,110.43799974059918,43.2,119.14124611950007,5174.839495874369
draw_17,FT-50,APPROACH,93.27,converged,,0.6478047830358095,0.1420838503346623,93.27000000000032,6.945478535818669,585.3554905235774,961.0686496672517,655.0642802158686,9.508622460176044,29.150293496981863,64.11970650301845,68.06471026092838,9.384280740366192,6.390130147001092,1392.755019140452
draw_17,FT-50,IDLE,21.763,converged,,0.2423561940437745,0.09541730556011022,21.762999999995678,11.136157425163011,372.5948702069959,641.2843160177767,555.6136625702932,2.2178253785120132,8.18712523652226,13.575874763473417,37.91835974566334,2.1888234675667535,0.6636695430879693,521.0563653025475
draw_17,ATJ-50,TAKE-OFF,310.9,converged,,2.404816391561875,0.32567073262226726,310.89999999997184,7.735015733554497,906.307350066902,1672.8716568378732,992.2214992167033,43.7724,86.44323449458138,224.45676550539045,110.43799974059918,43.2,118.93519139872801,6328.332410710931
draw_17,ATJ-50,APPROACH,93.27,converged,,0.647347838388476,0.1422430453533144,93.26999999999968,6.940579375881615,585.3554905235774,961.0001219451193,655.0166580511936,9.508622460176044,29.15029349698123,64.11970650301845,68.06471026092838,9.384280740366192,6.3813175495761385,1703.5114701695718
draw_17,ATJ-50,IDLE,21.763,converged,,0.24220533754054777,0.09553214007384375,21.763000000000577,11.129225637115349,372.5948702069959,641.2527525434266,555.5860308303227,2.2178253785120132,8.18712523652716,13.575874763473417,37.91835974566334,2.1888234675667535,0.6628618361765635,637.3691949968531
draw_18,Jet-A1,TAKE-OFF,310.9,converged,,2.3932379863034106,0.36136845884264895,310.8999999999597,7.697774159870443,916.4591851435044,1758.0572879910649,993.8593377985068,43.7724,68.34534243898959,242.55465756097004,98.77753257163432,43.2,117.8178190579623,9470.325113884981
draw_18,Jet-A1,APPROACH,93.27,converged,,0.6469532447974127,0.16218798468546886,93.26999999999985,6.936348716601412,590.6193263464984,1015.5667726042345,685.8473150261967,9.529123381987256,24.330825562320193,68.93917443767967,59.49449020738585,9.404513577090803,6.37693658814279,2560.070330146248
draw_18,Jet-A1,IDLE,21.763,converged,,0.24325127249400352,0.11254921686394996,21.763000000000037,11.177285874833576,374.3346052666623,688.9725212418011,599.1299078160202,2.224255247449392,7.480061932642789,14.282938067357248,32.23555655842411,2.1951692548229875,0.6689264053157709,962.5739889089264
draw_18,HEFA-50,TAKE-OFF,310.9,converged,,2.392669163984876,0.3614269150176735,310.89999999996206,7.695944560904368,916.4591851435044,1757.9895157533247,993.8236985916253,43.7724,68.34534243899199,242.55465756097004,98.77753257163432,43.2,117.76305777742384,6255.85939720754
draw_18,HEFA-50,APPROACH,93.27,converged,,0.6468208710725026,0.1622195861335224,93.27000000000035,6.934929463627106,590.6193263464984,1015.5494555552457,685.8352677750448,9.529123381987256,24.330825562320687,68.93917443767967,59.49449020738585,9.404513577090803,6.374384946202059,1691.1742273092877
draw_18,HEFA-50,IDLE,21.763,converged,,0.24320517317392745,0.11257284639093418,21.76299999999991,11.17516763194084,374.3346052666623,688.9641793254609,599.1225349591026,2.224255247449392,7.48006193264266,14.282938067357248,32.23555655842411,2.1951692548229875,0.6686784921382319,635.882883831581
draw_18,FT-50,TAKE-OFF,310.9,converged,,2.391465924285897,0.36143365621582646,310.89999999996087,7.692074378533926,916.4591851435044,1757.9156202002234,993.7821298879327,43.7724,68.34534243899085,242.55465756097004,98.77753257163432,43.2,117.64726128730652,5141.558470043632
draw_18,FT-50,APPROACH,93.27,converged,,0.6465021182224319,0.16222424890306653,93.27000000000012,6.931511935482266,590.6193263464984,1015.5307236998714,685.8214393003054,9.529123381987256,24.330825562320463,68.93917443767967,59.49449020738585,9.404513577090803,6.368242699516092,1389.954340595618
draw_18,FT-50,IDLE,21.763,converged,,0.24308582994554517,0.11257631744508995,21.763000000000087,11.16968386461169,374.3346052666623,688.9550501223962,599.1142918974963,2.224255247449392,7.48006193264284,14.282938067357248,32.23555655842411,2.1951692548229875,0.6680368960938752,522.6250540355543
draw_18,ATJ-50,TAKE-OFF,310.9,converged,,2.3893277975440492,0.36177029335164784,310.89999999995933,7.6851971616093975,916.4591851435044,1757.5915405513438,993.6143973476081,43.7724,68.34534243898926,242.55465756097004,98.77753257163432,43.2,117.44163119256949,6287.573801503477
draw_18,ATJ-50,APPROACH,93.27,converged,,0.64604311221692,0.16240526064763441,93.27000000001057,6.926590674566815,590.6193263464984,1015.4477227224708,685.7644925560617,9.529123381987256,24.330825562330897,68.93917443767967,59.49449020738585,9.404513577090803,6.3594029115376625,1700.078051739985
draw_18,ATJ-50,IDLE,21.763,converged,,0.24293428908448692,0.11271169599224393,21.76299999999985,11.162720630634041,374.3346052666623,688.9151655783796,599.0792150593181,2.224255247449392,7.4800619326426,14.282938067357248,32.23555655842411,2.1951692548229875,0.667222637485956,639.2874485889088
draw_19,Jet-A1,TAKE-OFF,310.9,converged,,2.3852399719633817,0.37014142292504426,310.8999999999621,7.672048800140471,902.9978986839518,1764.0509358296172,981.6609557017863,43.7724,62.7917462485961,248.108253751366,96.11405891481272,43.2,117.04898203936376,9438.676027375794
draw_19,Jet-A1,APPROACH,93.27,converged,,0.6467262736365004,0.16930102707822178,93.27000000000164,6.933915231440859,584.2754512661095,1027.0946909171967,695.26204719979,9.536595272246501,23.508549327932094,69.76145067206954,56.97488292838215,9.411887759434,6.373734830814102,2559.1721784799215
draw_19,Jet-A1,IDLE,21.763,converged,,0.24375395489068802,0.12006025917326464,21.762999999999906,11.200383903445715,372.61407323944564,707.1804274383967,617.9541592673277,2.226603375052713,7.558124514704449,14.204875485295455,30.2813284448485,2.197486676587923,0.6717990838340816,964.5631624691297
draw_19,HEFA-50,TAKE-OFF,310.9,converged,,2.38467519072839,0.37020163048118554,310.8999999999638,7.670232199191596,902.9978986839518,1763.9810677317282,981.6248072071605,43.7724,62.79174624859788,248.108253751366,96.11405891481272,43.2,116.99478346255951,6234.958399497382
draw_19,HEFA-50,APPROACH,93.27,converged,,0.6465942251553627,0.1693340874786051,93.2700000000009,6.932499465587611,584.2754512661095,1027.076396889117,695.2493089013178,9.536595272246501,23.50854932793136,69.76145067206954,56.97488292838215,9.411887759434,6.371189842893257,1690.5816401635507
draw_19,HEFA-50,IDLE,21.763,converged,,0.2437077688548553,0.12008546984405005,21.762999999999877,11.198261676003156,372.61407323944564,707.171325255379,617.9460804972912,2.226603375052713,7.558124514704419,14.204875485295455,30.2813284448485,2.197486676587923,0.6715501520768783,637.1969676843992
draw_19,FT-50,TAKE-OFF,310.9,converged,,2.3834749819875247,0.3702083817122787,310.89999999996115,7.666371765801938,902.9978986839518,1763.9047671380251,981.5823533616011,43.7724,62.79174624859518,248.108253751366,96.11405891481272,43.2,116.87964755573556,5124.378255748881
draw_19,FT-50,APPROACH,93.27,converged,,0.6462754753516615,0.1693389262769377,93.2700000000003,6.9290819701046376,584.2754512661095,1027.056616714318,695.2346956786937,9.536595272246501,23.508549327930737,69.76145067206954,56.97488292838215,9.411887759434,6.365048582222787,1389.4670672625336
draw_19,FT-50,IDLE,21.763,converged,,0.24358817180384548,0.12008916899472266,21.763000000000048,11.192766245639156,372.61407323944564,707.1614029126736,617.9370920273611,2.226603375052713,7.558124514704591,14.204875485295455,30.2813284448485,2.197486676587923,0.6709057619274492,523.7050694395675
draw_19,ATJ-50,TAKE-OFF,310.9,converged,,2.3813575408266776,0.3705552986700317,310.8999999999645,7.6595610833932115,902.9978986839518,1763.5707856880415,981.4125139699255,43.7724,62.791746248598486,248.108253751366,96.11405891481272,43.2,116.67665671984327,6266.599878470013
draw_19,ATJ-50,APPROACH,93.27,converged,,0.6458183750533583,0.16952833467433537,93.26999999999977,6.924181141346199,584.2754512661095,1026.9689249021567,695.1744740621116,9.536595272246501,23.50854932793021,69.76145067206954,56.97488292838215,9.411887759434,6.356246813780952,1699.48665046667
draw_19,ATJ-50,IDLE,21.763,converged,,0.24343637518126116,0.12023361046494116,21.76299999999992,11.185791259535085,372.61407323944564,707.1178447878494,617.8986131962415,2.226603375052713,7.558124514704463,14.204875485295455,30.2813284448485,2.197486676587923,0.6700883155278439,640.6087002779494
draw_20,Jet-A1,TAKE-OFF,310.9,converged,,2.410256874187942,0.32128140490997253,310.8999999999746,7.752514873554644,886.8241868237754,1646.9768565277482,990.9639731563565,43.7724,89.26971271737288,221.63028728260176,111.89231761153484,43.2,119.46200424400132,9537.670861472841
draw_20,Jet-A1,APPROACH,93.27,converged,,0.6486541956321169,0.13905677113664827,93.26999999999956,6.9545855648345665,571.5412732150573,940.8460791511695,649.9003527262885,9.261420127077454,30.420132208264306,62.84986779173524,69.57346288645695,9.14031100624471,6.36702052895179,2566.801193311371
draw_20,Jet-A1,IDLE,21.763,converged,,0.24268229993151338,0.09239491251684168,21.76299999999979,11.151141843105993,365.90063108879997,626.9253899888051,548.0516613972455,2.141764990650569,8.559444513040782,13.203555486959004,39.175321840628456,2.11375770111085,0.6599865077933127,960.3224973403904
draw_20,HEFA-50,TAKE-OFF,310.9,converged,,2.409693650470112,0.3213346624550074,310.89999999997406,7.750703282310432,886.8241868237754,1646.921085485823,990.9323517267262,43.7724,89.26971271737231,221.63028728260176,111.89231761153484,43.2,119.40741336246866,6300.3715242347125
draw_20,HEFA-50,APPROACH,93.27,converged,,0.6485229521736404,0.1390841826339377,93.27000000000012,6.953178430080835,571.5412732150573,940.8324093561446,649.8906025939232,9.261420127077454,30.420132208264896,62.84986779173524,69.57346288645695,9.14031100624471,6.364501228891731,1695.6244790246683
draw_20,HEFA-50,IDLE,21.763,converged,,0.2426364359843448,0.09241435925891081,21.763000000000094,11.149034415491602,365.90063108879997,626.9191393109907,548.0461224457878,2.141764990650569,8.559444513041091,13.203555486959004,39.175321840628456,2.11375770111085,0.6597425861340367,634.3958667606265
draw_20,FT-50,TAKE-OFF,310.9,converged,,2.4084899046759323,0.32134173060642784,310.8999999999746,7.7468314721007685,886.8241868237754,1646.8610515516837,990.8965253923959,43.7724,89.26971271737288,221.63028728260176,111.89231761153484,43.2,119.29078027930196,5178.159363946973
draw_20,FT-50,APPROACH,93.27,converged,,0.6482043254109904,0.1390883874467312,93.26999999999995,6.949762253789972,571.5412732150573,940.8177309069258,649.8795616413386,9.261420127077454,30.420132208264718,62.84986779173524,69.57346288645695,9.14031100624471,6.3583870167982335,1393.6140196649385
draw_20,FT-50,IDLE,21.763,converged,,0.24251752187128997,0.09241726592203676,21.763000000003682,11.143570365815785,365.90063108879997,626.9122953109242,548.0399375958516,2.141764990650569,8.559444513044678,13.203555486959004,39.175321840628456,2.11375770111085,0.6591103615496495,521.4032138399206
draw_20,ATJ-50,TAKE-OFF,310.9,converged,,2.4063850969474183,0.321647514365084,310.8999999999731,7.740061424727006,886.8241868237754,1646.5935629775447,990.7466386301052,43.7724,89.26971271737138,221.63028728260176,111.89231761153484,43.2,119.08697554463104,6332.460496817223
draw_20,ATJ-50,APPROACH,93.27,converged,,0.6477518217032745,0.13924524149743536,93.2700000000004,6.944910707658108,571.5412732150573,940.7521002448186,649.8333207704688,9.261420127077454,30.420132208265155,62.84986779173524,69.57346288645695,9.14031100624471,6.349708740513013,1704.574562018661
draw_20,ATJ-50,IDLE,21.763,converged,,0.24236693390694736,0.09252863075243634,21.76299999999778,11.136650917013835,365.90063108879997,626.8824121358314,548.0135772159155,2.141764990650569,8.559444513038773,13.203555486959004,39.175321840628456,2.11375770111085,0.6583101633056457,637.7944397375859
draw_21,Jet-A1,TAKE-OFF,310.9,converged,,2.396566537104553,0.3643168384823781,310.8999999999699,7.70848033806621,885.2236329626058,1735.97439421722,994.15291621642,43.7724,70.21704609923854,240.68295390073138,98.11440534713569,43.2,118.1385124751852,9483.496582174095
draw_21,Jet-A1,APPROACH,93.27,converged,,0.6485996389377461,0.1655285279733222,93.27000000000005,6.954000631904639,575.0074314201224,1009.3912090093285,692.9231589766716,9.496740600021697,25.80445537838328,67.46554462161677,58.44217617650235,9.372554256128002,6.4035933119732205,2566.585306034056
draw_21,Jet-A1,IDLE,21.763,converged,,0.24385848342793484,0.11641467165272765,21.762999999999874,11.205186942422289,369.5204275602913,694.3385163299561,609.0668716625282,2.214107348411445,8.007573566442172,13.7554264335577,31.242996523393487,2.1851540571541523,0.671474620056256,964.9767942253827
draw_21,HEFA-50,TAKE-OFF,310.9,converged,,2.3960040368030504,0.3643768533419696,310.89999999997207,7.7066710736676285,885.2236329626058,1735.9070148579563,994.1169175215256,43.7724,70.21704609924069,240.68295390073138,98.11440534713569,43.2,118.084287762687,6264.57873700265
draw_21,HEFA-50,APPROACH,93.27,converged,,0.6484678736109869,0.16556102164558348,93.2699999999997,6.95258790190832,575.0074314201224,1009.373694189464,692.910805736802,9.496740600021697,25.804455378382922,67.46554462161677,58.44217617650235,9.372554256128002,6.401049252704636,1695.4804709231944
draw_21,HEFA-50,IDLE,21.763,converged,,0.24381232633234357,0.11643914009038339,21.76299999999961,11.203066044770846,369.5204275602913,694.3298643995568,609.0591707671452,2.214107348411445,8.007573566441911,13.7554264335577,31.242996523393487,2.1851540571541523,0.6712260709942133,637.4703430795181
draw_21,FT-50,TAKE-OFF,310.9,converged,,2.3948014045202646,0.3643839971586865,310.8999999999711,7.702802845032123,885.2236329626058,1735.8338755708307,994.0752312357871,43.7724,70.21704609923975,240.68295390073138,98.11440534713569,43.2,117.96839549876043,5148.729622463793
draw_21,FT-50,APPROACH,93.27,converged,,0.6481485913668291,0.16556585255842737,93.2699999999998,6.949164697832428,575.0074314201224,1009.3548506944646,692.8967602435484,9.496740600021697,25.804455378383018,67.46554462161677,58.44217617650235,9.372554256128002,6.394886759156356,1393.4941936436194
draw_21,FT-50,IDLE,21.763,converged,,0.24369274168452273,0.11644275736242654,21.76299999999973,11.197571184327794,369.5204275602913,694.3204596109972,609.0506362203909,2.214107348411445,8.00757356644203,13.7554264335577,31.242996523393487,2.1851540571541523,0.6705823347155706,523.9298906047983
draw_21,ATJ-50,TAKE-OFF,310.9,converged,,2.3926997442328024,0.36472939554088213,310.899999999971,7.696042921302752,885.2236329626058,1735.5113395513886,993.9055018290494,43.7724,70.21704609923964,240.68295390073138,98.11440534713569,43.2,117.76600146207582,6296.4471606474435
draw_21,ATJ-50,APPROACH,93.27,converged,,0.6476936816626391,0.16575194034472512,93.27000000000318,6.944287355662238,575.0074314201224,1009.2707987531187,692.8382324120034,9.496740600021697,25.804455378386397,67.46554462161677,58.44217617650235,9.372554256128002,6.386111519392002,1704.421565097647
draw_21,ATJ-50,IDLE,21.763,converged,,0.2435411023226916,0.11658291945773538,21.76299999999992,11.19060342428399,369.5204275602913,694.2790292060397,609.0139235064005,2.214107348411445,8.007573566442218,13.7554264335577,31.242996523393487,2.1851540571541523,0.669766478732486,640.8842922797841
draw_22,Jet-A1,TAKE-OFF,310.9,converged,,2.4015668882042007,0.38796024458633144,310.89999999997104,7.724563808956012,883.5202117499753,1783.140117191495,1022.7277705796386,43.7724,67.94840621595712,242.95159378401397,92.32726955164784,43.2,118.62107825639855,9503.283561516831
draw_22,Jet-A1,APPROACH,93.27,converged,,0.6506919878243573,0.18117721171029233,93.2699999999998,6.976433878249798,578.395500346357,1050.4977615576329,724.2084294097392,9.73624585102633,25.31177612321174,67.95822387678805,53.566641377003414,9.608927560845133,6.481858571559305,2574.8649774755454
draw_22,Jet-A1,IDLE,21.763,converged,,0.24478776336874852,0.13161530455945503,21.76299999999997,11.247886935107699,373.20976963327564,737.8146993744094,648.1907191127798,2.290269267425454,8.065333210349035,13.697666789650937,27.739960645275403,2.2603200270668187,0.6818822480863217,968.6540646062156
draw_22,HEFA-50,TAKE-OFF,310.9,converged,,2.401002974600054,0.3880241155534767,310.8999999999717,7.7227499987142885,883.5202117499753,1783.06634181681,1022.6885085629674,43.7724,67.94840621595777,242.95159378401397,92.32726955164784,43.2,118.56660890262593,6277.648931772645
draw_22,HEFA-50,APPROACH,93.27,converged,,0.650559497804204,0.1812126937987705,93.2699999999998,6.9750133784089785,578.395500346357,1050.4778325316242,724.1943962821321,9.73624585102633,25.311776123211743,67.95822387678805,53.566641377003414,9.608927560845133,6.479277582260221,1700.9492198256842
draw_22,HEFA-50,IDLE,21.763,converged,,0.24474138754624172,0.13164294487855896,21.76300000000004,11.245755987053315,373.20976963327564,737.8043754395496,648.1815190312864,2.290269267425454,8.065333210349104,13.697666789650937,27.739960645275403,2.2603200270668187,0.6816296132763928,639.8994613266334
draw_22,FT-50,TAKE-OFF,310.9,converged,,2.399796931673692,0.38803157721930054,310.8999999999742,7.718870799851692,883.5202117499753,1782.9863308908743,1022.6431393519397,43.7724,67.94840621596026,242.95159378401397,92.32726955164784,43.2,118.45015624378586,5159.4698110181025
draw_22,FT-50,APPROACH,93.27,converged,,0.6502390031721106,0.18121793053755011,93.26999999999994,6.971577175641803,578.395500346357,1050.456457524726,724.1785192596574,9.73624585102633,25.311776123211892,67.95822387678805,53.566641377003414,9.608927560845133,6.473036221693028,1397.9884974989143
draw_22,FT-50,IDLE,21.763,converged,,0.24462132760897418,0.13164702391775446,21.76300000000007,11.24023928727535,373.20976963327564,737.7932350012104,648.1714027790098,2.290269267425454,8.065333210349133,13.697666789650937,27.739960645275403,2.2603200270668187,0.6809757927881694,525.9263141275178
draw_22,ATJ-50,TAKE-OFF,310.9,converged,,2.3976903742584317,0.3883993079493694,310.8999999999743,7.712095124665906,883.5202117499753,1782.6331170863605,1022.457931754606,43.7724,67.9484062159603,242.95159378401397,92.32726955164784,43.2,118.24688617864727,6309.580124083602
draw_22,ATJ-50,APPROACH,93.27,converged,,0.6497810505958661,0.1814211705415927,93.27000000000005,6.96666720913333,578.395500346357,1050.360756191868,724.1119550482736,9.73624585102633,25.31177612321201,67.95822387678805,53.566641377003414,9.608927560845133,6.4641230856004555,1709.9145268553937
draw_22,ATJ-50,IDLE,21.763,converged,,0.24446887866826486,0.1318053624283911,21.762999999999966,11.233234327448661,373.20976963327564,737.7437170311102,648.1274638561447,2.290269267425454,8.06533321034903,13.697666789650937,27.739960645275403,2.2603200270668187,0.6801460306586283,643.3257581389589
draw_23,Jet-A1,TAKE-OFF,310.9,converged,,2.4101584304004655,0.3276753720234348,310.89999999997184,7.752198232231213,898.0984576534601,1670.8079284226228,998.7521671555984,43.7724,86.7118908537481,224.1881091462237,109.70446906723164,43.2,119.45246162660953,9537.28130778943
draw_23,Jet-A1,APPROACH,93.27,converged,,0.6486276706465401,0.14308168817572228,93.26999999999988,6.954301175582084,580.5829055300004,959.2426480757105,658.0648372447404,9.463196894938708,29.31880944818727,63.95119055181261,67.613582210523,9.339449193129738,6.398815508180341,2566.6962308134957
draw_23,Jet-A1,IDLE,21.763,converged,,0.2426708895673095,0.09608847047399235,21.762999999999963,11.150617542035102,370.7153279486678,641.2682286360633,557.495816966377,2.2036449026224227,8.26279721420066,13.500202785799301,37.66768511490554,2.1748284259782116,0.6643545503657697,960.2773451828127
draw_23,HEFA-50,TAKE-OFF,310.9,converged,,2.4095923665504952,0.32772930005512646,310.899999999972,7.750377505791935,898.0984576534601,1670.7501398629547,998.7197033061354,43.7724,86.71189085374832,224.1881091462237,109.70446906723164,43.2,119.39759763614485,6300.106707865673
draw_23,HEFA-50,APPROACH,93.27,converged,,0.6484958567795978,0.14310976602096298,93.26999999999978,6.9528879251592075,580.5829055300004,959.2282945520535,658.0546741720934,9.463196894938708,29.318809448187174,63.95119055181261,67.613582210523,9.339449193129738,6.396272520562064,1695.5536355591387
draw_23,HEFA-50,IDLE,21.763,converged,,0.242624972989954,0.09610867291250345,21.762999999999934,11.148507696087613,370.7153279486678,641.2615804241947,557.4899506818754,2.2036449026224227,8.262797214200633,13.500202785799301,37.66768511490554,2.1748284259782116,0.6641087210484722,634.3658956796851
draw_23,FT-50,TAKE-OFF,310.9,converged,,2.4083873080240403,0.32773632334111735,310.89999999997195,7.746501473220513,898.0984576534601,1670.6877984840303,998.6827906125792,43.7724,86.71189085374826,224.1881091462237,109.70446906723164,43.2,119.28084208224406,5177.9387851466745
draw_23,FT-50,APPROACH,93.27,converged,,0.6481770396751684,0.1431140475700319,93.27000000000046,6.949469708107271,580.5829055300004,959.2128564444963,658.0431297651905,9.463196894938708,29.318809448187853,63.95119055181261,67.613582210523,9.339449193129738,6.39012385988818,1393.5553563970648
draw_23,FT-50,IDLE,21.763,converged,,0.24250602255785622,0.0961116791502999,21.763000000001433,11.143041977569279,370.7153279486678,641.254295409889,557.4833873957205,2.2036449026224227,8.262797214202132,13.500202785799301,37.66768511490554,2.1748284259782116,0.6634720880439079,521.3784907645112
draw_23,ATJ-50,TAKE-OFF,310.9,converged,,2.4062671534595994,0.328046087638544,310.89999999997997,7.739682063234977,898.0984576534601,1670.4107741030164,998.5290448079895,43.7724,86.7118908537563,224.1881091462237,109.70446906723164,43.2,119.07556032851903,6332.150125680692
draw_23,ATJ-50,APPROACH,93.27,converged,,0.6477213796454463,0.14327473908985364,93.26999999999988,6.944584321276371,580.5829055300004,959.1439694033718,657.9949668428394,9.463196894938708,29.318809448187285,63.95119055181261,67.613582210523,9.339449193129738,6.381341083075707,1704.4944530083105
draw_23,ATJ-50,IDLE,21.763,converged,,0.24235516208764019,0.0962273847957492,21.763000000002798,11.136110007242063,370.7153279486678,641.2225176252813,557.4554822905195,2.2036449026224227,8.262797214203497,13.500202785799301,37.66768511490554,2.1748284259782116,0.6626650989596133,637.7634619107896
draw_24,Jet-A1,TAKE-OFF,310.9,converged,,2.4082967483651574,0.3368605770660633,310.8999999999705,7.746210190946883,890.5407743240673,1683.3688687595563,1000.821545320234,43.7724,83.23291956811784,227.66708043185264,106.63071970631924,43.2,119.27207020494939,9529.914412297236
draw_24,Jet-A1,APPROACH,93.27,converged,,0.6488691148218898,0.14747997828355833,93.26999999999991,6.956889834050503,574.4082670843046,964.4256083420071,665.1975122271706,9.322159767015762,28.75585019487105,64.51414980512885,65.62156255216681,9.20025637011178,6.380934731575013,2567.651653905767
draw_24,Jet-A1,IDLE,21.763,converged,,0.24303586811232522,0.09933252325231531,21.762999999999714,11.167388140988303,367.376413667173,646.8702529267664,565.8648921454795,2.1602022185511993,8.296787420169748,13.466212579829964,36.492316677095815,2.131953830299728,0.6632019861833132,961.7216083529082
draw_24,HEFA-50,TAKE-OFF,310.9,converged,,2.40773229951795,0.33691618158155934,310.89999999996996,7.744394659112843,890.5407743240673,1683.3089054535933,1000.7880802354093,43.7724,83.23291956811734,227.66708043185264,106.63071970631924,43.2,119.21740312090405,6295.243387018756
draw_24,HEFA-50,APPROACH,93.27,converged,,0.6487375556254996,0.14750898829693163,93.27000000000045,6.955479314093454,574.4082670843046,964.4107306146229,665.1869327056725,9.322159767015762,28.75585019487159,64.51414980512885,65.62156255216681,9.20025637011178,6.378404690706092,1696.18558000812
draw_24,HEFA-50,IDLE,21.763,converged,,0.24298991058615166,0.09935341924102403,21.762999999999906,11.165276413461045,367.376413667173,646.8633330856316,565.8587525816181,2.1602022185511993,8.29678742016994,13.466212579829964,36.492316677095815,2.131953830299728,0.6629567333419966,635.320059475053
draw_24,FT-50,TAKE-OFF,310.9,converged,,2.406527562707204,0.3369233165485049,310.89999999997195,7.740519661329755,890.5407743240673,1683.244173589227,1000.7499313661702,43.7724,83.23291956811934,227.66708043185264,106.63071970631924,43.2,119.10076487350781,5173.940405245544
draw_24,FT-50,APPROACH,93.27,converged,,0.6484185834947817,0.14751339322604023,93.26999999999998,6.952059434917785,574.4082670843046,964.3947393688184,665.1749325631902,9.322159767015762,28.755850194871122,64.51414980512885,65.62156255216681,9.20025637011178,6.372272510371033,1394.0746661890244
draw_24,FT-50,IDLE,21.763,converged,,0.2428707875799716,0.09935652956750518,21.762999999999973,11.15980276524247,367.376413667173,646.8557676494052,565.851906696592,2.1602022185511993,8.296787420170011,13.466212579829964,36.492316677095815,2.131953830299728,0.6623212384894279,522.1627213362234
draw_24,ATJ-50,TAKE-OFF,310.9,converged,,2.4044165606910903,0.33724281815788426,310.899999999971,7.733729690226164,890.5407743240673,1682.9567701210522,1000.5915417914591,43.7724,83.2329195681184,227.66708043185264,106.63071970631924,43.2,118.89651985810984,6327.280246118546
draw_24,ATJ-50,APPROACH,93.27,converged,,0.6479645723835776,0.14767943893522725,93.26999999999994,6.947191727067417,574.4082670843046,964.3233258697572,665.124778769948,9.322159767015762,28.755850194871087,64.51414980512885,65.62156255216681,9.20025637011178,6.3635492018965865,1705.1344205718078
draw_24,ATJ-50,IDLE,21.763,converged,,0.2427198588592372,0.0994762066077728,21.762999999999817,11.152867658835602,367.376413667173,646.8226743482794,565.8226785479642,2.1602022185511993,8.296787420169853,13.466212579829964,36.492316677095815,2.131953830299728,0.6615164949440046,638.7231702726742
draw_25,Jet-A1,TAKE-OFF,310.9,converged,,2.405408066637256,0.3314984037341397,310.89999999997514,7.736918837688801,884.4057051222466,1666.4552078804911,984.5659399205392,43.7724,83.33241497918898,227.56758502078614,108.22556233569097,43.2,118.99242933880528,9518.483557835487
draw_25,Jet-A1,APPROACH,93.27,converged,,0.6484103213759012,0.14589860859573187,93.2699999999998,6.951970852105742,572.6375289883873,958.8661555852597,659.9290404446538,9.3858932592019,29.05442873826698,64.21557126173282,66.28592157551665,9.263156436419344,6.38231733648602,2565.8361541023637
draw_25,Jet-A1,IDLE,21.763,converged,,0.2429026580395683,0.09885168505522478,21.762999999999888,11.161267198436317,367.6037268934176,645.9309784699792,564.4859873224018,2.1797241530660534,8.38469483800983,13.378305161990058,36.649724968580514,2.151220481683744,0.6638923181212447,961.1944803762204
draw_25,HEFA-50,TAKE-OFF,310.9,converged,,2.4048456900851725,0.33155331549478806,310.8999999999752,7.735109971326357,884.4057051222466,1666.3967834045898,984.5334908557962,43.7724,83.33241497918905,227.56758502078614,108.22556233569097,43.2,118.93802538616114,6287.696074160828
draw_25,HEFA-50,APPROACH,93.27,converged,,0.6482789819930997,0.14592733608710945,93.27000000000052,6.950562688893493,572.6375289883873,958.8515287125215,659.9186565049898,9.3858932592019,29.054428738267703,64.21557126173282,66.28592157551665,9.263156436419344,6.379789187803965,1694.9865959568597
draw_25,HEFA-50,IDLE,21.763,converged,,0.24285672944213607,0.09887248141511881,21.762999999999824,11.159156800171761,367.6037268934176,645.9241043811649,564.4798942840438,2.1797241530660534,8.38469483800977,13.378305161990058,36.649724968580514,2.151220481683744,0.6636468299776471,634.9718448017242
draw_25,FT-50,TAKE-OFF,310.9,converged,,2.403642848037417,0.33156039902136436,310.8999999999766,7.731241067988413,884.4057051222466,1666.333741604641,984.4964744317366,43.7724,83.33241497919042,227.56758502078614,108.22556233569097,43.2,118.8217040195347,5167.738381209373
draw_25,FT-50,APPROACH,93.27,converged,,0.6479603076316287,0.14593171006730532,93.26999999999983,6.947146002269003,572.6375289883873,958.8358175757678,659.9068843926661,9.3858932592019,29.054428738267013,64.21557126173282,66.28592157551665,9.263156436419344,6.373657067275085,1393.0893909560043
draw_25,FT-50,IDLE,21.763,converged,,0.2427376830990728,0.09887558131797058,21.76299999999912,11.153686674589101,367.6037268934176,645.9165928715204,564.4731033083406,2.1797241530660534,8.384694838009061,13.378305161990058,36.649724968580514,2.151220481683744,0.6630107343670413,521.8765518933657
draw_25,ATJ-50,TAKE-OFF,310.9,converged,,2.401542113812078,0.33187588426279147,310.8999999999666,7.724484122908768,884.4057051222466,1666.0536817971727,984.3429178698119,43.7724,83.33241497918041,227.56758502078614,108.22556233569097,43.2,118.61868499986014,6319.7160697385325
draw_25,ATJ-50,APPROACH,93.27,converged,,0.6475072892182157,0.14609612696628715,93.27000000000015,6.942288937688589,572.6375289883873,958.7655974754625,659.8576514530814,9.3858932592019,29.054428738267337,64.21557126173282,66.28592157551665,9.263156436419344,6.364944779314851,1703.9310688787693
draw_25,ATJ-50,IDLE,21.763,converged,,0.2425868476738795,0.09899468336321521,21.76299999999778,11.146755855070728,367.6037268934176,645.883714450777,564.4440936026733,2.1797241530660534,8.384694838007725,13.378305161990058,36.649724968580514,2.151220481683744,0.6622052095426049,638.3731481261852
draw_26,Jet-A1,TAKE-OFF,310.9,converged,,2.392148677670046,0.3670500504155147,310.8999999999636,7.694270433162837,905.1949057537772,1759.6549237854033,989.2247958097557,43.7724,66.99891335811375,243.90108664184987,97.20428498041866,43.2,117.71296076892632,9466.014591084338
draw_26,Jet-A1,APPROACH,93.27,converged,,0.6477490885482011,0.16671180404877226,93.27000000000008,6.944881403969127,584.6364191217065,1021.1189664265339,693.001334456854,9.49859163178522,24.688996261018882,68.58100373898121,57.95127412476903,9.374381082442854,6.3874723340185575,2563.2195777776806
draw_26,Jet-A1,IDLE,21.763,converged,,0.24375478762375768,0.11722554697420501,21.76299999999195,11.20042216715746,372.27342146075523,699.364365360663,611.0540153702453,2.2146861531863413,7.754725659872662,14.008274340119293,31.013688186860566,2.185725293053384,0.6709574789597064,964.5664576921489
draw_26,HEFA-50,TAKE-OFF,310.9,converged,,2.391582315126323,0.3671097634989955,310.89999999996695,7.692448745984487,905.1949057537772,1759.5859648189858,989.1887570830984,43.7724,66.99891335811711,243.90108664184987,97.20428498041866,43.2,117.65845999057493,6253.01772826832
draw_26,HEFA-50,APPROACH,93.27,converged,,0.6476168900615606,0.16674437398433117,93.26999999999973,6.943464029822693,584.6364191217065,1021.1010917300503,692.9888625230258,9.49859163178522,24.688996261018517,68.58100373898121,57.95127412476903,9.374381082442854,6.384922995237841,1693.2554941003723
draw_26,HEFA-50,IDLE,21.763,converged,,0.24370861780609693,0.11725017028086791,21.762999999992463,11.198300684932285,372.27342146075523,699.3555790283792,611.0462196214817,2.2146861531863413,7.754725659873169,14.008274340119293,31.013688186860566,2.185725293053384,0.6707089471985999,637.1991873475614
draw_26,FT-50,TAKE-OFF,310.9,converged,,2.390379831233796,0.3671166428275877,310.8999999999636,7.688580994641606,905.1949057537772,1759.5108533767823,989.1467232577373,43.7724,66.99891335811374,243.90108664184987,97.20428498041866,43.2,117.54278647515477,5139.223412339244
draw_26,FT-50,APPROACH,93.27,converged,,0.6472978143285469,0.1667491846890396,93.26999999999985,6.940043039868638,584.6364191217065,1021.0818085124715,692.9746069796603,9.49859163178522,24.68899626101865,68.58100373898121,57.95127412476903,9.374381082442854,6.378771931728225,1391.6650561916172
draw_26,FT-50,IDLE,21.763,converged,,0.24358905305432166,0.117253797840149,21.762999999999888,11.192806738699762,372.27342146075523,699.3460086885439,611.0375545706678,2.2146861531863413,7.754725659880595,14.008274340119293,31.013688186860566,2.185725293053384,0.6700655402431989,523.7069640937225
draw_26,ATJ-50,TAKE-OFF,310.9,converged,,2.3882553772812756,0.36746052737334106,310.8999999999674,7.681747755810632,905.1949057537772,1759.1810204968087,988.9771088539504,43.7724,66.99891335811752,243.90108664184987,97.20428498041866,43.2,117.33855950361826,6284.751701683039
draw_26,ATJ-50,APPROACH,93.27,converged,,0.646840158095622,0.1669357395552335,93.2699999999899,6.93513625062391,584.6364191217065,1020.9960829058234,692.9155923703609,9.49859163178522,24.688996261008704,68.58100373898121,57.95127412476903,9.374381082442854,6.369954405580371,1702.1754972184474
draw_26,ATJ-50,IDLE,21.763,converged,,0.24343731929301776,0.11739485954698531,21.76299999999981,11.18583464104305,372.27342146075523,699.3039542243055,611.0004151106887,2.2146861531863413,7.754725659880519,14.008274340119293,31.013688186860566,2.185725293053384,0.6692494585320943,640.6111847308372
draw_27,Jet-A1,TAKE-OFF,310.9,converged,,2.3987084488840633,0.35334542380821177,310.89999999996235,7.715369729444689,923.3982064519851,1747.7063552180498,995.7278165225172,43.7724,73.03040305477435,237.869596945188,101.25128023644804,43.2,118.3451029266134,9491.972379831208
draw_27,Jet-A1,APPROACH,93.27,converged,,0.6475845886371758,0.1566532872966736,93.26999999999998,6.943117708128829,592.2667500758853,1003.5198974746982,677.5878355524768,9.439714076816571,25.608004025324394,67.66199597467559,61.6565927908956,9.316273453556942,6.374985032350658,2562.5686322187644
draw_27,Jet-A1,IDLE,21.763,converged,,0.243101203640735,0.10710693410039915,21.76300000000001,11.170390278947522,373.73239812034006,673.9463101643703,585.4181447089231,2.19635030193466,7.669537516247773,14.093462483752237,33.85260163671541,2.167629214838056,0.6661416559562856,961.9801487484182
draw_27,HEFA-50,TAKE-OFF,310.9,converged,,2.3981374403170035,0.35340245157931505,310.8999999999661,7.713533098479463,923.3982064519851,1747.6406341362226,995.6929708792779,43.7724,73.03040305477813,237.869596945188,101.25128023644804,43.2,118.29001109015387,6270.156721883172
draw_27,HEFA-50,APPROACH,93.27,converged,,0.6474520889988337,0.15668381112947707,93.2700000000001,6.941697105166002,592.2667500758853,1003.5033973322662,677.5763513786719,9.439714076816571,25.608004025324504,67.66199597467559,61.6565927908956,9.316273453556942,6.37243423417488,1692.8246061646523
draw_27,HEFA-50,IDLE,21.763,converged,,0.2430551535910665,0.1071294302101115,21.762999999999757,11.168274300007775,373.73239812034006,673.9385372932884,585.4112838349463,2.19635030193466,7.66953751624752,14.093462483752237,33.85260163671541,2.167629214838056,0.6658948864587021,635.4906434703424
draw_27,FT-50,TAKE-OFF,310.9,converged,,2.396932574517798,0.3534092088066624,310.89999999996473,7.709657685809166,923.3982064519851,1747.5691269119143,995.6525669130505,43.7724,73.03040305477676,237.869596945188,101.25128023644804,43.2,118.17380480998055,5153.31155484286
draw_27,FT-50,APPROACH,93.27,converged,,0.6471332185357963,0.15668836162073566,93.27000000000035,6.938278316026524,592.2667500758853,1003.4855753506048,677.5631982377096,9.439714076816571,25.60800402532475,67.66199597467559,61.6565927908956,9.316273453556942,6.366297589233731,1391.3111816564394
draw_27,FT-50,IDLE,21.763,converged,,0.2429359205764665,0.10713274956206316,21.763000000000094,11.162795596951957,373.73239812034006,673.9300264678391,585.403609210617,2.19635030193466,7.669537516247859,14.093462483752237,33.85260163671541,2.167629214838056,0.665256157287008,522.3027547385005
draw_27,ATJ-50,TAKE-OFF,310.9,converged,,2.394783242469299,0.35373743881285025,310.8999999999665,7.702744427370721,923.3982064519851,1747.2547022328386,995.4883301869163,43.7724,73.0304030547785,237.869596945188,101.25128023644804,43.2,117.96664572986545,6301.929936573267
draw_27,ATJ-50,APPROACH,93.27,converged,,0.6466735902460279,0.15686315409770096,93.27000000000827,6.933350383252606,592.2667500758853,1003.406463143943,677.5088838834117,9.439714076816571,25.608004025332665,67.66199597467559,61.6565927908956,9.316273453556942,6.357457151611236,1701.737169899627
draw_27,ATJ-50,IDLE,21.763,converged,,0.24278455883542363,0.10726161979859923,21.76300000000001,11.155840593457865,373.73239812034006,673.8928668071802,585.3709719499651,2.19635030193466,7.669537516247769,14.093462483752237,33.85260163671541,2.167629214838056,0.6644457466027751,638.8934298225132
draw_28,Jet-A1,TAKE-OFF,310.9,converged,,2.398678160725684,0.36891705453842794,310.89999999996894,7.715272308542695,886.4417236293696,1746.5717969162456,1006.2706895211563,43.7724,70.19592037079042,240.7040796291785,96.97633746943082,43.2,118.34218036092442,9491.8525260145
draw_28,Jet-A1,APPROACH,93.27,converged,,0.6489424873351667,0.16779720210183938,93.26999999999997,6.957676501931671,576.0710088590552,1015.9011044098813,698.8756791325518,9.523618363917974,25.595036679183462,67.67496332081652,57.682493200649105,9.399080546674536,6.414470903883555,2567.9419975987603
draw_28,Jet-A1,IDLE,21.763,converged,,0.24396973509699987,0.11820394332779316,21.762999999999856,11.210298906262993,370.1268701991026,699.8017898050631,614.0365820166011,2.2225268245618124,7.950326216694509,13.812673783305346,30.78410410970114,2.1934634340605106,0.6726731522253802,965.4170302075701
draw_28,HEFA-50,TAKE-OFF,310.9,converged,,2.398114864182722,0.3689777809496357,310.89999999997025,7.713460483058705,886.4417236293696,1746.5031651834447,1006.23382633908,43.7724,70.19592037079174,240.7040796291785,96.97633746943082,43.2,118.28783316557391,6270.097694448907
draw_28,HEFA-50,APPROACH,93.27,converged,,0.6488105642208336,0.16783011832198735,93.2699999999998,6.956262080206229,576.0710088590552,1015.8832306531275,698.8630560229954,9.523618363917974,25.595036679183277,67.67496332081652,57.682493200649105,9.399080546674536,6.411920819573761,1696.3764678726322
draw_28,HEFA-50,IDLE,21.763,converged,,0.24392354840011624,0.11822878369961298,21.76299999999967,11.208176648445521,370.1268701991026,699.7929380983377,614.0287005250409,2.2225268245618124,7.950326216694328,13.812673783305346,30.78410410970114,2.1934634340605106,0.672424113457887,637.761143675073
draw_28,FT-50,TAKE-OFF,310.9,converged,,2.3969109896541796,0.36898498683684516,310.8999999999702,7.709588258779059,886.4417236293696,1746.428663003298,1006.1911813311774,43.7724,70.1959203707917,240.7040796291785,96.97633746943082,43.2,118.17172351302672,5153.26514822789
draw_28,FT-50,APPROACH,93.27,converged,,0.6484910490114889,0.16783499881991526,93.26999999999919,6.952836378379914,576.0710088590552,1015.8639965271395,698.848704303523,9.523618363917974,25.595036679182662,67.67496332081652,57.682493200649105,9.399080546674536,6.405746618627717,1394.2304642237898
draw_28,FT-50,IDLE,21.763,converged,,0.2438038983661443,0.11823245131431355,21.762999999999774,11.20267878353843,370.1268701991026,699.7833170699341,614.0199665248392,2.2225268245618124,7.95032621669443,13.812673783305346,30.78410410970114,2.1934634340605106,0.6717791698170692,524.1688731351741
draw_28,ATJ-50,TAKE-OFF,310.9,converged,,2.3948058949863276,0.3693345023429779,310.8999999999696,7.702817288473984,886.4417236293696,1746.100137530397,1006.0173346293492,43.7724,70.19592037079113,240.7040796291785,96.97633746943082,43.2,117.9688281213411,6301.9895472188855
draw_28,ATJ-50,APPROACH,93.27,converged,,0.6480354459368062,0.16802351955593042,93.27000000000001,6.9479516021958405,576.0710088590552,1015.7782268489252,698.7888974393563,9.523618363917974,25.595036679183497,67.67496332081652,57.682493200649105,9.399080546674536,6.396947730731894,1705.320926038725
draw_28,ATJ-50,IDLE,21.763,converged,,0.24365215052317915,0.11837474856371728,21.762999999999685,11.19570603883576,370.1268701991026,699.7409291865933,613.9823922294272,2.2225268245618124,7.950326216694342,13.812673783305346,30.78410410970114,2.1934634340605106,0.6709616459866838,641.1765183011811
draw_29,Jet-A1,TAKE-OFF,310.9,converged,,2.388608843844711,0.38356649843077634,310.89999999996843,7.682884669813296,901.0762961261765,1789.9166805610676,994.3625527539108,43.7724,62.044072921250525,248.8559270787179,92.88100320398142,43.2,117.37252674279193,9452.007050937096
draw_29,Jet-A1,APPROACH,93.27,converged,,0.6481374802752972,0.17970925980285296,93.26999999999983,6.94904556958613,588.1864150846746,1055.8437934336143,714.8524341777975,9.805224192992146,23.51007221312031,69.75992778687952,53.79218811410483,9.677003891430688,6.44285599674202,2564.7564896720237
draw_29,Jet-A1,IDLE,21.763,converged,,0.24434970094576852,0.131110353392322,21.76299999999997,11.227758165040154,376.8872951196488,739.801614287647,645.6951896005971,2.3126802246673317,7.663027536542696,14.099972463457274,27.796963278762057,2.2824379221982056,0.6810532936910936,966.9205999071178
draw_29,HEFA-50,TAKE-OFF,310.9,converged,,2.388043342529679,0.383628902189749,310.8999999999689,7.681065752749817,901.0762961261765,1789.8431831020744,994.3247314262244,43.7724,62.04407292125093,248.8559270787179,92.88100320398142,43.2,117.31818580795044,6243.764750335382
draw_29,HEFA-50,APPROACH,93.27,converged,,0.6480048591567866,0.17974427376544216,93.27000000000032,6.9476236641662314,588.1864150846746,1055.8238558298099,714.8386090453664,9.805224192992146,23.510072213120807,69.75992778687952,53.79218811410483,9.677003891430688,6.440277879210813,1694.2698759241232
draw_29,HEFA-50,IDLE,21.763,converged,,0.24430335108409948,0.13113785705391567,21.763000000000225,11.225628409874417,376.8872951196488,739.7912683689764,645.686018155857,2.3126802246673317,7.663027536542952,14.099972463457274,27.796963278762057,2.2824379221982056,0.6808006551731102,638.7541736457205
draw_29,FT-50,TAKE-OFF,310.9,converged,,2.3868411099102986,0.38363584545963075,310.8999999999671,7.677198809619013,901.0762961261765,1789.763013253874,994.2804018680488,43.7724,62.04407292124919,248.8559270787179,92.88100320398142,43.2,117.20270007145973,5131.6152995038565
draw_29,FT-50,APPROACH,93.27,converged,,0.6476853102136695,0.1797493812482115,93.26999999999988,6.944197600661202,588.1864150846746,1055.802355648328,714.8228089811273,9.805224192992146,23.510072213120363,69.75992778687952,53.79218811410483,9.677003891430688,6.434068008227291,1392.4981572322913
draw_29,FT-50,IDLE,21.763,converged,,0.24418344036349487,0.1311418851759826,21.763000000000012,11.220118566534705,376.8872951196488,739.7800506768558,645.6758692191855,2.3126802246673317,7.663027536542738,14.099972463457274,27.796963278762057,2.2824379221982056,0.680147272099879,524.9848736273399
draw_29,ATJ-50,TAKE-OFF,310.9,converged,,2.3847214577502616,0.38399547060474476,310.899999999967,7.670381015601527,901.0762961261765,1789.4115942698404,994.1026159663693,43.7724,62.04407292124909,248.8559270787179,92.88100320398142,43.2,116.99922296239666,6275.452107093019
draw_29,ATJ-50,APPROACH,93.27,converged,,0.6472256470451627,0.17994999859148486,93.26999999999985,6.939269293933352,588.1864150846746,1055.7067297661274,714.7573901120772,9.805224192992146,23.51007221312033,69.75992778687952,53.79218811410483,9.677003891430688,6.425140398606815,1703.189920698722
draw_29,ATJ-50,IDLE,21.763,converged,,0.24403099519586824,0.13129947133237696,21.763,11.213113780079413,376.8872951196488,739.7304808674029,645.6321313001006,2.3126802246673317,7.663027536542725,14.099972463457274,27.796963278762057,2.2824379221982056,0.6793170543215665,642.1734572064613
draw_30,Jet-A1,TAKE-OFF,310.9,converged,,2.3990213198576438,0.366717690121045,310.8999999999704,7.716376069018566,892.0552327711666,1747.107131456642,1005.5439496145666,43.7724,70.67439922313753,240.22560077683286,97.57190327308068,43.2,118.37529454392467,9493.210447192441
draw_30,Jet-A1,APPROACH,93.27,converged,,0.6487063241605712,0.16676757413044538,93.27000000000035,6.955144464035261,580.1528511568906,1017.1456477966987,696.9891554486179,9.600775904349828,25.523891991362913,67.74610800863744,58.01750521307126,9.475229118529313,6.42206355223673,2567.0074720496314
draw_30,Jet-A1,IDLE,21.763,converged,,0.24379941050095166,0.11748641713978543,21.762999999999643,11.202472568164115,372.17484127002524,699.816048144492,612.1214009933865,2.2468754550462227,7.868403674984646,13.894596325014996,30.950489418390607,2.217493663998246,0.6734759764520023,964.7430356827049
draw_30,HEFA-50,TAKE-OFF,310.9,converged,,2.3984567902208,0.36677787825669383,310.8999999999678,7.71456027732727,892.0552327711666,1747.038901922928,1005.5073508346493,43.7724,70.67439922313493,240.22560077683286,97.57190327308068,43.2,118.32082094394808,6270.991692353279
draw_30,HEFA-50,APPROACH,93.27,converged,,0.6485742214025074,0.1668002298240742,93.26999999999965,6.953728116248631,580.1528511568906,1017.1278586184335,696.9766366895781,9.600775904349828,25.52389199136221,67.74610800863744,58.01750521307126,9.475229118529313,6.419506042517889,1695.7585272633564
draw_30,HEFA-50,IDLE,21.763,converged,,0.24375323486175296,0.11751109651055529,21.762999999999828,11.200350818442075,372.17484127002524,699.8072422157566,612.1135809505939,2.2468754550462227,7.868403674984832,13.894596325014996,30.950489418390607,2.217493663998246,0.6732265260145688,637.3158428514241
draw_30,FT-50,TAKE-OFF,310.9,converged,,2.3972526382870214,0.36678502500047583,310.89999999996576,7.71068716078252,892.0552327711666,1746.9648158517855,1005.4650070347313,43.7724,70.67439922313291,240.22560077683286,97.57190327308068,43.2,118.20466871237362,5153.999679464204
draw_30,FT-50,APPROACH,93.27,converged,,0.6482547939245332,0.16680507299856281,93.2700000000002,6.950303355039476,580.1528511568906,1017.1087031124453,696.9623844195543,9.600775904349828,25.523891991362746,67.74610800863744,58.01750521307126,9.475229118529313,6.413323983050679,1393.7225250007834
draw_30,FT-50,IDLE,21.763,converged,,0.24363365557908376,0.11751473569183564,21.762999999999867,11.194856204525353,372.17484127002524,699.7976586721495,612.1048985510002,2.2468754550462227,7.8684036749848705,13.894596325014996,30.950489418390607,2.217493663998246,0.6725807436911068,523.8028577824625
draw_30,ATJ-50,TAKE-OFF,310.9,converged,,2.3951405883181947,0.36713143649751656,310.8999999999676,7.70389381897216,892.0552327711666,1746.6382367071365,1005.2924123315605,43.7724,70.6743992231347,240.22560077683286,97.57190327308068,43.2,118.0010754853121,6302.870300804538
draw_30,ATJ-50,APPROACH,93.27,converged,,0.6477980494833624,0.16699209985588825,93.2699999999937,6.945406341625454,580.1528511568906,1017.0233518617466,696.903091258584,9.600775904349828,25.523891991356255,67.74610800863744,58.01750521307126,9.475229118529313,6.404489408037649,1704.6962115383633
draw_30,ATJ-50,IDLE,21.763,converged,,0.24348190212066284,0.11765611522633189,21.762999999999888,11.187883201794978,372.17484127002524,699.7555022777005,612.0676337036264,2.2468754550462227,7.86840367498489,13.894596325014996,30.950489418390607,2.217493663998246,0.6717616423131987,640.7285055184606
draw_31,Jet-A1,TAKE-OFF,310.9,converged,,2.3816151910174646,0.3835583804464975,310.899999999966,7.660389807068913,908.935536458063,1796.9570825518076,984.0694669791961,43.7724,58.48686430991906,252.41313569004691,92.61101522882336,43.2,116.7013474254334,9424.332341448648
draw_31,Jet-A1,APPROACH,93.27,converged,,0.646974740056863,0.17958486506650495,93.26999999999977,6.9365791793381,590.6897798335748,1057.8356394208145,712.0874307870885,9.730966350244573,22.528941329626214,70.74105867037356,53.73288035330204,9.603717098686971,6.408818570837928,2560.155389424334
draw_31,Jet-A1,IDLE,21.763,converged,,0.24426768091277237,0.13092458851207692,21.762999999999742,11.223989381646614,376.7502985800687,739.5056189512497,645.2070840386751,2.288562753288003,7.4991108917254525,14.263889108274288,27.82705978590806,2.2586358285595884,0.678932840175482,966.596036958188
draw_31,HEFA-50,TAKE-OFF,310.9,converged,,2.381049165072681,0.3836204315962504,310.89999999996553,7.658569202550482,908.935536458063,1796.8831481426512,984.0319939228531,43.7724,58.48686430991863,252.41313569004691,92.61101522882336,43.2,116.6471083228705,6225.477813123708
draw_31,HEFA-50,APPROACH,93.27,converged,,0.6468421598202171,0.17961980007787184,93.2699999999998,6.935157712235644,590.6897798335748,1057.8156414674847,712.0736261476316,9.730966350244573,22.528941329626242,70.74105867037356,53.73288035330204,9.603717098686971,6.4062502568530455,1691.2298887498448
draw_31,HEFA-50,IDLE,21.763,converged,,0.24422134234687143,0.13095205091938847,21.762999999999884,11.221860145516368,376.7502985800687,739.4952784364051,645.1979184701288,2.288562753288003,7.499110891725594,14.263889108274288,27.82705978590806,2.2586358285595884,0.6786809650793559,638.539754060613
draw_31,FT-50,TAKE-OFF,310.9,converged,,2.3798489568542576,0.3836271334417806,310.8999999999637,7.654708770841219,908.935536458063,1796.8022591249369,983.9877472542856,43.7724,58.48686430991683,252.41313569004691,92.61101522882336,43.2,116.53213984345263,5116.582443127337
draw_31,FT-50,APPROACH,93.27,converged,,0.6465230293468157,0.17962486099050146,93.27000000000005,6.931736135379171,590.6897798335748,1057.7940199448622,712.0577779589362,9.730966350244573,22.52894132962649,70.74105867037356,53.73288035330204,9.603717098686971,6.400070197352981,1389.9992986975094
draw_31,FT-50,IDLE,21.763,converged,,0.2441014528375956,0.13095606311906266,21.76299999999993,11.216351276827476,376.7502985800687,739.4840470878345,645.1877557629458,2.288562753288003,7.499110891725643,14.263889108274288,27.82705978590806,2.2586358285595884,0.6780295128918731,524.8086036441699
draw_31,ATJ-50,TAKE-OFF,310.9,converged,,2.3777242175034883,0.3839849260985535,310.89999999996473,7.64787461403589,908.935536458063,1796.44899609109,983.8119242275252,43.7724,58.486864309917785,252.41313569004691,92.61101522882336,43.2,116.32874597535384,6257.038700400282
draw_31,ATJ-50,APPROACH,93.27,converged,,0.6460631895286748,0.17982506059399697,93.26999999999973,6.926805934691506,590.6897798335748,1057.6981610984724,711.9925277270077,9.730966350244573,22.52894132962616,70.74105867037356,53.73288035330204,9.603717098686971,6.391170384453912,1700.130885670735
draw_31,ATJ-50,IDLE,21.763,converged,,0.2439490528656285,0.13111342276387167,21.762999999999977,11.209348567092256,376.7502985800687,739.4345226829107,645.1440661382594,2.288562753288003,7.49911089172569,14.263889108274288,27.82705978590806,2.2586358285595884,0.6772018476246444,641.9578239855282
draw_32,Jet-A1,TAKE-OFF,310.9,converged,,2.380250964422807,0.3592929456146979,310.8999999999584,7.6560018154491,924.3045223217051,1760.8923172395764,969.4381470632608,43.7724,61.818250428166124,249.08174957179233,98.80901932653887,43.2,116.57064215657805,9418.933935834852
draw_32,Jet-A1,APPROACH,93.27,converged,,0.6443218353147354,0.1617685139975512,93.27000000000008,6.908135899160875,595.47611324181,1018.9772235257069,679.028458790797,9.586410963880903,22.26976975124878,71.00023024875131,59.40614661358034,9.461052024555542,6.335217813642866,2549.6575323169754
draw_32,Jet-A1,IDLE,21.763,converged,,0.2427881729282853,0.11274768490442634,21.76299999999982,11.156006659389206,376.4107683197387,691.1211368569919,598.3378508610886,2.2423221788649736,7.018038789993226,14.744961210006595,32.11755106504112,2.2129999297951874,0.6677052499823712,960.7414492816306
draw_32,HEFA-50,TAKE-OFF,310.9,converged,,2.3796827488073053,0.35935069154248994,310.8999999999525,7.654174167924313,924.3045223217051,1760.8245751162342,969.4034649507595,43.7724,61.818250428160184,249.08174957179233,98.80901932653887,43.2,116.51622306814025,6221.9051888081885
draw_32,HEFA-50,APPROACH,93.27,converged,,0.6441896318073437,0.1617999412344698,93.26999999999967,6.906718471184154,595.47611324181,1018.9598371607542,679.0164908214995,9.586410963880903,22.269769751248358,71.00023024875131,59.40614661358034,9.461052024555542,6.332675785820551,1684.294603861543
draw_32,HEFA-50,IDLE,21.763,converged,,0.24274211999795894,0.11277133687836091,21.76299999999968,11.15389054808448,376.4107683197387,691.112732335979,598.3304478009765,2.2423221788649736,7.018038789993084,14.744961210006595,32.11755106504112,2.2129999297951874,0.6674575668844466,634.6721875907915
draw_32,FT-50,TAKE-OFF,310.9,converged,,2.3784838381288385,0.3593570613735772,310.89999999995956,7.650317909710993,924.3045223217051,1760.7503560090208,969.3624941966966,43.7724,61.81825042816725,249.08174957179233,98.80901932653887,43.2,116.4014418592254,5113.6474911073165
draw_32,FT-50,APPROACH,93.27,converged,,0.6438719147435558,0.1618045263813436,93.26999999999983,6.903312048285161,595.47611324181,1018.9409454493987,679.002637715041,9.586410963880903,22.269769751248525,71.00023024875131,59.40614661358034,9.461052024555542,6.326568715850413,1384.29950569397
draw_32,FT-50,IDLE,21.763,converged,,0.24262294803015055,0.11277478803970314,21.762999999999906,11.148414650101163,376.4107683197387,691.1035001806212,598.3221301668074,2.2423221788649736,7.018038789993309,14.744961210006595,32.11755106504112,2.2129999297951874,0.6668168414959731,521.6298759698506
draw_32,ATJ-50,TAKE-OFF,310.9,converged,,2.3763449689900322,0.35968989516914784,310.8999999999615,7.643438304890083,924.3045223217051,1760.4267786278774,969.1997842830028,43.7724,61.81825042816913,249.08174957179233,98.80901932653887,43.2,116.19680828167772,6253.409174628271
draw_32,ATJ-50,APPROACH,93.27,converged,,0.6434128761066156,0.16198459144523342,93.26999999999387,6.898390437511074,595.47611324181,1018.8576974772207,678.9461815659229,9.586410963880903,22.26976975124257,71.00023024875131,59.40614661358034,9.461052024555542,6.317750287251695,1693.156521895517
draw_32,ATJ-50,IDLE,21.763,converged,,0.24247150881763538,0.11291031821820446,21.762999999999863,11.141456086827962,376.4107683197387,691.0633508128352,598.286950495609,2.2423221788649736,7.018038789993269,14.744961210006595,32.11755106504112,2.2129999297951874,0.6660030658861483,638.0696311405455
draw_33,Jet-A1,TAKE-OFF,310.9,converged,,2.3992604365570025,0.3270055675137827,310.8999999999646,7.717145180306451,921.3583062907883,1690.5794821446418,977.6865019155249,43.7724,79.75747723056615,231.14252276939845,109.43211053157624,43.2,118.39837151289643,9494.156660187573
draw_33,Jet-A1,APPROACH,93.27,converged,,0.6461448681594841,0.1423262393006418,93.26999999999971,6.927681657118968,593.9429153374958,969.6936803641152,650.7341795670499,9.580543509424285,26.585858875847716,66.68414112415199,67.71228268689065,9.455261297235909,6.369406366996771,2556.8714884015217
draw_33,Jet-A1,IDLE,21.763,converged,,0.2420002125594756,0.09522811858025476,21.762999999999916,11.11980023707561,375.89995656963356,643.8356710094416,554.1382008182641,2.2404650133864137,7.49627175255513,14.266728247444785,37.90295526154219,2.2111670499742546,0.6633445277664306,957.623397122927
draw_33,HEFA-50,TAKE-OFF,310.9,converged,,2.398690888499326,0.3270585612494669,310.8999999999644,7.715313247023483,921.3583062907883,1690.520857610702,977.6547244201221,43.7724,79.7574772305659,231.14252276939845,109.43211053157624,43.2,118.34340848526058,6271.603764401363
draw_33,HEFA-50,APPROACH,93.27,converged,,0.6460126857126837,0.1423539764973119,93.26999999999938,6.926264454944654,593.9429153374958,969.6791857755628,650.7241027788334,9.580543509424285,26.585858875847396,66.68414112415199,67.71228268689065,9.455261297235909,6.366858236929354,1689.061150393343
draw_33,HEFA-50,IDLE,21.763,converged,,0.2419543538731923,0.09524811296465996,21.763000000000034,11.117693051196616,375.89995656963356,643.8290282696391,554.1323864571953,2.2404650133864137,7.496271752555248,14.266728247444785,37.90295526154219,2.2111670499742546,0.6630987022905043,632.612498692467
draw_33,FT-50,TAKE-OFF,310.9,converged,,2.3974879340251696,0.3270651134447757,310.8999999999625,7.711443982069665,921.3583062907883,1690.4571637193253,977.6180347536724,43.7724,79.75747723056406,231.14252276939845,109.43211053157624,43.2,118.22736090513396,5154.505556124688
draw_33,FT-50,APPROACH,93.27,converged,,0.6456947089725731,0.14235815156113169,93.27000000000027,6.92285524791006,593.9429153374958,969.663492397968,650.7125152920454,9.580543509424285,26.58585887584826,66.68414112415199,67.71228268689065,9.455261297235909,6.360730522409616,1388.2184421973823
draw_33,FT-50,IDLE,21.763,converged,,0.24183566319467392,0.09525106509697312,21.762999999999813,11.11223926823857,375.89995656963356,643.8217058434568,554.1258272187924,2.2404650133864137,7.49627175255503,14.266728247444785,37.90295526154219,2.2111670499742546,0.6624626677043977,519.9372442776844
draw_33,ATJ-50,TAKE-OFF,310.9,converged,,2.395345262699712,0.3273698546582717,310.8999999999631,7.704552147635884,921.3583062907883,1690.1765882562331,977.468098668168,43.7724,79.75747723056462,231.14252276939845,109.43211053157624,43.2,118.02079777732162,6303.408906382387
draw_33,ATJ-50,APPROACH,93.27,converged,,0.6452360502018286,0.14251694655752042,93.26999999999958,6.917937709894194,593.9429153374958,969.5940326377878,650.6649028215985,9.580543509424285,26.585858875847585,66.68414112415199,67.71228268689065,9.455261297235909,6.351896810620715,1697.9542485567245
draw_33,ATJ-50,IDLE,21.763,converged,,0.24168488367394328,0.09536560206755024,21.762999999997373,11.105311017505512,375.89995656963356,643.7899976719195,554.098223195921,2.2404650133864137,7.496271752552589,14.266728247444785,37.90295526154219,2.2111670499742546,0.6616551069446605,635.9996080779225
draw_34,Jet-A1,TAKE-OFF,310.9,converged,,2.401424326167351,0.3553913024384186,310.8999999999693,7.72410526268121,901.2997721920722,1731.9327192406631,999.179492342216,43.7724,74.51240066944992,236.38759933051935,100.78238696974714,43.2,118.60730679722175,9502.719426714697
draw_34,Jet-A1,APPROACH,93.27,converged,,0.6486183805294522,0.15852207632272744,93.27000000000037,6.954201571024441,580.8729923240326,997.642085304648,682.2906904689946,9.395391623117996,26.583454604835747,66.68654539516461,61.02700108930252,9.272530592763875,6.3878403449728225,2566.659468723945
draw_34,Jet-A1,IDLE,21.763,converged,,0.24348717940153783,0.10912275836497055,21.762999999999952,11.188125690462636,370.0136768571912,675.7853985607981,590.9232409554388,2.182649000070271,8.011707564930727,13.751292435069226,33.279998103641255,2.154107081243791,0.6672305307751194,963.5075003790547
draw_34,HEFA-50,TAKE-OFF,310.9,converged,,2.400857763090239,0.35544941427745086,310.8999999999667,7.722282930493716,901.2997721920722,1731.8672912906363,999.1442801295511,43.7724,74.51240066944733,236.38759933051935,100.78238696974714,43.2,118.55258466064033,6277.269262572266
draw_34,HEFA-50,APPROACH,93.27,converged,,0.6484863574428879,0.15855313251999795,93.26999999999988,6.952786077440642,580.8729923240326,997.625515655891,682.2790293103268,9.395391623117996,26.58345460483526,66.68654539516461,61.02700108930252,9.272530592763875,6.385297653633661,1695.5287986465733
draw_34,HEFA-50,IDLE,21.763,converged,,0.24344109977343753,0.10914569738569985,21.763000000000016,11.186008352407177,370.0136768571912,675.7774808290665,590.9162139112128,2.182649000070271,8.011707564930788,13.751292435069226,33.279998103641255,2.154107081243791,0.6669835911953804,636.4997361974712
draw_34,FT-50,TAKE-OFF,310.9,converged,,2.3996532149882275,0.35545646015607707,310.8999999999712,7.718408539686234,901.2997721920722,1731.796326121813,999.1036739239244,43.7724,74.51240066945182,236.38759933051935,100.78238696974714,43.2,118.43628302885043,5159.160825749305
draw_34,FT-50,APPROACH,93.27,converged,,0.6481671668279785,0.1585577835903798,93.27000000000038,6.949363855773302,580.8729923240326,997.6076792605029,682.2657574301511,9.395391623117996,26.58345460483576,66.68654539516461,61.02700108930252,9.272530592763875,6.379152263553243,1393.5341301606477
draw_34,FT-50,IDLE,21.763,converged,,0.2433217143924683,0.10914909579161082,21.76299999999997,11.180522648185848,370.0136768571912,675.7688458134289,590.9083959756056,2.182649000070271,8.011707564930743,13.751292435069226,33.279998103641255,2.154107081243791,0.6663440157076119,523.1321963969456
draw_34,ATJ-50,TAKE-OFF,310.9,converged,,2.3975296333669798,0.35579077492332295,310.8999999999836,7.711578106680948,901.2997721920722,1731.483075689849,998.9374844515893,43.7724,74.51240066946423,236.38759933051935,100.78238696974714,43.2,118.23138265987605,6309.157130545854
draw_34,ATJ-50,APPROACH,93.27,converged,,0.6477106530124526,0.15873560472826823,93.27000000000025,6.94446931502574,580.8729923240326,997.5281725632003,682.2105216976526,9.395391623117996,26.583454604835623,66.68654539516461,61.02700108930252,9.272530592763875,6.370368009872865,1704.4662256145393
draw_34,ATJ-50,IDLE,21.763,converged,,0.24317033088496964,0.10928048973581818,21.76300000000001,11.173566644532903,370.0136768571912,675.7309592123135,590.8749256854152,2.182649000070271,8.01170756493078,13.751292435069226,33.279998103641255,2.154107081243791,0.6655334499387335,639.9085982872886
draw_35,Jet-A1,TAKE-OFF,310.9,converged,,2.402491153296118,0.3398654128994729,310.89999999996377,7.727536678341581,920.5821531667572,1716.9754054589698,997.1444378394774,43.7724,78.283135435193,232.6168645647708,105.43319239894385,43.2,118.71038100106472,9506.940987548829
draw_35,Jet-A1,APPROACH,93.27,converged,,0.6473672794550878,0.1481758181194572,93.27000000000059,6.940787814464282,590.4520740147675,980.94792278756,663.9869983576373,9.415079384020999,26.529562613064044,66.74043738693655,65.16223028649578,9.29196090206859,6.366893665438191,2561.7087141427583
draw_35,Jet-A1,IDLE,21.763,converged,,0.24259158995695948,0.0993358544233569,21.763000000000062,11.146973760830711,372.9277144716204,652.1497310457534,565.2976669064911,2.188724252615692,7.654067249217686,14.108932750782374,36.424385920732554,2.1601028893320424,0.6628716235845062,959.9635472673036
draw_35,HEFA-50,TAKE-OFF,310.9,converged,,2.4019207203573036,0.33992047397732483,310.8999999999635,7.72570189886647,920.5821531667572,1716.91349373697,997.1108310521582,43.7724,78.2831354351927,232.6168645647708,105.43319239894385,43.2,118.6552617353878,6280.048464690173
draw_35,HEFA-50,APPROACH,93.27,converged,,0.6472350089485565,0.14820473240641888,93.26999999999904,6.939369668152279,590.4520740147675,980.9326668275563,663.9763282450497,9.415079384020999,26.529562613062495,66.74043738693655,65.16223028649578,9.29196090206859,6.364349656293171,1692.257029880846
draw_35,HEFA-50,IDLE,21.763,converged,,0.24254564728551986,0.09935672278315677,21.762999999999796,11.14486271587199,372.9277144716204,652.1427300057901,565.291500525029,2.188724252615692,7.654067249217423,14.108932750782374,36.424385920732554,2.1601028893320424,0.6626261233949787,634.1584911370956
draw_35,FT-50,TAKE-OFF,310.9,converged,,2.4007156740893225,0.3399272170094004,310.8999999999625,7.721825905724065,920.5821531667572,1716.8462523698631,997.0720828259641,43.7724,78.2831354351917,232.6168645647708,105.43319239894385,43.2,118.5388627691637,5161.445071380755
draw_35,FT-50,APPROACH,93.27,converged,,0.6469164000339233,0.1482090720712622,93.27000000000079,6.935953683219875,590.4520740147675,980.9161752893538,663.9640998211547,9.415079384020999,26.529562613064225,66.74043738693655,65.16223028649578,9.29196090206859,6.358223769279263,1390.8450303333339
draw_35,FT-50,IDLE,21.763,converged,,0.24242667536960646,0.09935980587379625,21.762999999999906,11.139396010182764,372.9277144716204,652.1350357867891,565.2845742833537,2.188724252615692,7.65406724921753,14.108932750782374,36.424385920732554,2.1601028893320424,0.6619905892121075,521.2078974043145
draw_35,ATJ-50,TAKE-OFF,310.9,converged,,2.3985698941252442,0.3402439106516769,310.89999999996473,7.71492407245261,920.5821531667572,1716.5499251018796,996.9134639511478,43.7724,78.28313543519394,232.6168645647708,105.43319239894385,43.2,118.33173378595328,6311.894601853523
draw_35,ATJ-50,APPROACH,93.27,converged,,0.646457854785787,0.148374618777053,93.26999999999987,6.931037362343603,590.4520740147675,980.8430410559083,663.9136427347521,9.415079384020999,26.52956261306332,66.74043738693655,65.16223028649578,9.29196090206859,6.349412389639762,1701.1694568259916
draw_35,ATJ-50,IDLE,21.763,converged,,0.24227568337905125,0.09947934756007831,21.763000000005086,11.132457996553537,372.9277144716204,652.1015942504598,565.2552689914007,2.188724252615692,7.654067249222713,14.108932750782374,36.424385920732554,2.1601028893320424,0.6611844366464983,637.5543117697271
draw_36,Jet-A1,TAKE-OFF,310.9,converged,,2.410289053069772,0.32175298136134467,310.8999999999663,7.752618375908758,924.4817229607365,1682.3116857068694,998.3475191594213,43.7724,88.00153444196637,222.8984655579999,111.7298145800599,43.2,119.46512357451776,9537.79819710535
draw_36,Jet-A1,APPROACH,93.27,converged,,0.6480715689220652,0.13915688148920075,93.26999999999941,6.948338896987984,594.4707945069267,962.3415212935274,651.0364952047997,9.528562678040611,28.977544429207484,64.29245557079193,69.46096477253006,9.40396020532012,6.398424957779286,2564.495670669745
draw_36,Jet-A1,IDLE,21.763,converged,,0.24222972506936988,0.09239038322157322,21.763000000000073,11.130346233027113,375.42527006855977,635.9876527175556,547.9777911468659,2.2240791401771096,7.988012607521058,13.774987392479014,39.104181253031825,2.194995450458534,0.6634309158562104,958.5316052070549
draw_36,HEFA-50,TAKE-OFF,310.9,converged,,2.4097172359440564,0.3218051704771184,310.8999999999676,7.750779144240295,924.4817229607365,1682.2545575003087,998.3157252004982,43.7724,88.00153444196766,222.8984655579999,111.7298145800599,43.2,119.40969915760354,6300.433190682809
draw_36,HEFA-50,APPROACH,93.27,converged,,0.6479390784489523,0.13918401952634388,93.26999999999975,6.946918392290704,594.4707945069267,962.3275019396176,651.0266870748578,9.528562678040611,28.97754442920783,64.29245557079193,69.46096477253006,9.40396020532012,6.395866881223439,1694.0978860537916
draw_36,HEFA-50,IDLE,21.763,converged,,0.24218384846110383,0.09240979154329014,21.76300000000014,11.128238223641146,375.42527006855977,635.9812936590629,547.972223171531,2.2240791401771096,7.988012607521128,13.774987392479014,39.104181253031825,2.194995450458534,0.6631851953113223,633.2125339568507
draw_36,FT-50,TAKE-OFF,310.9,converged,,2.4085109280807373,0.32181190822267514,310.89999999996564,7.74689909321648,924.4817229607365,1682.192787248549,998.2794797955034,43.7724,88.00153444196576,222.8984655579999,111.7298145800599,43.2,119.29281679668269,5178.204563447391
draw_36,FT-50,APPROACH,93.27,converged,,0.6476204124447572,0.13918815727005301,93.27000000000048,6.943501795269153,594.4707945069267,962.312379468385,651.01548309663,9.528562678040611,28.977544429208553,64.29245557079193,69.46096477253006,9.40396020532012,6.389716244209044,1392.3586295601428
draw_36,FT-50,IDLE,21.763,converged,,0.24206509514920302,0.0924126747717596,21.762999999999778,11.1227815627076,375.42527006855977,635.9742982798382,547.9659583775734,2.2240791401771096,7.988012607520765,13.774987392479014,39.104181253031825,2.194995450458534,0.6625493451249563,520.4305140320757
draw_36,ATJ-50,TAKE-OFF,310.9,converged,,2.406358279589792,0.3221117379570841,310.89999999996866,7.739975167545946,924.4817229607365,1681.919073566118,998.1290030892236,43.7724,88.00153444196879,222.8984655579999,111.7298145800599,43.2,119.08437996704866,6332.389926292991
draw_36,ATJ-50,APPROACH,93.27,converged,,0.6471606323808444,0.13934346935727593,93.26999999999956,6.938572235240136,594.4707945069267,962.245140432389,650.9690653002572,9.528562678040611,28.97754442920762,64.29245557079193,69.46096477253006,9.40396020532012,6.38084703268205,1703.0188330394642
draw_36,ATJ-50,IDLE,21.763,converged,,0.2419142727431176,0.09252383695854276,21.76300000000184,11.115851341409604,375.42527006855977,635.943929772878,547.9395074974715,2.2240791401771096,7.988012607522823,13.774987392479014,39.104181253031825,2.194995450458534,0.6617422145562365,636.6032509532008
draw_37,Jet-A1,TAKE-OFF,310.9,converged,,2.4010009082588915,0.3781947663745186,310.8999999999695,7.7227433523934605,891.8247275029875,1770.5486659318988,1016.4212177639007,43.7724,69.34798536826821,241.55201463170133,94.68895840047892,43.2,118.56640933377494,9501.043912087609
draw_37,Jet-A1,APPROACH,93.27,converged,,0.6497572310493382,0.17459141807988335,93.26999999999973,6.966411826410852,582.115205586348,1037.959402487509,712.0810468757604,9.71762272384181,25.35598033561981,67.91401966437991,55.507383799438976,9.590547963327717,6.460754220328734,2571.1660346154954
draw_37,Jet-A1,IDLE,21.763,converged,,0.24428748549730747,0.12518087066621628,21.762999999999987,11.22489939334226,374.08577763042706,721.8984412631239,631.8946062683835,2.28425520576056,7.938112268067784,13.824887731932206,29.106218206208275,2.25438460968227,0.6787401520286368,966.6744060361344
draw_37,HEFA-50,TAKE-OFF,310.9,converged,,2.4004356200493353,0.37825679207400936,310.89999999997093,7.720925120776968,891.8247275029875,1770.4773073388633,1016.383154386552,43.7724,69.34798536826963,241.55201463170133,94.68895840047892,43.2,118.51181952020855,6276.165529741521
draw_37,HEFA-50,APPROACH,93.27,converged,,0.649624754977832,0.1746255629811117,93.27000000000018,6.964991476121269,582.115205586348,1037.940413162919,712.0677086503126,9.71762272384181,25.35598033562027,67.91401966437991,55.507383799438976,9.590547963327717,6.458178205081928,1698.505246466412
draw_37,HEFA-50,IDLE,21.763,converged,,0.24424119662261895,0.12520715568549573,21.763000000000037,11.222772440500782,374.08577763042706,721.8887987654844,631.8860386157304,2.28425520576056,7.938112268067833,13.824887731932206,29.106218206208275,2.25438460968227,0.6784886388048753,638.5916649387985
draw_37,FT-50,TAKE-OFF,310.9,converged,,2.399229980895143,0.37826408464294614,310.89999999996905,7.717047220634872,891.8247275029875,1770.39986034393,1016.3391464277072,43.7724,69.34798536826771,241.55201463170133,94.68895840047892,43.2,118.39543213819898,5158.250888955303
draw_37,FT-50,APPROACH,93.27,converged,,0.6493047336787421,0.17463061281551853,93.27000000000059,6.961560348222772,582.115205586348,1037.9200038320182,712.0525659074744,9.71762272384181,25.355980335620682,67.91401966437991,55.507383799438976,9.590547963327717,6.451957418604566,1395.9798545246822
draw_37,FT-50,IDLE,21.763,converged,,0.2441213719507185,0.12521103012355247,21.763000000000073,11.21726655105995,374.08577763042706,721.8783476826032,631.8765679326998,2.28425520576056,7.938112268067867,13.824887731932206,29.106218206208275,2.25438460968227,0.6778377762568073,524.8514289605388
draw_37,ATJ-50,TAKE-OFF,310.9,converged,,2.397114961176992,0.37862114367498134,310.8999999999721,7.7102443267198675,891.8247275029875,1770.0582724079345,1016.159616456395,43.7724,69.34798536827078,241.55201463170133,94.68895840047892,43.2,118.19139196004365,6308.065910663568
draw_37,ATJ-50,APPROACH,93.27,converged,,0.6488463910858167,0.17482618261718144,93.27000000000001,6.956646200126692,582.115205586348,1037.8288568230896,711.9893495634262,9.71762272384181,25.355980335620096,67.91401966437991,55.507383799438976,9.590547963327717,6.443052953921961,1707.4549477826713
draw_37,ATJ-50,IDLE,21.763,converged,,0.24396919869339542,0.1253616092978411,21.76299999999995,11.210274258760098,374.08577763042706,721.8321438758796,631.8356990512395,2.28425520576056,7.938112268067742,13.824887731932206,29.106218206208275,2.25438460968227,0.6770116429788153,642.0108382178186
draw_38,Jet-A1,TAKE-OFF,310.9,converged,,2.3871086665591568,0.3684425634281676,310.8999999999654,7.678059397103319,907.2133568933754,1764.3305545430153,983.665943647843,43.7724,63.93742734023184,246.96257265973355,96.6328801203606,43.2,117.22839659236578,9446.070672397238
draw_38,Jet-A1,APPROACH,93.27,converged,,0.6466892214906083,0.16857595119776306,93.27000000000007,6.933517974596416,588.1855975485792,1028.8960818420499,694.3759641541243,9.63930631360066,23.591215509483156,69.67878449051692,57.216664044160424,9.513255675895051,6.389073067234987,2559.025558766473
draw_38,Jet-A1,IDLE,21.763,converged,,0.2435932126152518,0.11964009616581196,21.763000000000105,11.19299786864176,374.93996530252275,708.0820271505427,616.6793042840463,2.259134014899669,7.4948087460631365,14.268191253936969,30.367634184661526,2.229591921934043,0.6732220328181457,963.92708631764
draw_38,HEFA-50,TAKE-OFF,310.9,converged,,2.3865426767475775,0.3685023763532903,310.8999999999664,7.676238908806162,907.2133568933754,1764.261038079259,983.6299194165649,43.7724,63.937427340232794,246.96257265973355,96.6328801203606,43.2,117.17404137413446,6239.841117985227
draw_38,HEFA-50,APPROACH,93.27,converged,,0.64655696750044,0.1686088144429225,93.26999999999958,6.9321000053655295,588.1855975485792,1028.8778373960383,694.3632983852062,9.63930631360066,23.59121550948266,69.67878449051692,57.216664044160424,9.513255675895051,6.3865178385373325,1690.4842265076327
draw_38,HEFA-50,IDLE,21.763,converged,,0.24354703195038804,0.11966520628338495,21.762999999999938,11.190875887992865,374.93996530252275,708.0729400942737,616.6712616660775,2.259134014899669,7.494808746062968,14.268191253936969,30.367634184661526,2.229591921934043,0.6729724382223673,636.7767058741058
draw_38,FT-50,TAKE-OFF,310.9,converged,,2.385341680778538,0.36850912018292303,310.899999999965,7.672375943321988,907.2133568933754,1764.1851482010338,983.5876722870347,43.7724,63.93742734023147,246.96257265973355,96.6328801203606,43.2,117.05874371145303,5128.391585348307
draw_38,FT-50,APPROACH,93.27,converged,,0.6462382276623175,0.16861363032423823,93.27000000000011,6.928682616729031,588.1855975485792,1028.8581086051352,694.3487613998234,9.63930631360066,23.59121550948319,69.67878449051692,57.216664044160424,9.513255675895051,6.380361640817033,1389.386986183104
draw_38,FT-50,IDLE,21.763,converged,,0.24342750112398123,0.11966888626675523,21.762999999999806,11.185383500619555,374.93996530252275,708.0630252049973,616.6622995936223,2.259134014899669,7.494808746062837,14.268191253936969,30.367634184661526,2.229591921934043,0.6723266149486886,523.3596337440159
draw_38,ATJ-50,TAKE-OFF,310.9,converged,,2.3832179347569955,0.36885372563991736,310.89999999996365,7.6655449815287025,907.2133568933754,1763.8528212934862,983.418356383091,43.7724,63.9374273402301,246.96257265973355,96.6328801203606,43.2,116.85499624315136,6271.4955500261585
draw_38,ATJ-50,APPROACH,93.27,converged,,0.645779911692659,0.16880190281264015,93.27000000000069,6.923768754075846,588.1855975485792,1028.7706568786184,694.2888897650208,9.63930631360066,23.59121550948378,69.67878449051692,57.216664044160424,9.513255675895051,6.371514730416299,1699.3854332040996
draw_38,ATJ-50,IDLE,21.763,converged,,0.24327567002866057,0.11981275593804215,21.762999999999955,11.17840693050871,374.93996530252275,708.019548525011,616.6240067964868,2.259134014899669,7.494808746062987,14.268191253936969,30.367634184661526,2.229591921934043,0.6715067107246527,640.1858007878516
draw_39,Jet-A1,TAKE-OFF,310.9,converged,,2.400424605367149,0.3473326231253419,310.8999999999634,7.720889692400873,911.6781299860742,1724.531145538284,995.2457669534535,43.7724,75.5122101564229,235.3877898435406,103.07777206513072,43.2,118.51075595571756,9498.763413541243
draw_39,Jet-A1,APPROACH,93.27,converged,,0.647632392812042,0.15319811757974047,93.26999999999934,6.9436302435085935,586.2435284450855,989.4660994947673,672.1297897667814,9.417624933501505,26.256986606304988,67.01301339369437,63.051825276188566,9.294473164077479,6.372398708462979,2562.7577989796023
draw_39,Jet-A1,IDLE,21.763,converged,,0.2429645847972404,0.10411034136413849,21.762999999999717,11.164112704923198,371.777435956994,664.0936292332783,577.8354143523154,2.189511016568697,7.760374566317952,14.002625433681766,34.8074039381158,2.1608793649826765,0.6649225266292181,961.4395318636864
draw_39,HEFA-50,TAKE-OFF,310.9,converged,,2.399856209880033,0.3473891178578005,310.8999999999665,7.719061466324516,911.6781299860742,1724.4675025183737,995.2114685591725,43.7724,75.51221015642587,235.3877898435406,103.07777206513072,43.2,118.45587870071469,6274.65060715756
draw_39,HEFA-50,APPROACH,93.27,converged,,0.6475002724952321,0.153228060253441,93.2699999999996,6.942213707464726,586.2435284450855,989.4501949186571,672.1186446596291,9.417624933501505,26.256986606305233,67.01301339369437,63.051825276188566,9.294473164077479,6.369856431574372,1692.9505864645082
draw_39,HEFA-50,IDLE,21.763,converged,,0.2429185834633248,0.10413221787646261,21.762999999999767,11.161998964450094,371.777435956994,664.086177393275,577.8288284996586,2.189511016568697,7.760374566318003,14.002625433681766,34.8074039381158,2.1608793649826765,0.6646763309607568,635.1335679791417
draw_39,FT-50,TAKE-OFF,310.9,converged,,2.3986518934945873,0.34739596474484385,310.899999999966,7.715187820826149,911.6781299860742,1724.3983764634072,995.1718508063883,43.7724,75.51221015642541,235.3877898435406,103.07777206513072,43.2,118.3396458112036,5157.008023589517
draw_39,FT-50,APPROACH,93.27,converged,,0.6471815095642793,0.15323254145990847,93.27000000000021,6.938796071237031,586.2435284450855,989.4330249713373,672.1058991820148,9.417624933501505,26.25698660630584,67.01301339369437,63.051825276188566,9.294473164077479,6.3637247933887995,1391.4150054843278
draw_39,FT-50,IDLE,21.763,converged,,0.24279943357176653,0.10413545127818918,21.763000000000066,11.156524080860441,371.777435956994,664.0780125745534,577.8214590342577,2.189511016568697,7.760374566318301,14.002625433681766,34.8074039381158,2.1608793649826765,0.6640388568962627,522.0093130013888
draw_39,ATJ-50,TAKE-OFF,310.9,converged,,2.396517336331844,0.34772097737573493,310.89999999996417,7.708322085339724,911.6781299860742,1724.0937679622898,995.0100395997682,43.7724,75.51221015642359,235.3877898435406,103.07777206513072,43.2,118.1337690628639,6306.49324645092
draw_39,ATJ-50,APPROACH,93.27,converged,,0.6467239991616256,0.1534039893257342,93.2699999999977,6.933890845519905,586.2435284450855,989.356758851892,672.0531687154182,9.417624933501505,26.256986606303347,67.01301339369437,63.051825276188566,9.294473164077479,6.354929289527845,1701.8698221783977
draw_39,ATJ-50,IDLE,21.763,converged,,0.24264827477863088,0.10426076672070603,21.7629999999998,11.149578402730924,371.777435956994,664.0423930359575,577.7901324235722,2.189511016568697,7.760374566318034,14.002625433681766,34.8074039381158,2.1608793649826765,0.6632305594331785,638.5347950358031
draw_40,Jet-A1,TAKE-OFF,310.9,converged,,2.400175011927466,0.36722339225994993,310.89999999996314,7.720086883009812,906.3719704220556,1761.0696960062323,1012.7207038625218,43.7724,70.79100166641705,240.10899833354614,97.4843951445393,43.2,118.48665676318626,9497.775742848391
draw_40,Jet-A1,APPROACH,93.27,converged,,0.6484733807048235,0.16628943526896642,93.27000000000001,6.952646946551124,587.7356455595889,1022.9317356337701,697.1488532642177,9.636990265534992,25.11530943772363,68.15469056227639,58.16343197042862,9.510969914172211,6.42323047463894,2566.08568730791
draw_40,Jet-A1,IDLE,21.763,converged,,0.24363408164265282,0.1166305592870932,21.762999999999625,11.194875781953638,374.78259629328784,700.044331748093,610.0183575681096,2.258395283522695,7.686293874923354,14.07670612507627,31.156467540877458,2.228862850750254,0.6733912378344065,964.0888098816112
draw_40,HEFA-50,TAKE-OFF,310.9,converged,,2.399607056035807,0.3672831805262877,310.8999999999654,7.718260070878334,906.3719704220556,1761.0008291808847,1012.683857531402,43.7724,70.79100166641926,240.10899833354614,97.4843951445393,43.2,118.43182739552034,6273.9991709117085
draw_40,HEFA-50,APPROACH,93.27,converged,,0.6483408727405475,0.1663218812169712,93.27000000000007,6.951226254321293,587.7356455595889,1022.9138823882429,697.1363532337332,9.636990265534992,25.115309437723685,68.15469056227639,58.16343197042862,9.510969914172211,6.420663733155317,1695.1484151585485
draw_40,HEFA-50,IDLE,21.763,converged,,0.24358790696901017,0.11665504434145817,21.7629999999999,11.192754076598415,374.78259629328784,700.0355733022972,610.010603530615,2.258395283522695,7.686293874923626,14.07670612507627,31.156467540877458,2.228862850750254,0.6731416547628872,636.883577468895
draw_40,FT-50,TAKE-OFF,310.9,converged,,2.398401547733019,0.36729021783941995,310.89999999996394,7.714382591615625,906.3719704220556,1760.9259562743055,1012.6411842560857,43.7724,70.7910016664178,240.10899833354614,97.4843951445393,43.2,118.31549104554144,5156.46978996563
draw_40,FT-50,APPROACH,93.27,converged,,0.648021447851783,0.16632668166894846,93.2700000000005,6.947801520872515,587.7356455595889,1022.894625163867,697.1220807369762,9.636990265534992,25.115309437724104,68.15469056227639,58.16343197042862,9.510969914172211,6.4144783840410025,1393.2208400448674
draw_40,FT-50,IDLE,21.763,converged,,0.24346838451989608,0.1166586453817011,21.762999999999717,11.18726207415794,374.78259629328784,700.026019907757,610.0019677362416,2.258395283522695,7.686293874923447,14.07670612507627,31.156467540877458,2.228862850750254,0.6724958227283203,523.4475314507804
draw_40,ATJ-50,TAKE-OFF,310.9,converged,,2.396270754750704,0.3676343862207544,310.89999999996616,7.7075289634961885,906.3719704220556,1760.596425598354,1012.4674672091891,43.7724,70.79100166642006,240.10899833354614,97.4843951445393,43.2,118.1099977060666,6305.844361065206
draw_40,ATJ-50,APPROACH,93.27,converged,,0.6475623237625722,0.16651251796699681,93.26999999999926,6.942878993916343,587.7356455595889,1022.8089997266525,697.0629181286381,9.636990265534992,25.115309437722875,68.15469056227639,58.16343197042862,9.510969914172211,6.405593000479928,1704.0758936113277
draw_40,ATJ-50,IDLE,21.763,converged,,0.24331658013726415,0.11679892111093693,21.76299999999991,11.18028673148303,374.78259629328784,699.9841123689162,609.9650441089126,2.258395283522695,7.686293874923639,14.07670612507627,31.156467540877458,2.228862850750254,0.6716759940479212,640.293456726621
draw_41,Jet-A1,TAKE-OFF,310.9,converged,,2.407693620662133,0.33830678440802864,310.8999999999664,7.744270249798628,915.4458739278806,1709.0419420079315,1004.031857852717,43.7724,81.82273977922871,229.07726022073763,106.14830028156248,43.2,119.21365750749956,9527.527764807299
draw_41,Jet-A1,APPROACH,93.27,converged,,0.6483917230246691,0.14837235913608832,93.26999999999997,6.951771448747392,589.5787375897044,980.6306922969181,666.8767554727667,9.499490551488762,27.75069188382661,65.51930811617336,65.17889443639629,9.375268247213187,6.400014317816048,2565.762558231933
draw_41,Jet-A1,IDLE,21.763,converged,,0.24277324921954904,0.10016922620237528,21.76299999999987,11.155320921727267,373.6864016649471,655.1966656183616,567.9965673348005,2.2149672941954432,7.941898507605727,13.821101492394144,36.14839684720096,2.1860027576564947,0.6657033994784014,960.6823944051636
draw_41,HEFA-50,TAKE-OFF,310.9,converged,,2.4071235578724313,0.3383618186396979,310.8999999999671,7.7424366608963835,915.4458739278806,1708.9807303336456,1003.9982243174176,43.7724,81.82273977922947,229.07726022073763,106.14830028156248,43.2,119.15845998964164,6293.651774521336
draw_41,HEFA-50,APPROACH,93.27,converged,,0.6482593503099753,0.14840133629427082,93.27000000000035,6.95035220660419,589.5787375897044,980.6154540371625,666.8660651013182,9.499490551488762,27.750691883826995,65.51930811617336,65.17889443639629,9.375268247213187,6.397459141976025,1694.9352670680998
draw_41,HEFA-50,IDLE,21.763,converged,,0.24272727581686795,0.1001902711515856,21.76299999999977,11.153208464681823,373.6864016649471,655.1895866221805,567.9903328951443,2.2149672941954432,7.941898507605627,13.821101492394144,36.14839684720096,2.1860027576564947,0.6654568702049034,634.6333760780385
draw_41,FT-50,TAKE-OFF,310.9,converged,,2.4059173146734407,0.3383687295247943,310.8999999999641,7.738556817863361,915.4458739278806,1708.9144524171713,1003.959707094465,43.7724,81.82273977922647,229.07726022073763,106.14830028156248,43.2,119.04170416212021,5172.6283957726255
draw_41,FT-50,APPROACH,93.27,converged,,0.6479403866210479,0.14840571595082885,93.27000000000015,6.946932417937674,589.5787375897044,980.5990294371871,666.853871799098,9.499490551488762,27.75069188382679,65.51930811617336,65.17889443639629,9.375268247213187,6.391304269595442,1393.046561560175
draw_41,FT-50,IDLE,21.763,converged,,0.24260823901570405,0.10019339010435976,21.763000000000023,11.147738777544632,373.6864016649471,655.1818258294352,567.9833492367019,2.2149672941954432,7.94189850760588,13.821101492394144,36.14839684720096,2.1860027576564947,0.6648187507427568,521.5982521624421
draw_41,ATJ-50,TAKE-OFF,310.9,converged,,2.4037748923623927,0.33868509935304686,310.8999999999668,7.731665784376487,915.4458739278806,1708.6212706210385,1003.8006996612214,43.7724,81.82273977922912,229.07726022073763,106.14830028156248,43.2,118.83447070588245,6325.591680415288
draw_41,ATJ-50,APPROACH,93.27,converged,,0.6474815947532511,0.1485715922614953,93.26999999999967,6.942013452913621,589.5787375897044,980.5259321738729,666.8032605318695,9.499490551488762,27.75069188382631,65.51930811617336,65.17889443639629,9.375268247213187,6.382456284620577,1703.8634532736935
draw_41,ATJ-50,IDLE,21.763,converged,,0.24245713130596092,0.10031393360165575,21.76300000000171,11.140795446672879,373.6864016649471,655.1479928455623,567.9537014945373,2.2149672941954432,7.941898507607564,13.821101492394144,36.14839684720096,2.1860027576564947,0.6640091400126787,638.0317963713572
draw_42,Jet-A1,TAKE-OFF,310.9,converged,,2.3681624025873473,0.3799015712809508,310.8999999999698,7.617119339297451,895.2193874240083,1777.1412964499114,953.0054024387327,43.7724,52.45948377602774,258.4405162239421,92.97430092373892,43.2,115.41557599928461,9371.09807020164
draw_42,Jet-A1,APPROACH,93.27,converged,,0.6455579103222832,0.18095833169933576,93.26999999999965,6.921388552828193,584.7598783207754,1055.775149849529,708.8207285418257,9.773557199324653,21.60680056429009,71.66319943570957,53.208271746349816,9.645750998593291,6.387946022525519,2554.548826978693
draw_42,Jet-A1,IDLE,21.763,converged,,0.24436433722556503,0.1344805830293342,21.7629999999999,11.228430695472415,375.5073183937752,747.5395698195209,653.4365689178433,2.3023651743424596,7.504524908984749,14.258475091015148,27.101964434999548,2.2722577590352424,0.6804184483230562,966.9785173933535
draw_42,HEFA-50,TAKE-OFF,310.9,converged,,2.367601949990712,0.37996341216731,310.8999999999662,7.615316661276839,895.2193874240083,1777.068646492477,952.9692396178152,43.7724,52.45948377602416,258.4405162239421,92.97430092373892,43.2,115.36216091555166,6190.318799874796
draw_42,HEFA-50,APPROACH,93.27,converged,,0.6454259019621991,0.18099361284346904,93.26999999999981,6.919973217135203,584.7598783207754,1055.7550064687769,708.8068432624125,9.773557199324653,21.606800564290243,71.66319943570957,53.208271746349816,9.645750998593291,6.385391520617637,1687.526948885315
draw_42,HEFA-50,IDLE,21.763,converged,,0.2443179851716381,0.1345087940020678,21.76299999999989,11.226300839573558,375.5073183937752,747.528845516117,653.427048259764,2.3023651743424596,7.5045249089847434,14.258475091015148,27.101964434999548,2.2722577590352424,0.680166048482655,638.7924358490482
draw_42,FT-50,TAKE-OFF,310.9,converged,,2.3664077697087307,0.3799699296406935,310.8999999999646,7.611475618234159,895.2193874240083,1776.9889577777915,952.9260959001397,43.7724,52.45948377602251,258.4405162239421,92.97430092373892,43.2,115.24838742021326,5087.684414970753
draw_42,FT-50,APPROACH,93.27,converged,,0.645107384078487,0.18099868829440988,93.27000000000027,6.9165582081964745,584.7598783207754,1055.7331969523614,708.7908584522627,9.773557199324653,21.606800564290687,71.66319943570957,53.208271746349816,9.645750998593291,6.379229917329499,1386.9557165807682
draw_42,FT-50,IDLE,21.763,converged,,0.244198038556691,0.13451290985286182,21.763000000000055,11.220789346904857,375.5073183937752,747.5172126591218,653.4165093924653,2.3023651743424596,7.504524908984906,14.258475091015148,27.101964434999548,2.2722577590352424,0.6795131182041003,525.016259173382
draw_42,ATJ-50,TAKE-OFF,310.9,converged,,2.3643097222462863,0.38032667468417236,310.89999999996803,7.604727315041908,895.2193874240083,1776.642031965123,952.7568612639442,43.7724,52.45948377602596,258.4405162239421,92.97430092373892,43.2,115.04863238285685,6221.738132170895
draw_42,ATJ-50,APPROACH,93.27,converged,,0.644650289391786,0.18120090768248795,93.27000000000035,6.911657439603127,584.7598783207754,1055.6366715306683,708.7252709208977,9.773557199324653,21.606800564290783,71.66319943570957,53.208271746349816,9.645750998593291,6.370392679597076,1696.412804838974
draw_42,ATJ-50,IDLE,21.763,converged,,0.24404561640743946,0.13467456452030785,21.763000000000037,11.213785618133485,375.5073183937752,747.4658349775867,653.3711097385036,2.3023651743424596,7.5045249089848864,14.258475091015148,27.101964434999548,2.2722577590352424,0.6786838492680329,642.2119332778133
draw_43,Jet-A1,TAKE-OFF,310.9,converged,,2.409982455901289,0.34652099847489126,310.899999999973,7.7516322158298445,892.1306007752981,1705.0862042644587,1009.2584260894101,43.7724,81.64760557022656,229.2523944297464,103.7305912691717,43.2,119.43540452236032,9536.584955931197
draw_43,Jet-A1,APPROACH,93.27,converged,,0.6497092108881253,0.15417622201563694,93.2700000000002,6.9658969753202955,577.9468333936244,984.252603636127,678.5441310766198,9.475687738525114,28.544452655995784,64.7255473440044,62.85273114917815,9.351776697286073,6.4216883703161285,2570.976013171197
draw_43,Jet-A1,IDLE,21.763,converged,,0.24340030616547717,0.1058327039149904,21.762999999999703,11.184133904584868,370.11378713651555,666.8209866237044,582.8118569968947,2.2075350032792764,8.343929908312331,13.41907009168737,34.302340817287465,2.1786676568263275,0.6685425215650903,963.1637327329208
draw_43,HEFA-50,TAKE-OFF,310.9,converged,,2.409416958454028,0.3465781036029153,310.8999999999728,7.7498133112069425,892.1306007752981,1705.0236754589887,1009.2237868866898,43.7724,81.6476055702264,229.2523944297464,103.7305912691717,43.2,119.38059924790247,6299.648086838935
draw_43,HEFA-50,APPROACH,93.27,converged,,0.6495772499574879,0.15420649427794034,93.27000000000017,6.964482148145028,577.9468333936244,984.2367493799497,678.5328919675021,9.475687738525114,28.544452655995762,64.7255473440044,62.85273114917815,9.351776697286073,6.419137698264469,1698.3810401062483
draw_43,HEFA-50,IDLE,21.763,converged,,0.24335425452668152,0.10585495634702412,21.762999999999984,11.182017852625174,370.11378713651555,666.8134132550474,582.8051409863486,2.2075350032792764,8.343929908312614,13.41907009168737,34.302340817287465,2.1786676568263275,0.6682951584495506,636.2726711016362
draw_43,FT-50,TAKE-OFF,310.9,converged,,2.4082109024642784,0.34658537464339717,310.8999999999749,7.745934070326384,892.1306007752981,1704.9562012988247,1009.184319516591,43.7724,81.6476055702285,229.2523944297464,103.7305912691717,43.2,119.2637552073162,5177.559520073003
draw_43,FT-50,APPROACH,93.27,converged,,0.6492578075028698,0.15421108556039254,93.27000000000028,6.961057226362902,577.9468333936244,984.2197422195286,678.5201776803959,9.475687738525114,28.544452655995872,64.7255473440044,62.85273114917815,9.351776697286073,6.412965247279685,1395.8789650766776
draw_43,FT-50,IDLE,21.763,converged,,0.24323494656321637,0.10585826744851226,21.76299999999985,11.17653570570317,370.11378713651555,666.8051632398312,582.7976791396396,2.2075350032792764,8.343929908312477,13.41907009168737,34.302340817287465,2.1786676568263275,0.6676545122614355,522.9456489479993
draw_43,ATJ-50,TAKE-OFF,310.9,converged,,2.4060950636762275,0.34691355423282394,310.89999999997474,7.739128541899078,892.1306007752981,1704.6564784329366,1009.0203546358285,43.7724,81.64760557022836,229.2523944297464,103.7305912691717,43.2,119.05890549702445,6331.697267259781
draw_43,ATJ-50,APPROACH,93.27,converged,,0.6488019083282841,0.1543843609555977,93.26999999999403,6.956169275526166,577.9468333936244,984.143608438031,678.4668634733789,9.475687738525114,28.544452655989634,64.7255473440044,62.85273114917815,9.351776697286073,6.404161127200575,1707.3378903319658
draw_43,ATJ-50,IDLE,21.763,converged,,0.2430836500042289,0.10598571425880332,21.762999999999774,11.169583697295016,370.11378713651555,666.7689148583675,582.7656801652809,2.2075350032792764,8.343929908312402,13.41907009168737,34.302340817287465,2.1786676568263275,0.6668425292236572,639.680495456276
draw_44,Jet-A1,TAKE-OFF,310.9,converged,,2.401367001227951,0.36719566447652635,310.89999999996854,7.723920878829829,902.1549588864493,1757.209201286003,1012.6479001733065,43.7724,71.60427034294459,239.295729657024,97.54017335431595,43.2,118.60176944184845,9502.492585165148
draw_44,Jet-A1,APPROACH,93.27,converged,,0.6489185058072918,0.16614085633250103,93.27000000000005,6.957419382516258,584.4629322173439,1019.5576516321058,697.1796315968855,9.569197151014219,25.589247297531006,67.68075270246905,58.25540748429035,9.444063312128515,6.421202607938571,2567.847099863139
draw_44,Jet-A1,IDLE,21.763,converged,,0.24377207699369582,0.11637049230142307,21.762999999999938,11.201216605876786,373.04746311858014,697.7646255121986,609.5010383219325,2.236878025424127,7.8380400181793295,13.924959981820608,31.243783196300438,2.207626968096844,0.6726235686662156,964.6348737691397
draw_44,HEFA-50,TAKE-OFF,310.9,converged,,2.4007997892513684,0.367255605174366,310.8999999999649,7.722096459477772,902.1549588864493,1757.14052078427,1012.6110645531438,43.7724,71.60427034294091,239.295729657024,97.54017335431595,43.2,118.54698588775774,6277.117684497809
draw_44,HEFA-50,APPROACH,93.27,converged,,0.6487861210121646,0.1661733281340011,93.26999999999992,6.95600001085199,584.4629322173439,1019.5398888138959,697.1671583293606,9.569197151014219,25.589247297530882,67.68075270246905,58.25540748429035,9.444063312128515,6.418640819945599,1696.312558796128
draw_44,HEFA-50,IDLE,21.763,converged,,0.2437258998705857,0.11639493407836578,21.76299999999917,11.19909478797018,373.04746311858014,697.7559234287143,609.4933194236559,2.236878025424127,7.838040018178565,13.924959981820608,31.243783196300438,2.207626968096844,0.6723743980155147,637.2443729365942
draw_44,FT-50,TAKE-OFF,310.9,converged,,2.399594186981357,0.36726271928636994,310.89999999996894,7.718218677972329,902.1549588864493,1757.065932606317,1012.5684874467629,43.7724,71.60427034294494,239.295729657024,97.54017335431595,43.2,118.43058518548601,5159.033917836626
draw_44,FT-50,APPROACH,93.27,converged,,0.648466568891107,0.1661781479086367,93.26999999999988,6.952573913274449,584.4629322173439,1019.5207559602125,697.152949946447,9.569197151014219,25.58924729753084,67.68075270246905,58.25540748429035,9.444063312128515,6.412459201461747,1394.1778329196934
draw_44,FT-50,IDLE,21.763,converged,,0.24360633290234582,0.11639853816998458,21.762999999999906,11.193600739895551,373.04746311858014,697.7464456304466,609.4847404705948,2.236878025424127,7.838040018179299,13.924959981820608,31.243783196300438,2.207626968096844,0.6717294271752449,523.7441150930604
draw_44,ATJ-50,TAKE-OFF,310.9,converged,,2.397467849176012,0.36760770748507404,310.8999999999668,7.711379379788575,902.1549588864493,1756.7372101951482,1012.3947366874858,43.7724,71.60427034294275,239.295729657024,97.54017335431595,43.2,118.22542381598468,6308.994543955234
draw_44,ATJ-50,APPROACH,93.27,converged,,0.6480082939463703,0.1663641172175785,93.2699999999972,6.947660490472711,584.4629322173439,1019.4355371341619,697.0938802970776,9.569197151014219,25.58924729752814,67.68075270246905,58.25540748429035,9.444063312128515,6.403599121434841,1705.2494749201724
draw_44,ATJ-50,IDLE,21.763,converged,,0.2434545584582078,0.11653855663826641,21.762999999999728,11.186626772881075,373.04746311858014,697.7047936073461,609.4479664297976,2.236878025424127,7.838040018179119,13.924959981820608,31.243783196300438,2.207626968096844,0.6709111577379964,640.6565500103607
draw_45,Jet-A1,TAKE-OFF,310.9,converged,,2.404394075889434,0.3219972074368403,310.89999999996377,7.733657368574185,923.5951958718011,1682.0289040178134,988.0282694669006,43.7724,84.06454337874894,226.8354566212149,111.3720140504645,43.2,118.89434531631173,9514.471076795448
draw_45,Jet-A1,APPROACH,93.27,converged,,0.6467059700716898,0.13942163886900746,93.27000000000122,6.933697545531054,596.1609701027069,964.5643823138173,648.5204627060866,9.641216612079686,27.418396939514345,65.85160306048687,69.18297223100078,9.515140993910373,6.38969402329555,2559.0918348781456
draw_45,Jet-A1,IDLE,21.763,converged,,0.24186410445701442,0.09271151973415828,21.76299999999988,11.11354613137048,377.27004146098716,638.5236871319248,548.1963240521914,2.259743508020562,7.550706291293034,14.212293708706845,38.909911946086105,2.2301934448759555,0.6639495673658967,957.0848013007321
draw_45,HEFA-50,TAKE-OFF,310.9,converged,,2.4038233959722337,0.3220494011571425,310.899999999964,7.731821794700908,923.5951958718011,1681.9716127422848,987.9966879593147,43.7724,84.06454337874906,226.8354566212149,111.3720140504645,43.2,118.83916043867717,6285.023189697986
draw_45,HEFA-50,APPROACH,93.27,converged,,0.6465735911697602,0.13944879238963875,93.26999999999907,6.9322782370512135,596.1609701027069,964.550267916969,648.5106309154562,9.641216612079686,27.418396939512192,65.85160306048687,69.18297223100078,9.515140993910373,6.38713619912219,1690.5276906603447
draw_45,HEFA-50,IDLE,21.763,converged,,0.24181826538489531,0.09273098335669384,21.762999999999934,11.111439846753482,377.27004146098716,638.5172675656374,548.1907181354111,2.259743508020562,7.550706291293089,14.212293708706845,38.909911946086105,2.2301934448759555,0.6637034845077429,632.2566824930612
draw_45,FT-50,TAKE-OFF,310.9,converged,,2.4026189054430542,0.3220559921272054,310.8999999999637,7.7279475890747324,923.5951958718011,1681.9094767390607,987.9604279675478,43.7724,84.06454337874884,226.8354566212149,111.3720140504645,43.2,118.72272703177062,5165.536944565255
draw_45,FT-50,APPROACH,93.27,converged,,0.6462554115656923,0.13945289804828587,93.2699999999988,6.928866854998398,596.1609701027069,964.5349911879529,648.4993358856874,9.641216612079686,27.41839693951194,65.85160306048687,69.18297223100078,9.515140993910373,6.380990382281751,1389.4239309051875
draw_45,FT-50,IDLE,21.763,converged,,0.24169965129960846,0.09273386124621572,21.762999999995948,11.105989583221684,377.27004146098716,638.5101848077081,548.1843858435706,2.259743508020562,7.550706291289102,14.212293708706845,38.909911946086105,2.2301934448759555,0.6630669225923487,519.6448240077576
draw_45,ATJ-50,TAKE-OFF,310.9,converged,,2.4004711215673584,0.32235599535823345,310.89999999996303,7.7210393102851205,923.5951958718011,1681.6351712455225,987.8112131099355,43.7724,84.06454337874816,226.8354566212149,111.3720140504645,43.2,118.51524753592201,6316.89772778209
draw_45,ATJ-50,APPROACH,93.27,converged,,0.6457958020218806,0.13960833291024524,93.26999999999968,6.923939123210923,596.1609701027069,964.4673482072587,648.4528702282396,9.641216612079686,27.4183969395128,65.85160306048687,69.18297223100078,9.515140993910373,6.372117871986687,1699.4272489891978
draw_45,ATJ-50,IDLE,21.763,converged,,0.24154891047710456,0.092845353622921,21.76300000000189,11.099063110650349,377.27004146098716,638.4795481966838,548.1577795667376,2.259743508020562,7.550706291295048,14.212293708706845,38.909911946086105,2.2301934448759555,0.662258378018309,635.6417913266887
draw_46,Jet-A1,TAKE-OFF,310.9,converged,,2.4074293516987297,0.34702188499174924,310.8999999999736,7.743420237050287,887.5928558306924,1702.0347687667977,1002.5409100025887,43.7724,80.26317874891956,230.63682125105404,103.4711357599445,43.2,119.1880675609839,9526.482021335374
draw_46,Jet-A1,APPROACH,93.27,converged,,0.6494535723496503,0.15417419580576608,93.2700000000004,6.963156131120913,574.0860844459071,980.6764757468086,676.9222652510159,9.381890068538741,28.371483765279883,64.8985162347205,62.82882643824639,9.259205594412771,6.401774881226728,2569.9644213091037
draw_46,Jet-A1,IDLE,21.763,converged,,0.2434502885177271,0.10562319357412889,21.762999999999906,11.186430571048483,367.9630400658263,664.2271159489578,582.0708845701884,2.1784926445257513,8.365397554816292,13.397602445183615,34.3774396699388,2.1500050772521604,0.6667343291820205,963.3615187986913
draw_46,HEFA-50,TAKE-OFF,310.9,converged,,2.40686526629287,0.3470791898957069,310.89999999997286,7.741605874213831,887.5928558306924,1701.972207072096,1002.5064088361945,43.7724,80.26317874891888,230.63682125105404,103.4711357599445,43.2,119.13345448155927,6292.9764468038475
draw_46,HEFA-50,APPROACH,93.27,converged,,0.6493218728928466,0.15420451743570857,93.26999999999994,6.961744107353351,574.0860844459071,980.6606738912668,676.9110451530462,9.381890068538741,28.371483765279446,64.8985162347205,62.82882643824639,9.259205594412771,6.399236157803828,1697.7133326631488
draw_46,HEFA-50,IDLE,21.763,converged,,0.24340424691645754,0.10564541041556602,21.762999999999664,11.18431498030884,367.9630400658263,664.2195877898217,582.064193802016,2.1784926445257513,8.36539755481605,13.397602445183615,34.3774396699388,2.1500050772521604,0.6664877395019945,636.4033809239872
draw_46,FT-50,TAKE-OFF,310.9,converged,,2.405660298824558,0.3470864442158119,310.8999999999751,7.737730134527986,887.5928558306924,1701.9046610380165,1002.467015676463,43.7724,80.26317874892106,230.63682125105404,103.4711357599445,43.2,119.01683407089688,5172.075821721146
draw_46,FT-50,APPROACH,93.27,converged,,0.6490025641227156,0.15420911058340867,93.2700000000006,6.958320618877575,574.0860844459071,980.6437208602268,676.898350639625,9.381890068538741,28.37148376528011,64.8985162347205,62.82882643824639,9.259205594412771,6.3930829995548955,1395.330201763838
draw_46,FT-50,IDLE,21.763,converged,,0.2432849216496844,0.1056487180918933,21.762999999999735,11.178832038307558,367.9630400658263,664.2113898697246,582.056766064703,2.1784926445257513,8.36539755481612,13.397602445183615,34.3774396699388,2.1500050772521604,0.6658488645289221,523.0530934348772
draw_46,ATJ-50,TAKE-OFF,310.9,converged,,2.403551658994975,0.3474158149096906,310.89999999997485,7.730947761322513,887.5928558306924,1701.604816125897,1002.3037866033815,43.7724,80.26317874892082,230.63682125105404,103.4711357599445,43.2,118.81288781153368,6325.004236417842
draw_46,ATJ-50,APPROACH,93.27,converged,,0.6485480658364935,0.154382674567808,93.26999999999931,6.9534476877505975,574.0860844459071,980.5678405766689,676.8451282047107,9.381890068538741,28.37148376527881,64.8985162347205,62.82882643824639,9.259205594412771,6.384329695453513,1706.6698976845228
draw_46,ATJ-50,IDLE,21.763,converged,,0.24313370122226155,0.10577595926274168,21.76299999999974,11.171883528110301,367.9630400658263,664.1753549962233,582.0248812676732,2.1784926445257513,8.365397554816123,13.397602445183615,34.3774396699388,2.1500050772521604,0.6650396510410324,639.8122064452658
draw_47,Jet-A1,TAKE-OFF,310.9,converged,,2.3877244081984332,0.37623170593549576,310.8999999999652,7.680039910578,908.3736650572105,1781.4515011795606,993.2581627184519,43.7724,62.71608948849047,248.18391051147475,94.656694989574,43.2,117.28754375263338,9448.507234721368
draw_47,Jet-A1,APPROACH,93.27,converged,,0.6470862956329665,0.1736159577080688,93.27000000000022,6.937775229258765,590.1409988360367,1042.9340716976963,704.3349315616038,9.7158119444379,23.220395333227472,70.04960466677275,55.58979741216249,9.58876086300311,6.408634038353097,2560.596828002533
draw_47,Jet-A1,IDLE,21.763,converged,,0.24386122661699117,0.12450231993475636,21.76299999999984,11.205312990717868,376.41059059943746,722.26371022377,629.165558454408,2.28367127020409,7.464185939127299,14.298814060872541,29.21378572078295,2.2538083100953274,0.676385161820068,964.987649348175
draw_47,HEFA-50,TAKE-OFF,310.9,converged,,2.3871577574563076,0.37629270217861943,310.8999999999596,7.6782172964188415,908.3736650572105,1781.3797857970908,993.2210661908997,43.7724,62.71608948848488,248.18391051147475,94.656694989574,43.2,117.23311165080852,6241.449304561821
draw_47,HEFA-50,APPROACH,93.27,converged,,0.646953796005152,0.17364975934797403,93.2700000000005,6.936354626408798,590.1409988360367,1042.9150215140357,704.3217200870434,9.7158119444379,23.220395333227742,70.04960466677275,55.58979741216249,9.58876086300311,6.406067802100819,1691.521772093813
draw_47,HEFA-50,IDLE,21.763,converged,,0.2438149734784758,0.12452843947354776,21.763000000000062,11.203187679937285,376.41059059943746,722.2540800439232,629.1570331248502,2.28367127020409,7.46418593912752,14.298814060872541,29.21378572078295,2.2538083100953274,0.6761342770112708,637.4772642929714
draw_47,FT-50,TAKE-OFF,310.9,converged,,2.385955861416943,0.3762994954397104,310.8999999999652,7.6743514358868135,908.3736650572105,1781.3014651018248,993.1775386085768,43.7724,62.716089488490454,248.18391051147475,94.656694989574,43.2,117.11769917069847,5129.712049767833
draw_47,FT-50,APPROACH,93.27,converged,,0.6466347482763496,0.17365468906290632,93.26999999999946,6.932933936703692,590.1409988360367,1042.8944243269975,704.3065617666715,9.7158119444379,23.220395333226715,70.04960466677275,55.58979741216249,9.58876086300311,6.399890586416837,1390.239490038969
draw_47,FT-50,IDLE,21.763,converged,,0.24369529209045843,0.12453225927361221,21.763,11.197688374326077,376.41059059943746,722.2435886257076,629.1475480128516,2.28367127020409,7.46418593912746,14.298814060872541,29.21378572078295,2.2538083100953274,0.6754853161373557,523.9353738780942
draw_47,ATJ-50,TAKE-OFF,310.9,converged,,2.3838291345757723,0.37665100136519747,310.8999999999668,7.667510886381561,908.3736650572105,1780.9586601789224,993.0032071238787,43.7724,62.71608948849202,248.18391051147475,94.656694989574,43.2,116.91361561704493,6273.103937109745
draw_47,ATJ-50,APPROACH,93.27,converged,,0.6461752983870376,0.173848360939396,93.26999999999997,6.92800791666171,590.1409988360367,1042.8031082231762,704.2441059603464,9.7158119444379,23.22039533322722,70.04960466677275,55.58979741216249,9.58876086300311,6.391000103000294,1700.4259028389456
draw_47,ATJ-50,IDLE,21.763,converged,,0.2435431858828208,0.12468192050956092,21.76299999999994,11.190699162928892,376.41059059943746,722.1974975681286,629.106942267122,2.28367127020409,7.464185939127403,14.298814060872541,29.21378572078295,2.2538083100953274,0.6746609742735604,640.889775218582
draw_48,Jet-A1,TAKE-OFF,310.9,converged,,2.375937267893616,0.3872568343544528,310.8999999999685,7.64212694723016,883.7674652571781,1781.9215908765518,965.5949884813042,43.7724,55.5257467019205,255.374253298048,91.50786193444956,43.2,116.15782196646198,9401.864129652651
draw_48,Jet-A1,APPROACH,93.27,converged,,0.647483336541478,0.18619364352140985,93.27000000000001,6.942032127602422,581.1458507025732,1065.0836964229288,720.0365420574083,9.888219076525694,22.670539244340816,70.5994607556592,51.86642029818056,9.758913473008333,6.442884401763834,2562.1679657283407
draw_48,Jet-A1,IDLE,21.763,converged,,0.24479006838179884,0.13982056855332542,21.76299999999999,11.247992849414093,375.7521758555378,761.3673265272737,666.8092977559248,2.339928203801238,7.7652381266744515,13.99776187332554,26.1123079800292,2.30932958677645,0.6853383761127246,968.6631858148471
draw_48,HEFA-50,TAKE-OFF,310.9,converged,,2.3753776510058544,0.3873203088332866,310.8999999999726,7.640326957240475,883.7674652571781,1781.8474395549251,965.5577367604566,43.7724,55.52574670192458,255.374253298048,91.50786193444956,43.2,116.10431915271002,6210.649104205062
draw_48,HEFA-50,APPROACH,93.27,converged,,0.6473511677515426,0.1862300124999473,93.27,6.940615071850997,581.1458507025732,1065.0628390318793,720.0221117754891,9.888219076525694,22.670539244340812,70.5994607556592,51.86642029818056,9.758913473008333,6.440312469676292,1692.5607380366441
draw_48,HEFA-50,IDLE,21.763,converged,,0.24474364003430057,0.13984990228279096,21.76299999999998,11.245859487860166,375.7521758555378,761.3560164088826,666.7992449826655,2.339928203801238,7.765238126674443,13.99776187332554,26.1123079800292,2.30932958677645,0.6850841756568425,639.9053506692982
draw_48,FT-50,TAKE-OFF,310.9,converged,,2.3741807884608086,0.38732715474110885,310.89999999997156,7.636477286783615,883.7674652571781,1781.7663901992755,965.5136312532696,43.7724,55.52574670192355,255.374253298048,91.50786193444956,43.2,115.98993216961101,5104.396102139989
draw_48,FT-50,APPROACH,93.27,converged,,0.6470318360822302,0.18623527403175932,93.26999999999997,6.937191337860303,581.1458507025732,1065.0403514999223,720.0056136154033,9.888219076525694,22.67053924434077,70.5994607556592,51.86642029818056,9.758913473008333,6.434100521717065,1391.093213335188
draw_48,FT-50,IDLE,21.763,converged,,0.2446235117973815,0.13985419720370607,21.762999999999955,11.240339649744152,375.7521758555378,761.3438106152936,666.7881820559874,2.339928203801238,7.765238126674416,13.99776187332554,26.1123079800292,2.30932958677645,0.6844266738529086,525.9310100474102
draw_48,ATJ-50,TAKE-OFF,310.9,converged,,2.3720903070636092,0.38769317025541095,310.89999999997195,7.6297533196005904,883.7674652571781,1781.4120086155995,965.3389636366766,43.7724,55.52574670192394,255.374253298048,91.50786193444956,43.2,115.79027209170046,6242.212929018804
draw_48,ATJ-50,APPROACH,93.27,converged,,0.6465746107432614,0.18644369947758282,93.27000000000007,6.932289168470686,581.1458507025732,1064.940309819027,719.9373378373621,9.888219076525694,22.670539244340876,70.5994607556592,51.86642029818056,9.758913473008333,6.425211233223631,1701.4767029477418
draw_48,ATJ-50,IDLE,21.763,converged,,0.2444708229564605,0.14002227027050326,21.763000000000154,11.233323666611165,375.7521758555378,761.2895641952787,666.740180256089,2.339928203801238,7.765238126674611,13.99776187332554,26.1123079800292,2.30932958677645,0.6835914023406718,643.3308745803002
draw_49,Jet-A1,TAKE-OFF,310.9,converged,,2.4023511367946067,0.3612522329998832,310.8999999999645,7.727086319700486,896.9969500874532,1740.2193064860523,1011.6263142707302,43.7724,73.44568611081127,237.4543138891532,99.18556579654364,43.2,118.69685045776487,9506.386925730401
draw_49,Jet-A1,APPROACH,93.27,converged,,0.6487240040832803,0.16228145817892145,93.26999999999998,6.955334020406138,581.3246467584731,1007.2519084036085,690.7775010218852,9.533242540003362,25.96883674220237,67.30116325779761,59.62296867225327,9.408578869976177,6.411768496455884,2567.0774335900223
draw_49,Jet-A1,IDLE,21.763,converged,,0.243561960206441,0.11271755754069271,21.762999999999973,11.191561834601906,371.73373526107787,686.7877073842524,600.1665094153597,2.225549432435368,7.852828911593968,13.910171088406006,32.228524327044695,2.196446516097082,0.6706900019931804,963.8034168481914
draw_49,HEFA-50,TAKE-OFF,310.9,converged,,2.4017851751379338,0.3613114265579684,310.8999999999679,7.72526592196263,896.9969500874532,1740.1524698041417,1011.5900641223969,43.7724,73.44568611081473,237.4543138891532,99.18556579654364,43.2,118.6421662369547,6279.694068918662
draw_49,HEFA-50,APPROACH,93.27,converged,,0.648591873812189,0.162313229436772,93.27000000000002,6.953917377636847,581.3246467584731,1007.2347674107034,690.7654151364413,9.533242540003362,25.968836742202424,67.30116325779761,59.62296867225327,9.408578869976177,6.409214624469565,1695.804681154856
draw_49,HEFA-50,IDLE,21.763,converged,,0.24351583747062933,0.11274123882925381,21.762999999999856,11.18944251576671,371.73373526107787,686.7793980945655,600.1591366770654,2.225549432435368,7.852828911593847,13.910171088406006,32.228524327044695,2.196446516097082,0.6704416261612244,636.6951449620177
draw_49,FT-50,TAKE-OFF,310.9,converged,,2.4005799450390755,0.3613185560199279,310.8999999999662,7.721389337534049,896.9969500874532,1740.0799458485183,1011.5482568476903,43.7724,73.44568611081301,237.4543138891532,99.18556579654364,43.2,118.52575579896411,5161.153259216157
draw_49,FT-50,APPROACH,93.27,converged,,0.6482725023058187,0.162317958519019,93.27000000000004,6.9504932165307,581.3246467584731,1007.2162995998524,690.7516486467294,9.533242540003362,25.96883674220243,67.30116325779761,59.62296867225327,9.408578869976177,6.403043724932539,1393.7605973299203
draw_49,FT-50,IDLE,21.763,converged,,0.2433963816738471,0.11274473354752548,21.762999999999884,11.183953575970612,371.73373526107787,686.7703339110681,600.1509298982048,2.225549432435368,7.8528289115938765,13.910171088406006,32.228524327044695,2.196446516097082,0.6697985530178477,523.2927281398861
draw_49,ATJ-50,TAKE-OFF,310.9,converged,,2.398460568248572,0.36165914192108484,310.89999999996564,7.7145724292339555,896.9969500874532,1739.759982584851,1011.3771731481746,43.7724,73.44568611081242,237.4543138891532,99.18556579654364,43.2,118.321185459411,6311.60690816884
draw_49,ATJ-50,APPROACH,93.27,converged,,0.6478155403663335,0.1624999028606732,93.26999999999785,6.945593871194901,581.3246467584731,1007.1340682056901,690.6944125582083,9.533242540003362,25.968836742200235,67.30116325779761,59.62296867225327,9.408578869976177,6.394219353503792,1704.7422392193066
draw_49,ATJ-50,IDLE,21.763,converged,,0.24324481551545019,0.11288039272571475,21.76299999999977,11.176989179591635,371.73373526107787,686.7305760067923,600.1158174371118,2.225549432435368,7.852828911593764,13.910171088406006,32.228524327044695,2.196446516097082,0.6689830524350391,640.1046063912019
draw_50,Jet-A1,TAKE-OFF,310.9,converged,,2.4151388688903594,0.33364446196159053,310.89999999997536,7.768217654842557,886.7184827529857,1673.1130663983606,1012.1946776965897,43.7724,88.55545740819501,222.34454259178037,107.96443500958613,43.2,119.9357061678472,9556.989490585682
draw_50,Jet-A1,APPROACH,93.27,converged,,0.6500407047200482,0.14609689899976455,93.26999999999913,6.969451106680114,572.6279596798684,959.3558423402039,666.2935571256144,9.324154759400985,30.443021246913762,62.82697875308537,66.3624000272129,9.202225274513678,6.4038092139010105,2572.287773380388
draw_50,Jet-A1,IDLE,21.763,converged,,0.24318127684659546,0.09842551862094598,21.76299999999999,11.17406960651544,366.9061615240603,644.1838996281883,564.3101726662311,2.1608105631727264,8.672225645197821,13.090774354802171,36.850632979258116,2.1325542197608947,0.6640221586105796,962.2970078726462
draw_50,HEFA-50,TAKE-OFF,310.9,converged,,2.414574382105892,0.3336997519860172,310.8999999999759,7.766402000984494,886.7184827529857,1673.054234433301,1012.1612378936338,43.7724,88.55545740819551,222.34454259178037,107.96443500958613,43.2,119.88088694641571,6313.132657837526
draw_50,HEFA-50,APPROACH,93.27,converged,,0.6499090979819604,0.14612567967448134,93.26999999999977,6.968040077001844,572.6279596798684,959.3412237977498,666.2831069371625,9.324154759400985,30.443021246914398,62.82697875308537,66.3624000272129,9.202225274513678,6.401273763360365,1699.2486880926851
draw_50,HEFA-50,IDLE,21.763,converged,,0.24313531306747854,0.09844623241008045,21.763000000000037,11.171957591668344,366.9061615240603,644.1770840180609,564.3041204340218,2.1608105631727264,8.672225645197866,13.090774354802171,36.850632979258116,2.1325542197608947,0.6637767158969083,635.7002279884763
draw_50,FT-50,TAKE-OFF,310.9,converged,,2.413368130446228,0.3337070827575085,310.8999999999764,7.762522130737895,886.7184827529857,1672.9909994320292,1012.1234876178597,43.7724,88.55545740819602,222.34454259178037,107.96443500958613,43.2,119.76378481683219,5188.647359102304
draw_50,FT-50,APPROACH,93.27,converged,,0.6495897761263524,0.14613009420309628,93.26999999999984,6.964616448229372,572.6279596798684,959.3255710950871,666.2713280936113,9.324154759400985,30.443021246914466,62.82697875308537,66.3624000272129,9.202225274513678,6.395123954054574,1396.5926846703887
draw_50,FT-50,IDLE,21.763,converged,,0.24301616059222608,0.09844933127543275,21.763000000002666,11.166482589357914,366.9061615240603,644.1696528549355,564.297394169643,2.1608105631727264,8.672225645200495,13.090774354802171,36.850632979258116,2.1325542197608947,0.6631406581803785,522.475267643023
draw_50,ATJ-50,TAKE-OFF,310.9,converged,,2.411258407684963,0.3340245428867084,310.89999999997485,7.755736274317008,886.7184827529857,1672.7087405762677,1011.9648475305736,43.7724,88.55545740819447,222.34454259178037,107.96443500958613,43.2,119.55910875058755,6345.284731713526
draw_50,ATJ-50,APPROACH,93.27,converged,,0.6491358338351796,0.14629478315036082,93.2699999999993,6.9597494782372085,572.6279596798684,959.2553414640539,666.2217126675662,9.324154759400985,30.443021246913936,62.82697875308537,66.3624000272129,9.202225274513678,6.386386466367196,1708.2166233676624
draw_50,ATJ-50,IDLE,21.763,converged,,0.24286522443147773,0.0985679492215399,21.763000000003974,11.159547141085026,366.9061615240603,644.1370376572888,564.2685594870643,2.1608105631727264,8.672225645201802,13.090774354802171,36.850632979258116,2.1325542197608947,0.662335361180535,639.1057032866037
draw_51,Jet-A1,TAKE-OFF,310.9,converged,,2.3913202940885068,0.3734949281279618,310.8999999999723,7.691605963617627,883.2308131834711,1753.166049610979,986.3418943503412,43.7724,65.79881875333207,245.10118124664018,95.49388678725346,43.2,117.63325001313204,9462.736579502925
draw_51,Jet-A1,APPROACH,93.27,converged,,0.6486483074346729,0.1725955143768098,93.27000000000024,6.954522434166091,575.2297890594161,1026.8082297680849,702.8397007682806,9.56349276772686,25.03189702619712,68.23810297380311,56.053445643709075,9.438433523539956,6.415076155691712,2566.7778930192785
draw_51,Jet-A1,IDLE,21.763,converged,,0.24425840711139035,0.12374831581999772,21.763000000000094,11.223563254670278,370.3376735140739,714.5228052058098,627.4877294122458,2.235076837078919,8.012096078049002,13.750903921951094,29.43965749606237,2.20584933341122,0.6751228112606943,966.5593394318108
draw_51,HEFA-50,TAKE-OFF,310.9,converged,,2.390758724624624,0.3735564079629383,310.89999999997247,7.689799693228806,883.2308131834711,1753.0960994392512,986.3052736544086,43.7724,65.79881875333227,245.10118124664018,95.49388678725346,43.2,117.57922830699748,6250.8643731546845
draw_51,HEFA-50,APPROACH,93.27,converged,,0.6485164456334956,0.17262937226776667,93.26999999999975,6.953108669813417,575.2297890594161,1026.7896458285084,702.8266534733448,9.56349276772686,25.031897026196646,68.23810297380311,56.053445643709075,9.438433523539956,6.412525859955027,1695.6074670612425
draw_51,HEFA-50,IDLE,21.763,converged,,0.24421216218815558,0.12377431952003642,21.7630000000001,11.221438321378232,370.3376735140739,714.5133716652352,627.4793244725967,2.235076837078919,8.012096078049007,13.750903921951094,29.43965749606237,2.20584933341122,0.6748728462418152,638.5157516690434
draw_51,FT-50,TAKE-OFF,310.9,converged,,2.3895574147608483,0.3735635268971668,310.8999999999693,7.685935718112204,883.2308131834711,1753.02004832861,986.2626189021269,43.7724,65.79881875332909,245.10118124664018,95.49388678725346,43.2,117.46370574668535,5137.455248996649
draw_51,FT-50,APPROACH,93.27,converged,,0.6481970062978376,0.17263437395946626,93.27000000000024,6.949683781471384,575.2297890594161,1026.7696610010792,702.811819509931,9.56349276772686,25.031897026197118,68.23810297380311,56.053445643709075,9.438433523539956,6.406349743254074,1393.5982838571053
draw_51,FT-50,IDLE,21.763,converged,,0.24409237232883135,0.12377816005018095,21.762999999999984,11.215934031559597,370.3376735140739,714.5031533943393,627.4700453637815,2.235076837078919,8.012096078048891,13.750903921951094,29.43965749606237,2.20584933341122,0.6742255633761258,524.7890809044667
draw_51,ATJ-50,TAKE-OFF,310.9,converged,,2.3874599004488486,0.373917555090148,310.89999999996974,7.67918912978154,883.2308131834711,1752.6853313739402,986.0902057017701,43.7724,65.79881875332953,245.10118124664018,95.49388678725346,43.2,117.26213377350693,6282.658385187741
draw_51,ATJ-50,APPROACH,93.27,converged,,0.6477416876691434,0.17282830637104782,93.26999999999985,6.944802054992436,575.2297890594161,1026.680470342611,702.750003118509,9.56349276772686,25.031897026196745,68.23810297380311,56.053445643709075,9.438433523539956,6.3975515309809765,1704.5478940631083
draw_51,ATJ-50,IDLE,21.763,converged,,0.24394042221972023,0.12392712023119719,21.76300000000002,11.208951992819006,370.3376735140739,714.4579443888227,627.4299408296919,2.235076837078919,8.012096078048925,13.750903921951094,29.43965749606237,2.20584933341122,0.6734049397615061,641.9351122323905
draw_52,Jet-A1,TAKE-OFF,310.9,converged,,2.3836650741216574,0.38839721043065106,310.89999999996814,7.666983191128662,892.9441151981193,1792.4603830368592,991.7952418273424,43.7724,58.916020762532355,251.98397923743582,91.53594313534656,43.2,116.89787938318706,9432.443970778146
draw_52,Jet-A1,APPROACH,93.27,converged,,0.6478726559395093,0.18334181964056978,93.26999999999958,6.946206239300013,583.5404436223623,1060.3679859265999,720.2581446886647,9.767444463416023,22.882773061525498,70.38722693847409,52.70485740656433,9.639718197301775,6.431874923650807,2563.708548526039
draw_52,Jet-A1,IDLE,21.763,converged,,0.24461912052286588,0.1349106630645437,21.763000000000027,11.24013787266763,375.0776598046252,747.9847478025217,655.1874011538351,2.3003792213253806,7.654388245653094,14.10861175434693,27.0437338464561,2.2702977757960823,0.6816684810557674,967.9867249652021
draw_52,HEFA-50,TAKE-OFF,310.9,converged,,2.383102085156895,0.3884606188556865,310.8999999999678,7.66517235496025,892.9441151981193,1792.3857378648656,991.756964101584,43.7724,58.916020762532,251.98397923743582,91.53594313534656,43.2,116.84388687945626,6230.845366479542
draw_52,HEFA-50,APPROACH,93.27,converged,,0.6477402912620057,0.18337759861774014,93.27000000000051,6.944787083327996,583.5404436223623,1060.3475363519667,720.2439233252728,9.767444463416023,22.882773061526425,70.38722693847409,52.70485740656433,9.639718197301775,6.42930512647186,1693.5781381880092
draw_52,HEFA-50,IDLE,21.763,converged,,0.24457272961107773,0.1349389694834979,21.76300000000001,11.23800623126764,375.0776598046252,747.9739971938507,655.1778415422395,2.3003792213253806,7.654388245653079,14.10861175434693,27.0437338464561,2.2702977757960823,0.6814156691240529,639.4584892338381
draw_52,FT-50,TAKE-OFF,310.9,converged,,2.381901670944942,0.3884675404319035,310.89999999996354,7.661311260679386,892.9441151981193,1792.3042012982396,991.711906325993,43.7724,58.91602076252776,251.98397923743582,91.53594313534656,43.2,116.72880389216758,5120.995698366459
draw_52,FT-50,APPROACH,93.27,converged,,0.6474207726346548,0.18338278097483768,93.27000000000018,6.941361344855297,583.5404436223623,1060.3254678954322,720.2276581946455,9.767444463416023,22.882773061526095,70.38722693847409,52.70485740656433,9.639718197301775,6.423103892424273,1391.9294117543752
draw_52,FT-50,IDLE,21.763,converged,,0.24445267751611335,0.1349431093088487,21.763000000000094,11.232489891839926,375.0776598046252,747.9623570772159,655.1672844410364,2.3003792213253806,7.6543882456531644,14.10861175434693,27.0437338464561,2.2702977757960823,0.6807616459361059,525.5637230052206
draw_52,ATJ-50,TAKE-OFF,310.9,converged,,2.3797949445902913,0.38883309010003275,310.89999999996576,7.65453504210535,892.9441151981193,1791.9474093659883,991.53216756101,43.7724,58.91602076252994,251.98397923743582,91.53594313534656,43.2,116.52696728740011,6262.487868737264
draw_52,ATJ-50,APPROACH,93.27,converged,,0.6469625842188933,0.18358781874986624,93.26999999999992,6.93644884977907,583.5404436223623,1060.227402742519,720.160376668847,9.767444463416023,22.88277306152585,70.38722693847409,52.70485740656433,9.639718197301775,6.4142164516463565,1702.4976645184267
draw_52,ATJ-50,IDLE,21.763,converged,,0.24430013244840035,0.13510530090106973,21.763000000000144,11.225480515020848,375.0776598046252,747.9108321051708,655.121674155629,2.3003792213253806,7.654388245653214,14.10861175434693,27.0437338464561,2.2702977757960823,0.6799310493842976,642.8816983861642
draw_53,Jet-A1,TAKE-OFF,310.9,converged,,2.373710753132642,0.377369133344966,310.8999999999681,7.634965433042411,891.8487960389316,1768.8973831275034,959.4700560148091,43.7724,55.79231071128533,255.10768928868276,93.81752080644594,43.2,115.94502485093359,9393.053548014735
draw_53,Jet-A1,APPROACH,93.27,converged,,0.6460673284679427,0.17833466187419256,93.27000000000011,6.926850310581558,582.9411661360535,1047.7915852240678,705.8707130465759,9.763791110120037,22.34163936438269,70.92836063561742,54.033679966964456,9.636112617932433,6.396306665037547,2556.5646546924086
draw_53,Jet-A1,IDLE,21.763,converged,,0.2442064851670983,0.131326439186226,21.762999999999987,11.221177464830143,374.8592406051397,738.8154102321091,645.7818446640607,2.2991930915311256,7.565613640025666,14.197386359974322,27.734960618171556,2.269127156704787,0.6793391093393517,966.3538781714578
draw_53,HEFA-50,TAKE-OFF,310.9,converged,,2.3731501577172898,0.3774307481185342,310.8999999999672,7.633162295649856,891.8487960389316,1768.8256765925971,959.4339210301009,43.7724,55.79231071128438,255.10768928868276,93.81752080644594,43.2,115.89147650611831,6204.825112726744
draw_53,HEFA-50,APPROACH,93.27,converged,,0.6459353770066208,0.1783694759634093,93.2700000000001,6.925435584932134,582.9411661360535,1047.7719058527,705.8570994846407,9.763791110120037,22.34163936438267,70.92836063561742,54.033679966964456,9.636112617932433,6.3937519379143675,1688.8590194833998
draw_53,HEFA-50,IDLE,21.763,converged,,0.2441601780927095,0.1313539965811167,21.76300000000014,11.219049675720623,374.8592406051397,738.8050530318718,645.7726503773164,2.2991930915311256,7.565613640025819,14.197386359974322,27.734960618171556,2.269127156704787,0.679087191676449,638.3798343442011
draw_53,FT-50,TAKE-OFF,310.9,converged,,2.3719543172131727,0.3774374032662591,310.8999999999662,7.62931591255526,891.8487960389316,1768.7471820913047,959.3910522649028,43.7724,55.79231071128348,255.10768928868276,93.81752080644594,43.2,115.77728964164015,5099.6092757899505
draw_53,FT-50,APPROACH,93.27,converged,,0.6456167465881649,0.17837451620155667,93.27000000000034,6.9220193694452945,582.9411661360535,1047.7506257005166,705.8414638932355,9.763791110120037,22.341639364382907,70.92836063561742,54.033679966964456,9.636112617932433,6.38758495477629,1388.0508261114378
draw_53,FT-50,IDLE,21.763,converged,,0.24404032837618447,0.13135802635305,21.763000000000105,11.213542635490663,374.8592406051397,738.7938126661693,645.7624679171847,2.2991930915311256,7.5656136400257825,14.197386359974322,27.734960618171556,2.269127156704787,0.678435402663972,524.67718843599
draw_53,ATJ-50,TAKE-OFF,310.9,converged,,2.3698570816407254,0.37779268394159976,310.8999999999696,7.622570220781464,891.8487960389316,1768.4045996724963,959.2217058129494,43.7724,55.792310711286845,255.10768928868276,93.81752080644594,43.2,115.57716437130915,6236.336142386091
draw_53,ATJ-50,APPROACH,93.27,converged,,0.6451600973841181,0.17857402695574778,93.26999999999988,6.917123377121463,582.9411661360535,1047.656296339045,705.7771231578871,9.763791110120037,22.34163936438245,70.92836063561742,54.033679966964456,9.636112617932433,6.378751735944227,1697.7543768826586
draw_53,ATJ-50,IDLE,21.763,converged,,0.24388807350690278,0.13151592667312031,21.763000000000083,11.206546593158198,374.8592406051397,738.7441992281651,645.7186292987163,2.2991930915311256,7.565613640025763,14.197386359974322,27.734960618171556,2.269127156704787,0.6776078230324591,641.7973553303899
draw_54,Jet-A1,TAKE-OFF,310.9,converged,,2.40225471380453,0.3355477278476479,310.8999999999702,7.726776178207656,890.2384227345191,1680.313376121644,984.9709849894476,43.7724,80.00674064405091,230.8932593559193,106.77935210200772,43.2,118.68753302684402,9506.005368580754
draw_54,Jet-A1,APPROACH,93.27,converged,,0.6477841365878838,0.14767052863495642,93.27000000000042,6.945257173666569,575.9172060091788,966.3126805616896,662.1322623464672,9.413384557515494,27.813795651163698,65.45620434883672,65.42730148128848,9.290288238357261,6.374644988518199,2563.358267006374
draw_54,Jet-A1,IDLE,21.763,converged,,0.242820405749881,0.10006480879408024,21.762999999999813,11.15748774295286,368.83228774404574,650.3373605636632,567.3742145446586,2.188200585031685,8.08262526063274,13.680374739367075,36.19314644935722,2.159586069609361,0.6640576748106863,960.8689983601578
draw_54,HEFA-50,TAKE-OFF,310.9,converged,,2.4016913456909887,0.3356030687906938,310.8999999999701,7.724964122519202,890.2384227345191,1680.2536314457361,984.9381004526307,43.7724,80.00674064405077,230.8932593559193,106.77935210200772,43.2,118.63310145913852,6279.448742972124
draw_54,HEFA-50,APPROACH,93.27,converged,,0.6476526708986663,0.1476995472876783,93.27000000000056,6.943847656252411,575.9172060091788,966.2977318683975,662.121688677503,9.413384557515494,27.813795651163836,65.45620434883672,65.42730148128848,9.290288238357261,6.3721150078536715,1693.3490464766962
draw_54,HEFA-50,IDLE,21.763,converged,,0.2427744699159183,0.100085850975286,21.7629999999999,11.155377012172927,368.83228774404574,650.3303458489905,567.368003799596,2.188200585031685,8.082625260632824,13.680374739367075,36.19314644935722,2.159586069609361,0.6638120036553707,634.7567695051285
draw_54,FT-50,TAKE-OFF,310.9,converged,,2.400488710294473,0.3356100471507977,310.8999999999686,7.721095883868497,890.2384227345191,1680.1889813343687,984.9003730103244,43.7724,80.00674064404933,230.8932593559193,106.77935210200772,43.2,118.51694591597912,5160.957108073417
draw_54,FT-50,APPROACH,93.27,converged,,0.6473341195158077,0.14770393219914113,93.27000000000042,6.940432288150581,575.9172060091788,966.2816315577396,662.1096492193055,9.413384557515494,27.813795651163698,65.45620434883672,65.42730148128848,9.290288238357261,6.3659867073689105,1391.7431109283255
draw_54,FT-50,IDLE,21.763,converged,,0.24265542996027087,0.10008897492284091,21.762999999999703,11.149907180088874,368.83228774404574,650.3226652406007,567.3610637842514,2.188200585031685,8.082625260632627,13.680374739367075,36.19314644935722,2.159586069609361,0.6631755683378852,521.699710852814
draw_54,ATJ-50,TAKE-OFF,310.9,converged,,2.3983819586917177,0.3359281567699691,310.8999999999694,7.714319584084766,890.2384227345191,1679.9027797939216,984.7449709233975,43.7724,80.00674064405011,230.8932593559193,106.77935210200772,43.2,118.31360108642737,6311.400045221558
draw_54,ATJ-50,APPROACH,93.27,converged,,0.6468802381055698,0.1478700484601358,93.27000000000062,6.935565970897025,575.9172060091788,966.2099103397081,662.0595691990725,9.413384557515494,27.813795651163904,65.45620434883672,65.42730148128848,9.290288238357261,6.357259902115326,1702.2809687325573
draw_54,ATJ-50,IDLE,21.763,converged,,0.2425045458049877,0.10020949732204533,21.762999999999753,11.142974121444215,368.83228774404574,650.2891297108758,567.3315115689293,2.188200585031685,8.082625260632678,13.680374739367075,36.19314644935722,2.159586069609361,0.6623693098974491,638.1565687706063
draw_55,Jet-A1,TAKE-OFF,310.9,converged,,2.4025124266467173,0.3338283149125339,310.8999999999671,7.727605103399715,921.8609220642627,1705.4574330158,988.7150329068181,43.7724,79.89506019103014,231.00493980893697,107.3408430583771,43.2,118.71243682465236,9507.025168707405
draw_55,Jet-A1,APPROACH,93.27,converged,,0.6471751658987024,0.14613005104924817,93.27000000000018,6.93872805723921,593.5916782525898,978.8293453405613,659.645444530755,9.54889910949886,26.976171380612815,66.29382861938737,66.05486924142623,9.42403070268824,6.384322825680065,2560.9484981307414
draw_55,Jet-A1,IDLE,21.763,converged,,0.2424081304393346,0.0984327208512286,21.762999999999945,11.138543879030244,375.41919006536614,652.167540430987,562.9622432554402,2.2304754227179098,7.697807584921072,14.065192415078874,36.73078598151603,2.2013080905185394,0.6648351010747864,959.2375763078389
draw_55,HEFA-50,TAKE-OFF,310.9,converged,,2.4019419391579913,0.33388239104873335,310.89999999996616,7.725770148466557,921.8609220642627,1705.3970704508765,988.682300524952,43.7724,79.8950601910292,231.00493980893697,107.3408430583771,43.2,118.65731182199013,6280.1039432476255
draw_55,HEFA-50,APPROACH,93.27,converged,,0.647042792158086,0.14615853394954767,93.26999999999936,6.937308804096607,593.5916782525898,978.8143424529171,659.6349932943343,9.54889910949886,26.97617138061199,66.29382861938737,66.05486924142623,9.42403070268824,6.381769103841294,1691.7544609368958
draw_55,HEFA-50,IDLE,21.763,converged,,0.24236220425667157,0.0984533920660429,21.76299999999978,11.136433591723293,375.41919006536614,652.160602281878,562.9561546418728,2.2304754227179098,7.697807584920907,14.065192415078874,36.73078598151603,2.2013080905185394,0.6645887757910246,633.6788620211497
draw_55,FT-50,TAKE-OFF,310.9,converged,,2.40073737347301,0.33388908262177125,310.8999999999649,7.721895701104154,921.8609220642627,1705.3315586317426,988.6446040201304,43.7724,79.89506019102795,231.00493980893697,107.3408430583771,43.2,118.54095828289526,5161.491724209407
draw_55,FT-50,APPROACH,93.27,converged,,0.6467243327431687,0.14616282610139011,93.26999999999985,6.933894422034627,593.5916782525898,978.7981321110676,659.6230169134503,9.54889910949886,26.976171380612495,66.29382861938737,66.05486924142623,9.42403070268824,6.375627508166882,1390.4320931488357
draw_55,FT-50,IDLE,21.763,converged,,0.24224332630578346,0.09845644874499858,21.76300000000307,11.130971203682824,375.41919006536614,652.1529759441469,562.9493100756473,2.2304754227179098,7.697807584924198,14.065192415078874,36.73078598151603,2.2013080905185394,0.6639513805550635,520.8137040677086
draw_55,ATJ-50,TAKE-OFF,310.9,converged,,2.398590795055312,0.3342000422804928,310.89999999996076,7.714991299632083,921.8609220642627,1705.042597222201,988.4900680267218,43.7724,79.8950601910238,231.00493980893697,107.3408430583771,43.2,118.33375046821227,6311.949603155754
draw_55,ATJ-50,APPROACH,93.27,converged,,0.6462650326067734,0.14632588544472408,93.2699999999999,6.928970007577721,593.5916782525898,978.726203423476,659.5735936566545,9.54889910949886,26.976171380612538,66.29382861938737,66.05486924142623,9.42403070268824,6.366774841913561,1700.6620406052616
draw_55,ATJ-50,IDLE,21.763,converged,,0.24209233737793737,0.09857485833375365,21.763000000002464,11.124033330786656,375.41919006536614,652.1198360443424,562.9203800397735,2.2304754227179098,7.697807584923588,14.065192415078874,36.73078598151603,2.2013080905185394,0.6631422448181559,637.0718323399899
draw_56,Jet-A1,TAKE-OFF,310.9,converged,,2.3831101263826544,0.3856203116377949,310.899999999964,7.665198219308237,900.1534884961441,1793.26882676828,992.0291217096272,43.7724,58.96743797989601,251.93256202006796,92.17364040109074,43.2,116.84465797379045,9430.247977091078
draw_56,Jet-A1,APPROACH,93.27,converged,,0.6473324867840459,0.18055209449776666,93.26999999999998,6.940414782717336,585.957568882282,1055.8502804837551,715.4771637999995,9.705713395923212,22.649063650286745,70.62093634971325,53.47458238149071,9.578794370513902,6.411837563757255,2561.5710354379103
draw_56,Jet-A1,IDLE,21.763,converged,,0.24439731268639311,0.1316402973392791,21.76299999999994,11.22994590297265,375.0702571132561,739.5366930521302,647.0267192316998,2.280417408733794,7.542951192391519,14.220048807608421,27.69045558471963,2.250596998503621,0.679068889031438,967.1090051829547
draw_56,HEFA-50,TAKE-OFF,310.9,converged,,2.3825457532978387,0.385683021438736,310.89999999996434,7.663382931161506,900.1534884961441,1793.1946866764324,991.9911102900463,43.7724,58.967437979896374,251.93256202006796,92.17364040109074,43.2,116.7905447887748,6229.3907843163115
draw_56,HEFA-50,APPROACH,93.27,converged,,0.6472000978157284,0.18058729149134073,93.27000000000018,6.93899536630993,585.957568882282,1055.8302135255926,715.4632247566042,9.705713395923212,22.649063650286926,70.62093634971325,53.47458238149071,9.578794370513902,6.409273164363603,1692.165751428456
draw_56,HEFA-50,IDLE,21.763,converged,,0.24435096263388834,0.13166791693347973,21.76300000000041,11.227816139037989,375.0702571132561,739.5263001859348,647.0174853301693,2.280417408733794,7.542951192391988,14.220048807608421,27.69045558471963,2.250596998503621,0.678817034666125,638.8786585371738
draw_56,FT-50,TAKE-OFF,310.9,converged,,2.3813452918985676,0.38568984049352356,310.8999999999625,7.6595216851040675,900.1534884961441,1793.113626745298,991.9463173879017,43.7724,58.96743797989456,251.93256202006796,92.17364040109074,43.2,116.6754829644629,5119.799505115537
draw_56,FT-50,APPROACH,93.27,converged,,0.6468808141464125,0.18059238619605908,93.27000000000021,6.935572146954124,585.957568882282,1055.8085257091439,715.4472451195139,9.705713395923212,22.64906365028695,70.62093634971325,53.47458238149071,9.578794370513902,6.403090641669962,1390.7685220630353
draw_56,FT-50,IDLE,21.763,converged,,0.24423101113482423,0.1316719519513194,21.762999999999796,11.222304421946722,375.0702571132561,739.5150192558581,647.0072585677749,2.280417408733794,7.5429511923913735,14.220048807608421,27.69045558471963,2.250596998503621,0.6781654607825517,525.0871489304379
draw_56,ATJ-50,TAKE-OFF,310.9,converged,,2.379230496030042,0.3860513871351726,310.89999999996303,7.652719511194356,900.1534884961441,1792.7593248512335,991.7678782143414,43.7724,58.96743797989508,251.93256202006796,92.17364040109074,43.2,116.47291883615914,6261.002508719535
draw_56,ATJ-50,APPROACH,93.27,converged,,0.6464222491228131,0.18079409186027443,93.27000000000004,6.9306556140539595,585.957568882282,1055.7123275259066,715.3813365967602,9.705713395923212,22.6490636502868,70.62093634971325,53.47458238149071,9.578794370513902,6.394216213878712,1701.0757596639992
draw_56,ATJ-50,IDLE,21.763,converged,,0.2440786055585656,0.13183021248500065,21.7630000000001,11.215301454696707,375.0702571132561,739.4652368530471,646.963231517425,2.280417408733794,7.542951192391681,14.220048807608421,27.69045558471963,2.250596998503621,0.677338038159982,642.2987450256896
draw_57,Jet-A1,TAKE-OFF,310.9,converged,,2.3953076712589465,0.37352077849428594,310.8999999999663,7.7044312359575615,907.4106062790667,1774.9785616934175,1003.5551493374869,43.7724,67.10444423213451,243.7955557678318,95.64649698219948,43.2,118.01717536946943,9478.515101476862
draw_57,Jet-A1,APPROACH,93.27,converged,,0.6482599009887257,0.1713340679458883,93.27000000000046,6.950358110740028,589.3007469666557,1036.640554581976,703.3588450633372,9.695342035603618,24.435956138427887,68.83404386157257,56.43232736465724,9.568558633707001,6.428201683989336,2565.240922880704
draw_57,Jet-A1,IDLE,21.763,converged,,0.2438900743583754,0.1219720076612818,21.76299999999951,11.206638531378067,375.92376983243497,715.0835084119901,623.1250443834964,2.277080397103042,7.667380831303015,14.095619168696496,29.823353976080696,2.24730362408393,0.6760826344709794,965.1018032648658
draw_57,HEFA-50,TAKE-OFF,310.9,converged,,2.394740022450024,0.373581460277844,310.8999999999674,7.7026054115480065,907.4106062790667,1774.9077962664962,1003.5180109343445,43.7724,67.1044442321356,243.7955557678318,95.64649698219948,43.2,117.96248187639024,6261.2738521537085
draw_57,HEFA-50,APPROACH,93.27,converged,,0.6481272889593027,0.17136745913997437,93.2700000000002,6.948936302769394,589.3007469666557,1036.6219055386182,703.3458601924983,9.695342035603618,24.435956138427617,68.83404386157257,56.43232736465724,9.568558633707001,6.425630092348118,1694.589980200175
draw_57,HEFA-50,IDLE,21.763,converged,,0.243843833106382,0.12199760504627902,21.762999999999906,11.204513766777698,375.92376983243497,715.0741722287248,623.1167786668351,2.277080397103042,7.667380831303409,14.095619168696496,29.823353976080696,2.24730362408393,0.6758319559669638,637.552720514481
draw_57,FT-50,TAKE-OFF,310.9,converged,,2.3935357475755072,0.37358842915038454,310.8999999999659,7.6987318995682505,907.4106062790667,1774.8307382816483,1003.4747694800913,43.7724,67.10444423213414,243.7955557678318,95.64649698219948,43.2,117.84648989234651,5146.008509393186
draw_57,FT-50,APPROACH,93.27,converged,,0.6478078513911552,0.17137237402793962,93.26999999999991,6.94551143337789,589.3007469666557,1036.6017907535131,703.3310239056298,9.695342035603618,24.435956138427347,68.83404386157257,56.43232736465724,9.568558633707001,6.4194376737376375,1392.7616159847794
draw_57,FT-50,IDLE,21.763,converged,,0.24372417026519658,0.12200136359049818,21.76299999999994,11.199015313384976,375.92376983243497,715.064011130874,623.1075938707668,2.277080397103042,7.667380831303445,14.095619168696496,29.823353976080696,2.24730362408393,0.6751834625060416,523.9974608275323
draw_57,ATJ-50,TAKE-OFF,310.9,converged,,2.3914055309048923,0.3739379134129782,310.89999999996706,7.6918801251371685,907.4106062790667,1774.4922471881937,1003.299906027834,43.7724,67.10444423213526,243.7955557678318,95.64649698219948,43.2,117.64145066115631,6293.041407019796
draw_57,ATJ-50,APPROACH,93.27,converged,,0.6473481298506834,0.1715636494158944,93.26999999999984,6.9405825008114554,589.3007469666557,1036.5123484551473,703.2695771175363,9.695342035603618,24.435956138427265,68.83404386157257,56.43232736465724,9.568558633707001,6.410530918311565,1703.5122371594093
draw_57,ATJ-50,IDLE,21.763,converged,,0.24357211521136662,0.12214801792129538,21.762999999999906,11.19202845248209,375.92376983243497,715.0193170067289,623.0682130594838,2.277080397103042,7.667380831303408,14.095619168696496,29.823353976080696,2.24730362408393,0.6743598636058932,640.9659034452936
draw_58,Jet-A1,TAKE-OFF,310.9,converged,,2.3731268670372865,0.3839617761755146,310.89999999997144,7.633087381915422,896.3820249848419,1786.4944292088849,962.1296090801164,43.7724,54.37391616688141,256.52608383309,92.18398827442724,43.2,115.88925203067019,9390.743041836853
draw_58,Jet-A1,APPROACH,93.27,converged,,0.6464306696002412,0.18340010279313088,93.2699999999999,6.930745894716864,586.8267536450808,1063.517211174167,714.3175442814999,9.858400720944633,22.04464435101826,71.22535564898163,52.57083896786975,9.729485044110174,6.417860783663904,2558.0024384271674
draw_58,Jet-A1,IDLE,21.763,converged,,0.24449267365544203,0.13676260813895438,21.76300000000001,11.234327696339749,377.1041159580199,754.8788507235595,659.1657433192036,2.330102944791038,7.5665745859772375,14.196425414022771,26.663736256009763,2.2996328100577728,0.683035652731455,967.4863597900755
draw_58,HEFA-50,TAKE-OFF,310.9,converged,,2.3725650853936022,0.38402425303668475,310.8999999999637,7.631280429057185,896.3820249848419,1786.4206776904384,962.092806308012,43.7724,54.37391616687369,256.52608383309,92.18398827442724,43.2,115.83560300721803,6203.295385905635
draw_58,HEFA-50,APPROACH,93.27,converged,,0.646298374497093,0.18343582927413996,93.2699999999995,6.929327484690646,586.8267536450808,1063.4966688953432,714.3034015365421,9.858400720944633,22.044644351017862,71.22535564898163,52.57083896786975,9.729485044110174,6.415292217020646,1689.8081106892025
draw_58,HEFA-50,IDLE,21.763,converged,,0.24444628289928513,0.13679128979358396,21.76299999999996,11.23219606209096,377.1041159580199,754.8678527835016,659.1559900867663,2.330102944791038,7.566574585977189,14.196425414022771,26.663736256009763,2.2996328100577728,0.6827822036040999,639.1278823692868
draw_58,FT-50,TAKE-OFF,310.9,converged,,2.371368742391812,0.3840308953245903,310.89999999997264,7.627432429694502,896.3820249848419,1786.3399030592084,962.0490729366194,43.7724,54.3739161668826,256.52608383309,92.18398827442724,43.2,115.72139509742257,5098.350312761443
draw_58,FT-50,APPROACH,93.27,converged,,0.6459794544694956,0.1834409812810658,93.27000000000021,6.925908164141676,586.8267536450808,1063.4744642174467,714.2871605516062,9.858400720944633,22.04464435101857,71.22535564898163,52.57083896786975,9.729485044110174,6.409102312466167,1388.8306339106914
draw_58,FT-50,IDLE,21.763,converged,,0.24432627562575024,0.13679547679044157,21.763000000000005,11.226681782187667,377.1041159580199,754.8559420849947,659.1452104373668,2.330102944791038,7.566574585977231,14.196425414022771,26.663736256009763,2.2996328100577728,0.682126774642957,525.2919638706137
draw_58,ATJ-50,TAKE-OFF,310.9,converged,,2.3692650507262827,0.38439125099198584,310.8999999999704,7.620665972101988,896.3820249848419,1785.987596717579,961.876670721822,43.7724,54.37391616688038,256.52608383309,92.18398827442724,43.2,115.52070141414083,6234.778198737188
draw_58,ATJ-50,APPROACH,93.27,converged,,0.6455210781160334,0.1836457404686832,93.26999999999983,6.9209936540799255,586.8267536450808,1063.3759909937519,714.2203168977653,9.858400720944633,22.04464435101819,71.22535564898163,52.57083896786975,9.729485044110174,6.4002108210365085,1698.7043063963786
draw_58,ATJ-50,IDLE,21.763,converged,,0.24417368684339477,0.1369598260270312,21.762999999999856,11.219670396700657,377.1041159580199,754.8032346402003,659.0986851993425,2.330102944791038,7.566574585977085,14.196425414022771,26.663736256009763,2.2996328100577728,0.6812938435054292,642.5489537229306
draw_59,Jet-A1,TAKE-OFF,310.9,converged,,2.3992086137006154,0.3436962889985932,310.8999999999601,7.716978493730857,922.8920704983773,1727.1122980441833,993.2145316664569,43.7724,75.44829785923258,235.45170214072746,104.11557417819128,43.2,118.3933699422456,9493.951591029752
draw_59,Jet-A1,APPROACH,93.27,converged,,0.6469326225349833,0.1505013165923515,93.26999999999987,6.936127613755594,591.907532928526,988.0555866602887,666.7068671296865,9.433558565018227,25.776683564850888,67.49331643514898,64.11228887938672,9.310198435744612,6.36146409219638,2559.988725420388
draw_59,Jet-A1,IDLE,21.763,converged,,0.24262311175549553,0.1014244443131019,21.76299999999999,11.148422173206617,373.557511858933,658.3645120525689,570.4859052747032,2.1944422388892955,7.532267940348378,14.230732059651615,35.67894967161719,2.165746103024224,0.6634464497933803,960.0882827436831
draw_59,HEFA-50,TAKE-OFF,310.9,converged,,2.398638048644828,0.3437518400821633,310.89999999996365,7.715143289305591,922.8920704983773,1727.049214527564,993.1806673980534,43.7724,75.44829785923625,235.45170214072746,104.11557417819128,43.2,118.33830991936438,6271.465609613696
draw_59,HEFA-50,APPROACH,93.27,converged,,0.646800313613896,0.1505306550564481,93.27,6.934709055579457,591.907532928526,988.0399664138884,666.6959768847805,9.433558565018227,25.77668356485101,67.49331643514898,64.11228887938672,9.310198435744612,6.358919806273497,1691.1204778931365
draw_59,HEFA-50,IDLE,21.763,converged,,0.2425771515206317,0.10144574659291593,21.76300000000001,11.146310321216358,373.557511858933,658.3572977708246,570.4795515912888,2.1944422388892955,7.532267940348392,14.230732059651615,35.67894967161719,2.165746103024224,0.663200674719449,634.2408619337953
draw_59,FT-50,TAKE-OFF,310.9,converged,,2.397433680851527,0.3437585202558422,310.89999999996274,7.711269478455499,922.8920704983773,1726.9805891319593,993.1414590915059,43.7724,75.44829785923525,235.45170214072746,104.11557417819128,43.2,118.22212847757721,5154.388913917231
draw_59,FT-50,APPROACH,93.27,converged,,0.6464818140674607,0.15053503846789404,93.26999999999994,6.9312942432449995,591.907532928526,988.0230659918582,666.6834742106495,9.433558565018227,25.776683564850952,67.49331643514898,64.11228887938672,9.310198435744612,6.352797135057982,1389.9106874542922
draw_59,FT-50,IDLE,21.763,converged,,0.2424581481153866,0.1014488877972614,21.763000000000005,11.140842168606651,373.557511858933,658.3493693655894,570.4724139820777,2.1944422388892955,7.532267940348389,14.230732059651615,35.67894967161719,2.165746103024224,0.6625645037702799,521.2755625803047
draw_59,ATJ-50,TAKE-OFF,310.9,converged,,2.39528645343086,0.3440781540249662,310.89999999996223,7.70436298948585,922.8920704983773,1726.678766960451,992.9817887396105,43.7724,75.44829785923476,235.45170214072746,104.11557417819128,43.2,118.01513078900899,6303.254148371159
draw_59,ATJ-50,APPROACH,93.27,converged,,0.6460229348383792,0.15070303346388206,93.27000000000102,6.926374341571482,591.907532928526,987.9482008413466,666.6319983038795,9.433558565018227,25.776683564852032,67.49331643514898,64.11228887938672,9.310198435744612,6.343980945133713,1700.0249544810715
draw_59,ATJ-50,IDLE,21.763,converged,,0.24230708450872585,0.10157092109477162,21.76299999999999,11.133900864252443,373.557511858933,658.3149091605911,570.4422196065814,2.1944422388892955,7.532267940348379,14.230732059651615,35.67894967161719,2.165746103024224,0.6617573744829672,637.636944600803
draw_60,Jet-A1,TAKE-OFF,310.9,converged,,2.3963280401411997,0.3436258406966391,310.8999999999636,7.707713220139853,918.8328447501759,1723.2663343209224,982.4316259857915,43.7724,74.04211172430807,236.85788827565557,104.01188896895638,43.2,118.11552001655166,9482.552821547464
draw_60,Jet-A1,APPROACH,93.27,converged,,0.6467067972636287,0.151452755821202,93.27000000000011,6.9337064143200156,590.3758003784644,988.9815948345415,666.4054869653907,9.455341593091461,25.730152810494072,67.53984718950605,63.68729083549595,9.331696612969614,6.360565872436463,2559.095108174256
draw_60,Jet-A1,IDLE,21.763,converged,,0.24269984037357717,0.10283403440366962,21.763000000000055,11.15194781847983,373.3866108113701,661.9068355060344,573.826201032452,2.2012020344511978,7.6002720341042505,14.162727965895805,35.20101171300078,2.1724175025425096,0.6643365107919464,960.3919069394091
draw_60,HEFA-50,TAKE-OFF,310.9,converged,,2.3957588587560914,0.3436814806151676,310.89999999996706,7.705882466247493,918.8328447501759,1723.2033454980167,982.3981043158731,43.7724,74.04211172431151,236.85788827565557,104.01188896895638,43.2,118.06065654398596,6263.937695854069
draw_60,HEFA-50,APPROACH,93.27,converged,,0.6465746200085544,0.15148229978402206,93.2699999999999,6.932289267809104,590.3758003784644,988.9658648217209,666.3945369654355,9.455341593091461,25.73015281049385,67.53984718950605,63.68729083549595,9.331696612969614,6.358023589727397,1690.5303806564946
draw_60,HEFA-50,IDLE,21.763,converged,,0.2426538675226823,0.10285563355443367,21.762999999999604,11.149835386788896,373.3866108113701,661.8994893201682,573.8197286174054,2.2012020344511978,7.600272034103799,14.162727965895805,35.20101171300078,2.1724175025425096,0.6640904162631539,634.4414431631471
draw_60,FT-50,TAKE-OFF,310.9,converged,,2.394555830561982,0.3436881441994314,310.8999999999649,7.702012964175787,918.8328447501759,1723.1348108545358,982.3592139545375,43.7724,74.04211172430935,236.85788827565557,104.01188896895638,43.2,117.94473747829642,5148.201648030869
draw_60,FT-50,APPROACH,93.27,converged,,0.6462562467596586,0.1514867144608811,93.2700000000001,6.928875809581408,590.3758003784644,988.9488557741388,666.3819720346102,9.455341593091461,25.730152810494054,67.53984718950605,63.68729083549595,9.331696612969614,6.351902072866367,1389.4257265396427
draw_60,FT-50,IDLE,21.763,converged,,0.2425348298784811,0.10285881985544001,21.76299999999989,11.144365660914504,373.3866108113701,661.8914258297475,573.8124676789193,2.2012020344511978,7.600272034104084,14.162727965895805,35.20101171300078,2.1724175025425096,0.6634534100058069,521.4404253803692
draw_60,ATJ-50,TAKE-OFF,310.9,converged,,2.392415385694433,0.34400831718032177,310.899999999963,7.6951282910733925,918.8328447501759,1722.8334532573385,982.2012369996227,43.7724,74.0421117243074,236.85788827565557,104.01188896895638,43.2,117.73863021778222,6295.698864286465
draw_60,ATJ-50,APPROACH,93.27,converged,,0.6457980141471916,0.15165588576268813,93.27000000000038,6.923962840647464,590.3758003784644,988.8734543882647,666.33020731837,9.455341593091461,25.73015281049433,67.53984718950605,63.68729083549595,9.331696612969614,6.343096470835081,1699.4330702503764
draw_60,ATJ-50,IDLE,21.763,converged,,0.24238372636887964,0.1029825525115139,21.762999999999963,11.137422523038186,373.3866108113701,661.8563257321857,573.7816990463957,2.2012020344511978,7.600272034104157,14.162727965895805,35.20101171300078,2.1724175025425096,0.6626452399613346,637.8386295066987
draw_61,Jet-A1,TAKE-OFF,310.9,converged,,2.3968612874822592,0.37570053842537415,310.89999999996894,7.709428393317784,902.4598292535046,1775.0055966534378,1007.944235429158,43.7724,67.59174813403888,243.30825186593006,95.15324707808486,43.2,118.16693110337444,9484.662944199225
draw_61,Jet-A1,APPROACH,93.27,converged,,0.6487895775704053,0.17236692757946137,93.27000000000012,6.956037070552208,585.9123265964024,1036.0431663487284,706.143862167867,9.640996778674664,24.733409372841578,68.53659062715856,56.140005857846525,9.514924035208155,6.429984972412707,2567.3369156162476
draw_61,Jet-A1,IDLE,21.763,converged,,0.24407482178225046,0.12270342515714208,21.76300000000009,11.215127591887581,374.30212698437066,715.6110909802746,625.3046443024691,2.2596733604403605,7.779871371311413,13.983128628688679,29.668037857951568,2.230124214596951,0.6758655872868726,965.8328706213355
draw_61,HEFA-50,TAKE-OFF,310.9,converged,,2.3962944037009226,0.37576175202837386,310.89999999996553,7.707605029595331,902.4598292535046,1774.9344427350288,1007.9067234544705,43.7724,67.59174813403548,243.30825186593006,95.15324707808486,43.2,118.11227744909645,6265.337928667773
draw_61,HEFA-50,APPROACH,93.27,converged,,0.64865706021289,0.17240057402729908,93.27000000000015,6.954616277612191,585.9123265964024,1036.0244270222706,706.1307643026923,9.640996778674664,24.73340937284158,68.53659062715856,56.140005857846525,9.514924035208155,6.427416601907302,1695.9751171530854
draw_61,HEFA-50,IDLE,21.763,converged,,0.24402856636406456,0.1227291865314104,21.76299999999976,11.213002176357453,374.30212698437066,715.6017019818538,625.2963129823078,2.2596733604403605,7.7798713713110805,13.983128628688679,29.668037857951568,2.230124214596951,0.6756151022210004,638.0357230555117
draw_61,FT-50,TAKE-OFF,310.9,converged,,2.3950897271126035,0.3757688211847847,310.89999999996974,7.703730225515718,902.4598292535046,1774.857031126039,1007.8631291391995,43.7724,67.59174813403969,243.30825186593006,95.15324707808486,43.2,117.99617478206184,5149.349504792741
draw_61,FT-50,APPROACH,93.27,converged,,0.6483374163251505,0.17240553311374415,93.26999999999975,6.951189196152592,585.9123265964024,1036.0042378278636,706.1158313787946,9.640996778674664,24.733409372841198,68.53659062715856,56.140005857846525,9.514924035208155,6.421223522827314,1393.900159939837
draw_61,FT-50,IDLE,21.763,converged,,0.24390883016461956,0.1227329763181159,21.762999999999792,11.207500352185907,374.30212698437066,715.5914989594517,625.2870748522245,2.2596733604403605,7.779871371311114,13.983128628688679,29.668037857951568,2.230124214596951,0.6749669104566288,524.3944724095556
draw_61,ATJ-50,TAKE-OFF,310.9,converged,,2.3929643954056306,0.37612133034852124,310.8999999999644,7.696894163415583,902.4598292535046,1774.516611825262,1007.686424463529,43.7724,67.59174813403428,243.30825186593006,95.15324707808486,43.2,117.79147854569659,6297.143596600066
draw_61,ATJ-50,APPROACH,93.27,converged,,0.6478784556812119,0.1725982644753897,93.26999999999994,6.946268421584779,585.9123265964024,1035.9143394101259,706.0538173218187,9.640996778674664,24.73340937284138,68.53659062715856,56.140005857846525,9.514924035208155,6.4123362930967875,1704.9078023898142
draw_61,ATJ-50,IDLE,21.763,converged,,0.24375676506929708,0.12288056311412807,21.763000000000073,11.20051302988082,374.30212698437066,715.5465364399004,625.2473619160374,2.2596733604403605,7.779871371311394,13.983128628688679,29.668037857951568,2.230124214596951,0.6741441445446794,641.4518140057318
draw_62,Jet-A1,TAKE-OFF,310.9,converged,,2.401202969528814,0.3662453099207746,310.89999999996843,7.723393276066446,899.7126334664255,1753.041456127409,1011.342264506934,43.7724,71.785498390338,239.11450160963048,97.78659622167014,43.2,118.5859253466231,9501.843492375923
draw_62,Jet-A1,APPROACH,93.27,converged,,0.6489027273000072,0.1654858675935819,93.26999999999951,6.957250212287022,582.7406642685269,1016.402290910574,695.9186574766778,9.539210647266954,25.69189026017408,67.57810973982544,58.48455877311786,9.414468933892874,6.416166608683429,2567.7846624479503
draw_62,Jet-A1,IDLE,21.763,converged,,0.24376805092183232,0.11571626362455932,21.762999999999987,11.201031609696845,372.2066193300499,695.2050686183211,607.7933328204757,2.227425874957489,7.867461191530863,13.895538808469128,31.419908224375153,2.198298420880818,0.6719333408078279,964.6189421276994
draw_62,HEFA-50,TAKE-OFF,310.9,converged,,2.4006363751299067,0.3663051838057532,310.89999999996587,7.721570843133388,899.7126334664255,1752.973123774385,1011.3055547568462,43.7724,71.78549839033542,239.11450160963048,97.78659622167014,43.2,118.53120500708758,6276.690422850954
draw_62,HEFA-50,APPROACH,93.27,converged,,0.6487704530036533,0.1655182387491013,93.26999999999991,6.95583202534206,582.7406642685269,1016.3846539880578,695.9062541486296,9.539210647266954,25.69189026017448,67.57810973982544,58.48455877311786,9.414468933892874,6.41360890404103,1696.2715933088155
draw_62,HEFA-50,IDLE,21.763,converged,,0.24372188355857274,0.11574057226380305,21.762999999999682,11.198910240250713,372.2066193300499,695.1964464678971,607.7856793751009,2.227425874957489,7.8674611915305555,13.895538808469128,31.419908224375153,2.198298420880818,0.6716844743444931,637.2338719096965
draw_62,FT-50,TAKE-OFF,310.9,converged,,2.399431048343857,0.36631230903628137,310.89999999996934,7.717693947713392,899.7126334664255,1752.89892930315,1011.2631351028788,43.7724,71.78549839033884,239.11450160963048,97.78659622167014,43.2,118.41483846922729,5158.6831761284075
draw_62,FT-50,APPROACH,93.27,converged,,0.648450938365709,0.16552304712124405,93.27000000000038,6.952406329641968,582.7406642685269,1016.365659340629,695.8921301606747,9.539210647266954,25.691890260174944,67.57810973982544,58.48455877311786,9.414468933892874,6.407432706898284,1394.1442278996783
draw_62,FT-50,IDLE,21.763,converged,,0.24360232414645822,0.11574415874755908,21.762999999999824,11.193416539376932,372.2066193300499,695.1870560120783,607.7771748709891,2.227425874957489,7.867461191530699,13.895538808469128,31.419908224375153,2.198298420880818,0.6710401954026838,523.7354964242435
draw_62,ATJ-50,TAKE-OFF,310.9,converged,,2.3973080580610993,0.366656894344984,310.8999999999669,7.710865416729992,899.7126334664255,1752.571856531991,1011.0899656312771,43.7724,71.7854983903364,239.11450160963048,97.78659622167014,43.2,118.2100132677529,6308.574049777385
draw_62,ATJ-50,APPROACH,93.27,converged,,0.6479932742771021,0.16570843669621188,93.2700000000073,6.947499456170809,582.7406642685269,1016.2810417297336,695.8333868872147,9.539210647266954,25.691890260181864,67.57810973982544,58.48455877311786,9.414468933892874,6.398591155700433,1705.209950297768
draw_62,ATJ-50,IDLE,21.763,converged,,0.24345059942388672,0.11588341252663839,21.76299999999965,11.186444857045933,372.2066193300499,695.1457862611169,607.7407109215808,2.227425874957489,7.867461191530525,13.895538808469128,31.419908224375153,2.198298420880818,0.6702230198237547,640.6461317159341
draw_63,Jet-A1,TAKE-OFF,310.9,converged,,2.3848941984059757,0.383734868646874,310.89999999996365,7.6709366304479065,891.920092397409,1782.0043254841862,988.7499376779057,43.7724,60.3353489262437,250.56465107371997,92.69586954997908,43.2,117.0157988244164,9437.307760607859
draw_63,Jet-A1,APPROACH,93.27,converged,,0.6477791685424309,0.18014760771514515,93.2700000000003,6.94520390846391,582.6959318372269,1051.9039694618555,714.5938916740541,9.747895213195742,23.235665372172683,70.0343346278276,53.631631422517046,9.620424587412526,6.427035385389596,2563.3386078642875
draw_63,Jet-A1,IDLE,21.763,converged,,0.2444186686847273,0.1316981123297752,21.762999999999955,11.230927201430308,374.60418058264054,739.5833734780879,647.5006337132379,2.2940391557091324,7.676153968029652,14.086846031970303,27.68071816918108,2.2640406175269012,0.6801354845373465,967.1935133883709
draw_63,HEFA-50,TAKE-OFF,310.9,converged,,2.384331400162421,0.3837975933423278,310.8999999999693,7.669126407728069,891.920092397409,1781.9310612330462,988.7122219968511,43.7724,60.335348926249296,250.56465107371997,92.69586954997908,43.2,116.96179800561876,6234.059526608826
draw_63,HEFA-50,APPROACH,93.27,converged,,0.6476469125885002,0.18018278827925358,93.26999999999995,6.943785918178412,582.6959318372269,1051.8840450111657,714.5800221483573,9.747895213195742,23.235665372172353,70.0343346278276,53.631631422517046,9.620424587412526,6.424469260573343,1693.3339908311823
draw_63,HEFA-50,IDLE,21.763,converged,,0.24437232974722162,0.13172575222879296,21.762999999999728,11.228797948225184,374.60418058264054,739.5729862809671,647.4914009661247,2.2940391557091324,7.676153968029424,14.086846031970303,27.68071816918108,2.2640406175269012,0.6798833171094805,638.9345248720391
draw_63,FT-50,TAKE-OFF,310.9,converged,,2.383130973047974,0.38380452948223504,310.8999999999673,7.665265271946687,891.920092397409,1781.8510943892638,988.6679053555192,43.7724,60.33534892624731,250.56465107371997,92.69586954997908,43.2,116.84665702705873,5123.638649945196
draw_63,FT-50,APPROACH,93.27,converged,,0.6473275284750655,0.18018790497033288,93.27000000000011,6.9403616219048425,582.6959318372269,1051.8625489466185,714.5641656146267,9.747895213195742,23.235665372172512,70.0343346278276,53.631631422517046,9.620424587412526,6.4182744060764,1391.7289404477804
draw_63,FT-50,IDLE,21.763,converged,,0.24425239188367495,0.13172980202985882,21.763000000000055,11.223286857679287,374.60418058264054,739.5617283300726,647.4811935352996,2.2940391557091324,7.676153968029752,14.086846031970303,27.68071816918108,2.2640406175269012,0.6792308509447381,525.1331167066178
draw_63,ATJ-50,TAKE-OFF,310.9,converged,,2.381025377578174,0.38416604912646996,310.8999999999649,7.658492690828055,891.920092397409,1781.5008392732302,988.4907254895695,43.7724,60.33534892624491,250.56465107371997,92.69586954997908,43.2,116.64482917003436,6265.725782859833
draw_63,ATJ-50,APPROACH,93.27,converged,,0.6468698435730666,0.1803894926083839,93.26999999999992,6.935454525282161,582.6959318372269,1051.7669958743381,714.4985421972101,9.747895213195742,23.235665372172328,70.0343346278276,53.631631422517046,9.620424587412526,6.40940212628339,1702.2536152692473
draw_63,ATJ-50,IDLE,21.763,converged,,0.24410003786770385,0.13188816716229662,21.762999999999984,11.216286259601343,374.60418058264054,739.5119562344601,647.4371539162865,2.2940391557091324,7.676153968029684,14.086846031970303,27.68071816918108,2.2640406175269012,0.6784024812284404,642.3551446647772
