Trial,SAF_Total,HEFA_Frac,FT_Frac,ATJ_Frac,Phi,TSFC,SpecThrust,NOx_correlation,ParetoOptimal,Pareto_persistence,Lifecycle_P5,Lifecycle_P50,Lifecycle_P95
0,0.1872700594236812,0.0780410462225647,0.0600870026488384,0.0491419284655294,0.3968055921327309,8.76170553216425,300.5290184439648,93.15525248544246,True,1.0,7128.673966353567,7297.69824920644,7502.157720994942
1,0.0779972601681013,0.0029699977538765,0.0442903103196026,0.0307369009614772,0.5624217733388136,13.417926696031136,278.1922070709348,207.61702426010513,False,0.0,12459.356745951156,12561.355134557287,12687.324908277957
2,0.0102922471479012,0.0049548759406752,0.0042526117285024,0.0010847543701292,0.4045474901621301,8.915676312526223,301.2067678931258,96.7995955583402,True,1.0,8434.941871248553,8443.801676140487,8455.943993152488
3,0.0917022549267169,0.0221260296927048,0.0381629331771554,0.0314132193318153,0.4373687420594125,9.667767429771406,300.2524662446986,114.05970881167862,False,0.0,8628.485394199704,8713.340711781937,8811.376045576484
4,0.3059264473611897,0.0534771790615413,0.1119982743940224,0.1404506105398002,0.4868209952651108,11.10533901132567,290.75698072583396,146.89105531466967,False,0.0,8223.859728698171,8584.677761745323,9054.193767429353
5,0.3925879806965068,0.0600077312911435,0.1545422822536752,0.1780376666228422,0.3639351238159993,8.108159421733648,297.63431406289607,78.58450797190821,False,1.0,5262.098425144537,5577.2785460369905,5993.760492039882
6,0.3037724259507192,0.043733370619381,0.0166834191191822,0.243355379747735,0.6396896099223678,15.854432040201008,267.5391033356564,281.97072900660197,False,0.0,12507.468063806657,13266.37141184655,14455.749381833886
7,0.4041986740582305,0.113320041815588,0.0363352190987822,0.2545430411316491,0.4820457481218804,10.957989209851895,291.6488421139163,143.3425242249747,False,0.0,7547.339543019442,8140.030586869547,9015.413573410173
8,0.0610191174223894,0.0209990510188546,0.0014583198340148,0.0385617041623507,0.427633994480005,9.389916136151047,302.26643647761756,108.14997560350076,False,0.0,8625.118305304337,8705.831197045252,8820.759261733318
9,0.331261142176991,0.0749064112790488,0.124976082262319,0.1313784083284379,0.4054563366576581,8.927038545003013,301.2512983614325,97.0683640915861,True,1.0,6297.6402332749185,6594.388003098704,6941.908837358981
10,0.4847923138822793,0.1440061999002852,0.1745425665221368,0.166243361677246,0.5293699936433256,12.383907981762023,283.4382566956737,179.25386850095165,False,0.0,7583.861620759247,8204.419266532901,8928.36704004204
11,0.4609371175115584,0.1237155803365855,0.2739908240585659,0.0632293150817998,0.4475990992289793,9.955526236956336,298.20451583855044,120.31742586878804,False,0.0,5853.247735604007,6236.358368390964,6651.713591652379
12,0.194338644844741,0.0361972294208372,0.1105513498696457,0.0475899321569535,0.4342803529062142,9.57716320220236,300.89158804405054,112.11258792022568,False,0.0,7714.42599369384,7872.662200863103,8033.331381008636
13,0.2713480415791242,0.0375754472374701,0.2138944551923518,0.0198778725134754,0.6460660809801552,16.073204488797824,266.70071117091777,289.1842646098186,False,0.0,12268.633180954412,12616.298200679536,13010.128344626108
14,0.3861223846483287,0.0752462054836034,0.0020910194735469,0.3087847810285338,0.5620572031542851,13.387190809253472,278.3074872029775,206.7163065710427,False,0.0,9651.556350295392,10459.938223325002,11744.981889536373
15,0.3645035840204936,0.2335396852423655,0.0224206268711914,0.1085429691082017,0.3847607178575389,8.522960079522928,299.4744750705082,87.66481116800658,True,1.0,5952.159501562644,6361.809176054743,6944.408323513443
16,0.4315517129377967,0.2642927243170803,0.1403083640000135,0.0269502005977306,0.4432946965146986,9.83436456135591,299.0604226778514,117.66471201543996,False,0.0,6207.297418718389,6675.752961024169,7389.453023776038
17,0.1625916610133735,0.0526211276019656,0.0459823313588009,0.0639881299299616,0.4916644775485848,11.25534000458308,289.86746131025285,150.54592938683845,False,0.0,9629.956159042433,9833.175829134523,10082.858122502383
18,0.0597971229691508,0.0209550522813175,0.0223517798576317,0.0164902614503131,0.5812901539863683,14.01020563299874,275.392588823073,224.71798511730927,False,0.0,13333.362757274332,13420.410799858255,13518.916936909243
19,0.2468977981821953,0.1322767055931997,0.1081885702133762,0.0064322693272203,0.3823674280979913,8.47852970441759,299.28262607321267,86.66717618884766,True,1.0,6390.122122054432,6600.48850401285,6908.289874044457
20,0.0157145928433671,0.0068530593474758,0.0033850800622071,0.0054764426653823,0.6222699421778279,15.314233035670467,269.72755944851434,264.58779432130785,False,0.0,15258.398123785128,15286.82101565431,15322.976868906262
21,0.1246461145744374,0.0366755705329685,0.0675229584796696,0.0204474961926553,0.3730939729486379,8.2959945106106,298.47512187165637,82.62817854002722,False,1.0,7029.86840246378,7117.0813268528145,7212.173040075498
22,0.144875726456884,0.0122993971615921,0.0709256256485891,0.0616506273577872,0.5400211269531271,12.72143221770329,281.6848965130994,188.3121088318765,False,0.0,11081.295486927356,11266.270042268497,11503.100384451845
23,0.4357302950938588,0.1859910103409593,0.0431772544412315,0.2065617988851749,0.5118026725746952,11.850283202585532,286.37900646299227,165.38597560761173,False,0.0,7964.665648985221,8656.51173037726,9538.73118878789
24,0.4037200775820312,0.2732097403358619,0.0969562441130524,0.0335537882425993,0.4183805487625825,9.180676960243744,302.3619110106517,103.25930081779092,True,1.0,6016.489383755588,6463.39531769801,7138.1373427364015
25,0.2135538943131281,0.103630774406607,0.109042257687995,0.0008807355328245,0.5032241907732697,11.603373668197532,287.8178339761757,159.16131026839497,False,0.0,9306.21509335244,9551.514251495537,9901.944040489718
26,0.2087055015743895,0.0682104892342752,0.0368112914658355,0.103683413768963,0.6328729111737558,15.64551515672794,268.37575125465776,275.18890235037674,False,0.0,13374.149745314904,13788.132216379181,14340.046337969614
27,0.1616014660103776,0.0528795257772396,0.0716576352784871,0.0370642030261973,0.6415346248162882,15.92942178509123,267.2634655498186,284.4488673426237,False,0.0,14032.744609286372,14284.255723388995,14567.012441251936
28,0.4812236474710556,0.115403779270807,0.2279125965891786,0.137906813263596,0.4354521483132402,9.60344101300574,300.6732172081738,112.66156938248612,False,0.0,5641.234991750544,6055.494901924538,6515.849740892205
29,0.0184434736772663,0.0096607892948421,0.0079667983437351,0.0008158701900103,0.4335939392709834,9.561627387145265,301.0212478952617,111.78849211944866,False,0.0,9056.663073664335,9074.196107958713,9099.582605520927
30,0.4541329429833268,0.1244898002341489,0.0752955056055405,0.2543471174875272,0.6456951362331802,16.04398193535057,266.7973480710687,288.1977757013797,False,0.0,10787.17786162612,11749.523149354816,13069.363058355224
31,0.1210276357557502,0.0486701462872132,0.0551497956570293,0.0172076214003006,0.5684649045835579,13.606625514936296,277.2825031605238,212.99605357142065,False,0.0,12211.293862785042,12368.463863361296,12568.390644742833
32,0.1838915663596266,0.0645398452035485,0.0646647674053129,0.0546868516801498,0.3770869310163224,8.373799994828227,298.81829554919415,84.33537734195505,False,0.0,6790.123980573093,6943.031553106224,7121.05441607896
33,0.417651247794619,0.2444451281285555,0.1421333372978054,0.0310720203348436,0.5272678829564725,12.328030820249843,283.75802985810503,177.79171203843973,False,0.0,8091.290093732594,8654.877516239882,9502.68472981359
34,0.3387821809211412,0.0074415083238554,0.2297313754859905,0.1016088484987398,0.543551837122835,12.823691096958653,281.13822336614936,191.0777828278844,False,0.0,8932.20841981348,9319.710665389783,9757.451127533128
35,0.0871832145024957,0.0299037188377834,0.0167378685844614,0.040541583800347,0.3912562832437979,8.654064267949206,300.05636280796205,90.65710509953752,False,1.0,7692.788700216175,7780.983254547989,7897.6320974376895
36,0.1705331755251292,0.0101022835916334,0.082323321468253,0.0781074814375694,0.4273824883145466,9.379698931567429,302.32789727554484,107.9297153009478,False,0.0,7744.006603683057,7903.288232723355,8112.260391674282
37,0.3299920230170895,0.1417803531441221,0.096322110577874,0.0918893858045138,0.4225556872701355,9.2603457194662,302.70781995095297,105.24889940684528,True,1.0,6623.961123633607,6953.324554322348,7343.617590088426
38,0.0465513839029496,0.0171827094805294,0.0172440371784744,0.0121246180928002,0.4517089373146102,10.082775222800308,297.3686202366424,123.15540696780305,False,0.0,9388.641197936948,9435.720746125246,9489.52144433758
39,0.1746047873063304,0.0504970488125989,0.0624024605160586,0.0617052084182627,0.5839626637572872,14.089802815237505,275.01858301587043,227.05600942120816,False,0.0,12158.264831258848,12420.432430672605,12727.467431977686
40,0.3210158230771439,0.023603685006432,0.0453415122731323,0.2520703452687605,0.531928717897877,12.461179991500048,283.0278774845904,181.3051812169923,False,0.0,9349.578844930575,9932.64105187486,10844.725671498492
41,0.0045985258083148,0.0006059711127906,0.0039623217900194,3.022693367169681e-05,0.3982424154252496,8.792551622004037,300.66688397421444,93.88000360298174,True,1.0,8337.139949460274,8340.201890581146,8343.866870380896
42,0.274366894683293,0.1210572645488735,0.1140702333683166,0.0392392218013611,0.5636537664042608,13.452536518528516,278.0150293650442,208.5915272505733,False,0.0,10417.265279271545,10785.496955707087,11269.114546088163
43,0.1186245437484,0.0224222074485642,0.0514382319307934,0.0447640354623789,0.6047670231482534,14.750520238264112,272.08941883002046,246.9713018169474,False,0.0,13404.695351415668,13577.821095074694,13787.199352285317
44,0.3288064461501717,0.1814737307588682,0.0299124621657363,0.1174199339030551,0.4295607103045176,9.439319080441557,301.88343540561095,109.1813278582555,False,0.0,6909.728004757363,7310.752915886279,7838.975662654328
45,0.1219948216895417,0.0525660130760136,0.0212367481874247,0.0481920064020099,0.5393415877991788,12.7020757859834,281.7902199327296,187.79145338918505,False,0.0,11426.664696555574,11614.981401378485,11860.42524831262
46,0.3974056517708242,0.127063129475652,0.1458372531450733,0.1245050163571173,0.4085728963394133,8.987324089779909,301.5151077798503,98.5192193430778,True,1.0,5910.633534569374,6266.524368152871,6668.859122835675
47,0.3612260576307526,0.1066972313338572,0.0092403905886201,0.2452880556949775,0.4031332038221146,8.87922506909008,301.037374429747,95.92379373593072,True,1.0,6293.458868242355,6739.389838452635,7405.576469295675
48,0.4702292921764571,0.200345976967882,0.1921416387668867,0.0777414664196995,0.3546369849586602,7.9248127928708305,296.81974615150574,74.75478779052696,True,1.0,4643.380503208578,4989.905206705296,5442.543757590365
49,0.4641592812938627,0.0842692482490803,0.1902435558095295,0.1896462804291622,0.605902836640208,14.770390116973983,271.9756126026104,247.5550909679465,False,0.0,9345.405914043708,10059.463599513221,10918.547317454198
50,0.3612260576307526,0.26644410439854,0.0072301180682892,0.0875515378235693,0.4183805487625825,9.180151862129003,302.3578114494425,103.2450499492904,True,1.0,6486.746016740699,6961.153144773108,7656.082511535866
51,0.1838915663596266,0.0704302477222481,0.0705665712846695,0.0428946359663444,0.3770869310163224,8.374054324095585,298.8197391866067,84.3411686731626,True,1.0,6775.508391382099,6922.555605975309,7096.601266333482
52,0.0102922471479012,0.0049093230677163,0.0043081373861115,0.001074781632445,0.4045474901621301,8.91567616666523,301.20676787730366,96.79959245929254,True,1.0,8434.79152688209,8443.636684024008,8455.648486599648
53,0.1584610025781388,0.0399834223754471,0.0699400274545795,0.0485374720023795,0.427633994480005,9.388157645777014,302.27067311712824,108.1095226937811,False,0.0,7870.8098372890445,8007.316279071005,8164.171962930446
54,0.0847463733430462,0.0299192629442993,0.0111313625158093,0.0436956290530458,0.5170403787375051,12.02133313885028,285.4511972513591,169.7973681419175,False,0.0,11087.685683494412,11218.110201651674,11397.440363344494
55,0.4680773870803905,0.2195876964826109,0.0779269372981292,0.1705625082490663,0.4183805487625825,9.176478037268296,302.3390335855564,103.15197150705612,True,1.0,5755.295395086515,6265.211198286388,6912.021025057868
56,0.3210158230771439,0.0423018862222604,0.2766034254759825,0.0021100944946689,0.531928717897877,12.471521790495515,282.9877208871484,181.59439297103265,False,0.0,8595.254700660113,8909.407688029201,9285.432016155735
57,0.2850305850446825,0.1748246152927088,0.0926898903702512,0.0175158991334087,0.5345021680097509,12.552226288124771,282.5702428127953,183.7553788000532,False,0.0,9565.688786373838,9970.039352444373,10587.23155814597
58,0.144875726456884,0.0085823516140158,0.0699374239958328,0.0663558752139578,0.647016155031279,16.105072910884125,266.5843045754831,290.24513827932475,False,0.0,14383.517441058435,14628.83973779295,14950.694369091596
59,0.070042007618262,0.0244765756097758,0.0443650421573084,0.0012003426291531,0.3823674280979913,8.480114993093126,299.29060630105033,86.7032981937988,True,1.0,7545.34030395184,7597.992589471431,7660.118111683144
60,0.1838915663596266,0.092153858252342,0.0136523986630762,0.0780851637016677,0.6132119215783867,15.01736060153255,270.9509784712522,255.23272169296737,False,0.0,13113.232515713533,13492.96916227396,13994.00852142196
61,0.4702292921764571,0.1761824471967024,0.2060090417014288,0.0880375654409729,0.3546369849586602,7.924452719857723,296.8179791245197,74.7472944253034,True,1.0,4626.744382638267,4961.0040753159665,5369.438332600322
62,0.348507870497634,0.03479488455674,0.1384874434983166,0.175225293005904,0.4868209952651108,11.102939605879362,290.7641597821932,146.82870517071822,False,0.0,7818.059440297863,8233.44965507526,8798.683665635835
63,0.1838915663596266,0.0786616322940231,0.0788138883812442,0.0264159212799516,0.4045474901621301,8.913450559525053,301.1954989980211,96.74540214597698,True,1.0,7238.965147685777,7392.515454852136,7594.70178028129
64,0.3645035840204936,0.1553004626974118,0.1489407766282232,0.0602621818939251,0.3847607178575389,8.523294239324626,299.47796338100096,87.67350781827652,True,1.0,5723.637057286704,6015.122503549806,6395.867508651204
65,0.4041986740582305,0.0638497627119494,0.1969273570587011,0.1434213446786615,0.4820457481218804,10.961463939301623,291.6315297393368,143.42948241672133,False,0.0,7159.755403868126,7570.573363412053,8061.6580537637765
66,0.0871832145024957,0.0299037188377834,0.0167378685844614,0.040541583800347,0.3912562832437979,8.654064267949206,300.05636280796205,90.65710509953752,True,1.0,7692.788700216175,7780.983254547989,7897.6320974376895
67,0.4609371175115584,0.049728042273778,0.1101318624892907,0.3010766508020974,0.4475990992289793,9.94692778189582,298.24112859895166,120.1153416878736,False,0.0,6232.879134678373,6795.619506960189,7644.979721440102
68,0.4702292921764571,0.1427443326594411,0.2065325045845474,0.1209522291804261,0.3546369849586602,7.923611849734789,296.8131543178341,74.72945412360613,True,1.0,4641.000923106141,4980.345635189244,5354.789372549044
69,0.3387821809211412,0.0063272139748271,0.1953313100210496,0.1371232754881274,0.543551837122835,12.822190784244958,281.1439629408278,191.0348855193176,False,0.0,9033.145282530862,9459.414045642188,9989.424606018685
70,0.2135538943131281,0.0280721606979469,0.1835581460544491,0.0019233109101568,0.5032241907732697,11.60252002570606,287.8182273359997,159.1375320696129,False,0.0,9090.0118297677,9281.349390557212,9512.584285358927
71,0.1872700594236812,0.0786999190912322,0.0643683382059261,0.0442016515717563,0.5928083466435541,14.369930993118844,273.75532623686877,235.40376165334956,False,0.0,12283.264546192133,12567.933606502931,12916.13912988989
72,0.3925879806965068,0.1754758693606513,0.1490209598906398,0.0680909674944738,0.3546369849586602,7.925799813248967,296.8248726817108,74.77546961503376,False,0.0,5128.193787877985,5425.717278595277,5813.613585282184
73,0.194338644844741,0.1245139634756429,0.0119537761320666,0.0578707437969294,0.6101216955740312,14.919843904897917,271.3647056125566,252.19939523786888,False,0.0,12890.621954607346,13295.860755751364,13872.186808875682
74,0.417651247794619,0.1427596076445858,0.2567446709169821,0.0181465241941497,0.5272678829564725,12.327310350890285,283.75654945228484,177.7698433091318,False,0.0,7757.454757929602,8219.507653306635,8762.628140548799
75,0.1246461145744374,0.0447975995656967,0.0548726867729021,0.024975719075352,0.6239721657669414,15.36538912298692,269.5121589264893,266.2080514834351,False,0.0,13939.235341791089,14127.775880172458,14344.412694625154
76,0.331261142176991,0.0196237124586191,0.1599132685672565,0.1517239882146254,0.4054563366576581,8.926182003518235,301.24720621475586,97.04762582991566,True,1.0,6199.632466172931,6492.256807957378,6876.170137025725
77,0.2468977981821953,0.0697065249978659,0.0683670241511845,0.108824112712501,0.3912562832437979,8.650960341031018,300.03992570897617,90.58400914664188,False,0.0,6674.643227258151,6908.999550461491,7207.774484440398
78,0.3387821809211412,0.1796616044653915,0.1415516402264725,0.0175686598114699,0.4432946965146986,9.83555951307446,299.0560599037717,117.6927675367106,False,0.0,6851.565772673301,7187.710436181842,7673.919126455276
79,0.3299920230170895,0.07555446666316,0.1260573171207545,0.1283799968469639,0.4225556872701355,9.25905573109126,302.70128202906216,105.21586919762262,True,1.0,6568.321182485872,6871.298992546514,7232.9649474994085
80,0.3210158230771439,0.023603685006432,0.0453415122731323,0.2520703452687605,0.560590063177311,13.3452821239521,278.51755998887376,205.53799661146888,False,0.0,10083.399024624146,10712.224021590187,11695.895405769621
81,0.3978963347180505,0.1519429613562437,0.175334171525852,0.0706190048324499,0.4085728963394133,8.988604785839822,301.52248332500375,98.55130858383323,False,0.0,5824.643713348234,6152.914152559022,6556.844211882957
82,0.4812236474710556,0.0792293113217998,0.2956357748811663,0.1063582465942119,0.4626748857919832,10.391309235777278,295.262700814984,130.09964676523313,False,0.0,5949.9392275938835,6368.384722669076,6772.325407228854
83,0.3299920230170895,0.2025517406403827,0.0649466921922334,0.062492925238364,0.4225556872701355,9.261427630236112,302.7131328573432,105.27649100653596,False,0.0,6657.025734455145,7025.49057582977,7548.270077235672
84,0.2135538943131281,0.1028087489315091,0.0882374648191933,0.0225075745641737,0.5032241907732697,11.60261017104975,287.82100984590863,159.14113699775217,False,0.0,9401.701987888748,9647.367021927781,9984.049686890594
85,0.3925879806965068,0.1258300821150587,0.1378520372324185,0.1289056437553873,0.3639351238159993,8.109567022048862,297.64213500950734,78.61515123613701,True,1.0,5306.299212589216,5622.612012085602,5991.015675332119
86,0.017971136898371,0.0034521397234309,0.0080884880404841,0.0064304917621997,0.5620572031542851,13.409015508292445,278.24120030864657,207.3691460822573,False,0.0,13137.40076199285,13160.676539752345,13187.697515133686
87,0.4041986740582305,0.0803950964146474,0.1432173202301209,0.1805859934887662,0.3912562832437979,8.64742852827893,300.02129345674877,90.50092171743675,True,1.0,5617.878677109839,5975.032378572427,6439.232764268255
88,0.3612260576307526,0.0470260587210441,0.0965985577114284,0.21760110407908,0.4868209952651108,11.101237771455867,290.77140430439255,146.78532702812305,False,0.0,7829.626839369486,8305.92397107029,8993.202876159263
89,0.1246461145744374,0.0366755705329685,0.0675229584796696,0.0204474961926553,0.3730939729486379,8.2959945106106,298.47512187165637,82.62817854002722,True,1.0,7029.86840246378,7117.0813268528145,7212.173040075498
90,0.331261142176991,0.1714733367930806,0.1509356444572022,0.0088518707038174,0.4054563366576581,8.930195685204971,301.2688580329775,97.1463841242181,True,1.0,6168.727401964724,6464.461825024098,6889.45886351696
91,0.1872700594236812,0.0756493834174356,0.0649274490475181,0.0466931489624237,0.3612044566247643,8.058995012952698,297.42071307460884,77.54902444341762,True,1.0,6481.195916525082,6630.292344474896,6808.842020849301
92,0.3299920230170895,0.1108480297593152,0.084350870255456,0.1347929710737395,0.4225556872701355,9.25920822753495,302.70161483771824,105.2194751574317,True,1.0,6663.114450496651,7002.025406957457,7426.948726736591
93,0.4113002803298291,0.1467530309823909,0.0517684614924519,0.2127783804234372,0.4054563366576581,8.924769449887224,301.2379508651113,97.01185661972067,True,1.0,5965.062888649239,6422.802085427029,7049.778211084632
94,0.3849967765493054,0.0734755930595087,0.099459730867053,0.2120611121758747,0.3756042394981304,8.338914366763033,298.6576119485222,83.56366507846228,True,1.0,5576.550350554882,5935.294708080663,6445.689691206549
95,0.1872700594236812,0.097229515955843,0.0847549535396922,0.005285487658184,0.3968055921327309,8.762657078475726,300.5346442909091,93.17839038640942,True,1.0,7040.637918648949,7204.066363278362,7439.656678856676
96,0.0871832145024957,0.0249755667285139,0.0181779434561402,0.0440296573142675,0.3968055921327309,8.762736427863095,300.53424439864716,93.1797944312626,False,0.0,7797.33341946732,7887.218517243438,8005.600554518123
97,0.3612260576307526,0.0981112740608096,0.1889160319130827,0.0741984022233433,0.4031332038221146,8.882635857503503,301.0586187757333,96.00889781587986,True,1.0,5950.1913208156175,6221.229939673347,6514.038264203909
98,0.2135538943131281,0.1528386827839017,0.0594160817874628,0.0012989429007808,0.5032241907732697,11.603887893141865,287.8177303082512,159.1756796166328,False,0.0,9413.985828310564,9725.984573189391,10214.355155244046
99,0.3925879806965068,0.1436602461840753,0.1154125569753143,0.1335149521629295,0.3639351238159993,8.109609923915173,297.64212940724855,78.6159596161498,False,0.0,5348.496880156702,5680.521710289,6081.303038325725
100,0.2468977981821953,0.0590520831758583,0.0820250870467663,0.1058205149915688,0.3912562832437979,8.650940867653501,300.0398804777038,90.58358476367704,False,0.0,6646.024032505624,6869.220426505535,7143.064258372771
101,0.3299920230170895,0.1417803531441221,0.096322110577874,0.0918893858045138,0.4225556872701355,9.2603457194662,302.70781995095297,105.24889940684528,False,1.0,6623.961123633607,6953.324554322348,7343.617590088426
102,0.3925879806965068,0.1161488873348102,0.1684924642477836,0.1079464468995437,0.3639351238159993,8.109886621138044,297.6442949078489,78.62230779818073,True,1.0,5246.5195357050525,5541.696778499063,5866.026952883448
103,0.3299920230170895,0.0928633543928976,0.1242052221879432,0.1129233191575095,0.3912562832437979,8.649916191124548,300.0348140361351,90.55967388105998,True,1.0,6090.018733623586,6369.5768897340795,6699.783722353859
104,0.1705331755251292,0.017626689701623,0.1173654023176869,0.0355409281683492,0.4273824883145466,9.380963600112096,302.3219025736319,107.9579265812176,False,0.0,7664.919366767761,7792.197369722355,7919.1701055337735
105,0.331261142176991,0.0579086097690458,0.1717863945311355,0.1015659521002549,0.4273824883145466,9.37660942291354,302.3363540475715,107.8590388622534,False,0.0,6548.490277956088,6825.1415386540375,7124.370298074897
106,0.2581501741505976,0.0728029975593243,0.1476774888637578,0.0376695103249154,0.4045474901621301,8.912178348217038,301.18963465315096,96.7147954215299,False,0.0,6655.998439586804,6849.408775233059,7058.745482682454
107,0.1614782364706229,0.0367600733396915,0.1133765229594924,0.0113415194937906,0.4626748857919832,10.400293272465994,295.23740914796247,130.32203986740416,False,0.0,8641.354198603203,8776.224128897848,8927.960570097574
108,0.0871832145024957,0.0148236522463304,0.0647832319348346,0.0075761628082431,0.3912562832437979,8.654554072248665,300.0596355723024,90.66904320908073,True,1.0,7584.136447230325,7641.75129932033,7703.498972991949
109,0.0871832145024957,0.020213127594532,0.0307484036066242,0.0362216446331586,0.3823674280979913,8.479248074920752,299.28571291301944,86.68324459998409,False,0.0,7490.885156413342,7566.321829576928,7656.6976774100685
110,0.3925879806965068,0.1761863086993324,0.1415430707600029,0.0748583248360984,0.3639351238159993,8.110920272784695,297.64993085163024,78.64476082587832,False,0.0,5276.308219336337,5589.40355081616,5993.914163297163
111,0.3612260576307526,0.2017220477794272,0.0054738468532251,0.1540299378848246,0.4816914262116908,10.95305008569624,291.69583383798806,143.2342071379754,False,0.0,7947.790644762034,8499.305984349863,9261.536314310028
112,0.3288064461501717,0.1577935924253458,0.0260092457662119,0.1450033303038476,0.4054563366576581,8.927452865597457,301.2522403085993,97.07774426937472,True,1.0,6502.126938792923,6887.771202599537,7393.890871429476
113,0.3925879806965068,0.1521613826229604,0.1459302445533901,0.0944961940099095,0.3639351238159993,8.110392704849595,297.646905499898,78.63322380332946,True,1.0,5283.907909961363,5591.880819937993,5957.06764519514
114,0.4609371175115584,0.0453925029112114,0.113389790616255,0.3021542454141638,0.4475990992289793,9.946843011060237,298.2413373224651,120.1133171492736,False,0.0,6222.86215515059,6786.671929546491,7641.98788105716
115,0.4812236474710556,0.1299782896889311,0.3347425589962507,0.0165021478326625,0.3639351238159993,8.110503892440159,297.6500580265901,78.63695124959276,True,1.0,4376.739349211222,4700.8418044225455,5064.6177085336
116,0.3925879806965068,0.1826339754718945,0.0975607276551292,0.1123930878491523,0.3639351238159993,8.11028345452828,297.6456436405042,78.6305074026875,True,1.0,5363.580995598728,5718.863876544265,6144.703184098337
117,0.3974056517708242,0.1811799708012323,0.1166437270182684,0.0995817517621371,0.4085728963394133,8.988261556834342,301.51977018139473,98.54223846157494,False,0.0,5953.311379296525,6336.702446020106,6811.98347785759
118,0.4609371175115584,0.1751237837585103,0.0542795254417392,0.231533531350738,0.3770869310163224,8.367528258467399,298.78284975211625,84.19272496800373,True,1.0,5268.088747789023,5749.61691763855,6396.383534456084
119,0.347987103046849,0.0686897195007232,0.0567048017551556,0.2225919764539825,0.4273824883145466,9.372781969650886,302.35455407393647,107.77352789877725,False,0.0,6677.853700226727,7087.7981891468935,7700.929813377219
120,0.2044764722071349,0.0766967758543027,0.0980790016179716,0.0297005649236583,0.4019882960212537,8.863149215611738,300.9750340997924,95.54670905721316,True,1.0,7034.209776067333,7194.948526423364,7395.189432973971
121,0.078218521335543,0.0410701882685054,0.0145749239929552,0.0225733632414887,0.4183805487625825,9.183641865966392,302.3767206166504,103.3342321981038,True,1.0,8281.849991426852,8367.05233260719,8476.800589841409
122,0.1251214490822976,0.0386914194555688,0.0382277346057462,0.048202224573894,0.3912562832437979,8.653494421132358,300.0534656655141,90.64375383696684,True,1.0,7432.648959343918,7549.069521127434,7686.456969362693
123,0.1872700594236812,0.0781521773984815,0.0608798503092005,0.0482379511392555,0.3730939729486379,8.295005958405687,298.46942382213587,82.60589739458732,True,1.0,6700.998566257833,6859.607874418092,7051.935574690556
124,0.3572979613500311,0.1784878029205178,0.027570963594051,0.1512389125546508,0.4225556872701355,9.259014624373652,302.6997003019649,105.21388558197646,True,1.0,6596.707534377303,7029.723818535143,7599.944107302491
125,0.3300986883588656,0.1214580939534184,0.035718644305734,0.1729214677064075,0.3847607178575389,8.521350397083536,299.4656767656046,87.6274957810032,True,1.0,6150.333457641835,6506.10236819695,6988.9544365443135
126,0.4315517129377967,0.1791333276940998,0.2117459334719524,0.0406718118587877,0.4273824883145466,9.377690667086124,302.33093175663237,107.8830965012174,False,0.0,5785.917000822975,6155.718898435061,6643.56812545124
127,0.2468977981821953,0.0646187399101705,0.0701611619192524,0.1121177699819882,0.3912562832437979,8.650861367759198,300.03931512734107,90.58162804534255,False,0.0,6668.846770155235,6904.568838662208,7201.0830601608295
128,0.477432640331597,0.1850321017593519,0.1390076217072596,0.153392666108955,0.4758800187283369,10.778579560302276,292.77390442355363,139.08929601455392,False,0.0,6654.519887576789,7210.063791242199,7872.677151052211
129,0.3299920230170895,0.2079744334875781,0.0906469743787039,0.0313703301005437,0.4225556872701355,9.26209312456788,302.71704463483564,105.29390183081784,True,1.0,6581.91053504319,6928.662794903323,7450.498073061026
130,0.0045985258083148,0.0003604283465923,0.0023567676103678,0.0018813262993406,0.4243192968503472,9.29969852922547,302.88299563183483,106.24294570978633,True,1.0,8887.597994781134,8891.669949931336,8896.791972142682
131,0.1246461145744374,0.0447836420415711,0.0542859512587218,0.0255764494246712,0.5773538331393108,13.884694738110923,275.96993714523734,221.03867350071624,False,0.0,12463.615587924647,12632.518458804223,12826.725793725633
132,0.0071967443148779,0.0020038684535562,0.0041560353269607,0.0010368356514372,0.3730939729486379,8.297540267532183,298.4829313544569,82.66243154981497,True,1.0,7796.916973250223,7801.889289682659,7807.267887542004
133,0.3299920230170895,0.0732978138432453,0.1251415820944727,0.131552386453959,0.4054563366576581,8.927038388122277,301.25138555471085,97.0684155677382,True,1.0,6304.943948700316,6597.871263653373,6945.4880092700805
134,0.3299920230170895,0.1981698285890284,0.1036752676347159,0.0281466843013662,0.3823674280979913,8.477527902618291,299.2769705169378,86.64400809430289,True,1.0,5932.02966900667,6234.270367637588,6687.255441065401
135,0.3925879806965068,0.0600077312911435,0.1545422822536752,0.1780376666228422,0.3639351238159993,8.108159421733648,297.63431406289607,78.58450797190821,True,1.0,5262.098425144537,5577.2785460369905,5993.760492039882
136,0.0230013210108763,0.0011803093038207,0.0156674546678599,0.0061535280594752,0.4031332038221146,8.887793624592009,301.0843734737677,96.13371273532844,True,1.0,8305.438452420392,8322.511072269765,8340.867009708656
137,0.4277302920055036,0.2096783765553672,0.0583996439134875,0.1596519735532273,0.4922521487261975,11.265463909064454,289.7868056916335,150.78078309780167,False,0.0,7562.479575660919,8163.094604210199,8944.974517325883
138,0.3612260576307526,0.1302847065588877,0.1955533544636921,0.0353876348977573,0.4054563366576581,8.928954946276015,301.26264507145584,97.11615065906106,True,1.0,5938.729728719292,6215.814739310468,6559.334970463734
139,0.3288064461501717,0.2228130332574887,0.0215194836024639,0.0844736995647111,0.4045474901621301,8.91143756444767,301.1838227893297,96.69547513267328,False,0.0,6464.914048535176,6858.156081489678,7428.385537249466
140,0.3645035840204936,0.0739739016441893,0.1460921306918114,0.1444372578834477,0.4354521483132402,9.605064930680884,300.6700519275004,112.69972932271828,False,0.0,6569.291382096121,6916.486393204734,7328.42324327638
141,0.0871832145024957,0.048612001029006,0.0197079524668268,0.0188632100468716,0.3968055921327309,8.763367168497247,300.5377013249191,93.19496899569968,True,1.0,7788.935394777488,7875.337120583275,7996.28987308548
142,0.1872700594236812,0.0676756854927188,0.0948376224753428,0.0247566085206238,0.3982424154252496,8.790197379812923,300.65512126288047,93.82381660936514,True,1.0,7074.278815780317,7219.153003490934,7394.259816744072
143,0.2169258246189865,0.0354012701442066,0.0843502251975931,0.0971741652465056,0.3639351238159993,8.11178063990466,297.6540762042014,78.66317135930505,True,1.0,6331.322374525171,6509.48882419827,6735.508636572874
144,0.070042007618262,0.0236212357741313,0.0288711143565809,0.0175496119157101,0.3770869310163224,8.37561023590068,298.82799881566365,84.37628849647763,True,1.0,7485.635111201163,7541.193659233906,7602.858543725833
145,0.1246461145744374,0.0326970951363312,0.060198234552661,0.0317507052108454,0.534755029415665,12.561505284111623,282.525593723016,184.0069362548919,False,0.0,11148.906897457508,11292.550744501157,11447.046557240386
146,0.3175468254338219,0.1547375397915714,0.1027653759320608,0.0600437474993663,0.3770869310163224,8.372615910892648,298.8120586761809,84.30868429169156,True,1.0,5961.441896072771,6226.460004377821,6595.11494755444
147,0.4702292921764571,0.0269635626117442,0.2229579840825249,0.2203071503127372,0.3546369849586602,7.920883604111424,296.7977265061549,74.67169928220174,True,1.0,4575.297054011006,4944.5897090229855,5431.691336148811
148,0.4037200775820312,0.2300514468492355,0.0816402966155435,0.0920280773895651,0.4183805487625825,9.179156633218469,302.3535048827545,103.22034985653788,True,1.0,6111.1874828956625,6545.713559568177,7154.771305722093
149,0.1838915663596266,0.0334104571310055,0.0860443843662895,0.0644365575371235,0.3770869310163224,8.373401204878915,298.8164509961684,84.32652767694914,True,1.0,6745.218574899493,6884.823619040164,7047.89757310738
150,0.070042007618262,0.0308379189241461,0.0376917233412924,0.0015123058580235,0.5377579747142709,12.656101714624594,282.034988479273,186.55409270151392,False,0.0,11760.935251800462,11846.661802481234,11963.008952291804
151,0.078218521335543,0.0299579962008822,0.0189347254001532,0.0293257401919965,0.3770869310163224,8.375345781181426,298.82640745282123,84.37021537962055,True,1.0,7460.722663110451,7531.950859709243,7621.768910652364
152,0.3300986883588656,0.1481687902617653,0.1271685391944107,0.0547612061371619,0.3847607178575389,8.523803499461783,299.48059409154484,87.68522887122371,True,1.0,5959.849452505171,6231.751980318787,6588.802167655227
153,0.0871832145024957,0.0166386805827836,0.022522835459201,0.0480216213657034,0.6069469523564966,14.82057292709854,271.79036914768034,249.13006095250435,False,0.0,13901.363127330795,14054.704816299465,14272.86804900769
154,0.3925879806965068,0.1487608106037649,0.1942720944460711,0.0495548422707179,0.4045474901621301,8.910662020210152,301.18184511245175,96.67782242864284,False,0.0,5749.100553972456,6058.066648814984,6446.821232726682
155,0.1872700594236812,0.0829826565255797,0.0257204311112563,0.0785668405486807,0.3770869310163224,8.373456235882447,298.81587146217896,84.32728971173216,False,0.001,6840.399311656873,7030.64498708517,7281.981792847079
156,0.3293468158094725,0.0965313782402616,0.1767971699462741,0.0560179238163832,0.3639351238159993,8.111511219002718,297.6537364754155,78.65789990973562,True,1.0,5557.304913484516,5782.271787636764,6028.022438391525
157,0.4702292921764571,0.1807463528747042,0.2615164907653239,0.027966162683691,0.3546369849586602,7.925565642158327,296.82502154003896,74.77123331978929,True,1.0,4481.690486652409,4799.368350485109,5216.267227740041
158,0.0871832145024957,0.0445999443131126,0.0252768361267556,0.0173063873086613,0.4031332038221146,8.887060909487792,301.0805367936696,96.11586469698538,True,1.0,7903.257633600535,7985.836314555934,8097.328445430763
159,0.3299920230170895,0.1402736367847913,0.1464395521763705,0.0432783735592233,0.4225556872701355,9.261322842940892,302.71365053632945,105.27451871424287,True,1.0,6496.631385565991,6781.310764497213,7154.63005593005
160,0.070042007618262,0.0371678799221022,0.0319000039502022,0.0009740854249941,0.3711706242201289,8.258912900297473,298.3113861710762,81.82164646294753,False,1.0,7346.358146003509,7405.059550835498,7489.6168473396965
161,0.0871832145024957,0.0265356113485339,0.0246722495374256,0.0359753152113226,0.3912562832437979,8.654125597298401,300.0567030546172,90.65855885371904,True,1.0,7677.849671726868,7759.3209390236125,7861.09893299151
162,0.0132556552708109,0.0072718353458333,0.0043918139063495,0.0015919985211937,0.4045474901621301,8.91564664492137,301.20654940523906,96.7988302761316,True,1.0,8416.613396532217,8428.993466040514,8446.613758763528
163,0.0871832145024957,0.032104307913905,0.0493119287760994,0.0057668503042888,0.6320690724274873,15.627496375234122,268.4570278513898,274.61719868885797,False,0.0,14621.670105478375,14745.899271712631,14903.689607986911
164,0.4037200775820312,0.0985003732413103,0.1478460435765546,0.1573733872968356,0.4183805487625825,9.17672253303986,302.3414175508942,103.15891929717375,True,1.0,6005.755453012098,6378.843743320389,6828.830111808418
165,0.0871832145024957,0.0317190141143163,0.0517684047134869,0.0036957139604431,0.3912562832437979,8.654742855284297,300.06051392272514,90.67341892943902,True,1.0,7608.398866192427,7673.896903375968,7754.504528744981
166,0.4702292921764571,0.1212453214005238,0.1724313050513495,0.1765524772471363,0.487475867147455,11.120600033628556,290.65060025692986,147.2521506876763,False,0.0,6851.362906890144,7389.321002779428,8016.23471483906
167,0.1872700594236812,0.0353608006738935,0.1474196460627363,0.0044894355941936,0.3612044566247643,8.059448895332025,297.4243728827951,77.55940583792676,True,1.0,6291.075746021149,6408.658150588002,6541.175082404883
168,0.070042007618262,0.0333265684040243,0.0350810245344817,0.0016343503836689,0.3730939729486379,8.296973047556529,298.4801678412459,82.64991652419188,True,1.0,7380.577952515941,7435.522753744655,7513.312221514792
169,0.070042007618262,0.036776947332536,0.0130513453836704,0.0202136738605373,0.4183805487625825,9.183765983837231,302.37735313351163,103.33737808488166,True,1.0,8335.673056019217,8411.970025923672,8510.247366232226
170,0.4707324043882626,0.170113355272332,0.2383891060411503,0.0622295837854501,0.3982424154252496,8.786357997825537,300.63605250526365,93.73229775986913,True,1.0,5109.322668712211,5473.304313273638,5913.242351021937
171,0.0871832145024957,0.048612001029006,0.0197079524668268,0.0188632100468716,0.4045474901621301,8.914657258103267,301.2014409426539,96.77467600113886,True,1.0,7940.901860924907,8028.989332506497,8152.3019405521045
172,0.3849967765493054,0.1025457928830845,0.2260551373844836,0.0563955806896826,0.6383571691471743,15.81970368663412,267.6784293148128,280.84215313112173,False,0.0,10799.05077048419,11330.270874097414,11907.047047258631
173,0.331261142176991,0.1255434317709282,0.147368334638514,0.0583492129926768,0.4054563366576581,8.928886786143512,301.2616598672686,97.11408506014388,True,1.0,6237.684998419491,6506.592083494373,6837.969139851366
174,0.0978955673946482,0.0408541107590639,0.0318249885073021,0.0252164260067276,0.3847607178575389,8.526598552267737,299.4949059017736,87.74950373995063,True,1.0,7473.301588925071,7558.822448393196,7662.523992883952
175,0.4041986740582305,0.1343243513493581,0.2392878981410032,0.0305859836017509,0.3912562832437979,8.650794884269601,300.0412968317316,90.58143714308402,True,1.0,5382.488036961063,5676.463964452545,6030.942924362254
176,0.4702292921764571,0.1427443326594411,0.2065325045845474,0.1209522291804261,0.4354521483132402,9.604446189230291,300.67022384519805,112.68488941041724,False,0.0,5757.443345470315,6178.421058419311,6642.941242671364
177,0.4702292921764571,0.2794487911644474,0.1462410254179854,0.0445390336420801,0.4273824883145466,9.37779373317938,302.3328538448315,107.88607436300887,False,0.0,5654.267731655839,6138.683346074065,6851.488307800301
178,0.0091109128257748,0.0035582846513401,0.0033563407058116,0.0021962837999474,0.3783328882267785,8.401108025710876,298.941478626224,84.94095228000847,False,1.0,7897.643668270431,7905.091019878772,7913.978714446701
179,0.3415033867081784,0.0198778527504962,0.2623342628859337,0.0592909918439055,0.4456926890881283,9.901882176470863,298.58062843020326,119.1392603812646,False,0.0,6617.714620381716,6878.434774622401,7155.461445886902
180,0.0045985258083148,0.0025293117445247,0.002053545310816,1.566565796301845e-05,0.3982424154252496,8.792568647295091,300.6668252066286,93.88032240293047,False,0.0,8341.099444724854,8345.289328405952,8351.421370824099
181,0.3288064461501717,0.1884254182051815,0.0208914937791569,0.1194893111442633,0.4054563366576581,8.92820423661751,301.256159326569,97.0961464259704,True,1.0,6505.00925839607,6893.373375725807,7409.793484445748
182,0.1872700594236812,0.155724849803293,0.0037364489998892,0.0278086000644952,0.3982424154252496,8.790785089181513,300.6570405100734,93.83722188016448,True,1.0,7212.725709020184,7453.182124175332,7835.982804031382
183,0.4041986740582305,0.0873692263448761,0.1032754687654218,0.2135536668412984,0.3912562832437979,8.646813624754039,300.0173328375216,90.48603892973811,False,0.0,5693.626296127379,6088.846831871224,6634.93534234813
184,0.4037200775820312,0.1748503690950442,0.1589236663821139,0.0699458469792546,0.3612044566247643,8.056544112765648,297.40797336534877,77.49655122690497,True,1.0,5144.964253266552,5453.032763934065,5852.71375074357
185,0.0871832145024957,0.0152587249887028,0.0210173403155152,0.05090709485274,0.4031332038221146,8.886223586604029,301.0758998340403,96.09531378007992,True,1.0,7915.025871656651,8004.15274883147,8133.445337498826
186,0.3974056517708242,0.1433337314184874,0.2151395411403412,0.0389319812734737,0.4085728963394133,8.9891776437158,301.52608186156095,98.56585518373704,True,1.0,5723.500838408015,6030.662445580972,6411.470581222588
187,0.4702292921764571,0.0891428274298514,0.2913316298914893,0.0897545164126969,0.3854494482864968,8.534322540515072,299.525784657246,87.92230627824594,True,1.0,4857.172177357435,5178.370762830021,5495.370093044166
188,0.070042007618262,0.0366872812319,0.0051430072819404,0.0282116664485807,0.4225556872701355,9.26447036478531,302.728560080171,105.35444172239592,False,1.0,8436.888199662446,8520.218466038217,8633.60766592525
189,0.4702292921764571,0.1202152729486016,0.1788614944894545,0.1711520472811891,0.3847607178575389,8.51939976061993,299.4567581655631,87.58328395172413,True,1.0,5089.466021579073,5483.031603272804,5939.242761690131
190,0.3849967765493054,0.1442480836133131,0.1686683886236904,0.0720801095847173,0.3756042394981304,8.342129007967138,298.67659891111845,83.6368848829892,False,1.0,5443.187499024508,5733.088717109389,6087.321043914336
191,0.314471423389942,0.0553642931620523,0.1929469172530841,0.0661599930852658,0.4225556872701355,9.260404429182788,302.70947144199306,105.25132110558518,True,1.0,6506.258332965314,6745.984356982809,6976.150928689152
192,0.3675355219019429,0.1670507691968378,0.1974636518850152,0.0030205040693174,0.3982424154252496,8.7889182395414,300.64944091809843,93.79372929010437,True,1.0,5741.188889530969,6046.081552233013,6461.410658066924
193,0.3925879806965068,0.1672661058064719,0.1604164164722071,0.0649052830733525,0.3847607178575389,8.522910922179408,299.4762065902514,87.66481359454819,True,1.0,5541.431891342629,5855.359847324895,6265.419775648216
194,0.3300986883588656,0.1214580939534184,0.035718644305734,0.1729214677064075,0.5910442791154545,14.304827039405888,274.03255336594924,233.43749593887057,False,0.0,10894.349672357082,11524.538415916208,12379.835012243193
195,0.1410172862856532,0.0529404333891111,0.0634714936392412,0.0246052906167344,0.4032318631339168,8.888198006042114,301.0851917016277,96.1427545728498,True,1.0,7508.62753330254,7621.463578347817,7760.748872648407
196,0.4315517129377967,0.1830890651291577,0.1545298200191195,0.0939325838706987,0.3770869310163224,8.370674380487046,298.80189093071897,84.2649593223586,True,1.0,5237.052052672598,5589.364727876304,6038.492140947572
197,0.0871832145024957,0.0082026637878262,0.0747881904691184,0.0041922675522313,0.3912562832437979,8.654567669106815,300.05985904932515,90.66945279572906,True,1.0,7554.622886582394,7610.759392278719,7677.586916499368
198,0.3612260576307526,0.2120513482882244,0.0183644623063893,0.1308094917931853,0.3982424154252496,8.786874660785399,300.635775260777,93.7428808366966,False,0.0,6199.735400994282,6623.504225929888,7195.212173538842
199,0.0071967443148779,0.0018307521606306,0.0044187253587938,0.0009472623343707,0.3968055921327309,8.764391085693548,300.5430566129447,93.21945072265709,True,1.0,8291.811686862397,8296.929163678906,8302.415697550256
200,0.3925879806965068,0.1001736465304479,0.2020970489694133,0.0903170424207003,0.3612044566247643,8.055786261413868,297.40424158816825,77.48043555750554,True,1.0,5142.009357982973,5411.018543865781,5695.631824099391
201,0.0071967443148779,0.004521019524661,0.0016044123175624,0.0010713074273878,0.5829238882225991,14.063431788572313,275.15164438796154,226.28859839013128,False,0.0,13972.844531494435,13985.234316337926,14003.538212954096
202,0.0071967443148779,0.0013016828891206,0.0015799921795812,0.0043150646100969,0.4031332038221146,8.888034479632353,301.0854529614574,96.13946693942236,True,1.0,8430.11514579093,8437.672641236515,8448.701223826145
203,0.3299920230170895,0.1738020609737334,0.1353902579266719,0.020799524922648,0.3730939729486379,8.294349570001954,298.4665955032156,82.59162052697975,True,1.0,5730.3035619099255,6001.108308201907,6387.751719216376
204,0.1410172862856532,0.0505418785854492,0.0562523805903783,0.0342229615791348,0.4032318631339168,8.888000331023047,301.08402390286545,96.13785632677975,True,1.0,7526.3303117556015,7647.741635221735,7785.731446801438
205,0.4037200775820312,0.1718055562035359,0.1631865070754116,0.0687278225753476,0.3730939729486379,8.292500248890276,298.4565723358526,82.55029585128563,True,1.0,5306.02093941263,5622.121464921969,6027.448315329839
206,0.2144970136875091,0.0858721822954284,0.0862921026158228,0.0423326144128392,0.3770869310163224,8.373781004202671,298.81842419559064,84.33507508379405,True,1.0,6568.902875702065,6739.743260417687,6948.48273170505
207,0.0091109128257748,0.0031319325636702,0.0029541854520673,0.0030247915809407,0.3809371606507797,8.452493159899234,299.1686846334236,86.08481547550134,True,1.0,7953.0085940697645,7960.878037736188,7970.040354159601
208,0.0071967443148779,0.0019363191210619,0.0042585359986384,0.0010018844768546,0.5015757117343571,11.557036909060326,288.09826631856805,158.00853741665955,False,0.0,11248.803353383526,11255.862771915297,11263.515250317862
209,0.3974056517708242,0.1096559992946947,0.1803010970812682,0.1074483372334864,0.4085728963394133,8.987531100042457,301.51677863585917,98.5247108864703,True,1.0,5838.9001320614425,6162.2957226121125,6524.941699803633
210,0.3288064461501717,0.163541469641709,0.0615555395841709,0.1037092433555277,0.4183805487625825,9.17947748827592,302.35490106975016,103.2283177972448,True,1.0,6638.5129521311765,6991.967537926718,7447.276847940613
211,0.3849967765493054,0.149451376649055,0.0620169745609089,0.1735282315663313,0.4032318631339168,8.882625895413131,301.0547537324245,96.00628347716513,True,1.0,6074.014120553562,6483.9966723196585,7020.114276868477
212,0.3572979613500311,0.1450741812266072,0.0892971599223983,0.122926390764297,0.4225556872701355,9.259330082967807,302.7022970554144,105.22263888734008,True,1.0,6482.011477908464,6846.641346027844,7289.79505760983
213,0.4037200775820312,0.0036408473835278,0.2796543712634498,0.1204245229907403,0.4045474901621301,8.907921454376606,301.1683055226825,96.61135750856592,False,1.0,5482.974734774726,5788.251334279894,6137.800882127574
214,0.4526909882096318,0.3415346759340076,0.0562954375238895,0.0548602737848058,0.3770869310163224,8.372283609102212,298.8096488619634,84.30083112415694,True,1.0,5203.035950418799,5711.124461896845,6489.59815538632
215,0.1596568187952074,0.0576968079617437,0.0808536781219144,0.0211062108525251,0.3711706242201289,8.257600106034413,298.304582533184,81.79263946390832,True,1.0,6771.871592028287,6886.993154829668,7026.138507893784
216,0.070042007618262,0.0150082070964316,0.0275089929563505,0.0275247786105338,0.3823674280979913,8.479586907880034,299.2874107751735,86.69096085056488,True,1.0,7592.746290865779,7650.835198737396,7719.658026687829
217,0.070042007618262,0.0253283914331768,0.0142757682865792,0.030437799033095,0.3770869310163224,8.375395175048222,298.82668538967846,84.37133904835181,True,1.0,7513.710507033267,7581.274500974003,7668.988043266458
218,0.4315517129377967,0.1556037318942662,0.1714505270746124,0.1044971826165448,0.4845336565934959,11.037052436152482,291.17167426572456,145.24431915802137,False,0.0,7073.4525954391975,7545.4123718373085,8081.135532518804
219,0.1466053858490322,0.0556641284161504,0.0363976827620996,0.0545434639266107,0.4085728963394133,8.991689381391597,301.53728665884967,98.6267338033929,True,1.0,7638.919154014302,7782.339989343835,7962.756096045829
220,0.2044764722071349,0.0764720059809392,0.0859136439505399,0.0420907085657563,0.4019882960212537,8.862913377374205,300.97358439599304,95.540852155707,True,1.0,7066.765977260605,7235.090801876971,7434.685411311628
221,0.4702292921764571,0.2381686492949327,0.1185858597593847,0.1134744665661693,0.5874737131177545,14.19256989905473,274.53632764758885,230.08817441295943,False,0.0,9096.726176794466,9876.15969345603,10898.042584155844
222,0.3948090713972769,0.027328789763743,0.2193330037729828,0.1481469782228202,0.3968055921327309,8.756495956113026,300.50260370498864,93.03128721959372,True,1.0,5574.540736784146,5887.426060176727,6273.596611586945
223,0.4041986740582305,0.1163623226174169,0.0938247196948472,0.1940113482002433,0.3912562832437979,8.647440469022941,300.02073489119545,90.50083681964416,True,1.0,5715.753082079312,6119.2269860845345,6644.271710225919
224,0.3849967765493054,0.1442480836133131,0.1686683886236904,0.0720801095847173,0.3756042394981304,8.342129007967138,298.67659891111845,83.6368848829892,True,1.0,5443.187499024508,5733.088717109389,6087.321043914336
225,0.3612260576307526,0.0329293192892109,0.0139111444064385,0.3143850218359252,0.4824591504120131,10.96804816597684,291.5814146353642,143.5795764961086,False,0.0,7874.8304678391305,8512.22365136227,9507.01661682738
226,0.4438520913791499,0.2596464375096081,0.0401075163611616,0.1440977268741191,0.4225556872701355,9.25853717729805,302.6973042899038,105.20167842337224,False,0.132,6016.842078388161,6543.561484183838,7277.061661543645
227,0.3288064461501717,0.1173190121348587,0.0413853446254523,0.1701017636762006,0.3851201049282817,8.528460996058024,299.49723813275705,87.78822889414847,True,1.0,6153.215146773314,6500.876342559446,6977.076045599723
228,0.4812236474710556,0.115403779270807,0.2279125965891786,0.137906813263596,0.3928975046158507,8.679632298201716,300.16435896325737,91.2443293881012,True,1.0,5038.033741962809,5407.99801546871,5819.128417833895
229,0.070042007618262,0.0297158493643735,0.025080606811513,0.0152455118536925,0.3770869310163224,8.375692303900196,298.82839696936054,84.37812050959339,True,1.0,7491.465086836057,7548.685738422427,7621.63049752421
230,0.0045985258083148,0.0030685855016929,0.0015095401037297,2.0396173289242005e-05,0.3847607178575389,8.5279544036034,299.50206811590647,87.78081862291452,True,1.0,8059.592999312415,8064.158759470069,8071.155901591077
231,0.0091109128257748,0.0040409799842546,0.002575710324209,0.0024942183509652,0.3968055921327309,8.764352444844798,300.5429023484544,93.21855569556725,True,1.0,8284.643037870848,8293.325997736552,8303.68095391253
232,0.0505613380613951,0.0425959418081509,0.0041970178973798,0.0037683335517191,0.4054563366576581,8.933099666850985,301.28273425654487,97.21674970515402,True,1.0,8196.234173733523,8260.79082592754,8365.244456348739
233,0.0871832145024957,0.0340693466789051,0.026650811533301,0.0264630182703392,0.4183805487625825,9.183392616341598,302.3755666234608,103.3279923630101,True,1.0,8204.588195752896,8288.469830054459,8388.156114715237
234,0.4315517129377967,0.0873604588837448,0.2198146858067631,0.1243762212790534,0.3770869310163224,8.36937409210247,298.7954153908326,84.23586701197998,True,1.0,5118.421976237003,5432.09466056659,5771.6275389623015
235,0.0071967443148779,0.0027170977347437,0.0031219215645865,0.0013577213476037,0.3730939729486379,8.297539318752051,298.4829236897187,82.66240897171396,True,1.0,7799.089495664771,7804.483550507782,7811.070431049703
236,0.3299920230170895,0.1121681925278041,0.1713136700627433,0.0465097597312574,0.3823674280979913,8.476564868075938,299.27252174685816,86.6222978890945,True,1.0,5838.9342374145235,6076.425123517134,6362.775258063031
237,0.4702292921764571,0.29815925007555,0.1377587001515944,0.0343108704065312,0.3756042394981304,8.342819892911598,298.68011048856835,83.652315382016,True,1.0,4951.450391513353,5390.833348593806,6057.335766034266
238,0.3288064461501717,0.1961989190690862,0.126704405845281,0.0059028890134675,0.3730939729486379,8.294787512250863,298.4689865103879,82.60141794507088,True,1.0,5722.229089919062,6016.721873128476,6454.801900359166
239,0.4702292921764571,0.0826720618557527,0.269855612507209,0.1177012894660967,0.3770869310163224,8.368931047473813,298.79366368418164,84.2262058359168,True,1.0,4794.6359874342115,5128.771841641473,5458.291520589765
240,0.3299920230170895,0.0892725838030956,0.2154693783127403,0.0252498433664127,0.3823674280979913,8.476796374255112,299.2742593502712,86.6278938236942,True,1.0,5727.323869087582,5956.954553351428,6213.233184405572
241,0.3531211135782481,0.0253026998254453,0.2092245385433369,0.1185933167004077,0.3546369849586602,7.924341801795088,296.8173338425298,74.74493664082196,True,1.0,5217.345086203313,5463.931212977377,5745.039947916521
242,0.0871832145024957,0.0399442539480638,0.032626770668616,0.0146121055212213,0.3982424154252496,8.791505399345981,300.66133164511496,93.8548337737433,True,1.0,7792.722397994799,7867.573368116539,7966.526972371893
243,0.4812236474710556,0.2474578241520863,0.1456404652064146,0.0881250652198392,0.3744046341925699,8.317583392148682,298.5665779667349,83.09778004691871,True,1.0,4923.686097595015,5335.775544121172,5909.82158410548
244,0.4037200775820312,0.2014984694547033,0.1831444548951396,0.0190769283684167,0.4183805487625825,9.180401593282886,302.36168349015225,103.2531078590672,True,1.0,5857.379496604984,6213.532146566059,6728.661118371853
245,0.0871832145024957,0.005050551000819,0.0330245251955827,0.049108088533016,0.4243192968503472,9.297694525888254,302.87264482532754,106.19121220491157,True,1.0,8299.58900571701,8389.994982478958,8520.742686865135
246,0.070042007618262,0.036776947332536,0.0130513453836704,0.0202136738605373,0.3982424154252496,8.791600871381911,300.6617178998863,93.8570571266287,True,1.0,7934.44767411508,8007.072201412644,8100.619106262318
247,0.070042007618262,0.0277529690074595,0.0238194866864423,0.0184695233103925,0.3711706242201289,8.258549706428964,298.30924643793657,81.81348311849314,True,1.0,7377.311121672934,7435.101506168703,7503.633746591785
248,0.1871353978780601,0.0730860921101276,0.0689382244575445,0.0451110059568982,0.4611926441200673,10.35578832174261,295.5282506663049,129.3043191079134,False,0.0,8558.167501062535,8751.128803933534,8981.409474638824
249,0.3925879806965068,0.1062016518216443,0.1330770451634014,0.153309024924738,0.3730939729486379,8.290570865678186,298.4452992179256,82.50675538040423,True,1.0,5443.344844812456,5782.291254862423,6173.505557795294
250,0.4063997836287513,0.1755631107080775,0.2199911170116519,0.0108451281058632,0.3730939729486379,8.293553907003117,298.4633248691723,82.5744014485071,True,1.0,5125.0687879322095,5436.588504534541,5847.527055076938
251,0.4037200775820312,0.1481450219965775,0.1566025262657272,0.0989723639961461,0.6458003191468613,16.05803297131581,266.753130553275,288.674775202331,False,0.0,11078.445440462629,11745.949837519736,12508.676987505642
252,0.3766890926294708,0.0917029588967304,0.1544054989158283,0.1305803910943268,0.4225556872701355,9.258440619369,302.6985025355126,105.20035060036324,True,1.0,6219.817995751612,6555.136123435815,6943.124785509307
253,0.3974056517708242,0.162137215438536,0.1529354139496286,0.0823328552153552,0.3809371606507797,8.447167490537975,299.14099607424095,85.96352367937386,False,0.0,5481.354482215228,5803.163705925932,6203.88378081776
254,0.0871832145024957,0.0152587249887028,0.0210173403155152,0.05090709485274,0.3912562832437979,8.653770422921879,300.05482499905617,90.6501944320956,True,1.0,7681.837107343236,7768.338170440815,7893.821601756686
255,0.070042007618262,0.0053065993245642,0.0402617901753742,0.0244735545667812,0.3770869310163224,8.37536646640399,298.8266722728381,84.3707676942591,True,1.0,7459.443250103881,7511.143821107342,7571.910786899724
256,0.3948090713972769,0.1578235176105288,0.1499059119060483,0.0870794657563275,0.3730939729486379,8.292174177031688,298.4546048285413,82.54290277143622,True,1.0,5394.655158560856,5706.165602817401,6088.0483298725885
257,0.3948090713972769,0.2262488015677622,0.0250851263885618,0.1434748756513765,0.583144074778231,14.05673095841711,275.1591694574612,226.06917889997916,False,0.0,10056.29234980005,10824.969674085494,11847.104340149428
258,0.0871832145024957,0.0524678101754144,0.0307132513718618,0.004002097953397,0.4045474901621301,8.914957898951961,301.2032740040477,96.78219125697696,True,1.0,7905.493193866075,7989.565982671162,8115.783474387307
259,0.070042007618262,0.036776947332536,0.0130513453836704,0.0202136738605373,0.4772666027740929,10.83080973661818,292.4817032287442,140.34284152264522,False,0.0,9988.647463030995,10080.074217625548,10197.840077604618
260,0.0871832145024957,0.0248410871221496,0.0399452233251066,0.0223968438515968,0.4243192968503472,9.29836297364374,302.87634898108655,106.20863861956536,True,1.0,8293.746674899015,8366.831178033015,8448.541215843894
261,0.0091109128257748,0.0035582846513401,0.0033563407058116,0.0021962837999474,0.3783328882267785,8.401108025710876,298.941478626224,84.94095228000847,True,1.0,7897.643668270431,7905.091019878772,7913.978714446701
262,0.4812236474710556,0.1299782896889311,0.3347425589962507,0.0165021478326625,0.6219063155284208,15.29022505455213,269.79936680837375,263.80170829220305,False,0.0,8822.389222861395,9475.697034868663,10208.976391918888
263,0.0871832145024957,0.0417875892138946,0.0231948840812212,0.0222006812312635,0.4045474901621301,8.914547186465384,301.2008354937139,96.77196574217822,True,1.0,7936.7473459799385,8022.785573159694,8130.441875709894
264,0.070042007618262,0.0322856971895401,0.0040063866731907,0.0337498877260582,0.4183805487625825,9.183473031018073,302.37573351198483,103.32986854722829,True,1.0,8354.210258381318,8442.349735910026,8556.236586442972
265,0.0871832145024957,0.0516777021553606,0.031809051030115,0.0036963795880533,0.3912562832437979,8.654882283286277,300.06106671226297,90.67659420519794,True,1.0,7643.059320697412,7723.963719796207,7844.140414230205
266,0.4707324043882626,0.2045490377209724,0.1399291368106939,0.1262540189616997,0.3730939729486379,8.290758998415733,298.4464833280777,82.51104613585152,True,1.0,4990.957081594587,5407.741757469519,5902.840724467752
267,0.4812236474710556,0.2850686888812353,0.1677762123978319,0.0283784087828048,0.3744046341925699,8.31897175195281,298.5746981902943,83.12924873579364,True,1.0,4817.742794609087,5243.272928313979,5878.381015902548
268,0.4041986740582305,0.083757965875469,0.1157136248652776,0.2047267841112542,0.4031332038221146,8.879243915492477,301.0390030407605,95.92520317633353,True,1.0,5841.564165134714,6237.718689272131,6773.181941955188
269,0.2463125521454295,0.0930707494932185,0.1304251082153384,0.0228164978660202,0.3982424154252496,8.789629721675507,300.652528779226,93.81042011217494,True,1.0,6645.065483412729,6833.2873821135,7074.205218599056
270,0.070042007618262,0.0206886743967201,0.0017917187709238,0.0475615407657502,0.4031332038221146,8.886554565398333,301.077429943206,96.10324833522678,True,1.0,8052.674274620585,8139.223518860266,8268.521444489554
271,0.1466053858490322,0.0990584876077737,0.0457680534424873,0.0017786881364681,0.3756042394981304,8.346142304854753,298.6974888029955,83.72681196013218,True,1.0,6960.271478370108,7101.41240335217,7323.172142457612
272,0.2044764722071349,0.0753408348877281,0.1166600656535146,0.0124754441496538,0.3546369849586602,7.928405656507762,296.8393723757168,74.83056290889574,True,1.0,6157.090958012994,6295.069285148627,6469.936055025838
273,0.2343303209970631,0.0192368883237922,0.1122933449023208,0.1027997461054236,0.3856453748804215,8.540641920271062,299.55402741593724,88.06554022011159,True,1.0,6547.921979769304,6742.1234488306545,6994.480641441713
274,0.4812236474710556,0.0515256707238961,0.1450717872755776,0.2846257510531678,0.4273824883145466,9.368085268811072,302.36901500240293,107.66664120070168,False,0.0,5631.6974689163135,6156.414753688896,6912.895104699247
275,0.3612260576307526,0.0606487277748545,0.1611507357670363,0.1394263780821036,0.4031332038221146,8.881032289531754,301.04950210792947,95.96942242607732,True,1.0,6005.7046450520575,6308.6257872638525,6672.592758971745
276,0.4315517129377967,0.2828896750268725,0.1247079603924274,0.023953700641178,0.3770869310163224,8.372705678828058,298.81293605571864,84.31093042582665,True,1.0,5205.223979420358,5616.320423020557,6252.3449233103165
277,0.4812236474710556,0.1758889905601395,0.2758368012186804,0.0294975541865653,0.3546369849586602,7.925365685398334,296.824025208613,74.76706407064177,True,1.0,4397.484185292051,4721.0679342838275,5129.795616083749
278,0.4812236474710556,0.1921283606909027,0.098499401856935,0.1905956868343332,0.3711706242201289,8.251211802840688,298.26870058239626,81.65009264438238,True,1.0,5002.302311919325,5449.722789275908,6024.291461029207
279,0.4702292921764571,0.1121635055959321,0.2737328634388651,0.0843326239357159,0.4357136258845582,9.612760208905408,300.61124931327925,112.86371968984096,False,0.0,5591.854490171716,5965.296079957369,6352.599552565282
280,0.4315517129377967,0.2634017456676353,0.1003444679547837,0.0678051960664599,0.3912562832437979,8.65067927351416,300.03873552748854,90.57756752847231,False,0.0,5494.909480354208,5924.96754773696,6543.817382592033
281,0.4816112697203056,0.1752199061372634,0.2859753138001512,0.0204155983828873,0.3912562832437979,8.650238793372601,300.03877168166605,90.56859251716791,True,1.0,4813.916179015656,5175.5212451049465,5620.544133610486
282,0.070042007618262,0.0008712996221429,0.067348453444426,0.0018221828661908,0.4183805487625825,9.183847352677684,302.3784907484109,103.33992243948468,True,1.0,8193.533235850493,8246.246799377843,8306.134584468859
283,0.1872700594236812,0.0956795944588947,0.088883548237636,0.0027068099527688,0.6409636480122918,15.912549434366523,267.3304134690329,283.89656276366907,False,0.0,13576.950604519081,13890.230845397053,14345.207910898402
284,0.0071967443148779,0.0024462585322639,0.0037361529827679,0.0010143240611453,0.3629479735851728,8.096160225780089,297.58847794524496,78.33427749375925,False,0.0,7585.69854520644,7590.617672410658,7596.548816800628
285,0.4455715568490355,0.2659767894026103,0.1667822802615704,0.0128119831556139,0.6478894388357901,16.130741934946847,266.4802687850291,291.09161289985394,False,0.0,10396.632627601837,11229.078342622846,12453.374876133581
286,0.4680773870803905,0.0425784733972807,0.1334374359243622,0.2920610581487545,0.4243192968503472,9.287112407539114,302.817712497002,105.91810051650212,True,1.0,5685.97273677884,6197.338327539957,6973.591664470054
287,0.3299920230170895,0.1563297100282231,0.1131239012522662,0.0605381471446747,0.4019882960212537,8.861445383062016,300.9658396337505,95.5051921201381,False,1.0,6258.483843840504,6549.917353475841,6943.578320608687
288,0.4037200775820312,0.0036408473835278,0.2796543712634498,0.1204245229907403,0.4045474901621301,8.907921454376606,301.1683055226825,96.61135750856592,True,1.0,5482.974734774726,5788.251334279894,6137.800882127574
289,0.3572979613500311,0.0289591732837872,0.2603706930613094,0.067967702585946,0.3711706242201289,8.254013992377203,298.28661164124304,81.71376180871673,False,0.0,5328.645830715898,5554.975277909637,5786.193625830789
290,0.3974056517708242,0.127063129475652,0.1458372531450733,0.1245050163571173,0.5161562853203963,11.985456365845144,285.62523358159405,168.85509683331316,False,0.0,8111.963033850738,8600.400232541991,9152.578715293774
291,0.0045985258083148,0.0009054847423195,0.0017882549436242,0.0019047825260706,0.4354521483132402,9.61495173059424,300.638429560084,112.92895393865852,False,0.0,9218.69745189004,9223.18937247002,9228.537941802493
292,0.0871832145024957,0.026419870301578,0.0348753224247893,0.0258879692136121,0.4243192968503472,9.298306144247237,302.8760306520025,106.20715467582396,True,1.0,8304.399074443836,8382.716948323374,8470.98434604506
293,0.070042007618262,0.0358678171484987,0.012728714689956,0.0214454357528399,0.4183805487625825,9.183737070375656,302.37714575324776,103.33660521964102,False,0.0,8337.443692358795,8413.089989545253,8512.421790974422
294,0.070042007618262,0.0233075000990493,0.0300980215157833,0.0166364549522141,0.5069293532510446,11.716610717534586,287.17230292564585,162.0149803083734,False,0.0,10845.288197337723,10924.216779536346,11012.299823585903
295,0.0871832145024957,0.0235481468339504,0.06064525814027,0.0029896915951817,0.3639351238159993,8.114945698025586,297.67173540811547,78.7321638825682,True,1.0,7058.32019373458,7117.074221880327,7183.020342822081
296,0.3146993190676312,0.0283000960652868,0.1386810536985102,0.1477178904069606,0.4243192968503472,9.292575708376498,302.84686615918616,106.05959022242511,True,1.0,6640.5676987476445,6944.194689018762,7334.170292999373
297,0.4812236474710556,0.0838629781793464,0.165622211294353,0.2317381249200128,0.486362319430332,11.084750576912588,290.8617845582436,146.38170595868698,False,0.0,6740.5602973562845,7319.933768046263,8086.773260521559
298,0.3137790400420317,0.1830882609672588,0.0176828292855537,0.1130077610208912,0.3783328882267785,8.396494343111712,298.915807630147,84.83577104229126,True,1.0,6157.7955451766675,6506.079883705006,6974.419587348927
299,0.2921571559615501,0.1184776714390327,0.112301983847048,0.0613773760558326,0.4054563366576581,8.929318519511236,301.26354612533845,97.12443110934022,True,1.0,6547.68180567409,6798.526056374867,7110.565961755232
300,0.0227231901707289,0.0002384435993121,0.0145979735797655,0.0078867509902426,0.4243192968503472,9.29934022697334,302.8811635141406,106.23370766546138,True,1.0,8745.57112607247,8764.492118576885,8787.37277930385
301,0.3766890926294708,0.1359780848425877,0.1015385066618515,0.1391721397306908,0.4225556872701355,9.25862639811433,302.6987157372429,105.20461286496273,True,1.0,6338.819290073647,6716.044679629099,7176.493693491271
302,0.2044764722071349,0.0907555666394527,0.0794906257199634,0.0342301843569043,0.3546369849586602,7.928136711174836,296.83747580284785,74.82467895603907,True,1.0,6239.41378652897,6393.467652104113,6595.873584643058
303,0.0505613380613951,0.0349002349957162,0.012385340653257,0.0032757234652352,0.4054563366576581,8.933053219513253,301.2825904110014,97.21567316739343,False,0.0,8185.480364456203,8239.899736932704,8323.708356478228
304,0.3925879806965068,0.0869023934850866,0.1802360911867745,0.1254492842653627,0.3730939729486379,8.29095828749016,298.44813300509577,82.51580470384508,True,1.0,5357.7197097068365,5648.424863514485,5981.156308553669
305,0.4451318919454581,0.0404912455559956,0.1268962354277561,0.2777440119213014,0.3982424154252496,8.78123213173724,300.6063667899653,93.60762891175416,False,1.0,5485.222242849748,5941.673289781242,6634.566309427784
306,0.3948090713972769,0.1069498924648427,0.1718106291260494,0.1160483150904679,0.536039779340461,12.591972650879011,282.3426401671363,184.8076590500489,False,0.0,8511.011909502718,8984.255704854237,9522.24708450965
307,0.4812236474710556,0.300879093192511,0.1542531805515094,0.0260910635135729,0.3744046341925699,8.31913072765598,298.57529565224786,83.13267205015418,True,1.0,4834.4806441809715,5272.934066035348,5949.101996311757
308,0.2044764722071349,0.0975565433016311,0.0458003149018653,0.0611194488867606,0.3546369849586602,7.927724567307494,296.8346402420119,74.81569750827487,True,1.0,6305.344435169183,6486.144887105163,6714.530103971116
309,0.3766890926294708,0.0958142654341007,0.232969638227559,0.0479049343184435,0.3809371606507797,8.4476097022182,299.1443577866675,85.97418682562,True,1.0,5425.609125048763,5682.608326497631,5956.291390232292
310,0.3849967765493054,0.0220762186927125,0.1825452106150206,0.1803748599509592,0.4891095214819946,11.169855688590516,290.3531391744896,148.44660618558947,False,0.0,7460.567050808862,7903.246822681778,8487.146974088771
311,0.3572979613500311,0.1450741812266072,0.0892971599223983,0.122926390764297,0.4560056684078158,10.199553333108463,296.5517011498967,125.7571460926938,False,0.0,7205.7643160076395,7611.107148429309,8103.7414506527575
312,0.291828055925436,0.0117580443969396,0.1383812485319326,0.1416886117378089,0.3809371606507797,8.446348875710878,299.13615480867304,85.94456091952794,True,1.0,6085.180153407393,6331.8689448373525,6670.948606349737
313,0.4871974038330832,0.0497464695071252,0.3252820405858507,0.1121684034896577,0.6458632233438809,16.05491988199749,266.75376184771216,288.561107955872,False,0.0,9392.251832764685,10064.378176245213,10749.698700112975
314,0.3490808570098725,0.1469813012071507,0.0879331620610664,0.1141662297167382,0.4183805487625825,9.178834634962788,302.3518589519777,103.2121909059711,True,1.0,6468.64579581987,6818.425571738266,7251.929124847379
315,0.3925879806965068,0.131466210267589,0.1647350535622798,0.0963863965165383,0.3730939729486379,8.291837858636285,298.4528557855254,82.53542899584704,True,1.0,5382.804523773028,5689.155202457259,6030.423187654933
316,0.1466053858490322,0.0696445712365604,0.0428681545045135,0.0340925499641514,0.5941385059120846,14.413464641843047,273.56457686421584,236.7161745295886,False,0.0,12803.414366268767,13041.088954703584,13348.901307728655
317,0.3423655862769396,0.15077833092405,0.029020981411169,0.1625660954794919,0.3744046341925699,8.317329957355918,298.56365203409865,83.09125274234893,True,1.0,5922.896983655676,6299.709239078662,6776.300470634902
318,0.0071967443148779,0.0048641055095297,0.0019567781515379,0.0003758547402719,0.6349399739875772,15.722178573444566,268.08491390866743,277.68818870074284,False,0.0,15805.552639566817,15819.654105498616,15841.503619882773
319,0.0071967443148779,0.0029384609896618,0.0041141741652458,0.0001441034908733,0.3823674280979913,8.480767502857315,299.29376059259755,86.71809504742154,True,1.0,7989.759292248702,7995.258614063023,8002.434437378143
320,0.3067075979678949,0.0212303821544487,0.1703889388970072,0.115088044142738,0.3968055921327309,8.758371565140333,300.51218343864565,93.07594916106017,True,1.0,6191.92976747982,6435.05468034359,6735.1252641733145
321,0.2091215181453094,0.0642091481158427,0.0758989194263474,0.0690132212305823,0.3856453748804215,8.541941609756732,299.5607021159223,88.09551264240523,True,1.0,6778.48627590426,6955.51555678514,7159.741643815686
322,0.0071967443148779,0.0031676940779508,0.0037137045333886,0.0003153419542347,0.3744046341925699,8.32350198855544,298.59805039102196,83.2302725595337,True,1.0,7824.378329336833,7829.858868240832,7837.315916925957
323,0.2343303209970631,0.0107649080665693,0.12112774987231,0.1024374718631256,0.629818545006204,15.54562467786633,268.77055520250315,271.9632242305516,False,0.0,12644.287025807758,13011.097994438871,13503.541199956373
324,0.4609371175115584,0.1593277246685032,0.0833793187508364,0.2182298221133234,0.4273824883145466,9.371644882247404,302.35795233199804,107.74765438393028,False,0.0,5931.820020793591,6445.881131097537,7131.3805931772495
325,0.070042007618262,0.0616414164597115,0.0053775485601852,0.0030229236751738,0.3579100923491756,7.9954046466263025,297.1392114682172,76.21897139384076,True,1.0,7119.824808851922,7202.001812371165,7334.608263794903
326,0.0071967443148779,0.0024462585322639,0.0037361529827679,0.0010143240611453,0.3629479735851728,8.096160225780089,297.58847794524496,78.33427749375925,False,0.0,7585.69854520644,7590.617672410658,7596.548816800628
327,0.3974056517708242,0.1034719717457109,0.1585635886569181,0.135369816515498,0.4085728963394133,8.98691025937861,301.51308246458933,98.50907986142064,True,1.0,5883.045174565075,6229.616450833479,6631.282916929337
328,0.4041986740582305,0.1739435511171292,0.1402533445464948,0.0900013545379074,0.3730939729486379,8.292116111351271,298.4540031573674,82.54145070853856,True,1.0,5358.201959874363,5690.276034214119,6111.920209909949
329,0.4052766653909164,0.1464589493319998,0.2052408992056379,0.0535765075234338,0.6461828387944833,16.072730635125488,266.6978903118976,289.16321586286114,False,0.0,10829.849453653016,11439.989310321096,12177.454331718029
330,0.0091109128257748,0.0033489909895115,0.0025274937769103,0.003234424606464,0.3951250673310584,8.731419268781462,300.3981292528863,92.44957329906975,False,1.0,8250.100820578566,8258.527840672408,8268.901001367527
331,0.4812236474710556,0.1985495413879002,0.2327732141455614,0.0499006569330448,0.3744046341925699,8.317944648300982,298.5696581782979,83.10649281458245,True,1.0,4740.037214086346,5102.768083462124,5574.297093876692
332,0.070042007618262,0.0366872812319,0.0051430072819404,0.0282116664485807,0.4031332038221146,8.88703070167568,301.08001554937766,96.11490282807934,True,1.0,8049.092398192168,8128.592445810598,8236.769788599653
333,0.3137790400420317,0.163559464167727,0.0492654261294259,0.1009539811112023,0.3783328882267785,8.396573745187801,298.9167719608114,84.8378698419078,True,1.0,6109.949686893639,6421.288726623858,6835.574440866045
334,0.3925879806965068,0.0986272348523971,0.2045534832985544,0.0894070222157818,0.3612044566247643,8.055790117342664,297.4043689489362,77.48057262257107,True,1.0,5136.717633297852,5406.081147203104,5688.465920662432
335,0.1466053858490322,0.0113522463413542,0.0739502951468255,0.0613027198927966,0.4085728963394133,8.991223431838563,301.5353840362087,98.61555085255348,True,1.0,7547.033721235769,7673.598150999676,7834.444705392709
336,0.1904454283155107,0.0109339189985666,0.1045117198547937,0.0749996817086001,0.4019882960212537,8.861987568416248,300.9686946618492,95.51835842316564,False,0.0,7099.761531160702,7255.096075075846,7451.104760507034
337,0.2343303209970631,0.0094532006482521,0.083486970186366,0.1413899822645645,0.6014986114133414,14.638624913016772,272.5610312084941,243.5312136363857,False,0.0,11950.924233048101,12371.3315027436,12997.958914875002
338,0.0045985258083148,0.0013158116564906,0.0017785746617616,0.0015041366826572,0.4225556872701355,9.26560224929471,302.7345864566455,105.3836432239689,True,1.0,8852.297955798187,8856.419298036377,8861.28556385541
339,0.0091109128257748,0.0042776105091034,0.0021930238461852,0.0026402740601685,0.3928975046158507,8.687762470669233,300.2062960383238,91.43603546766656,False,1.0,8203.818254198613,8212.726460755493,8223.567942838394
340,0.2074097511688326,0.1033923611352241,0.0634449797825054,0.040572261856032,0.4225556872701355,9.262832249986568,302.7205833895955,105.31269426343594,True,1.0,7451.5002594647385,7651.5666643892055,7924.284820927179
341,0.0281877483254635,0.0108387792612901,0.0066715675861521,0.0106773843363491,0.3756042394981304,8.346850094792659,298.70103586413813,83.7426026546455,True,1.0,7729.738817777409,7755.451896817724,7787.989314328252
342,0.4702292921764571,0.1706302978931524,0.2182001665223664,0.0813985389649119,0.3854494482864968,8.535111335827573,299.5291175612692,87.9400672694998,True,1.0,5000.30325968402,5358.867161453844,5790.472839152385
343,0.4323611881275266,0.1596255047475409,0.0764256824862543,0.1963098045284876,0.3783328882267785,8.393100893180602,298.8975988703159,84.75883089751355,True,1.0,5409.252447061226,5835.729258421676,6395.263615892821
344,0.3974056517708242,0.127063129475652,0.1458372531450733,0.1245050163571173,0.4085728963394133,8.987324089779909,301.5151077798503,98.5192193430778,False,1.0,5910.633534569374,6266.524368152871,6668.859122835675
345,0.2044764722071349,0.0575810207248287,0.0891602232463323,0.057735130778663,0.6489910511221716,16.168384195761412,266.3414084654688,292.34754730851716,False,0.0,13715.40431622725,14037.602040992886,14401.953556208673
346,0.2777158528013137,0.0997231691062071,0.0790649377090595,0.0989276431691007,0.3711706242201289,8.254999420099917,298.2898305882735,81.73451311559151,True,1.0,6148.545364545801,6388.423643583833,6680.205504229642
347,0.070042007618262,0.0244765756097758,0.0443650421573084,0.0012003426291531,0.3823674280979913,8.480114993093126,299.29060630105033,86.7032981937988,False,1.0,7545.34030395184,7597.992589471431,7660.118111683144
348,0.4037200775820312,0.0407774808077114,0.1700018572385152,0.1929405353152986,0.6048942172032234,14.739349635397389,272.1114385969335,246.6029743913726,False,0.0,9995.86604395234,10639.027813860695,11488.71126218238
349,0.3299920230170895,0.0632584722106459,0.1152251966452249,0.1515080984144723,0.3730939729486379,8.291134964495432,298.4482597994065,82.51930309208711,True,1.0,5815.08349739919,6097.817748271852,6469.012862561154
350,0.0645797075757474,0.0445764897996062,0.0158192347805775,0.0041839332500859,0.3912562832437979,8.655112159463716,300.0621259236326,90.68191659355354,True,1.0,7807.961523429736,7875.033479007901,7978.327724263162
351,0.4770255136293612,0.1921944408930164,0.100579115045415,0.1842516537328898,0.4273824883145466,9.372703830510662,302.35335148544425,107.7713902604335,False,0.0,5796.273081214088,6306.752118466502,6959.268900072981
352,0.1143214027517313,0.0490682404979501,0.033981684639656,0.0312714270236085,0.4574488154098521,10.248136704934824,296.24895333213505,126.8642451626704,False,0.0,9046.051554569603,9172.935894355458,9324.284114445161
353,0.070042007618262,0.0227477491651087,0.0458928384479602,0.0014013648748618,0.3711706242201289,8.258809558013088,298.31095106858976,81.81941658336329,True,1.0,7321.840876661847,7372.336236439202,7430.589643365524
354,0.4812236474710556,0.1921283606909027,0.098499401856935,0.1905956868343332,0.3840672776598887,8.505775581408535,299.39545781576965,87.27541918117915,True,1.0,5176.111754553102,5639.07825430961,6233.6108255566105
355,0.070042007618262,0.0041886749694119,0.0431468461953488,0.0227064405281208,0.3968055921327309,8.763203331348771,300.5370634259329,93.191184496938,True,1.0,7842.005295524707,7896.127462950011,7957.049379290233
356,0.4702292921764571,0.0233368178353562,0.1009538975057678,0.3459380617193873,0.506092310271138,11.669511441279177,287.38637829737604,160.7890806505786,False,0.0,7342.240700180184,8091.067412328748,9259.171324090064
357,0.0505613380613951,0.0243456865811851,0.0255250182393576,0.0006906060720955,0.4054563366576581,8.933024139158503,301.28261904617705,97.21507386699366,True,1.0,8159.7522926845095,8203.15411651522,8264.564970313808
358,0.070042007618262,0.0185783252829106,0.0237816834056521,0.0276819630870165,0.3579100923491756,7.994714253687321,297.1354645866021,76.20425948847718,True,1.0,7114.085560959218,7171.794645274102,7239.546597354702
359,0.3766890926294708,0.1199992337752776,0.1330889690821255,0.1236006590768467,0.6056544500955621,14.769021662633335,271.9929548903767,247.5239739657349,False,0.0,10474.544856332575,11062.77965743946,11747.230030493884
360,0.4812236474710556,0.1611774681032518,0.1452151877223027,0.174830699608047,0.3744046341925699,8.315265704871589,298.55349955238637,83.04552230397736,True,1.0,4958.045603513296,5377.01702542762,5883.547576940697
361,0.0871832145024957,0.0355972733725291,0.0498401656437536,0.0017457068093135,0.3823674280979913,8.479966819298275,299.2898679741783,86.69992583644446,True,1.0,7436.020338387458,7502.633383357485,7589.553817790365
362,0.4680773870803905,0.1797330302127245,0.1125098317482178,0.1758343245449863,0.4183805487625825,9.176030634284842,302.337167673891,103.1409198516493,True,1.0,5694.401748892235,6167.587653510486,6765.556843544192
363,0.4451318919454581,0.0404912455559956,0.1268962354277561,0.2777440119213014,0.3982424154252496,8.78123213173724,300.6063667899653,93.60762891175416,True,1.0,5485.222242849748,5941.673289781242,6634.566309427784
364,0.3299920230170895,0.1737525816643138,0.0577112285937166,0.0985277821271878,0.3823674280979913,8.476046429028345,299.2680058642665,86.60941444974159,True,1.0,6063.034839573546,6391.850945238983,6824.000097065313
365,0.0071967443148779,0.0002044564397201,0.0053670233487428,0.0016252574229601,0.5765411767020857,13.862583847114932,276.0803336003624,220.4002180385866,False,0.0,13739.664041694987,13748.229562040637,13757.238847315053
366,0.0505613380613951,0.0391024717866259,0.006156959979,0.0053018432587392,0.4054563366576581,8.933047668477707,301.28242855565196,97.21545345401898,False,0.0,8195.821426266093,8257.958647552103,8352.842184869058
367,0.1872700594236812,0.0353608006738935,0.1474196460627363,0.0044894355941936,0.3612044566247643,8.059448895332025,297.4243728827951,77.55940583792676,False,1.0,6291.075746021149,6408.658150588002,6541.175082404883
368,0.4315517129377967,0.3098570402506328,0.093722966848991,0.0279712657501966,0.4273824883145466,9.37922390455625,302.3292512507057,107.91884363218132,False,0.0,5963.300707397949,6469.075471837831,7256.01516921686
369,0.3974056517708242,0.1080643813146526,0.0115255795984113,0.2778148984311852,0.4085728963394133,8.98394884109336,301.4948576570557,98.43416246452928,True,1.0,6152.7313045224,6654.772258345819,7412.179300584035
370,0.2044764722071349,0.0423275343863574,0.0629767405813283,0.0991720291278102,0.3847607178575389,8.523870264204296,299.48021825463616,87.6863539527894,False,0.0,6810.215647742999,6996.0076021999685,7243.666056376243
371,0.1961220225498661,0.0161143082042879,0.0694737216565678,0.1105338338828293,0.4243192968503472,9.295004676292246,302.8588139366069,106.1218402448844,True,1.0,7533.87813863248,7740.163032335033,8034.354498103542
372,0.1872700594236812,0.1134956626305287,0.0696447004588502,0.004129533438352,0.4225556872701355,9.263901602926218,302.7263911126168,105.34035331475113,True,1.0,7520.271575814163,7712.79764631676,7996.76124057661
373,0.4702292921764571,0.0360483835407242,0.1129726710492966,0.3212078823303465,0.3847607178575389,8.515604881138133,299.4348032279689,87.49468526791206,True,1.0,5177.992199399604,5672.06771700695,6443.385720724546
374,0.1741277335116501,0.055225005309978,0.0552513235988285,0.0636512971590018,0.3579100923491756,7.99308902461239,297.1264427687404,76.1695327447696,True,1.0,6511.092078401799,6656.248830109969,6828.266508681279
375,0.0091109128257748,0.0031319325636702,0.0029541854520673,0.0030247915809407,0.5850959038223429,14.131752004881124,274.8391962048708,228.30774609250773,False,0.0,14026.548224503766,14040.427391083493,14056.586769215814
376,0.3925879806965068,0.1206264695863182,0.2433599492016474,0.0286012695641353,0.3612044566247643,8.057051098406925,297.4118274136073,77.50802348684508,True,1.0,5021.750779043984,5282.933090557069,5590.488989841623
377,0.070042007618262,0.0181974129988584,0.0340135069340295,0.017831051481494,0.4183805487625825,9.183671863085246,302.3771483620473,103.335175736489,True,1.0,8294.794390730134,8351.966830584843,8413.461418007926
378,0.0871832145024957,0.0149487646431509,0.0703364678533212,0.0018979071400872,0.468962834696381,10.586111639377885,294.0349772368355,134.6070846080139,False,0.0,9454.232994595293,9526.23183410224,9610.641983983825
379,0.1466053858490322,0.0556641284161504,0.0363976827620996,0.0545434639266107,0.4243192968503472,9.2971470435686,302.86971433860055,106.17701133819412,True,1.0,7933.32311851475,8082.271393219105,8269.640737152951
380,0.3110433501139367,0.0722072188453277,0.2224413896319575,0.016394483692831,0.4273824883145466,9.37955243892592,302.32368598965513,107.92512681513428,False,0.0,6512.698962081348,6744.236060288819,7006.3450609501215
381,0.2091215181453094,0.0920078790217688,0.1087586239870907,0.008354686459287,0.3711706242201289,8.257438134707904,298.30415023005355,81.78927877620056,True,1.0,6425.0237087036585,6583.717402043963,6798.818141067914
382,0.3849967765493054,0.263233178537225,0.0809905151194416,0.0407728056651916,0.3756042394981304,8.343566112651642,298.68348780312976,83.66875661855566,True,1.0,5545.9776443801575,5933.872983482812,6532.235328427904
383,0.4632938125807472,0.1170732936348131,0.198036120915053,0.1481841601332635,0.4274733164896875,9.375923769083666,302.32860587498703,107.83914229281464,False,0.0,5674.373027387061,6081.8872037859255,6551.9633457694335
384,0.0091109128257748,0.0033489909895115,0.0025274937769103,0.003234424606464,0.3951250673310584,8.731419268781462,300.3981292528863,92.44957329906975,True,1.0,8250.100820578566,8258.527840672408,8268.901001367527
385,0.2295678781191306,0.0535015341521716,0.0749081340144712,0.1011581067333608,0.3730939729486379,8.2933369483036,298.4600926775457,82.56844360692564,True,1.0,6445.664863275955,6644.957029253548,6892.428283082726
386,0.4702292921764571,0.006744459987698,0.2331279793254279,0.2303562305458484,0.3546369849586602,7.920536066967646,296.79586160624194,74.66439338110442,True,1.0,4541.111733802239,4912.944875052449,5434.595729970001
387,0.070042007618262,0.0314739477914928,0.0143652804333275,0.0242027342200973,0.4183805487625825,9.183649076133984,302.37680167836885,103.33444448812932,True,1.0,8335.768092430502,8409.515866709527,8502.318934770728
388,0.3974056517708242,0.1253291403813278,0.1467726598445181,0.1253035971305709,0.4085728963394133,8.987292730712817,301.51499397082955,98.51847625634392,True,1.0,5907.597290742773,6263.759030692246,6666.081614187612
389,0.4041986740582305,0.0719316697289402,0.0850273857411979,0.2472393616286083,0.3711706242201289,8.250251479180811,298.2631126882559,81.62857376245915,True,1.0,5428.4673147379435,5821.200849577221,6404.288989630075
390,0.1643758051437541,0.0866853350117728,0.0444414016635699,0.0332489790937804,0.3928975046158507,8.685797100131108,300.19585432732583,91.3894901179637,True,1.0,7212.77649978438,7368.87539082586,7578.79602923631
391,0.3925879806965068,0.1183087038619348,0.0916767653712677,0.1826022231747395,0.4243192968503472,9.291399418395322,302.83994187376675,106.02867460467556,False,0.0,6283.837575659633,6699.867020187448,7254.306542171498
392,0.4315517129377967,0.0998149906333746,0.2066781614031885,0.1250581452576289,0.3727589984325991,8.283904484551863,298.416683469489,82.36198676947956,False,1.0,5092.039707017895,5402.6737350227395,5748.96458643412
393,0.0091109128257748,0.0072028870500186,0.0009571055267569,0.0009509128226523,0.3955708080536882,8.740222463357235,300.4367863023927,92.65473272048254,True,1.0,8259.52874337753,8270.610467949198,8287.770291147515
394,0.3974056517708242,0.0523681621178304,0.3424247550467612,0.0026122185190553,0.4085728963394133,8.989186403501938,301.52799574018485,98.56726292610436,True,1.0,5380.031363790267,5651.337583391753,5976.076621516322
395,0.4037200775820312,0.0582865096456371,0.2690708978778337,0.0763622502091279,0.4045474901621301,8.909259829781588,301.1752900888706,96.6440458103306,True,1.0,5527.496780372826,5808.161309710658,6083.262317960131
396,0.1728336416619316,0.081877837037086,0.0592487528446146,0.0317069131999537,0.6190365229718036,15.205994555902471,270.16558358999794,261.15456461025406,False,0.0,13239.916763493637,13516.720868731665,13890.620808758089
397,0.4609371175115584,0.1338546020730594,0.0553488000583848,0.2717334329635835,0.3770869310163224,8.366390438931457,298.77651793374287,84.16691496295965,True,1.0,5252.206549302865,5742.043676122936,6438.207944406655
398,0.4041986740582305,0.1587248445218143,0.1362284633358969,0.10924520255145,0.3711706242201289,8.25356532394048,298.282556230918,81.70293090814762,True,1.0,5345.180145393733,5679.846059036893,6074.452382923871
399,0.0091109128257748,0.0021849170925552,0.004315024438912,0.0026109626165048,0.3783328882267785,8.401089896029276,298.9414601730859,84.94058449316087,True,1.0,7895.947427306888,7902.699483543194,7910.2028448027
400,0.0861599356008149,0.0149618290342223,0.0227315023589366,0.0484665263985894,0.3756042394981304,8.345501576174858,298.69363784550904,83.71216906255908,True,1.0,7376.377965749431,7457.815683087572,7571.056433357702
401,0.4041986740582305,0.0123836440601862,0.1002657719868753,0.2915489550000765,0.3711706242201289,8.248894075028856,298.25574551773434,81.59844652658201,True,1.0,5364.756913854095,5794.342868067366,6480.0904783242095
402,0.0091109128257748,0.0043028289279349,0.0040586297320347,0.0007494497294868,0.4335771017095876,9.56125816891982,301.02443228558667,111.780833076729,False,0.0,9127.236266059934,9135.620196438358,9146.986062237793
403,0.4812236474710556,0.1921283606909027,0.098499401856935,0.1905956868343332,0.3711706242201289,8.251211802840688,298.26870058239626,81.65009264438238,False,1.0,5002.302311919325,5449.722789275908,6024.291461029207
404,0.070042007618262,0.0291182120649869,0.0093389471859804,0.0315847956080062,0.3766107601271166,8.365990340344847,298.78503076139515,84.16374120484925,True,1.0,7512.525556891441,7584.724197729691,7677.657063035747
405,0.0045985258083148,0.0005142909117938,0.0021198536152674,0.001964377018086,0.4243192968503472,9.299697940628109,302.88299556514914,106.24293254738,True,1.0,8888.181550136096,8892.369778017983,8897.778459612084
406,0.3925879806965068,0.0625032992232244,0.1506281784297089,0.179456200120233,0.3730939729486379,8.289733862093707,298.44090917516445,82.48814086715396,True,1.0,5400.804835371651,5729.398036112765,6159.95740246934
407,0.4812236474710556,0.1321402952862713,0.1911759794110697,0.1579068479540688,0.3928975046158507,8.679359626289415,300.162314445127,91.2375258089712,True,1.0,5112.837861579361,5513.526297722479,5979.531100849377
408,0.4451318919454581,0.0263776555976848,0.2378201525493825,0.180933823847129,0.3809371606507797,8.44354291396644,299.1217961250146,85.88083392283806,True,1.0,5027.237534293848,5378.5043305550225,5820.460719943029
409,0.070042007618262,0.0370507234668952,0.007188514768936,0.0258026957839954,0.5571184485888095,13.253687772645534,278.99958206216667,202.98926951436965,False,0.0,12492.627128676355,12613.003591529596,12772.526980219769
410,0.0196560699205494,0.0057545218997335,0.0077859947203488,0.0061155435607955,0.4019882960212537,8.865512836451726,300.9867446591712,95.60367403505956,True,1.0,8320.601272836073,8337.126044545972,8356.252662381941
411,0.4812236474710556,0.2317676642537982,0.0195369701876961,0.229918774071617,0.3840672776598887,8.505293534962021,299.39177062101993,87.26367490060458,False,0.01,5300.651895837389,5865.677918375216,6595.400633088964
412,0.1741277335116501,0.1118787660399788,0.0593167646423364,0.0029320874796807,0.6120735872320332,14.985061174230976,271.09136132825887,254.23067176911857,False,0.0,12936.23562483021,13252.17210497234,13725.35263572928
413,0.4812236474710556,0.3069996341728896,0.165772271287334,0.008451408631708,0.3639351238159993,8.111898562692108,297.6558677496092,78.66632560930381,True,1.0,4650.1222026227015,5090.802030248407,5747.920605740582
414,0.070042007618262,0.0051221225280989,0.041700275846593,0.0232195253815264,0.3928975046158507,8.68662441764103,300.2003462480986,91.409138832709,True,1.0,7768.527807420155,7822.2891958698665,7883.918544605404
415,0.3299920230170895,0.1563297100282231,0.1131239012522662,0.0605381471446747,0.4019882960212537,8.861445383062016,300.9658396337505,95.5051921201381,True,1.0,6258.483843840504,6549.917353475841,6943.578320608687
416,0.4702292921764571,0.130723350914665,0.1666746180520047,0.172831116469086,0.5744779071150975,13.779704661143423,276.43208961687225,217.95998260405196,False,0.0,8692.167002259634,9379.247669323988,10190.349539524017
417,0.0045985258083148,0.0003587314002135,0.0023456716233293,0.0018941192494812,0.3982424154252496,8.792516658854352,300.6666639578009,93.8791414079306,True,1.0,8341.416721876858,8345.264169992159,8350.109496831514
418,0.0922605096781886,0.0301045875704422,0.042957977657876,0.0191978928451404,0.3546369849586602,7.929337341701531,296.84380075408484,74.84989498607419,True,1.0,6898.320698260924,6962.652353914699,7035.633573392892
419,0.1872700594236812,0.0353608006738935,0.1474196460627363,0.0044894355941936,0.4128047970010131,9.074242695623802,301.90002228322425,100.63647337295032,True,1.0,7189.795692227922,7324.175486712393,7475.623300089439
420,0.2091215181453094,0.0867920611115165,0.0290433786784775,0.0932857683104724,0.3856453748804215,8.541652830456279,299.5586004195962,88.08849765389292,False,0.0,6865.727545604755,7084.631763884161,7366.980678141769
421,0.0091109128257748,0.0032261755331481,0.0027689233948012,0.0031158105715621,0.4611416308374146,10.358232102301336,295.5263796207414,129.36728949188537,False,0.0,9966.979820644818,9977.015796450527,9988.96006499242
422,0.2422614925955106,0.1243866298182783,0.079288427917607,0.0385863066140677,0.3856453748804215,8.542498695775494,299.56393743533084,88.10857637362305,True,1.0,6563.847623679993,6773.974749431913,7068.811934044301
423,0.4451318919454581,0.1940704877761332,0.0636297170966228,0.1874314869814385,0.3982424154252496,8.784393892055753,300.62276174808284,93.68335102489183,True,1.0,5640.616793589697,6114.128423016299,6737.8735858079135
424,0.1844568197848862,0.1022462575599881,0.0143333937409607,0.0678770217338246,0.3783328882267785,8.39842640255859,298.9267687549095,84.87992471724877,False,0.0,6895.329783194323,7093.958953900027,7356.735087975134
425,0.4315517129377967,0.1791333276940998,0.2117459334719524,0.0406718118587877,0.4273824883145466,9.377690667086124,302.33093175663237,107.8830965012174,False,0.0,5785.917000822975,6155.718898435061,6643.56812545124
426,0.070042007618262,0.0137260651135845,0.0271078049675323,0.0292080830215365,0.4183805487625825,9.18342203673169,302.37570525932716,103.32873049081144,True,1.0,8307.893370175907,8373.10519512709,8451.18731021479
427,0.1872700594236812,0.0187499920201034,0.0781689649160997,0.0903510085843534,0.574241281440127,13.7822692347292,276.4402327189534,218.05175488083512,False,0.0,11672.752303398287,11952.464411971603,12319.741492218325
428,0.0091109128257748,0.0028895466508125,0.0028909237067851,0.003330436846376,0.3610049608671793,8.057421845903924,297.4159628215988,77.51708316243692,True,1.0,7536.8789714264485,7544.542620459185,7553.624410320722
429,0.1262184721720103,0.0692409114970219,0.0354980823339142,0.0214794069520565,0.5640048757653657,13.467298108672516,277.95299813268554,209.0183725330712,False,0.0,12084.984419089753,12275.770642273874,12544.506619579091
430,0.4041986740582305,0.2082201019146954,0.0769650292620584,0.1190133102870715,0.3711706242201289,8.253744036436856,298.2828311936555,81.70652873328038,False,0.0,5444.234889292792,5831.307714350172,6328.881684728928
431,0.2660567426326578,0.1539921756229914,0.017015654759374,0.0950487534807168,0.3928975046158507,8.68378283138919,300.18436500607265,91.34133400912478,True,1.0,6675.3537408120565,6979.811895464391,7388.009727720025
432,0.4609371175115584,0.0492678007700268,0.2053981135435368,0.2062709564565336,0.3770869310163224,8.367043786978806,298.78236290333984,84.18294891156877,True,1.0,4963.793108945695,5343.306435646026,5843.677283409449
433,0.2237061834117273,0.0726537162479475,0.1465764915117506,0.0044757995720395,0.3612044566247643,8.05925401914057,297.4232483941011,77.55517573107193,True,1.0,6095.791259523179,6252.702473424527,6433.721340009518
434,0.1466053858490322,0.0449516459360737,0.0702562031088616,0.0313974524064462,0.3612044566247643,8.059547027279262,297.42405331173876,77.56108540567924,False,0.0,6688.1053788553145,6790.672131775649,6906.322465258848
435,0.4632938125807472,0.1181496533081106,0.1346726938251343,0.2104712253626788,0.4183805487625825,9.174832065692092,302.3311195776777,103.11061835157172,True,1.0,5664.383703947286,6134.144104975665,6726.461574290637
436,0.3299920230170895,0.1086006836286756,0.1530107492349383,0.0683804063441153,0.4227411510904189,9.264144611471806,302.7254197834571,105.3450841805736,True,1.0,6510.368027320268,6785.803131326225,7098.371365213236
437,0.1346216154746904,0.0762033864668067,0.0554672702164679,0.002950811774192,0.3579100923491756,7.9947347652351,297.1359983807027,76.20490790553924,True,1.0,6687.783840957842,6798.977629573701,6963.211861889404
438,0.2044764722071349,0.0016121880391405,0.1246165708538671,0.0782475806726038,0.3847607178575389,8.523965123104821,299.48146087661644,87.68896718035649,True,1.0,6664.08721174488,6825.291820985281,7022.276892382164
439,0.3849967765493054,0.0507162685325901,0.1067261269008797,0.2275540157963699,0.3756042394981304,8.33843011223884,298.6550599967631,83.55280684362778,True,1.0,5552.211120273592,5918.31617331276,6443.145518891968
440,0.2044764722071349,0.1043103271822822,0.0684807126593072,0.0316851085000541,0.3546369849586602,7.928270792380682,296.83807503912016,74.82744205400411,True,1.0,6253.824108473806,6417.281726841318,6642.825197579803
441,0.4812236474710556,0.1125502215404573,0.2222770640619899,0.1463959148545672,0.3928975046158507,8.67943895910089,300.1631376915491,91.23964067644512,True,1.0,5052.825840227075,5423.175500048854,5841.960916221831
442,0.0091109128257748,0.0017132584671168,0.0033835389823127,0.0040141085718221,0.3847607178575389,8.527817673540584,299.5013991344882,87.77769084970159,True,1.0,8031.61800688504,8039.597407082292,8049.572128194031
443,0.4315517129377967,0.0053683618902978,0.4149558448703804,0.0112270644992979,0.3727589984325991,8.285358127591838,298.4276403417876,82.39608218261982,True,1.0,4527.892673540299,4817.074777931803,5145.61404868286
444,0.070042007618262,0.0054256319268357,0.0403439148310477,0.0242724155569771,0.4031332038221146,8.886876392322486,301.07964020564333,96.11141373555796,True,1.0,7974.870537501995,8029.750096126187,8094.282832392629
445,0.2967962267770243,0.2293368326924255,0.0431834094391516,0.0242750296547466,0.3579100923491756,7.993434702735623,297.1282838267705,76.17687922394072,True,1.0,5803.5776510852875,6118.027183076052,6611.93425163255
446,0.3395511595722448,0.073395396918246,0.0867575957698817,0.1793979046958013,0.3912562832437979,8.648321691283341,300.0255258539812,90.5216471896129,True,1.0,6098.401828079951,6430.477785300944,6889.317467056595
447,0.2044764722071349,0.0753408348877281,0.1166600656535146,0.0124754441496538,0.5867513715822015,14.179425895938795,274.6115551152074,229.71261580556933,False,0.0,11711.280233491461,11973.726064851286,12306.336669359616
448,0.2492210994645286,0.0229284062979219,0.219587204644214,0.0067052247358038,0.4054563366576581,8.930241118438847,301.27004141292986,97.1480925688714,True,1.0,6513.741552547226,6681.183379184264,6882.746952246017
449,0.4680773870803905,0.2745262680030182,0.1013738219086866,0.0921769908089787,0.5111319625455644,11.834741415360693,286.4762684873422,164.99690489496655,False,0.0,7478.485792296256,8143.592323405264,9074.476638593085
450,0.3925879806965068,0.0048836658295547,0.3774905123348606,0.0102134007322643,0.3727589984325991,8.285889717038584,298.43014069962317,82.40774144896237,True,1.0,4826.520722480465,5089.612376000898,5388.5103322564255
451,0.3395511595722448,0.0645256278419829,0.1529392070522676,0.1220860941749056,0.4243192968503472,9.293040978924772,302.84955404617637,106.0717853409667,True,1.0,6478.710570944992,6772.578753310328,7115.286701643799
452,0.070042007618262,0.0005723458070249,0.0442403553943131,0.0252292593276154,0.5260523354062637,12.296301914752483,283.9444999289716,176.9662622289954,False,0.0,11382.594996832733,11463.630159813069,11560.642470739685
453,0.0861599356008149,0.0386798921625563,0.0151590087358533,0.032320982813696,0.3756042394981304,8.34594575322237,298.6961262969475,83.7222208408158,True,1.0,7393.308795613155,7476.468349496251,7584.06756461159
454,0.2158297731148397,0.0207624637020676,0.148885355168845,0.0461817915035725,0.4589246889195905,10.28851073967738,295.9679569578656,127.77248440359828,False,0.0,8082.294715498007,8261.163347534875,8443.097060503746
455,0.4812236474710556,0.1208105945494714,0.3482159259734405,0.012196647126502,0.3823674280979913,8.475245424936627,299.26746763983147,86.59314582296938,True,1.0,4566.602514107369,4898.745257930252,5278.6089051417985
456,0.1741277335116501,0.0622692776927852,0.0400879423258736,0.0717703923440591,0.4273824883145466,9.380272025743018,302.3271992915868,107.9430706514884,False,0.0,7829.1100540962325,8014.701761515875,8248.303196696974
457,0.4041986740582305,0.0123836440601862,0.1002657719868753,0.2915489550000765,0.5437751723994804,12.820680367441316,281.1378051280832,190.98140722018223,False,0.0,8733.719462544006,9433.07700462742,10549.460718981138
458,0.2853891523344559,0.1084278664088938,0.0336071606438725,0.1433539538015906,0.3770869310163224,8.3711541127014,298.8030746345431,84.2750310721896,True,1.0,6280.689965137067,6578.977445168155,6979.6235472622875
459,0.070042007618262,0.022975397887078,0.0263611199503095,0.0207054568051712,0.4225556872701355,9.26450956310898,302.72910106682906,105.3556784946517,True,1.0,8394.495775768433,8458.420419920922,8530.68364340276
460,0.3925879806965068,0.1185605784441956,0.102877170161555,0.1711499431884364,0.645954574637894,16.059004863196442,266.74640125705025,288.7027506922886,False,0.0,11429.419629814138,12168.17678037103,13127.074026541142
461,0.4812236474710556,0.2022064471805821,0.0791858380378186,0.1998310284546151,0.3805347417861211,8.436095922419712,299.08728587334343,85.7138518710366,True,1.0,5160.996583892465,5640.170011547092,6263.121320005159
462,0.4315517129377967,0.1205273760737733,0.2609086437114514,0.0501149046660167,0.3744046341925699,8.318029121923354,298.5706021991286,83.10865173091123,True,1.0,4971.459638644707,5264.599074303924,5591.472634966402
463,0.3925879806965068,0.0715430644472622,0.1586267523000401,0.1624179905609361,0.3612044566247643,8.054243710489148,297.3947865878554,77.4466949793738,True,1.0,5216.78164895365,5527.054901991818,5901.178712478398
464,0.4812236474710556,0.1321402952862713,0.1911759794110697,0.1579068479540688,0.4237873185153524,9.280405881784633,302.79281426695775,105.7519900079166,True,1.0,5514.81193417351,5947.002711458359,6449.645063757116
465,0.3299920230170895,0.0864079163950433,0.229914194908589,0.0136693739540725,0.4019882960212537,8.861820112548255,300.96948419153574,95.51532647726442,True,1.0,5973.742162315563,6215.7674055625075,6486.2848318253145
466,0.0045985258083148,0.0011951959582249,0.0024747876205266,0.0009285372525997,0.3727589984325991,8.29093298834094,298.45374236400824,82.5183387966667,True,1.0,7807.667340983373,7810.818612522072,7814.179725681022
467,0.4315517129377967,0.1928991961727974,0.1819515546597065,0.0567007632216586,0.3727589984325991,8.285878820137835,298.4274916750988,82.40610317168347,False,0.0,5098.974088641215,5435.070437949873,5881.517849752009
468,0.0866867976473774,0.0303878321902177,0.0511657251494459,0.0051331595447687,0.4273824883145466,9.383321321997151,302.31530959766553,108.01184976810345,False,0.0,8340.49604386208,8411.075985914178,8495.936340103448
469,0.4041986740582305,0.1256618057663683,0.071277801993021,0.2072588508916865,0.6190296273879276,15.190740066678948,270.20802226741375,260.651450136645,False,0.0,10726.099485757704,11509.62148891472,12544.362433228545
470,0.0401168728308211,0.0040166113460114,0.016745305867402,0.0193549355015401,0.3612044566247643,8.060767188887976,297.4302501502698,77.58714512074128,True,1.0,7349.003506909147,7382.119045310144,7425.601532774674
471,0.0861599356008149,0.0149618290342223,0.0227315023589366,0.0484665263985894,0.3744046341925699,8.321774279158813,298.58859415976804,83.19143703278208,True,1.0,7352.81928026879,7433.996901720042,7546.8759835355995
472,0.4037200775820312,0.0440382791774268,0.1914735542164949,0.1682078791368294,0.4243192968503472,9.290908588393128,302.83879187927135,106.01696383267142,True,1.0,5974.638489990139,6337.179110402811,6796.7417702550865
473,0.2051984134948307,0.0541851059079867,0.0922381207707738,0.0587750886380769,0.4183805487625825,9.181283420014656,302.3650696419203,103.27471126573217,True,1.0,7343.731673702262,7515.630727280333,7708.987000300674
474,0.4911893084543032,0.1252635906774857,0.1427815039859109,0.2231439592502776,0.4225556872701355,9.254958985255133,302.67962227032945,105.11040616285862,True,1.0,5530.639291890135,6033.613268113597,6667.809492562862
475,0.0560194510840261,0.0151542037245011,0.018989126994443,0.0218760834380978,0.4243192968503472,9.298726955140769,302.8780743451106,106.21792885896429,True,1.0,8531.707037876518,8586.759283688622,8650.300968544041
476,0.1741277335116501,0.0174325790219288,0.0883443005816695,0.0683506821103385,0.3982424154252496,8.789183912902237,300.6494648390786,93.79927442261145,True,1.0,7165.999744946792,7311.212061109118,7483.8434933590315
477,0.1466053858490322,0.0556641284161504,0.0363976827620996,0.0545434639266107,0.4085728963394133,8.991689381391597,301.53728665884967,98.6267338033929,False,1.0,7638.919154014302,7782.339989343835,7962.756096045829
478,0.1872700594236812,0.0353608006738935,0.1474196460627363,0.0044894355941936,0.3612044566247643,8.059448895332025,297.4243728827951,77.55940583792676,False,1.0,6291.075746021149,6408.658150588002,6541.175082404883
479,0.0871832145024957,0.0010846065279797,0.0838363410229782,0.0022621777163749,0.6408411299826107,15.910174143716924,267.3416726980755,283.8208068891372,False,0.0,14734.561272008248,14854.70249209022,14991.227751622908
480,0.4327535629469901,0.0971609440220386,0.1476165930770693,0.1879755205619088,0.3756042394981304,8.338900513974286,298.65822104923956,83.56372673201992,False,1.0,5231.212055468781,5604.441371471181,6063.519986661735
481,0.0091109128257748,0.0043213974723199,0.003640434391127,0.0011490765068649,0.4085728963394133,8.994144669989378,301.5502732996014,98.68756404540926,True,1.0,8527.447042884125,8535.453217025275,8546.26372134424
482,0.0091109128257748,0.0025320558440045,0.0022812925965242,0.0042975597974141,0.3744046341925699,8.323406828248949,298.59748669022486,83.22810995237433,True,1.0,7817.6725185220685,7826.252458752539,7837.250601277999
483,0.3974056517708242,0.0587977044767386,0.2179800960354495,0.1206275071862233,0.4225556872701355,9.25806494321123,302.6974220416119,105.19129166572108,True,1.0,5940.552961639825,6266.298302409503,6613.40931051133
484,0.0091109128257748,0.0028039386834426,0.002689898821334,0.0036170699114317,0.6288127967382757,15.524615392462646,268.87312458447565,271.3064358540998,False,0.0,15565.51638714192,15581.768964143856,15601.451326265445
485,0.0045985258083148,0.0006059711127906,0.0039623217900194,3.022693367169681e-05,0.5170288679041789,12.023952052674163,285.44376865328604,169.87007924631462,False,0.0,11770.343969047675,11774.666806426452,11779.841011626819
486,0.4041986740582305,0.0050280990501731,0.3886547017680269,0.0105154595570718,0.3711706242201289,8.254285543964913,298.28983033442927,81.7207259385676,True,1.0,4717.341956028986,4987.054446360315,5293.474323455969
487,0.3925879806965068,0.1130197900128341,0.0911295845545236,0.1884383307283376,0.3912562832437979,8.64769524673749,300.02204707921317,90.50681024745286,True,1.0,5787.809895383111,6179.7071852150375,6689.687142751264
488,0.4812236474710556,0.1883356771436057,0.1109949163782808,0.181892859770631,0.3744046341925699,8.31533464874291,298.5534619635516,83.04684502921047,False,0.0,5024.829133382894,5465.233680086997,6019.336973443385
489,0.4812236474710556,0.2109992633476106,0.0609081167526741,0.2093160498255393,0.5808478799575811,13.978707367775762,275.5072186440653,223.76438231227377,False,0.0,9061.541265654589,9938.364342862307,11092.530176206212
490,0.0091109128257748,0.0041496754104336,0.0023999245930642,0.0025613085438634,0.406113124567257,8.946191899648529,301.34036695866183,97.5312526018816,True,1.0,8479.271872544741,8488.381578948149,8499.199791602265
491,0.4041986740582305,0.1515532945157506,0.2407751703841387,0.0118697409377158,0.3711706242201289,8.255312075055507,298.29372733391784,81.74263471922858,True,1.0,5076.822328824079,5366.7332121086365,5732.440713375534
492,0.4812236474710556,0.1195629817821562,0.2571098864422705,0.1045504982105657,0.3546369849586602,7.923604749996059,296.81369433120096,74.7295887203201,True,1.0,4486.546295653295,4804.609095225567,5137.58564935427
493,0.070042007618262,0.0421290540972815,0.0258468438745845,0.0020660283679008,0.5022831136053365,11.577389506580722,287.9770170962838,158.51559911930147,False,0.0,10691.21825997092,10782.245815718657,10916.690737461395
494,0.0045985258083148,0.0007765088321937,0.0021253890211238,0.0016966247517065,0.4225556872701355,9.265593739424082,302.7345792604105,105.38344953840344,True,1.0,8851.444851930588,8855.394533595627,8860.155701543443
495,0.4702292921764571,0.3125205104626212,0.1207061927331038,0.0370022667646934,0.3546369849586602,7.926316722130131,296.82756150147395,74.78630415876461,True,1.0,4700.703618356217,5133.550501698046,5789.663414406903
496,0.070042007618262,0.029131352766357,0.0250025094320463,0.0159081153847448,0.4243192968503472,9.29875554673158,302.87827145898297,106.21870077722755,True,1.0,8430.667041803814,8495.000287858671,8575.043433329165
497,0.1844568197848862,0.0914698563823512,0.0128227037179151,0.0801641284014604,0.3783328882267785,8.398130630404884,298.9249858750246,84.87310639335576,True,1.0,6898.91011961103,7101.466488388198,7370.315971770935
498,0.1741277335116501,0.0853089924057867,0.0846349839361224,0.0041835925853071,0.3823674280979913,8.4791713845344,299.2858521590899,86.68179396230869,True,1.0,6863.175759559233,7003.360852635651,7206.800447936259
499,0.3925879806965068,0.0849803145122702,0.1759612964687097,0.1316460158455918,0.3727589984325991,8.284195668224784,298.4180197638915,82.36835357816196,True,1.0,5358.484525088654,5655.275553027041,5993.317659341487
500,0.0091109128257748,0.0012623026143567,0.0036406212370376,0.0042079846009605,0.4085728963394133,8.994069358452982,301.5497546192364,98.68562102813408,True,1.0,8528.085462235518,8536.253291036177,8547.337044071313
501,0.2906191107113061,0.0498932346481729,0.1210825752224103,0.1196429776199596,0.3809371606507797,8.447070775785832,299.1399932543089,85.96104169330795,False,0.0,6144.056582517936,6384.5422497992095,6679.046029288915
502,0.4041986740582305,0.1442901012366774,0.0992336937223585,0.1606745792071243,0.3711706242201289,8.252486094593229,298.27594679800495,81.67856219683628,True,1.0,5421.663047687629,5788.746405859089,6243.606638938601
503,0.0071967443148779,0.0029384609896618,0.0041141741652458,0.0001441034908733,0.3823674280979913,8.480767502857315,299.29376059259755,86.71809504742154,False,1.0,7989.759292248702,7995.258614063023,8002.434437378143
504,0.0071967443148779,0.0014174277030385,0.0040854935111825,0.0016938174710802,0.3823674280979913,8.480730726129197,299.29353700883496,86.71723514160462,True,1.0,7991.076595519678,7996.188787249027,8001.39093402466
505,0.2662947162757929,0.1489291262555514,0.1062879794502228,0.0110773968177836,0.3783328882267785,8.39872985775715,298.92952725512697,84.88743527277825,True,1.0,6220.48339783796,6449.029482440246,6784.173284810666
506,0.1683021390969603,0.0063094838751403,0.1412409483207924,0.0207515525164544,0.3783328882267785,8.398808167482844,298.93036391272904,84.88944264968966,True,1.0,6713.7679935670985,6818.514484445964,6937.082665755635
507,0.070042007618262,0.0285984464667412,0.0400410248880568,0.0014024810892203,0.3690124911418303,8.216058265717814,298.12121788208145,80.8948293911736,True,1.0,7290.816223398051,7342.4644273861895,7409.857898595123
508,0.4702292921764571,0.0076384149990707,0.3013324181244135,0.1612577542494447,0.4019882960212537,8.85620557600773,300.93991339463213,95.37903619685508,True,1.0,5007.447496910884,5377.092976077017,5820.714151593293
509,0.4949801161949726,0.1240028079427032,0.2552353065644421,0.1157416170086622,0.4243192968503472,9.29131481121984,302.8417867211093,106.02805119676448,True,1.0,5287.734753354169,5689.828734753136,6111.852938820403
510,0.4049372229273174,0.1082068890860869,0.1720129084761469,0.124717214841539,0.3579100923491756,7.989438065215992,297.10723520602653,76.09208564779541,True,1.0,5093.4824472416585,5388.199871054984,5729.227474508746
511,0.4315517129377967,0.2344266169837655,0.1355783640218281,0.0615464902328159,0.3727589984325991,8.286091322680043,298.42802841350596,82.4105148631813,False,0.024,5179.220744094086,5554.552017979777,6079.2336050016265
512,0.4812236474710556,0.180816146546072,0.2017034820838954,0.0987037535213167,0.3546369849586602,7.924150555638968,296.81612543704745,74.74082437121119,True,1.0,4581.904978961211,4932.280230989612,5346.835221426308
513,0.4812236474710556,0.1611774681032518,0.1452151877223027,0.174830699608047,0.3744046341925699,8.315265704871589,298.55349955238637,83.04552230397736,False,1.0,4958.045603513296,5377.01702542762,5883.547576940697
514,0.2978193703039221,0.1678382542483135,0.1255822848797117,0.0043986581306867,0.3823674280979913,8.478162435036216,299.2807836208462,86.65881255393504,True,1.0,6050.472804934682,6314.937808004626,6700.70429940867
515,0.4315517129377967,0.1556522787290425,0.0783010075695543,0.1975980965710529,0.3805347417861211,8.436482642954417,299.0894052178135,85.72270142262417,True,1.0,5442.770759649984,5870.382764771889,6432.4471867551265
516,0.2059204570736342,0.1306370640189063,0.073387660041883,0.0018953585532665,0.3982424154252496,8.79083098211128,300.6583851610232,93.83899611730212,True,1.0,6959.394758008901,7165.694739631832,7475.26023928638
517,0.4647645721239129,0.0888605060645445,0.1970233396298992,0.1788805110714972,0.3744046341925699,8.314859945605246,298.55191505309546,83.03675812387594,True,1.0,4945.666845923968,5309.861595435,5747.711646524512
518,0.1741277335116501,0.0012033154355144,0.1071479166314585,0.0657763904136629,0.3579100923491756,7.992684730831147,297.12484506760535,76.16121885441649,True,1.0,6393.691505478239,6520.9225325688385,6675.002259634035
519,0.4041986740582305,0.1267654375181953,0.0709953817663474,0.2064376402200294,0.4019882960212537,8.85722189361664,300.9422029795758,95.40180388599244,False,0.0,5919.112180464774,6350.88485701474,6923.002696359442
520,0.0621486117427723,0.0182929169686183,0.0246666562148384,0.0191890123041969,0.6315021370463114,15.609130871148606,268.5309069827092,274.024383233573,False,0.0,14995.50251758983,15092.820152245487,15205.676006267258
521,0.09061653308283,0.0343099935497478,0.0046360718726857,0.0516703979411165,0.4274733164896875,9.384600447560238,302.3027496474304,108.03704768178537,False,0.0,8425.716751616217,8542.994792617426,8703.565762147755
522,0.0091109128257748,0.0028386212256809,0.0021125914889976,0.0041596951698359,0.3809371606507797,8.452469841170823,299.16861309710714,86.08431206425914,True,1.0,7954.54472354665,7963.180834275028,7974.701312615697
523,0.0091109128257748,0.0006883888008912,0.004505771567767,0.0039167475320461,0.4104881960143233,9.031350377063209,301.712792039421,99.59006818678697,True,1.0,8565.884887696897,8573.878414979878,8584.10357808341
524,0.4812236474710556,0.0787911788766642,0.1142114258407712,0.2882205613095767,0.3805347417861211,8.433303826551018,299.07226053391065,85.65012943290975,False,1.0,5075.778868844645,5546.108078526142,6231.605217892205
525,0.4451318919454581,0.0263776555976848,0.2378201525493825,0.180933823847129,0.3809371606507797,8.44354291396644,299.1217961250146,85.88083392283806,False,1.0,5027.237534293848,5378.5043305550225,5820.460719943029
526,0.4812236474710556,0.1368724307948287,0.0530959479144469,0.291254725147582,0.3928975046158507,8.67662021350755,300.14520720793627,91.17122542337998,True,1.0,5356.127020854933,5892.416510510391,6668.121246528251
527,0.4812236474710556,0.1250741177574156,0.2589800242748827,0.0971689846126085,0.3992797393792979,8.805428952684789,300.7188074648333,94.18010998695306,True,1.0,5046.968825742785,5399.863279803558,5776.256801814732
528,0.407287360115691,0.00420125143348,0.1452198188011714,0.2578659022277329,0.5069196274307358,11.699372152310763,287.22560348705866,161.549537664432,False,0.0,7744.962307593172,8327.144261900237,9226.54797441921
529,0.4041986740582305,0.1890023625602066,0.1032405218329345,0.1119554776640677,0.6131601622439325,15.00900750426123,270.97397718810345,254.96046972661756,False,0.0,10451.340834593322,11161.973284677328,12033.717955359103
530,0.0045985258083148,0.0012127470231238,0.0012253945942332,0.0021603817266072,0.4225556872701355,9.265587347295416,302.7345671175453,105.38329947806716,True,1.0,8853.334745963773,8858.197104218905,8864.39896432532
531,0.0922605096781886,0.029054151430579,0.0195453720895531,0.0436609363539649,0.3546369849586602,7.928919970801749,296.84121232247264,74.84093698930158,True,1.0,6941.684665001222,7024.517926794866,7135.986766390674
532,0.1741277335116501,0.055225005309978,0.0552513235988285,0.0636512971590018,0.3579100923491756,7.99308902461239,297.1264427687404,76.1695327447696,False,1.0,6511.092078401799,6656.248830109969,6828.266508681279
533,0.0505613380613951,0.0175095084259444,0.0153312739010428,0.0177205373171942,0.3612044566247643,8.060757337144967,297.4302212599644,77.58694544911165,True,1.0,7299.177105941039,7341.195617877684,7391.538035559585
534,0.1844568197848862,0.0807066737723686,0.0434008598278852,0.060349187351998,0.3783328882267785,8.398412046726428,298.9269716858343,84.87975409971445,True,1.0,6846.2197026287195,7017.450604293116,7229.337455114893
535,0.070042007618262,0.0371678799221022,0.0319000039502022,0.0009740854249941,0.3711706242201289,8.258912900297473,298.3113861710762,81.82164646294753,True,1.0,7346.358146003509,7405.059550835498,7489.6168473396965
536,0.3925879806965068,0.0515586084474245,0.1685009760964269,0.1725282119712859,0.3629479735851728,8.088578208680442,297.5475384003485,78.17026128366247,False,1.0,5220.805996386297,5526.349230045216,5934.3613528520455
537,0.0196560699205494,0.0082035438033789,0.0110995752304316,0.0003529370020367,0.4019882960212537,8.865636879404848,300.98737990028303,95.60667693158524,True,1.0,8309.24326238044,8325.182112833474,8346.141099110515
538,0.0045985258083148,0.0011040004721524,0.0019432738865164,0.0015512485208309,0.4243192968503472,9.299709271975118,302.8830864400366,106.24324724396482,True,1.0,8888.873709213933,8892.882158435508,8897.560685426364
539,0.3395511595722448,0.0657493493352852,0.0951238698807392,0.1786776792205073,0.4237873185153524,9.28157575057901,302.797636668039,105.78128153935162,True,1.0,6586.060217578524,6933.854117289828,7426.907789955538
540,0.4812236474710556,0.1599242132900528,0.114374148045406,0.2069249404878761,0.3805347417861211,8.43562292410857,299.08510233907367,85.70325713978627,True,1.0,5099.816629629218,5554.2194865284655,6138.675097130063
541,0.150688937082071,0.0883238113825712,0.032860580994516,0.0295041939106155,0.3928975046158507,8.686057988599803,300.1970770251124,91.39557082687956,True,1.0,7311.336494118826,7463.427461012445,7676.145706308113
542,0.3299920230170895,0.0841548970764981,0.0959238251703859,0.149913129764087,0.4183805487625825,9.177866631420631,302.3468157239429,103.1876021544926,False,0.0,6564.987565054812,6899.71361432004,7321.767252686636
543,0.070042007618262,0.0445552618059976,0.0062459803022352,0.0192407015615791,0.4225556872701355,9.26470072679686,302.7298302170081,105.3604140634434,True,1.0,8429.637888951529,8512.688059452057,8633.169889537707
544,0.0196560699205494,0.0070463717453047,0.0095338959799768,0.0030757902691082,0.4085728963394133,8.99399389298802,301.5494076350536,98.68378434431156,True,1.0,8451.987161558814,8467.549974031608,8486.509701629842
545,0.1466053858490322,0.0613330638292379,0.0401044885387355,0.0451677114585008,0.3546369849586602,7.928454508632362,296.83883710240906,74.83119909634443,False,0.0,6620.386422124964,6743.796028693331,6892.334015734017
546,0.4812236474710556,0.0069021511196812,0.2385787070373326,0.2357421524462542,0.3546369849586602,7.9202810918294,296.79442670701934,74.65900086006168,True,1.0,4473.032942398554,4853.545764958088,5387.373488134871
547,0.0091109128257748,0.0043213974723199,0.003640434391127,0.0011490765068649,0.4085728963394133,8.994144669989378,301.5502732996014,98.68756404540926,False,1.0,8527.447042884125,8535.453217025275,8546.26372134424
548,0.4037200775820312,0.0582865096456371,0.2690708978778337,0.0763622502091279,0.5742828140528753,13.778863257473358,276.4419073025217,217.9422081557087,False,0.0,8934.052941922286,9387.688984357894,9832.332748023951
549,0.2422614925955106,0.1192823108562351,0.061153055328226,0.0618260034281654,0.3856453748804215,8.542033377962241,299.56115331106696,88.0976176356186,True,1.0,6608.657048703333,6838.70329183449,7130.492255039181
550,0.4812236474710556,0.0965654390167943,0.3740872717647142,0.0105705208404525,0.3711706242201289,8.253928534749384,298.28773542256897,81.71271203350602,True,1.0,4374.875757968833,4685.4094539171765,5040.526778265511
551,0.0045985258083148,0.0016479140036362,0.0016650998710477,0.0012855085850036,0.3992797393792979,8.812829221323323,300.75580459022314,94.35720711604614,True,1.0,8364.8497037974,8368.896903664792,8373.516444194542
552,0.2717764305569943,0.0202236069715211,0.1322380504361302,0.1193145738461058,0.4243192968503472,9.293747204161624,302.8529652317162,106.08984079833326,True,1.0,6924.2085543103885,7171.553577268133,7492.034316557515
553,0.070042007618262,0.0104815099547193,0.03394085731813,0.0256196029026089,0.3912562832437979,8.654419959601338,300.05845423841333,90.66560624172315,True,1.0,7755.343940351477,7810.780643368658,7877.651601092223
554,0.3925879806965068,0.0515586084474245,0.1685009760964269,0.1725282119712859,0.3629479735851728,8.088578208680442,297.5475384003485,78.17026128366247,True,1.0,5220.805996386297,5526.349230045216,5934.3613528520455
555,0.4315517129377967,0.0998149906333746,0.2066781614031885,0.1250581452576289,0.3727589984325991,8.283904484551863,298.416683469489,82.36198676947956,True,1.0,5092.039707017895,5402.6737350227395,5748.96458643412
556,0.3395511595722448,0.0445932788191702,0.1457372732631546,0.1492204481906021,0.5372713987741976,12.6290033267479,282.14762874984825,185.8021917365393,False,0.0,9076.765397977368,9509.323665571708,10086.94737821405
557,0.0091109128257748,0.0042776105091034,0.0021930238461852,0.0026402740601685,0.3928975046158507,8.687762470669233,300.2062960383238,91.43603546766656,True,1.0,8203.818254198613,8212.726460755493,8223.567942838394
558,0.3925879806965068,0.1121509688122131,0.2486634321220391,0.0317733079586574,0.3612044566247643,8.056933371044103,297.411289695176,77.50554100703697,True,1.0,5013.130000205025,5271.366177041829,5569.089123838629
559,0.4049372229273174,0.1142907710692346,0.1600198673092436,0.1306263640506089,0.3579100923491756,7.989376588299821,297.10657706621066,76.09061474141254,True,1.0,5114.03458657615,5417.178944757921,5777.987355244406
560,0.4049372229273174,0.1626847621574454,0.0228059667640072,0.2194462605106957,0.4031332038221146,8.879571160638466,301.03947841202387,95.93239495757976,True,1.0,6010.064282554012,6503.7174952826945,7153.382922412499
561,0.4812236474710556,0.0787911788766642,0.1142114258407712,0.2882205613095767,0.3805347417861211,8.433303826551018,299.07226053391065,85.65012943290975,True,1.0,5075.778868844645,5546.108078526142,6231.605217892205
562,0.4632938125807472,0.2004942299100588,0.228533028090823,0.0342661471675671,0.5383124159214253,12.66455755197838,281.9665928147025,186.7649449574882,False,0.0,7691.402488257654,8242.431238186911,8998.12161443244
563,0.0045985258083148,0.0014181052089853,0.0024961645311449,0.0006842523060776,0.4243192968503472,9.299729878761095,302.88313210121134,106.24373770647452,True,1.0,8887.410527259435,8891.06685029888,8895.154792518939
564,0.0045985258083148,0.0023419447687513,0.0015937908646825,0.0006627854159554,0.4243192968503472,9.299737857035058,302.88313612342915,106.24391825371522,True,0.0,8889.116560251918,8893.505719851979,8899.575521549494
565,0.4812236474710556,0.1961961071653408,0.1532141077089252,0.1318131855062567,0.3546369849586602,7.923654050477322,296.8126325148223,74.72997422171437,False,0.0,4671.399595904944,5061.496423814349,5521.694788787676
566,0.0091109128257748,0.0009057865261885,0.0041501284194346,0.0040549933438197,0.3783328882267785,8.401054867744408,298.9413255292388,84.93981903077996,True,1.0,7895.668697451672,7903.231389857783,7912.952117758036
567,0.3942986056122654,0.0755277845606603,0.1341605230230572,0.1846100282227637,0.3992797393792979,8.804517282447105,300.7118929568953,94.1568670953627,True,1.0,5807.922457594343,6170.576389067461,6654.666047499994
568,0.2422614925955106,0.0339711462892465,0.1384726549622921,0.0698174673705207,0.4243192968503472,9.295306077235288,302.8613177820549,106.13026424953162,True,1.0,7104.322038135427,7301.575665959288,7509.708709366523
569,0.0071967443148779,0.0013977449013462,0.005146088226667,0.0006529055618908,0.3629479735851728,8.096159489216406,297.5884871828878,78.33426833552424,True,1.0,7582.596671685572,7587.045966869586,7591.749847472112
570,0.2422614925955106,0.0317898958320195,0.1415735436335033,0.0688978241409849,0.5731838877718031,13.748776030284215,276.5952938125223,217.0801398348316,False,0.0,10907.14887230313,11207.905565033092,11519.86867355399
571,0.0045985258083148,0.0008087569329496,0.0011723302505141,0.0026174336830389,0.4243192968503472,9.299688649504889,302.88290078360785,106.2426606442681,True,1.0,8890.335874329312,8895.245537973473,8902.22692672872
572,0.4812236474710556,0.2068171466781593,0.1950796173078212,0.0793266702517046,0.3546369849586602,7.924688329295288,296.8190767801598,74.75216879171936,True,1.0,4579.215869363016,4934.7207564904775,5401.665599453975
573,0.0091109128257748,0.0001003352500497,0.0034681730104225,0.0055423953072773,0.3928975046158507,8.687685910151789,300.20572513091753,91.43412451138803,True,1.0,8200.339098867134,8209.470431133925,8223.289064406326
574,0.0091109128257748,0.0031973315251819,0.00021786376961,0.0056957110338772,0.4225556872701355,9.265477839744682,302.7338444574328,105.38037927711116,True,1.0,8826.757357963634,8838.739189305334,8855.539188115561
575,0.2422614925955106,0.0940615773876898,0.0996865490868712,0.0485132048823249,0.3856453748804215,8.54209658665849,299.5620045785338,88.09937760789657,True,1.0,6535.567312828387,6729.54848331607,6962.776811392543
576,0.2422614925955106,0.1192823108562351,0.061153055328226,0.0618260034281654,0.3711706242201289,8.256267528009477,298.29671534487363,81.76268781245432,True,1.0,6360.608791910347,6582.02051683759,6862.857520644031
577,0.3974056517708242,0.2422158637933416,0.0061818082549202,0.1490075547001936,0.4085728963394133,8.987744878364474,301.5154815474629,98.52845550545672,False,0.0,6161.350385433113,6655.712787223012,7328.664408906585
578,0.4702292921764571,0.0312386152776157,0.204262948170096,0.2347274208728244,0.4019882960212537,8.854839193801212,300.9309985325853,95.34482375791777,True,1.0,5225.611154349662,5659.660166576092,6245.835055048491
579,0.4451318919454581,0.2038126238640354,0.0795201999924324,0.1617988356293507,0.3809371606507797,8.445298999068086,299.1294892032626,85.91998899718322,True,1.0,5367.921678016952,5803.950789479797,6360.573615362341
580,0.4812236474710556,0.2118864351691969,0.0210940343835961,0.2482429199157656,0.3840672776598887,8.504762012453165,299.3888675999287,87.25138730697162,True,1.0,5295.695291220262,5862.879147683625,6583.578718683547
581,0.0553158684776036,0.0203930445394245,0.0194202660659499,0.0155025286028782,0.3783328882267785,8.40041978798873,298.93789826238924,84.92539505662386,True,1.0,7610.4696840171955,7656.56471202636,7710.347351429764
582,0.070042007618262,0.0590076409174688,0.0058140779262072,0.0052202267079476,0.6039356875203554,14.72767515064051,272.19467652066356,246.2760744030627,False,0.0,13997.265448076372,14152.384622206726,14403.369769905521
583,0.3974056517708242,0.2138595155731095,0.0073113510540421,0.1762342824610244,0.3882465986995947,8.589581750106921,299.76603605720777,89.17556875916544,True,1.0,5863.812759690132,6328.361950469231,6961.243955145392
584,0.070042007618262,0.0366872812319,0.0051430072819404,0.0282116664485807,0.4225556872701355,9.26447036478531,302.728560080171,105.35444172239592,True,1.0,8436.888199662446,8520.218466038217,8633.60766592525
585,0.0091109128257748,0.0023930190837632,0.0019154611848703,0.0048024265337442,0.3982424154252496,8.792423648473727,300.6660414621568,93.87682512981443,True,1.0,8316.034852958004,8325.479895970588,8338.248431896262
586,0.0091109128257748,0.0037041460149195,0.0031204490280848,0.0022863139637083,0.3928975046158507,8.687765180736536,300.2063056564252,91.43609681944126,True,1.0,8202.122146196443,8210.05784525608,8219.607664714144
587,0.4037200775820312,0.1024902399223558,0.234638988245657,0.066590483291012,0.3629479735851728,8.09077883137092,297.5607331505278,78.21851734965533,True,1.0,5033.922581957948,5300.499213477675,5580.08387392952
588,0.0091109128257748,0.0035582846513401,0.0033563407058116,0.0021962837999474,0.3783328882267785,8.401108025710876,298.941478626224,84.94095228000847,False,1.0,7897.643668270431,7905.091019878772,7913.978714446701
589,0.1872700594236812,0.0255591623845911,0.1419217032225167,0.0197890233283062,0.3629479735851728,8.09381840895974,297.57685445085906,78.28412068626402,True,1.0,6345.5270870633485,6457.949695810981,6580.702067097553
590,0.4702292921764571,0.2536849282260325,0.059961885752241,0.1565822166430218,0.406113124567257,8.938726616878805,301.30052033511475,97.34744550883792,True,1.0,5598.861093540174,6116.142591223712,6806.433980174636
591,0.0071967443148779,0.002571166613033,0.0043659908195773,0.0002595766704034,0.3823674280979913,8.480764578200247,299.29368302878544,86.71799287493134,True,1.0,7989.470967576095,7994.773497489616,8001.163969656471
592,0.0091109128257748,0.0044859408906666,0.0022998296186324,0.0023251376913646,0.3856453748804215,8.545285189728753,299.5783608583713,88.17292770127028,True,1.0,8052.081508705853,8060.7368239712005,8071.715162209247
593,0.3611262841965331,0.0718082857812683,0.1262977249192829,0.1630200994649362,0.3690124911418303,8.20972523704643,298.0865491401349,80.75492065326985,True,1.0,5563.840552020726,5866.465957400083,6262.493949225416
594,0.3600182682730372,0.1393634557579144,0.0719258558897051,0.148728739259793,0.55818453334013,13.27565011089983,278.8680756232811,203.5862276693491,False,0.0,9654.024295772882,10229.131799911702,10961.877713089973
595,0.3299920230170895,0.1262158418277268,0.1391955996192345,0.0645803250944869,0.3612044566247643,8.057242167739199,297.4116692815129,77.5115285493106,False,0.0,5583.606053494438,5826.514997297508,6121.163979311643
596,0.1728479967519597,0.0475239619339715,0.0978186961619352,0.0275051912281172,0.4243192968503472,9.297242533911543,302.8712221512133,106.1801697158147,True,1.0,7626.615917184233,7761.287192023647,7908.149408250453
597,0.2422614925955106,0.1116768693699976,0.0491502561134239,0.0814340964574961,0.3856453748804215,8.541616307317666,299.5586090186388,88.08776786587578,True,1.0,6637.831317712454,6874.989432082126,7171.808334354361
598,0.0871832145024957,0.0266765165059413,0.057119692480024,0.0033868719160334,0.6225351684000885,15.321105181754994,269.69558972302724,264.8025310298547,False,0.0,14265.790781263522,14387.32840052198,14526.397475346981
599,0.0401168728308211,0.0040166113460114,0.016745305867402,0.0193549355015401,0.3612044566247643,8.060767188887976,297.4302501502698,77.58714512074128,False,1.0,7349.003506909147,7382.119045310144,7425.601532774674
600,0.2916958973830602,0.0207730174476358,0.1148339124510018,0.1560887627667563,0.4019882960212537,8.859044321639693,300.95274710226767,95.44662071761232,True,1.0,6474.12176517387,6755.423766833528,7144.562265099318
601,0.0871832145024957,0.0152718275152973,0.0699723870420483,0.0019389234612603,0.4104881960143233,9.030457279120668,301.7088520596162,99.56832218819795,True,1.0,7938.052661343779,7998.621156736772,8069.650477156101
602,0.2004257083818199,0.0048762304825281,0.1853512258100309,0.010197850901171,0.4183805487625825,9.181921764828694,302.36982438976315,103.29188635749838,True,1.0,7099.515831651122,7244.896587979051,7411.325837483838
603,0.4812236474710556,0.2702379790669178,0.0437476006726222,0.1672377824546952,0.3982424154252496,8.78489033676836,300.6251970519518,93.69515943847132,True,1.0,5447.401787588985,5992.463138719115,6716.288792890628
604,0.4632938125807472,0.1849555055565764,0.160390651602407,0.1179473383744402,0.5334362706303943,12.5113589949154,282.76642644157386,182.6478793407876,False,0.0,7882.472868468312,8480.057754372783,9201.874357915105
605,0.070042007618262,0.001290372214662,0.0669404210300594,0.0018111431223469,0.6116371726832455,14.972518270078146,271.14603762215006,253.8419475011046,False,0.0,14030.16466880972,14119.915469612959,14221.792859527804
606,0.4660591412418062,0.1512001837497031,0.150005582786919,0.1648530829985779,0.3639351238159993,8.108092418220796,297.6339100320034,78.58303314585308,True,1.0,4890.622696988672,5279.419996538838,5741.66824383376
607,0.1872700594236812,0.0560790968810486,0.0742594860964248,0.0569313959480658,0.3912562832437979,8.652641395224645,300.0492019820733,90.623813126426,True,1.0,7006.230309023077,7160.237749878432,7337.198678690091
608,0.4812236474710556,0.1898173567918976,0.044932303074714,0.2464735275723915,0.3957617128742784,8.734084184622231,300.39942113949326,92.50539764886564,True,1.0,5422.113674886687,5968.76954721147,6689.906930130273
609,0.3611262841965331,0.0981787504111503,0.1033623602813524,0.1595850031400993,0.3690124911418303,8.209989466167828,298.08759364602764,80.76054262774096,True,1.0,5610.4196532990445,5933.594998956138,6339.661618021471
610,0.0045985258083148,0.0006734834033657,0.0017453992991561,0.0021796389905533,0.4243192968503472,9.299694602756054,302.8829899997704,106.24285435556196,True,1.0,8889.099077756053,8893.45889753698,8899.446974038008
611,0.3682221178123614,0.0994566276000922,0.2561378989650389,0.0126270931516538,0.4031332038221146,8.883757645353937,301.06559474670985,96.036891344772,True,1.0,5699.635176961161,5974.392485501087,6282.782893281436
612,0.1844568197848862,0.068788837214412,0.0553813873143439,0.0602864965261634,0.3783328882267785,8.398329538747799,298.92663687344714,84.87794206561117,True,1.0,6827.267280413967,6987.680877818393,7181.053163828018
613,0.0871832145024957,0.0277382667173394,0.0566520055002258,0.0027928321172689,0.3823674280979913,8.479893254523178,299.2895813039269,86.69829671387372,True,1.0,7423.692191055441,7487.610494659068,7561.2924670055445
614,0.4671835073845074,0.2061208323773302,0.15422661065669,0.1068358518350333,0.3579100923491756,7.989660530310682,297.10806361895317,76.09663255784812,True,1.0,4782.795117082366,5156.449154721595,5634.110997793066
615,0.4049372229273174,0.2575894751739833,0.0361101859305701,0.1112371921145181,0.627670553872033,15.474739236217868,269.05643784217847,269.6871962032825,False,0.0,11005.7785108215,11849.970427890377,13074.649275615566
616,0.4812236474710556,0.0059862644784962,0.4627175822072116,0.0125193082700698,0.3805347417861211,8.43826205860664,299.1044859980016,85.76640866488509,True,1.0,4233.764654495056,4562.927747670483,4936.889348156004
617,0.070042007618262,0.032437015982853,0.0357760629530796,0.0018288567342741,0.3839714137522265,8.51176375890247,299.43027253359503,87.41513741523205,True,1.0,7594.824844765517,7651.139818031008,7729.399730499629
618,0.070042007618262,0.0616414164597115,0.0053775485601852,0.0030229236751738,0.3579100923491756,7.9954046466263025,297.1392114682172,76.21897139384076,False,1.0,7119.824808851922,7202.001812371165,7334.608263794903
619,0.3611262841965331,0.0701811111964118,0.123435820532095,0.1675091823805212,0.3546369849586602,7.923662963836748,296.8123384800891,74.72999379345065,False,0.0,5351.423943538197,5646.136349254063,6037.043512627579
620,0.4812236474710556,0.1314628616321333,0.1759259841683321,0.1738343320495008,0.6016694259337803,14.636901451185729,272.55481694417455,243.4659435312473,False,0.0,9143.139203835559,9886.20215179483,10759.779999731158
621,0.0091109128257748,0.0010099216794075,0.0040283270125959,0.0040726560325363,0.3856453748804215,8.545227425583903,299.5781981411628,88.17167164865297,True,1.0,8048.575870977052,8056.250652119788,8066.370167370029
622,0.3925879806965068,0.1303948191174613,0.1295483827698253,0.1326446372053014,0.3629479735851728,8.089907590670615,297.554496088041,78.19889089225258,True,1.0,5306.789344337516,5629.224527468274,6007.246807971904
623,0.0045985258083148,0.0016479140036362,0.0016650998710477,0.0012855085850036,0.3992797393792979,8.812829221323323,300.75580459022314,94.35720711604614,False,1.0,8364.8497037974,8368.896903664792,8373.516444194542
624,0.070042007618262,0.0364215493648314,0.0326658948999327,0.0009545258020189,0.3546369849586602,7.929939213604091,296.8472410563313,74.8626702459959,True,1.0,7018.297505254337,7073.1596783972855,7152.806081587489
625,0.3925879806965068,0.0859292575167968,0.1515186033492873,0.1551399542117748,0.3546369849586602,7.923590306416759,296.8123455821255,74.72866060993486,True,1.0,5141.677749924578,5444.020662077241,5802.052567878191
626,0.3974056517708242,0.0446901207009673,0.2378246058083204,0.1148905975528239,0.3690124911418303,8.20994671997052,298.08927918278386,80.76061318198552,True,1.0,5148.06507290626,5420.764960542176,5707.212417904955
627,0.4702292921764571,0.0075498825507347,0.2035180581582834,0.2591606548328807,0.5273826307234788,12.317885519081106,283.78032421718865,177.50054630747738,False,0.0,7485.600592295578,8139.078880052683,9082.212862425722
628,0.070042007618262,0.0245579881135674,0.0033704926363322,0.042113465319937,0.4505591724937702,10.048202994365507,297.60063247921477,122.38384834910114,False,0.0,9221.74558558635,9319.841327505468,9457.331280240993
629,0.070042007618262,0.0228099530934534,0.0206184926704238,0.0266135334432803,0.3690124911418303,8.215590011979057,298.1182775981437,80.88428027074045,True,1.0,7341.4046322329405,7402.771151413164,7476.890799845132
630,0.0023160115023014,6.345754529712096e-05,8.516317230988205e-05,0.0021673849294087,0.4085728963394133,8.994186508872273,301.55036851202647,98.6885203188468,True,1.0,8575.882180305314,8579.33983877597,8584.906863722452
631,0.0045985258083148,0.0016622860750328,0.0016796218267908,0.0012566145286593,0.3546369849586602,7.930474113694892,296.84996960801203,74.87386323735757,True,1.0,7429.555592006295,7433.143192325719,7437.249897644949
632,0.4327535629469901,0.22821720963612,0.1170012514642819,0.0875348665492466,0.3756042394981304,8.341818671377068,298.6741607116759,83.62948407668897,True,1.0,5260.29043567484,5652.977507598449,6181.060188287252
633,0.1667495858455721,0.0191439487571578,0.0729312368688491,0.0746743205014804,0.3727589984325991,8.287749384121392,298.4367396999832,82.44737935011887,True,1.0,6778.839124291363,6914.952187194097,7094.122960229333
634,0.4812236474710556,0.2711970575054437,0.20291885355171,0.0071074568033207,0.3823674280979913,8.476453357423837,299.2722093559223,86.61989871437605,True,1.0,4826.200337964293,5253.430818918483,5876.618014749352
635,0.1844568197848862,0.1077647054516354,0.0151069974733374,0.061584962189385,0.5112186808813769,11.843004317660728,286.4458821338012,165.21814861505015,False,0.0,10072.280110913362,10363.948201768251,10761.87239570499
636,0.0045985258083148,0.0018685075437791,0.0009579370519041,0.001772079286156,0.3727589984325991,8.290923987709483,298.45363834961296,82.51810795709878,True,1.0,7810.611757070813,7814.914166241724,7820.4110573695925
637,0.1844568197848862,0.0379665962435919,0.0795536833377241,0.0669364305831418,0.4540859605688683,10.147804916777446,296.91323229658434,124.60178069320064,False,0.0,8364.865105505936,8542.992747125536,8750.55985032739
638,0.4041986740582305,0.0629790964277231,0.1872816615546996,0.15393769109735,0.5712503744329245,13.68045475396943,276.90312993646234,215.0944013899545,False,0.0,9168.339028190547,9707.971191002573,10355.304088091214
639,0.4327535629469901,0.0624781776322938,0.2884211021640823,0.0818538331077554,0.4045474901621301,8.908759387873747,301.17296183186426,96.63199966677718,True,1.0,5313.476130656856,5614.305394467235,5909.171418258815
640,0.070042007618262,0.0341908114692845,0.025321186302813,0.0105299342392315,0.4183805487625825,9.18393096408913,302.37837170204216,103.3416782981098,False,0.0,8306.76687845847,8371.51273675072,8458.741414864498
641,0.4451318919454581,0.0142506356396939,0.4010771739912521,0.0298029098544919,0.3809371606507797,8.446417537690875,299.14005413849344,85.948109138517,False,1.0,4614.005745571468,4900.9944298084265,5230.990971629615
642,0.1123024114699909,0.0401220605180878,0.0681295980573808,0.0040505935423311,0.3928975046158507,8.686671879908,300.20102820446834,91.41051813088718,True,1.0,7457.521390614233,7542.531225037656,7644.982882954147
643,0.4041986740582305,0.1387236892270538,0.0556801612848403,0.2097945169336637,0.3856453748804215,8.537111527235059,299.5336678600055,87.98287897150276,True,1.0,5703.15989666921,6132.593966260791,6712.898302494762
644,0.0704285101898999,0.0351533246135966,0.0135774255895619,0.0216977237428321,0.3546369849586602,7.929584285711381,296.84497152251794,74.85501800007336,True,1.0,7063.678188782946,7127.580108718645,7210.3502710474395
645,0.4451318919454581,0.2232065072711414,0.0870869809794227,0.1348381491154511,0.4243192968503472,9.292496931168328,302.8457163329995,106.05705091265683,False,0.0,5950.234039826627,6432.190455517057,7055.41863594889
646,0.0881934932531116,0.0393399816473621,0.0337642494697544,0.0150892215755434,0.3856453748804215,8.544304453502141,299.57339556411114,88.15033915616476,True,1.0,7538.861661199811,7611.310441931787,7706.279896009106
647,0.4041986740582305,0.1554680247319941,0.0992496996399096,0.1494806497458853,0.4756776348513644,10.77400763005687,292.8079968987468,138.98427225716034,False,0.0,7287.9298374030195,7773.170417626456,8383.187041404954
648,0.45742295053405,0.1203369610071841,0.1098784025092873,0.2272072549563565,0.3546369849586602,7.921628107293107,296.8004045254671,74.6867051468311,True,1.0,4873.938156997857,5284.742640946408,5822.830053217771
649,0.2902941751390217,0.2736261498351792,0.0056669114623561,0.0110006810696928,0.3579100923491756,7.994034806048863,297.1312858726012,76.1895367841679,True,1.0,5858.977717888621,6221.833721584061,6812.444804269224
650,0.4327535629469901,0.176389770459716,0.1763803060510027,0.0799832206038136,0.4243192968503472,9.293452418176315,302.85191679796014,106.0825605520999,True,1.0,5830.204864885332,6213.802151402804,6691.665723193542
651,0.4812236474710556,0.0658404387883282,0.095438734376192,0.3199440719964351,0.4104881960143233,9.018571282881508,301.64493154917017,99.27180605912108,True,1.0,5495.909868095156,6045.640027293595,6872.616394423772
652,0.0890179834348757,0.0172889888858487,0.0636530042576104,0.0080759207149799,0.3783328882267785,8.40010762017937,298.936738405125,84.91859641520882,True,1.0,7327.172785174307,7384.531823228059,7445.17290351648
653,0.4451318919454581,0.2249990590710284,0.2141816506404935,0.0059509481209322,0.3945988183259338,8.71691640404504,300.33261875166806,92.11107598016252,True,1.0,5185.250842727694,5568.271642065278,6118.28630691936
654,0.3974056517708242,0.0498275531136081,0.0053143452321518,0.3422633880440129,0.4743872371181071,10.727982378820702,293.0793248277576,137.8898067178634,False,0.0,7438.2925928451095,8133.722355704486,9207.25514072048
655,0.0045985258083148,0.000258326280456,0.0015050129646803,0.0028351835364966,0.3629479735851728,8.096145051247072,297.58842680032006,78.33396483764334,True,1.0,7603.541975490154,7607.922870774647,7614.46223937248
656,0.0045985258083148,0.0019792185951586,0.0016222349342588,0.0009970702934727,0.3992797393792979,8.81283732924691,300.75582519156615,94.35738905890196,True,1.0,8364.821106162226,8368.848809573656,8373.990328197462
657,0.0045985258083148,0.0019600303576978,0.0023713352410324,0.0002671562267244,0.3612044566247643,8.061489926845553,297.43431281805056,77.60278307823184,False,1.0,7565.265133553807,7568.557229322232,7573.039345198487
658,0.3749802351995889,0.1585227707133569,0.1186121235638748,0.0978451774816308,0.4129716779286757,9.073956510135677,301.8947452913302,100.62685128922882,True,1.0,6154.661312894539,6511.449569600546,6940.6939655597525
659,0.4490271447203569,0.097197239495677,0.2012578133300452,0.1505716871517124,0.3727589984325991,8.283154004952646,298.412327319906,82.34508773647433,True,1.0,5002.42352434116,5341.8326133633345,5728.4162784839045
660,0.3925879806965068,0.0260806910493191,0.1705363312907373,0.1959707013317681,0.3629479735851728,8.087943872752065,297.54381872318686,78.15639762007156,True,1.0,5198.633209524292,5525.9042284448815,5967.877479419474
661,0.1025698202410035,0.0168035537845744,0.0032207858343278,0.082545392501305,0.3928975046158507,8.685198592936125,300.1919034741896,91.37486085306554,True,1.0,7648.362730578961,7781.907587491212,7991.197712735369
662,0.4451318919454581,0.0142506356396939,0.4010771739912521,0.0298029098544919,0.3809371606507797,8.446417537690875,299.14005413849344,85.948109138517,True,1.0,4614.005745571468,4900.9944298084265,5230.990971629615
663,0.4812236474710556,0.0692700917457688,0.1585610013905332,0.2533921310681705,0.3546369849586602,7.920409930173072,296.79416077635585,74.66123938181995,False,0.0,4650.430718465238,5056.409477695706,5621.575043068513
664,0.2360334725549996,0.0047622641688873,0.221311307867877,0.0099595087066357,0.4183805487625825,9.181428358791582,302.36760331076545,103.27957960418703,True,1.0,6786.7678527849175,6959.65128127312,7156.960254351346
665,0.4812236474710556,0.0899065487616219,0.2591402868668477,0.1321764547620832,0.3546369849586602,7.9228758006636175,296.80961761495803,74.71417703466662,True,1.0,4479.170308753287,4802.0852994596025,5140.072726538941
666,0.4037200775820312,0.0362435084829228,0.3534930787159769,0.0139829388040879,0.4045474901621301,8.910330969603693,301.1823810244858,96.67115178465949,True,1.0,5263.499772102794,5536.003204053954,5860.119325033192
667,0.070042007618262,0.0005378082642861,0.0343153589179931,0.0351887961882239,0.4859866504244083,11.088504902184695,290.88390947309654,146.49898061915374,False,0.0,10186.929047240224,10268.939944355858,10383.471638796998
668,0.070042007618262,0.0265720864844686,0.0421818236121585,0.0012880468492862,0.4822288240814684,10.978256744435518,291.5643653372848,143.85187686475146,False,0.0,10047.459401744447,10116.99014303684,10205.406501267782
669,0.4812236474710556,0.1175889973819017,0.2528650031395694,0.1107693705534257,0.5178920993924654,12.036494687240287,285.3341407189265,170.16771065918445,False,0.0,7139.4677565701,7653.90381569706,8187.881256426883
670,0.4037200775820312,0.064083696984646,0.2645552556610346,0.0750807121329786,0.4045474901621301,8.90933004280374,301.1756662954211,96.64576699473844,True,1.0,5536.8130806704075,5824.327454002405,6100.915058627481
671,0.4315517129377967,0.1568567566781968,0.1787929238475071,0.0959017136728864,0.3727589984325991,8.28488325986088,298.4218108155993,82.38373136147953,True,1.0,5132.637131746664,5469.657810849451,5855.657807571276
672,0.0045985258083148,0.0017210871202373,0.0022413427160964,0.0006360924746632,0.3992797393792979,8.812842498925498,300.7558413065588,94.35750689061008,False,1.0,8363.39526639169,8366.98963238816,8371.41441332233
673,0.0909640652476355,0.0221903194870776,0.0183969415744,0.0503767504067859,0.6085356863040552,14.871068677844644,271.57454984309777,250.69034856571577,False,0.0,13930.3982936264,14098.652762858193,14333.630520478717
674,0.3974056517708242,0.2801887429047615,0.0133913489843048,0.1038252637352999,0.3579100923491756,7.991135444302106,297.11481068029934,76.12740904080142,False,0.0,5351.897024805715,5790.150700114158,6430.524955571836
675,0.070042007618262,0.0303899590416489,0.0162828328896137,0.0233691720694623,0.4031332038221146,8.887070757390845,301.0805205984637,96.11606237032892,False,0.0,8028.634041135871,8097.505493163828,8184.08894052678
676,0.4049372229273174,0.1471756718661922,0.1820532913043955,0.0757077161609123,0.5431998629717047,12.814035352682753,281.1918938549704,190.8173215863102,False,0.0,8525.067734759192,9016.056633998693,9601.313004198013
677,0.4041986740582305,0.0824158622950312,0.1203361919653463,0.2014463253859821,0.3576159066981034,7.981968056679742,297.07108934796014,75.9353451510749,True,1.0,5176.28530475891,5520.635856683279,5988.41929602352
678,0.0780762986830951,0.0104555954747592,0.0539225560322752,0.013698071862307,0.5476771825730454,12.961001650424382,280.46290740493276,194.85805269583585,False,0.0,11963.714752459839,12045.094856993128,12125.96028556261
679,0.4315517129377967,0.0860381536879709,0.2377160469268712,0.1077971540480291,0.358128797751045,7.993600821366827,297.12637005223127,76.17901019996582,True,1.0,4821.6761112832255,5114.088491547068,5407.313311150732
680,0.4037200775820312,0.0284807785135982,0.1798791182843958,0.1953599001065417,0.3982424154252496,8.78350142202872,300.6194743733431,93.66278784549414,False,0.0,5618.939450064219,5984.489145225871,6468.525287583063
681,0.2853891523344559,0.156240012878355,0.1228679370099073,0.0062809553505551,0.3839714137522265,8.509806337297901,299.4204512934313,87.37033851296142,False,1.0,6160.824830643655,6408.351919393479,6771.591817100532
682,0.070042007618262,0.0616414164597115,0.0053775485601852,0.0030229236751738,0.3579100923491756,7.9954046466263025,297.1392114682172,76.21897139384076,False,1.0,7119.824808851922,7202.001812371165,7334.608263794903
683,0.1109860809664747,0.0163718941439623,0.0470098032696033,0.0476043127018495,0.3727589984325991,8.288920346376548,298.4428845968329,82.47341600458962,True,1.0,7139.361899553867,7228.623184843747,7342.837497032327
684,0.0091109128257748,0.0002485623660698,0.0013128751629585,0.007549462686113,0.5899748256119568,14.285587595119395,274.14298383827037,232.88513660912133,False,0.0,14198.118722768008,14218.199946732584,14250.367439698768
685,0.4812236474710556,0.0131852848645592,0.0176953060761757,0.4503418399120441,0.4035633986163001,8.880372078261923,301.03480796762534,95.9463706786388,True,0.552,5473.305748769752,6181.43815149139,7321.571216922011
686,0.3263730539259373,0.2872290218738849,0.0250576333532318,0.0140858445552932,0.3579100923491756,7.993633113603264,297.1293260332199,76.181088856988,True,1.0,5636.170571252277,6018.991193825166,6636.7368175059955
687,0.3974056517708242,0.2138595155731095,0.0073113510540421,0.1762342824610244,0.3882465986995947,8.589581750106921,299.76603605720777,89.17556875916544,False,1.0,5863.812759690132,6328.361950469231,6961.243955145392
688,0.4812236474710556,0.0760411243677417,0.2038025331335643,0.2013794459343242,0.4214548343140179,9.23388468580262,302.58903553451427,104.58295323255616,True,1.0,5441.524292545289,5875.796566316572,6425.082907179817
689,0.0497206963796725,0.0134282954707706,0.0345828676435209,0.0017094660142109,0.3639351238159993,8.115347621609391,297.67381321771506,78.74084272610558,True,1.0,7313.428978535865,7346.937417463723,7384.551573074531
690,0.0071967443148779,0.001160028450196,0.0043642684484812,0.0016724426458013,0.5666800795566977,13.55369654835633,277.54271612888334,211.4862151506221,False,0.0,13406.703850842803,13415.11115530728,13423.31047792978
691,0.4278482340531429,0.0818174466058991,0.1814073235029334,0.1646232656555524,0.4104881960143233,9.022924664555354,301.6695275213625,99.38110697648509,True,1.0,5676.8455247942675,6044.438766753313,6486.313997602029
692,0.4041986740582305,0.2446690204753032,0.0902862516750184,0.0692429047306685,0.4691550588855364,10.585680108756868,294.0191540643499,134.58671707681475,False,0.0,7098.981881204702,7608.600682012251,8329.27874269705
693,0.3340425682853231,0.1044557573880539,0.0435096137466342,0.186076984892356,0.4183805487625825,9.177216304989631,302.34257101141014,103.17051472880163,True,1.0,6641.08526938361,7030.929651484624,7567.968916267715
694,0.4327535629469901,0.2309078015025966,0.1183806505729614,0.0834648728000267,0.3756042394981304,8.341911960282896,298.67481678014434,83.6316667712366,True,1.0,5255.807421353485,5646.501968281222,6178.140890319555
695,0.070042007618262,0.0364902027661448,0.0110288807705325,0.0225228864593224,0.3928975046158507,8.686859535820037,300.20124500259504,91.4144989143576,True,1.0,7833.095709444602,7905.284067965871,8001.278451099948
696,0.4481679092605599,0.0070696748114211,0.3946032234671788,0.0464944672412736,0.3823674280979913,8.474184135187253,299.26217983833305,86.56901171905965,True,1.0,4641.367497326024,4930.191815056758,5258.834577919353
697,0.0045985258083148,0.0021146414738798,0.0008932947418392,0.0015905852955596,0.3992797393792979,8.812826768403813,300.7557918786069,94.35714810721274,True,1.0,8366.387903321862,8371.053072870662,8376.962029683757
698,0.0132661019369098,0.0076917238031602,0.0026241368808703,0.00295023332253,0.3912562832437979,8.655530835933645,300.0641396390471,90.6916606585297,True,1.0,8143.946395847367,8157.426980069488,8176.29542139861
699,0.0091109128257748,0.0036365381127673,0.0040108811649756,0.0014634854818816,0.3839714137522265,8.512330074305861,299.43315492203436,87.4281243829028,True,1.0,8013.714322934525,8020.763836234437,8029.813019876336
700,0.0091109128257748,0.0014449974022575,0.0041010110097808,0.0035648999310928,0.4243192968503472,9.299615432495756,302.88251022691065,106.2407617999777,True,1.0,8855.933618728344,8863.957786431507,8873.815706348647
701,0.3925879806965068,0.1179144091282555,0.0852289617100523,0.1894444076180551,0.3809371606507797,8.44483065436661,299.1269673952114,85.90928203479623,True,1.0,5648.996472124042,6034.070157151804,6538.826483819805
702,0.4812236474710556,0.3706509380318496,0.0877380265116252,0.0228337846361144,0.3823674280979913,8.476883013557858,299.2732109265194,86.6290289513233,True,0.821,5009.434697010269,5544.263003536403,6380.868281874291
703,0.4463358555384874,0.2062239709604892,0.2148023189564192,0.0253092696362616,0.3823674280979913,8.476101217099076,299.27042813615844,86.61187393846481,True,1.0,5051.770620246383,5403.2320736683505,5889.562161834683
704,0.1025698202410035,0.0120386532371272,0.0313926996152859,0.059138404255772,0.5952330685215322,14.447429145170712,273.41323734275596,237.73948145648248,False,0.0,13321.915765081734,13498.947796400542,13750.929437947392
705,0.3611262841965331,0.0860332264651517,0.1028757590317119,0.1722170470061084,0.4278270300293877,9.386869648181133,302.2544413976623,108.07118963583974,False,0.0,6518.887819734267,6896.549507937784,7386.126047760779
706,0.4041986740582305,0.1131733946920937,0.087078384778486,0.2039465965216577,0.3576159066981034,7.982145887270394,297.07174881784607,75.93897405065684,True,1.0,5233.913486355902,5608.5184431487505,6100.419091820288
707,0.2853891523344559,0.1597808889792827,0.0530485927062638,0.0725593999691567,0.5372446723547402,12.634069095675748,282.1365554116396,185.94974873194195,False,0.0,9818.28805172185,10251.83699054176,10855.82523303218
708,0.070042007618262,0.0371852687217141,0.0309359444477316,0.0019207188868622,0.4183805487625825,9.184114447697306,302.3794856181613,103.34644833908725,True,1.0,8284.382583776884,8349.483051174073,8444.119540963879
709,0.2853891523344559,0.156240012878355,0.1228679370099073,0.0062809553505551,0.3839714137522265,8.509806337297901,299.4204512934313,87.37033851296142,False,1.0,6160.824830643655,6408.351919393479,6771.591817100532
710,0.0045985258083148,0.0009514481074282,0.0005678372956865,0.0030792345914906,0.4243192968503472,9.29968216691871,302.88281324651683,106.24245628599812,True,1.0,8891.478472300441,8897.090343258993,8905.407207015915
711,0.0045985258083148,0.00087702840391,0.0030401380808957,0.0006813556714398,0.3727589984325991,8.290935403701804,298.45374881865763,82.51838917069429,False,1.0,7806.280208122847,7809.265869578684,7812.278573198202
712,0.4490271447203569,0.1833396728201524,0.2566960555321539,0.0089910626555588,0.3727589984325991,8.28646131747623,298.43167594135735,82.41965804700432,True,1.0,4808.453198743936,5142.745874968849,5578.94969448008
713,0.3749802351995889,0.2199257558091373,0.112750430609176,0.0423038220326191,0.4129716779286757,9.075553105040804,301.9032076148058,100.6668955968618,True,1.0,6119.536530581278,6492.272018659163,7034.452078518873
714,0.2760235904259901,0.1056644407554362,0.0105605397364843,0.1597983763902764,0.3579100923491756,7.990455036733291,297.11093075543897,76.11282685873083,True,1.0,6038.452147897452,6339.727872727235,6754.407772788867
715,0.1844568197848862,0.0024332190299809,0.0841062793389383,0.0979170969006247,0.4383397278625753,9.691878016476029,300.06643973376697,114.57271813228924,False,0.0,7921.341132474443,8112.9955097064085,8386.317890359773
716,0.4041986740582305,0.0607678386651607,0.1034284626660979,0.2400021196811783,0.5790817382479283,13.92178378148254,275.7667817448344,222.0938968452949,False,0.0,9610.270951141589,10290.547556245587,11263.791832034773
717,0.4812236474710556,0.0762935909025507,0.219903258493539,0.1850264950608455,0.3823674280979913,8.47151066273215,299.2449139489109,86.50600899758228,True,1.0,4908.697637732576,5287.665908509312,5747.537933093752
718,0.4327535629469901,0.0971609440220386,0.1476165930770693,0.1879755205619088,0.3756042394981304,8.338900513974286,298.65822104923956,83.56372673201992,True,1.0,5231.212055468781,5604.441371471181,6063.519986661735
719,0.4037200775820312,0.0762314340870114,0.317809857746205,0.0096784039689272,0.4045474901621301,8.910726635769995,301.18401897792035,96.68055112827936,True,1.0,5359.5183378936,5643.321664290479,5963.171782954758
720,0.2853891523344559,0.0398431266027598,0.0341114835368889,0.2114342987381632,0.3805347417861211,8.43736975979201,299.09369933613414,85.7426865540738,True,1.0,6314.731863577693,6642.4315591411405,7153.7392292898285
721,0.4812236474710556,0.054868912475977,0.1913455319309696,0.2350088105050511,0.3783328882267785,8.390801547438572,298.8862711187673,84.70727995915269,True,1.0,4897.113963298851,5307.47358536963,5871.524199233913
722,0.070042007618262,0.0081092947661296,0.031725225254464,0.0302074538294288,0.4183805487625825,9.183358836507804,302.37550234252177,103.32720812099863,True,1.0,8295.610052523554,8358.619538742143,8440.91731949846
723,0.4632938125807472,0.0091344544063341,0.3940849460882169,0.0600737095398076,0.5899565767841946,14.27028989898804,274.1756749822614,232.3978572437981,False,0.0,8120.531444127208,8655.904384327143,9246.553620243201
724,0.2853891523344559,0.156240012878355,0.1228679370099073,0.0062809553505551,0.3839714137522265,8.509806337297901,299.4204512934313,87.37033851296142,True,1.0,6160.824830643655,6408.351919393479,6771.591817100532
725,0.4949801161949726,0.0999443010891558,0.2057156184692723,0.1893198865912242,0.4243192968503472,9.289504441925803,302.83138236133857,105.98065373429058,True,1.0,5395.192355268339,5840.655710124229,6365.860839561535
726,0.2853891523344559,0.1044160293417393,0.082113294025226,0.0988596638321647,0.3839714137522265,8.507717058470684,299.4083048618052,87.32159059308817,True,1.0,6311.1039390333935,6566.180675481851,6875.48107231172
727,0.3749802351995889,0.0614313307318225,0.011774721129919,0.3017738611811267,0.3928975046158507,8.677376363482189,300.14875269375483,91.18882582147684,True,1.0,6022.929189627213,6510.639794760163,7274.974835369403
728,0.2126067522346167,0.0676529978726948,0.0129672460951808,0.1319861534825019,0.3567407924960352,7.9681786763151585,297.01284912526364,75.65072478273711,True,1.0,6351.2013859777035,6578.916877282803,6901.939247981757
729,0.070042007618262,0.0371678799221022,0.0319000039502022,0.0009740854249941,0.3546369849586602,7.929944126587982,296.8472415291632,74.86276095150956,True,1.0,7019.117713852445,7075.2042893086655,7155.995016623119
730,0.070042007618262,0.0187009708788938,0.0136411561110051,0.0376998110245418,0.5400434659478441,12.72489180028106,281.6744455996433,188.41117749633167,False,0.0,11925.85452703799,12035.442718956128,12186.891098754479
731,0.4812236474710556,0.1299662674959071,0.3347115973666798,0.0165451317154665,0.3639351238159993,8.110502962641489,297.65005483143256,78.6369320178626,True,1.0,4376.820064992895,4700.913287624004,5064.716953163288
732,0.1289438427166011,0.025639884751478,0.045095897723672,0.0582079981018817,0.4019882960212537,8.863252819494583,300.974815105965,95.54875207457842,False,0.0,7597.933502925889,7715.720997929463,7869.86253488974
733,0.4911893084543032,0.1602797818191483,0.0453875668448052,0.2855216340954191,0.4225556872701355,9.253867740348475,302.67242756664115,105.0813598019232,True,1.0,5712.490657258775,6313.038687209426,7155.585976499951
734,0.4911893084543032,0.1488023841151731,0.1754414739827841,0.1669452721350076,0.5077070546908058,11.726447015714864,287.0778084727892,162.23872676047665,False,0.0,7085.416712841916,7681.256767590863,8375.872705751517
735,0.3925879806965068,0.0496001213010929,0.2643148502439619,0.0786727202399443,0.3612044566247643,8.055639262640755,297.4041231826792,77.47761753097154,True,1.0,5002.858750031493,5246.679667141406,5494.6911327584185
736,0.1872700594236812,0.1284952859552691,0.051574740307121,0.0071997491558463,0.4128047970010131,9.074890314804495,301.9021840303091,100.65188982702703,True,1.0,7380.310104708291,7585.684685587992,7901.195673665903
737,0.4812236474710556,0.1008767696217089,0.0113359283432104,0.3690103331107406,0.3805347417861211,8.431780714362333,299.06218037512156,85.61432846902959,True,1.0,5247.2382637369265,5826.333667882482,6761.468216817854
738,0.0045985258083148,0.000538609775054,0.0035232303150313,0.0005366818647514,0.4104881960143233,9.03146829354637,301.71351611020674,99.59307081110438,True,1.0,8595.061562859877,8598.181589227148,8601.528765531586
739,0.0091109128257748,0.0048997065215816,0.0016716019604657,0.0025395992920141,0.3711706242201289,8.259408350720046,298.3138852166921,81.83255861131066,True,1.0,7750.991927213082,7759.699637057833,7771.378465712754
740,0.0091109128257748,0.0045364688354882,0.0043519647008173,0.0002224705373772,0.3579100923491756,7.995798659683256,297.1414166468147,76.22740179566685,True,1.0,7467.835145540492,7474.777644246251,7484.833434530904
741,0.4481679092605599,0.0073364841098429,0.3743884650524592,0.0664423958368155,0.3823674280979913,8.473799385376457,299.2597345554175,86.55996529380154,True,1.0,4702.121247500031,4989.813869249305,5309.388124064525
742,0.2882582377571268,0.0028228017749602,0.1890227158647776,0.0964124596548912,0.3690124911418303,8.21144089784443,298.0969836886653,80.79335961687049,True,1.0,5810.154721273089,6017.14067942556,6261.207794105981
743,0.4632938125807472,0.1733966594852206,0.2258115438566876,0.0640852568898882,0.4322165662061618,9.514113664215149,301.328807947123,110.76181648122297,False,0.0,5664.238512397794,6058.765692743442,6544.441427301118
744,0.0091109128257748,0.0011173174580741,0.00397492301444,0.0040186643594246,0.3856453748804215,8.545229348853967,299.5781983408983,88.17171047334405,True,1.0,8048.79452263825,8056.39017882072,8066.3633589511865
745,0.4327535629469901,0.0517235103108783,0.1751481255447545,0.2058816110410544,0.3756042394981304,8.338194423308707,298.65459130468264,83.54794440719729,True,1.0,5160.074003226405,5523.271703108919,6018.427324051854
746,0.4812236474710556,0.1783264604011688,0.0859630430398446,0.2169337816635387,0.3805347417861211,8.435565196063056,299.0844378999771,85.70174170536714,True,1.0,5149.4456235503785,5627.931642198519,6249.414580379715
747,0.4451318919454581,0.1728068744696374,0.1483146197673078,0.1240102195405376,0.5989225411121605,14.55393019798906,272.9244066455309,240.9463461696349,False,0.0,9542.26511203865,10236.32786937031,11053.651381130006
748,0.3974056517708242,0.1715386412792925,0.1632914799267139,0.0625753520777308,0.3882465986995947,8.591468522865505,299.7785087275477,89.22102317038708,True,1.0,5554.5176833921505,5876.6452009077875,6299.235341265254
749,0.4041986740582305,0.131878283225335,0.0979362725768655,0.1743836471509417,0.3992797393792979,8.805031941389798,300.7143218258901,94.16908708067282,True,1.0,5834.032389761619,6232.78016674455,6744.902010654221
750,0.3925879806965068,0.0964077129234271,0.0773139968837816,0.2188660372402851,0.3711706242201289,8.251161249660777,298.26813066153323,81.648812514104,True,1.0,5512.455078264125,5893.317728337555,6426.300875710189
751,0.4041986740582305,0.0136581561764998,0.0689853052394754,0.3215548784455678,0.4104881960143233,9.019309860078234,301.64843116908474,99.28991214695436,True,1.0,5984.578938605046,6503.01426631018,7326.166544918783
752,0.2126067522346167,0.0083580338940322,0.007474766473573,0.1967737473571783,0.3567407924960352,7.966598678423114,297.00374974350814,75.616947496061,True,1.0,6326.854397357,6600.997594514971,7039.605649298204
753,0.3749802351995889,0.3115248103391302,0.0035317441406735,0.0599233595303367,0.3711706242201289,8.25595598740921,298.2941873355205,81.75531821977512,True,1.0,5649.714119525015,6097.209565591816,6820.764566460639
754,0.0684428150344036,0.0326437675007155,0.0188792068503144,0.0169198070268771,0.406113124567257,8.945356360019835,301.3359912555023,97.51072287132328,True,1.0,8089.453107006574,8156.169629409359,8240.619399755084
755,0.4500093209240525,0.1599762704533527,0.2821874312736754,0.0078453105589409,0.4104881960143233,9.026438173292066,301.6900208872196,99.46978821996916,True,1.0,5229.071220269678,5596.226454541091,6028.229032256141
756,0.4812236474710556,0.1206150189503002,0.2141856909595272,0.1464226924666832,0.3546369849586602,7.922837241091901,296.8086583478702,74.71299671830774,True,1.0,4576.140188352901,4916.2323107951115,5306.3009131127055
757,0.1289438427166011,0.0270786090026131,0.0984179024446563,0.0034471956550876,0.530155058130096,12.421462797401656,283.2695052332731,180.2731287108743,False,0.0,10819.29555710951,10950.121257360945,11098.304381689746
758,0.0497206963796725,0.009488514245182,0.0086295381603794,0.0316025964540304,0.3639351238159993,8.11481981844134,297.6704031157158,78.72909423374867,True,1.0,7368.105966325546,7417.566865446624,7490.763059818071
759,0.4812236474710556,0.0390145517521528,0.2224265084089904,0.2197819935591957,0.4026113835870348,8.86721161674118,300.9857790236322,95.63881309192618,True,1.0,5135.135332503215,5562.509495671273,6116.003780335966
760,0.4572059729624799,0.0470443050363154,0.3809002858227559,0.0292602309926214,0.3711706242201289,8.253540763021212,298.2854910436817,81.70402472363318,True,1.0,4498.624971244385,4777.809635253063,5100.201111475693
761,0.0045985258083148,0.0017210871202373,0.0022413427160964,0.0006360924746632,0.3992797393792979,8.812842498925498,300.7558413065588,94.35750689061008,True,1.0,8363.39526639169,8366.98963238816,8371.41441332233
762,0.3611262841965331,0.0726636152457904,0.125924342806807,0.1625381526273891,0.3690124911418303,8.2097428047103,298.0865573871556,80.7552620910232,True,1.0,5565.253546327634,5867.382979932156,6261.5761731816965
763,0.3749802351995889,0.2199257558091373,0.112750430609176,0.0423038220326191,0.3756042394981304,8.343359418556151,298.6827176668475,83.66429273979502,True,1.0,5565.814770103885,5904.823561785813,6397.944857841928
764,0.4490271447203569,0.1413606278554657,0.2927030747042836,0.0149628535151491,0.3727589984325991,8.286047815541023,298.4298608272923,82.41065786390446,False,0.606,4745.171323171548,5065.998594687948,5433.626308141812
765,0.1915692641247487,0.1124467828676176,0.003151753824524,0.0759705107377791,0.3882465986995947,8.59353913025896,299.7879149323486,89.26843597210348,True,1.0,7053.395643547046,7277.070353737686,7584.319475401895
766,0.3974056517708242,0.0465467799090001,0.3044783693835285,0.0463801694598477,0.4085728963394133,8.988263874086837,301.5225674646297,98.54407131130432,True,1.0,5514.2578988549685,5782.431598746974,6070.129376934705
767,0.0234829833875275,0.0074728841281895,0.0148707752102251,0.0011392791084541,0.5714100849279111,13.701362638547078,276.8376182085438,215.72560929794057,False,0.0,13372.562189974864,13401.761896950586,13434.492093687795
768,0.0045985258083148,0.0008328603825339,0.0012072693056717,0.0025583910310156,0.3748396003775379,8.332087876123216,298.6359434190016,83.41847083190291,True,1.0,7853.568224512939,7857.886298221094,7863.940687902826
769,0.3015760547331941,0.0632180449913865,0.0071040659877156,0.2312535574678142,0.3805347417861211,8.43693366955952,299.09091525295423,85.73248548791747,True,1.0,6274.422550393102,6637.59012948692,7224.040216696537
770,0.3925879806965068,0.0293734933474816,0.0920541138208018,0.2711600840530412,0.4236047329043962,9.274890348268327,302.76530962359305,105.61071007304122,True,1.0,6233.9918189615155,6691.444971208435,7407.149577448508
771,0.2126067522346167,0.0704255783311091,0.0899548115586403,0.0522261814397252,0.4567018149394847,10.22411082415604,296.4005162426047,126.31743366536436,False,0.0,8214.67679152625,8423.369047598564,8654.124650651776
772,0.3595229525921227,0.1028233631780151,0.0229637842987737,0.233735176825512,0.3756042394981304,8.339070304530628,298.6574718741425,83.56663680635495,False,0.0,5848.33503178151,6246.262471261172,6841.0531742228995
773,0.3749802351995889,0.1585227707133569,0.1186121235638748,0.0978451774816308,0.4129716779286757,9.073956510135677,301.8947452913302,100.62685128922882,False,1.0,6154.661312894539,6511.449569600546,6940.6939655597525
774,0.0091109128257748,0.0018200897302566,0.0027083584905157,0.0045824554896859,0.3639351238159993,8.115710128738556,297.6753866993457,78.74851583268155,True,1.0,7598.2221576275615,7606.1295468417175,7616.9652013481755
775,0.2853891523344559,0.1064018181322563,0.0836749283820933,0.0953122375442293,0.3839714137522265,8.507799043122516,299.4087590567549,87.32349041334147,True,1.0,6305.921554877539,6560.65913919314,6867.871909432806
776,0.4490271447203569,0.097360416342996,0.2015956893401861,0.1500706336147612,0.4214548343140179,9.235686312172284,302.59858782006285,104.62920284839898,True,1.0,5654.888924597619,6038.692823196,6475.360916286098
777,0.2380252010995498,0.064929742394824,0.0814413659151574,0.0916539949553609,0.3882465986995947,8.592282634648855,299.78187514515844,89.23947022962562,True,1.0,6645.989178968975,6859.245233592788,7104.846113830531
778,0.2853891523344559,0.0919021068334786,0.1064752464449685,0.0870116537116162,0.3839714137522265,8.507848022025945,299.4093416100389,87.32480246050744,True,1.0,6260.729459791999,6498.638350973673,6767.086867327552
779,0.1074701892953783,0.0968895404735044,0.005828953857517,0.0047515080378709,0.3546369849586602,7.929829065031448,296.8462125390199,74.86013591534652,True,1.0,6842.05035657628,6970.424116837596,7177.07931708113
780,0.0045985258083148,0.0018080501088908,0.0018269060136141,0.0009635660117796,0.3992797393792979,8.812836703994796,300.7558251245471,94.35737595939771,True,1.0,8364.380210274785,8368.272003666882,8372.940754004243
781,0.2975389653501274,0.0376189992665266,0.2460787099968102,0.0138409869420556,0.4183805487625825,9.180737117640923,302.3642506205249,103.26217924587928,True,1.0,6374.125659291654,6578.775773997806,6821.7861742905725
782,0.4451318919454581,0.0094853028333573,0.2123332421169693,0.2233131149025455,0.3711706242201289,8.24966155509446,298.26151456504095,81.61633569756091,True,1.0,4935.801723946579,5305.497260143942,5831.65172082641
783,0.0045985258083148,0.0020680301419611,0.0008300547115484,0.0017004363839618,0.3856453748804215,8.54533035748009,299.57881389641307,88.17409691107736,True,1.0,8080.850352833331,8085.385147829595,8091.2528675195545
784,0.4041986740582305,0.1185852029527175,0.1425897324178717,0.1430234997809799,0.3912562832437979,8.648481216552447,300.0271569000079,90.52586425673844,True,1.0,5626.565488462804,5982.369936951061,6396.97736979829
785,0.0045985258083148,0.0019600303576978,0.0023713352410324,0.0002671562267244,0.3612044566247643,8.061489926845553,297.43431281805056,77.60278307823184,False,1.0,7565.265133553807,7568.557229322232,7573.039345198487
786,0.0045985258083148,0.0022641765270705,0.0011607866366681,0.0011735603101565,0.3856453748804215,8.545342031807493,299.5788368707574,88.1743450764488,True,1.0,8080.028032846517,8084.3966421600235,8089.937754089887
787,0.4812236474710556,0.2570687094534601,0.1303789190069732,0.0937757515289356,0.3783328882267785,8.395153625800383,298.90979065576994,84.8060191946455,True,1.0,4998.629163804859,5437.337770753522,6034.675334169892
788,0.0045985258083148,0.0013329731802659,0.001501076930057,0.0017644729893369,0.3756042394981304,8.347226316299938,298.70313003621453,83.75111100081492,True,1.0,7869.181226188846,7873.209226209514,7877.945420575878
789,0.4451318919454581,0.1045438010829759,0.0994641725534469,0.2411236055320363,0.3819794759401315,8.463476142899493,299.20734712111533,86.3248999378822,False,1.0,5336.801260211038,5770.423979415089,6376.110187344731
790,0.2853891523344559,0.0390639448215982,0.0467802365710773,0.1995447322462333,0.3756042394981304,8.340279422210061,298.6645206044223,83.59412211630986,True,1.0,6211.1888956442335,6519.990096485517,6997.528379360327
791,0.4632938125807472,0.157900868116417,0.0241087749608576,0.2812838486425899,0.4183805487625825,9.173617174998544,302.32294893319164,103.07855281290784,True,1.0,5866.827523434694,6449.642749451899,7274.346775461256
792,0.0132661019369098,0.0048402346222774,0.0021994627940769,0.0062263978736049,0.4986473948618595,11.468829272202289,288.61334625512615,155.81170175310052,False,0.0,11113.504182236555,11132.101903393825,11156.970047330193
793,0.4812236474710556,0.1095555930197615,0.2625038230372604,0.1091634475996944,0.4214548343140179,9.236172342059971,302.6020648845278,104.64228904816068,False,1.0,5316.418071066627,5696.0472666039395,6087.410293119429
794,0.344201198213868,0.1681798921627081,0.057376872719174,0.1186442599345389,0.3711706242201289,8.254258940346675,298.2853108504932,81.71779695941662,False,0.0,5813.651989033732,6150.3262589577935,6577.655031462386
795,0.2174136693018731,0.1551516868384722,0.0397782455691039,0.0224835754579441,0.3882465986995947,8.594488244657617,299.7936390359891,89.29099444855554,False,0.0,6794.491478818823,7032.396136339456,7392.645277891223
796,0.4702292921764571,0.1160696957266083,0.1834217979771043,0.1707375745424807,0.3690124911418303,8.208417771645356,298.07987931768645,80.72631204411653,True,1.0,4873.095588084565,5244.57285856327,5682.308449597193
797,0.3997079394844896,0.1531662412738948,0.1084459058064734,0.1380954211979181,0.558408941256328,13.282212189031846,278.83378265254805,203.76923648184064,False,0.0,9180.742316314254,9777.323213121967,10495.67718015746
798,0.2853891523344559,0.1207301274670556,0.0519623819955431,0.1126964519355702,0.3770869310163224,8.37181654881532,298.8070836761237,84.29024628251777,True,1.0,6250.100718040474,6526.699812371698,6884.1842010428445
799,0.0091109128257748,0.0041496754104336,0.0023999245930642,0.0025613085438634,0.406113124567257,8.946191899648529,301.34036695866183,97.5312526018816,False,1.0,8479.271872544741,8488.381578948149,8499.199791602265
800,0.3974056517708242,0.1310432805047961,0.231151573958631,0.0352105444889833,0.3690124911418303,8.212057087158726,298.1010371775692,80.80732965702484,True,1.0,5134.6006532363635,5407.732669783943,5738.249536678903
801,0.1804869484700134,0.0140020215359453,0.0486196844351913,0.117865089608458,0.6251940726386729,15.39799675002448,269.370845919285,267.2378692544889,False,0.0,13376.09887666531,13727.849114713987,14273.902474335046
802,0.3925879806965068,0.0187330743641194,0.1067994411174322,0.2670551801219364,0.4026113835870348,8.867379167718509,300.9851666771186,95.64195866726266,False,0.0,5885.313831567463,6321.272598190286,6996.089760620183
803,0.0091109128257748,0.0014138236759684,0.0009687672443315,0.0067283148248073,0.3639351238159993,8.115672008850973,297.67513546295703,78.74766467482716,True,1.0,7600.7093970610695,7610.776043732034,7626.553126263105
804,0.4702292921764571,0.0427742205886967,0.1340508915329801,0.2934037585157026,0.3982424154252496,8.780524908471126,300.60260928725364,93.59064161183146,True,1.0,5322.59357871411,5804.735360715582,6536.62693479473
805,0.4812236474710556,0.0794401855360971,0.190344936586243,0.2114379569947427,0.3546369849586602,7.9213000035419325,296.7996057923011,74.68027906078792,True,1.0,4596.364023412085,4980.130604118003,5458.20630055622
806,0.2230028864789778,0.0166851104071962,0.0522897645971815,0.1540278470431749,0.4236047329043962,9.2799100325865,302.79165464769204,105.74017864919102,True,1.0,7387.794961369595,7647.806654929527,8054.605833912292
807,0.3749802351995889,0.2384581909325152,0.0455160479033076,0.0910057505077307,0.5125702842135075,11.879996713736366,286.226927350598,166.15577336453134,False,0.0,8439.896847564913,9013.910138387735,9847.409646565051
808,0.0091109128257748,0.0035590952089454,0.0033550298460423,0.0021967841012757,0.406113124567257,8.946194597824768,301.3403828215955,97.53131999589394,True,1.0,8477.554542138287,8485.549880479353,8495.092022795287
809,0.0091109128257748,0.0046604332348056,0.0017665794244915,0.0026838948277349,0.3711706242201289,8.259403821041051,298.3138816570173,81.83246916340732,True,1.0,7750.9135855355535,7759.588139336515,7770.747944577498
810,0.0045985258083148,0.0019600303576978,0.0023713352410324,0.0002671562267244,0.3612044566247643,8.061489926845553,297.43431281805056,77.60278307823184,True,1.0,7565.265133553807,7568.557229322232,7573.039345198487
811,0.3661124432047806,0.1383579182585841,0.1145581225003403,0.1131960966416252,0.3856453748804215,8.539541661388812,299.5479218912286,88.03991083570077,True,1.0,5815.707186499902,6139.461457132296,6519.900122260939
812,0.4812236474710556,0.1095555930197615,0.2625038230372604,0.1091634475996944,0.4214548343140179,9.236172342059971,302.6020648845278,104.64228904816068,True,1.0,5316.418071066627,5696.0472666039395,6087.410293119429
813,0.4041986740582305,0.1860310584150702,0.0634670424819164,0.1547003813588222,0.5476350100132152,12.948071107334298,280.5050609084265,194.48309610964117,False,0.0,9014.402471062025,9662.506273861189,10505.481111883517
814,0.4812236474710556,0.15600979386427,0.0369296014811658,0.2882838740279216,0.3957617128742784,8.732917544947673,300.3929439737437,92.4774068966972,True,1.0,5423.45810685484,5981.621540741184,6768.740598101431
815,0.070042007618262,0.013992312426907,0.020821060375973,0.0352285647395198,0.4183805487625825,9.183310174357162,302.3749788291642,103.32579114270362,True,1.0,8321.28614301374,8391.158510935938,8486.9060222634
816,0.0045985258083148,0.0017307201488783,0.0016324962883059,0.001235307586717,0.6047586954695958,14.755030559737616,272.0784792499199,247.11801730805936,False,0.0,14763.27682887277,14770.470838848438,14778.780911405081
817,0.4037200775820312,0.0362435084829228,0.3534930787159769,0.0139829388040879,0.4249004026577557,9.307143745679449,302.84792914417125,106.40562749466685,True,0.879,5529.3855178157955,5815.654463465218,6156.143313665594
818,0.4812236474710556,0.149865767938975,0.1490461686726338,0.1823114063262093,0.4183805487625825,9.175437239370012,302.3345156604101,103.1261450841664,True,1.0,5528.529004770454,6006.8540103944315,6564.0371963332245
819,0.2126067522346167,0.139525989096428,0.0103626492952289,0.0627178303205666,0.3992797393792979,8.809964141648287,300.7401159934023,94.28778396291996,True,1.0,7102.489071211173,7355.5438461914855,7716.104824317568
820,0.4938340039983235,0.1981943693535923,0.192911995939089,0.1027274343625592,0.3618280434105517,8.067344500943419,297.4544494263564,77.7230188734499,True,1.0,4618.246458537015,4998.546123757891,5461.288225140613
821,0.4702292921764571,0.0427720712115732,0.2796778694373696,0.1477789300096187,0.4019882960212537,8.856777580554159,300.9427108470619,95.39278288386018,True,1.0,5084.688377190417,5442.700573178739,5852.842520076584
822,0.3527875862578442,0.0245812768320523,0.1401407252535333,0.1880652100772073,0.4026113835870348,8.86968951113016,300.99820628551,95.69865941428382,True,1.0,6066.70139828628,6406.3303634713675,6875.347193768976
823,0.4626241587078329,0.0671404813491875,0.2085647151296618,0.1869185904147622,0.4129716779286757,9.070042466213163,301.87476197429584,100.52921892625696,True,1.0,5439.111613588362,5834.084352036554,6336.980825674901
824,0.1025698202410035,0.0168035537845744,0.0032207858343278,0.082545392501305,0.3928975046158507,8.685198592936125,300.1919034741896,91.37486085306554,False,1.0,7648.362730578961,7781.907587491212,7991.197712735369
825,0.4812236474710556,0.0469568670840088,0.2624968260805937,0.1717696673821516,0.4104881960143233,9.02166783598913,301.6640664861981,99.35059752605842,True,1.0,5162.7878384165715,5550.63010180524,6024.581737059355
826,0.4812236474710556,0.0069021511196812,0.2385787070373326,0.2357421524462542,0.4183805487625825,9.173027301235642,302.3229450138235,103.06562161722572,True,1.0,5277.02991071833,5725.937301277763,6355.716893480809
827,0.2839726152763147,0.011719198452626,0.2625190187633283,0.0097341113073571,0.4045474901621301,8.91189792711654,301.1896882638362,96.70889304078015,True,1.0,6180.475736815665,6378.598133280287,6608.625166385261
828,0.0091109128257748,0.0042776105091034,0.0021930238461852,0.0026402740601685,0.4129716779286757,9.079686755977102,301.9241599111525,100.76999400046498,True,1.0,8622.97304018464,8632.336390590051,8643.731792684512
829,0.0684428150344036,0.0025324511463902,0.0347588966508211,0.0311514052715232,0.3567407924960352,7.971242059533608,297.03074898375036,75.71636805918301,True,1.0,7073.344961327905,7126.392782808616,7197.362193582188
830,0.4702292921764571,0.1160696957266083,0.1834217979771043,0.1707375745424807,0.3912562832437979,8.646956821093962,300.01922235100426,90.49007367047844,True,1.0,5166.842081106955,5560.711718710054,6024.833678000678
831,0.4812236474710556,0.2773056287336908,0.193810563361729,0.0101070577593895,0.3783328882267785,8.396871634925848,298.92030381128455,84.84569653251613,True,1.0,4796.08779734376,5221.701232084941,5852.001327807492
832,0.2853891523344559,0.103163151337154,0.104239025585887,0.0779867657797632,0.3546369849586602,7.9264706952276915,296.82822908849573,74.78946612122316,True,1.0,5783.17265240175,6005.69405362191,6260.413013559072
833,0.4812236474710556,0.0660665573284823,0.1052185949641744,0.3099381643059297,0.3639351238159993,8.10436870374074,297.61223867593714,78.5014991030778,False,1.0,4859.061243863918,5330.289606421273,6034.687526597074
834,0.0091109128257748,0.0018200897302566,0.0027083584905157,0.0045824554896859,0.3579100923491756,7.9957085423345795,297.1409251903538,76.22548003012162,True,1.0,7472.431804908628,7480.208285436818,7490.864553137517
835,0.4812236474710556,0.054868912475977,0.1913455319309696,0.2350088105050511,0.3783328882267785,8.390801547438572,298.8862711187673,84.70727995915269,False,1.0,4897.113963298851,5307.47358536963,5871.524199233913
836,0.1025698202410035,0.0399565026026486,0.0076585786091291,0.0549545294902871,0.3992797393792979,8.810845967679876,300.74499416153407,94.30917824824314,True,1.0,7773.869771129814,7894.26378701257,8056.026982433828
837,0.0045985258083148,0.0017513022622642,0.0010581807524292,0.001789039234905,0.6273188586129591,15.476776271343788,269.06638944537303,269.772019096439,False,0.0,15567.612496070828,15575.979529523,15586.65198689873
838,0.0091109128257748,0.0030942854863348,0.0029186749658367,0.0030979491833217,0.3783328882267785,8.401087348711304,298.94144127067756,84.94052377755702,True,1.0,7898.678358766076,7906.529657259218,7915.758711209559
839,0.0045985258083148,0.0005565368576199,0.0013175489419952,0.0027244360269625,0.3912562832437979,8.655592807891768,300.0645431579163,90.6931651869392,True,1.0,8197.151840323682,8201.738174540154,8208.274309194263
840,0.070042007618262,0.0180408506497374,0.0346165549550175,0.0173845653537766,0.3690124911418303,8.21571267888211,298.1192898085111,80.88717176327451,True,1.0,7314.730016285081,7364.890611246494,7418.53121133799
841,0.0045985258083148,0.0006699261443789,0.0003998211223122,0.0035287744481202,0.4243192968503472,9.29967047810875,302.88279009404056,106.2421799624844,True,1.0,8891.546671676182,8897.669691416566,8907.271035372862
842,0.2853891523344559,0.1147070579440411,0.0998812173919306,0.070800758732794,0.3783328882267785,8.397152556266104,298.92066171512147,84.85143179658832,True,1.0,6176.301252268795,6413.3144832421185,6696.57878574959
843,0.4812236474710556,0.0811328492296959,0.1852263745503214,0.2148638432269208,0.4214548343140179,9.233632235428026,302.5873488722335,104.57623885150916,True,1.0,5473.836465669661,5934.230268924235,6511.43036133067
844,0.4041986740582305,0.0930384993758875,0.1704560478793654,0.1407039211655475,0.3856453748804215,8.538128757245559,299.54091344510033,88.00748219089445,True,1.0,5490.31751405605,5813.716017352353,6184.889622979231
845,0.0132661019369098,0.0067618617488291,0.0039106572685452,0.0025935759478961,0.406113124567257,8.94615872115156,301.3400944399601,97.5303749824432,True,1.0,8450.855495391566,8463.472196816525,8480.533717455133
846,0.0091109128257748,0.0045464826704919,0.0001734744415007,0.004390951026251,0.3783328882267785,8.40107565037826,298.9413110475025,84.94022088383002,True,0.0,7903.286693772357,7914.0553578193885,7928.005401610401
847,0.2981349392410265,0.0651367517474674,0.1814908489853068,0.051507055315865,0.3992797393792979,8.808452715084485,300.7342529035519,94.25264872990309,True,1.0,6268.022971720069,6479.568076617701,6691.762978353541
848,0.4632938125807472,0.178830987638033,0.0522544148408383,0.2322079766958497,0.4183805487625825,9.174877311100287,302.3301553338797,103.11096874195152,True,0.0,5833.487561546543,6374.784088554716,7099.031412133842
849,0.3925879806965068,0.1018959175415366,0.2259257217610724,0.0647660944439407,0.3992797393792979,8.807160982947098,300.72775476847664,94.22171766717378,True,1.0,5621.777980086911,5908.501396610093,6211.085014789375
850,0.0384766008146045,0.0015125988725923,0.0013527491613656,0.0356112157693891,0.3567407924960352,7.97151975611998,297.031840035102,75.7220560113064,True,1.0,7288.216827556601,7337.865355656751,7417.299186437929
851,0.4812236474710556,0.2748368639967023,0.1991174007978169,0.0072690967069679,0.4519624891304198,10.084668997167237,297.3320653242605,123.1867101584922,False,0.0,5862.541412525731,6383.785173566594,7153.360593526424
852,0.0045985258083148,0.0026084946225018,0.0006380023970035,0.0013520260993897,0.5674300314586285,13.577226248464608,277.43015315098563,212.15945208772288,False,0.0,13469.109371974422,13476.977452162519,13487.949387695702
853,0.0091109128257748,0.0035590952089454,0.0033550298460423,0.0021967841012757,0.3567407924960352,7.972428779812099,297.0371544988225,75.741543855528,True,1.0,7446.914031683597,7453.937353914578,7462.31943074483
854,0.0045985258083148,0.00087702840391,0.0030401380808957,0.0006813556714398,0.3727589984325991,8.290935403701804,298.45374881865763,82.51838917069429,True,1.0,7806.280208122847,7809.265869578684,7812.278573198202
855,0.0684428150344036,0.0025324511463902,0.0347588966508211,0.0311514052715232,0.3696069022396827,8.227183471194062,298.16971168591914,81.13437442000857,True,1.0,7328.450164997966,7383.411193791071,7456.940166707974
856,0.4812236474710556,0.0860741586273905,0.1370830023497086,0.2580660554200433,0.3639351238159993,8.105569661044324,297.61945272244856,78.5279051495473,True,1.0,4820.314177744689,5242.751031101176,5841.875786740005
857,0.3527875862578442,0.0205258093717333,0.1752236231531847,0.1570378413568132,0.4026113835870348,8.87029582676744,301.0019847393783,95.71376416737252,True,1.0,5996.150707668688,6299.281507601312,6698.876384955037
858,0.4938340039983235,0.3463617848616231,0.0348794144765618,0.1125924475529453,0.4243192968503472,9.293254348996552,302.8488788584678,106.07607473292082,True,0.843,5694.796226908157,6303.52130177867,7223.495638283506
859,0.4812236474710556,0.0069021511196812,0.2385787070373326,0.2357421524462542,0.3546369849586602,7.9202810918294,296.79442670701934,74.65900086006168,False,1.0,4473.032942398554,4853.545764958088,5387.373488134871
860,0.4812236474710556,0.225442937202456,0.1303827398076619,0.1253977380239367,0.406113124567257,8.938981568943873,301.302770885131,97.3542801209621,True,1.0,5386.563540495229,5861.540867684371,6447.80594553521
861,0.3953615824194817,0.0665075993997363,0.1518369148109412,0.177016592380883,0.4214548343140179,9.235669916749686,302.5977961038818,104.62830654809272,True,1.0,6078.19934303968,6456.373363214493,6932.789625408392
862,0.4702292921764571,0.0517404875660172,0.1621504352649386,0.2563378594440441,0.445625750879621,9.891354880991615,298.62841205351793,118.89500804858136,False,0.0,6019.97563868889,6538.467920196854,7258.739539729988
863,0.4451318919454581,0.0954472135296006,0.1787305302936218,0.1709538625606558,0.3819794759401315,8.464820794424444,299.2158445765978,86.35643886958228,True,1.0,5188.78154907035,5554.530444529367,5980.5828945289095
864,0.4429888741180935,0.0386672041887807,0.1881314129316897,0.216189973454426,0.4085728963394133,8.983989759548377,301.4976453076516,98.4368123630027,True,1.0,5517.4672231627055,5931.032548284957,6478.2760493635415
865,0.0045985258083148,0.0036115423797714,0.0008914588208567,9.552084985290412e-05,0.3945988183259338,8.721223013147144,300.3533552050997,92.21228404764004,True,1.0,8266.563987122401,8271.940749228943,8280.385846864407
866,0.4812236474710556,0.0660665573284823,0.1052185949641744,0.3099381643059297,0.3639351238159993,8.10436870374074,297.61223867593714,78.5014991030778,True,1.0,4859.061243863918,5330.289606421273,6034.687526597074
867,0.3079315940911523,0.1656007985831134,0.056496979634785,0.0858336451349133,0.406113124567257,8.941782236787816,301.31702332180396,97.42277614972438,True,1.0,6573.467415317178,6895.293809161536,7326.929150410983
868,0.0045985258083148,0.0005546740487206,0.003303473411882,0.0007403743793023,0.3912562832437979,8.65562357516733,300.0649101662868,90.69401041398255,True,1.0,8193.011180192618,8196.044208036881,8199.125355341324
869,0.0045985258083148,0.000538609775054,0.0035232303150313,0.0005366818647514,0.4045474901621301,8.915730379633127,301.20698517078114,96.80087683562516,True,1.0,8470.671305058988,8473.746177487417,8477.04491247234
870,0.4451318919454581,0.1726966968095629,0.2535908363656486,0.0188436174537708,0.3809371606507797,8.447802866460904,299.1457802653913,85.97881913160386,True,1.0,4959.266643686733,5289.169416828983,5710.729336913464
871,0.0045985258083148,7.10744472055619e-05,0.0025344186756231,0.0019930297726922,0.3912562832437979,8.655603281960412,300.0645795348125,90.69340071133156,True,1.0,8194.437058867417,8198.30742748546,8203.336741621602
872,0.0106347054251935,0.003890945765228,0.0030598594456288,0.0036838940607547,0.4249004026577557,9.31381789114739,302.83462579846304,106.55866646976844,False,0.0,8864.005823256219,8874.534020102576,8887.300278240504
873,0.3974056517708242,0.1499657438500581,0.1567545883458815,0.0906851481270085,0.4085728963394133,8.988192612482573,301.5200017545886,98.54091166786198,False,0.0,5879.602435991685,6222.4308869426895,6623.945584113439
874,0.0045985258083148,0.0022097674752218,0.0007786528001042,0.0016101031798384,0.3912562832437979,8.655623358836527,300.06472981319666,90.6938996602956,True,1.0,8198.455180234803,8203.144967248163,8209.159424398717
875,0.4812236474710556,0.2063920696369589,0.1449368786151518,0.1298944408358686,0.406113124567257,8.93873402048994,301.30169813333316,97.34834507956938,True,1.0,5361.794926985448,5820.680473257866,6367.203786873239
876,0.4812236474710556,0.2943697549119516,0.0288112370930234,0.1580423604869314,0.3957617128742784,8.736741699742408,300.41380294680835,92.56895371218106,True,1.0,5426.90661801269,5986.148031061015,6762.435526591602
877,0.4702292921764571,0.1489605207212344,0.1007895543203755,0.2204789297491651,0.3690124911418303,8.20769685547066,298.0746850606817,80.70973924904308,True,1.0,5029.27269798674,5467.408728050039,6054.688796322153
878,0.4812236474710556,0.0682566540513577,0.2032949252570523,0.2096716510885518,0.3748396003775379,8.322450722799923,298.58438137258855,83.2023384565649,True,1.0,4840.354215660009,5226.763013800518,5734.916255022612
879,0.070042007618262,0.0102931066884465,0.0301498616337113,0.0295989656541805,0.3783328882267785,8.399921480014145,298.93519706908495,84.9140718246282,True,1.0,7506.6753028207195,7563.137224418535,7635.6235460642165
880,0.0045985258083148,0.0014760595992698,0.0010178162534155,0.0021046468797082,0.3912562832437979,8.655607699117725,300.06471989713737,90.6935737469984,True,1.0,8198.08041116842,8202.591729074245,8208.644665694394
881,0.313752731609185,0.1246032583904592,0.1122403437454812,0.0769090010043378,0.3839714137522265,8.50789564067455,299.4098026400618,87.3260181488969,True,1.0,6083.19202128214,6346.81509310372,6660.779013565595
882,0.4812236474710556,0.0044170848775418,0.1526802848394834,0.3241258701855746,0.4104881960143233,9.017935536672464,301.64222673648584,99.25641985035836,True,1.0,5350.100756944982,5886.519470809741,6738.530982098306
883,0.0091109128257748,0.0047694383797517,0.001440023898688,0.0029014457007559,0.3639351238159993,8.115755883900682,297.6756955276025,78.74954123355187,True,1.0,7600.44317179654,7609.173034842737,7620.734061491771
884,0.070042007618262,0.0207839830148718,0.0290999017075721,0.0201580827978168,0.5804820241593555,13.984354415913128,275.51086513611415,223.9577531765265,False,0.0,13185.548877153286,13281.796418765089,13391.48494126118
885,0.4037200775820312,0.1555921446336397,0.2386859852000595,0.0094415753105239,0.4045474901621301,8.91134144048228,301.1863006997203,96.69499237679292,True,1.0,5538.4098254085,5855.672077372748,6263.637725538651
886,0.0045985258083148,0.0005892538524145,0.0017763612727101,0.0022329064673796,0.4243192968503472,9.299692720584671,302.8829897865281,106.24281226585248,True,1.0,8888.963203687053,8893.408496271168,8899.474830624255
887,0.070042007618262,0.0184948143598247,0.0153865917680606,0.0361605639081736,0.3567407924960352,7.97124320938925,297.03054329809,75.71628708922239,True,1.0,7105.073423756647,7169.486106198586,7255.857340335944
888,0.2174136693018731,0.142763781063061,0.0476926925321586,0.0269570021502451,0.3882465986995947,8.594317318995575,299.792837532955,89.28706488350042,True,1.0,6793.72863837306,7012.8790655387465,7348.821146428495
889,0.0045985258083148,0.00087702840391,0.0030401380808957,0.0006813556714398,0.4216331437304907,9.247757222889955,302.65702327849993,104.935633935348,True,1.0,8829.797479958306,8833.17460520822,8836.582318244167
890,0.0552370565656973,0.0125829962320499,0.0324619737569857,0.0101920510938359,0.3819794759401315,8.472413480710387,299.2563610416666,86.5304493553711,True,1.0,7656.9629435290135,7694.855792675491,7734.292055881169
891,0.4626241587078329,0.0069317857973492,0.1689866879016164,0.2867051147015544,0.4129716779286757,9.06732709751085,301.8596347110617,100.46069970882772,True,1.0,5465.081555755836,5959.108314779096,6709.576080193671
892,0.1168038755249549,0.0081499436109695,0.0725312505785074,0.0361224877187984,0.4183805487625825,9.182608107710328,302.37183666021195,103.30828889411252,True,1.0,7915.177604111824,8009.063054602824,8113.849456525281
893,0.4451318919454581,0.1045438010829759,0.0994641725534469,0.2411236055320363,0.3819794759401315,8.463476142899493,299.20734712111533,86.3248999378822,True,1.0,5336.801260211038,5770.423979415089,6376.110187344731
894,0.0045985258083148,0.0007156152948268,0.0012448579864559,0.0026380472794882,0.4085728963394133,8.994150965582477,301.55025841646545,98.68768929062064,False,0.0,8560.227656324843,8564.95163688429,8571.547031715887
895,0.4451318919454581,0.0145395917212945,0.4092097016585195,0.0213814023319858,0.3809371606507797,8.446581715448147,299.14104507974315,85.9519233519869,True,1.0,4585.082737607937,4876.945002448427,5215.3094383509715
896,0.4938611948680158,0.076433132262526,0.2099619102730719,0.2074655918550017,0.3546369849586602,7.921178414544868,296.7992859911644,74.67788606848053,True,1.0,4502.2975007763835,4876.675292850068,5352.554401576949
897,0.0684428150344036,0.0046012418838102,0.0481613482306382,0.015680112333763,0.4085728963394133,8.993093592377202,301.545187797241,98.66182306884978,True,1.0,8071.7539599144,8121.796690667091,8173.6004816140685
898,0.4812236474710556,0.1666898905407329,0.1624767269944717,0.1520565962165349,0.3882465986995947,8.588507792066773,299.7621554048836,89.15156975545888,True,1.0,5109.67840087383,5529.634332381928,6013.515070904963
899,0.4812236474710556,0.1373517107131685,0.1655235263915927,0.1783480774874131,0.3957617128742784,8.735072722118662,300.40660927103954,92.53014058561372,True,1.0,5198.8959645004325,5629.988155664479,6139.880095378196
900,0.4702292921764571,0.0685569667257935,0.3333602623746253,0.0683115725859401,0.4154761663595192,9.121053829997829,302.10174959424137,101.78417058683084,True,1.0,5115.097358419978,5443.234069261567,5784.452404525382
901,0.4749805919751126,0.1305693311856336,0.0531052061919131,0.2913055108885786,0.3957617128742784,8.73273791067639,300.39207292421355,92.47317328551308,True,1.0,5431.487709205596,5963.231602637743,6739.274121161117
902,0.3527875862578442,0.0371296149945774,0.2088873949408351,0.1067703106789913,0.4026113835870348,8.871447038525377,301.00876426846077,95.7422028062196,True,1.0,5937.8906593548045,6209.254171696348,6497.534989618961
903,0.0045985258083148,0.0020871682896324,0.0003792107910156,0.0021321424864571,0.4752742327354785,10.773439362504051,292.8473378269489,138.9910519923817,False,0.0,10443.932046170841,10450.593549299334,10459.30301136694
904,0.4812236474710556,0.2104300916781533,0.2261357138760427,0.04465760255193,0.3546369849586602,7.925336687898435,296.8232021687632,74.7661260598199,True,1.0,4492.6935932901015,4843.300501234633,5309.432565540285
905,0.4812236474710556,0.0917455363577165,0.1461153240026903,0.2433623276335187,0.4243192968503472,9.288445237806888,302.8249080109986,105.95266454720768,True,1.0,5603.867732636411,6088.085573889942,6756.7388267854285
906,0.0045985258083148,0.00087702840391,0.0030401380808957,0.0006813556714398,0.4216331437304907,9.247757222889955,302.65702327849993,104.935633935348,False,1.0,8829.797479958306,8833.17460520822,8836.582318244167
907,0.4812236474710556,0.1801917264018381,0.0070899380447537,0.2939415975063984,0.4019882960212537,8.854649861250117,300.9271679372494,95.33847982972794,False,0.0,5560.19175247769,6163.096111180273,7009.255998627576
908,0.0045985258083148,0.0012882889207879,9.865890938355552e-05,0.0032115726135277,0.5340234167632123,12.542500945986095,282.6351056191551,183.5046557964244,False,0.0,12343.278145671768,12351.69101359096,12364.407553381601
909,0.3925879806965068,0.0394813495931504,0.2342797733623872,0.1188266213737484,0.3612044566247643,8.05482391486462,297.3991117851463,77.45977549496777,True,1.0,5067.055629847625,5336.504909171641,5627.380628356956
910,0.0045985258083148,0.0007430827002298,0.0019915820274063,0.0018638557643012,0.4045474901621301,8.91570505459381,301.2069326082867,96.80030753331606,True,1.0,8474.461441551115,8478.383438562854,8483.262698816534
911,0.4812236474710556,0.0084510453347403,0.2921175491691263,0.1806542731815177,0.6328195322405377,15.63000631737038,268.41215542077816,274.66290257578083,False,0.0,9282.18859776796,10006.107283655361,10898.748661033063
912,0.4702292921764571,0.1519989886468333,0.0932537939156566,0.2249762163662474,0.4236047329043962,9.2757514281605,302.77004386276263,105.63305864194804,True,1.0,5785.572348852393,6298.634076641392,6986.488637034949
913,0.4812236474710556,0.0818077280349913,0.1481174084384737,0.2512980111212854,0.3805347417861211,8.43409485975801,299.07713500520543,85.66852492335131,True,1.0,5014.365260914958,5453.014697455257,6065.62160549156
914,0.4626241587078329,0.0541856030481868,0.3544465179423725,0.0539916500469458,0.4045474901621301,8.908826006601734,301.17425233671867,96.63421691165404,True,1.0,4960.452588168518,5269.519942569694,5601.088590827843
915,0.0045985258083148,0.0017665463331146,0.0023320319236254,0.0004999439618818,0.4243192968503472,9.299736474179491,302.88314532169375,106.24389373068904,True,1.0,8887.542991641752,8891.341471013751,8896.205607778205
916,0.0091109128257748,0.0046092538790264,0.0015869733742585,0.0029146807765307,0.3711706242201289,8.259401397331967,298.31378965603875,81.83237309234423,True,1.0,7751.312668485526,7760.058492956104,7771.50413471394
917,0.2563442555082543,0.1545074042245783,0.0157023523939319,0.0861343381237714,0.3945988183259338,8.717432895237256,300.33262614247786,92.12172677727249,True,1.0,6759.115339181344,7056.73463351227,7464.057008010595
918,0.4702292921764571,0.0527675781607651,0.3450364552694258,0.072424738722852,0.4243192968503472,9.29202073987999,302.8468634848806,106.0472332613647,True,1.0,5190.334231858136,5527.343101356462,5866.659845806102
919,0.0045985258083148,0.0012609920290303,0.0020810463478898,0.0012564784096404,0.4104881960143233,9.031463558584583,301.71334467944297,99.592858577738,True,1.0,8598.863516031444,8602.62373866844,8606.838705319595
920,0.0091109128257748,0.0045475742029337,0.0017564298976564,0.002806904036528,0.3882465986995947,8.596439070625635,299.80402848829567,89.33657276123081,True,1.0,8107.558208033222,8116.6093470179,8128.333004832506
921,0.4626241587078329,0.0060059348755541,0.2082066711739609,0.2484110585246732,0.4029584096016524,8.873366792122507,301.0119641318688,95.784607166381,True,1.0,5255.390807770052,5694.8503318975545,6322.779805932495
922,0.0045985258083148,0.0024730153085122,0.0008437030299186,0.0012818049201466,0.3711706242201289,8.259469805974318,298.31414603283844,81.83388589820697,True,1.0,7777.32691737248,7781.721972200721,7787.616644070038
923,0.3974056517708242,0.0469063812237403,0.2863272666682938,0.0641716599184345,0.4085728963394133,8.987913238685838,301.52019471722423,98.53506018002226,True,1.0,5569.3270346491345,5843.396994215045,6120.34354408169
924,0.1102431045350876,0.0555881435118165,0.0106852784813629,0.0439696252292173,0.3711706242201289,8.25780273347883,298.3048008797633,81.79667133851457,True,1.0,7180.319795687009,7294.477164790162,7444.284156999344
925,0.2853891523344559,0.1163341190911466,0.1434310243579215,0.025623824901446,0.455037577750019,10.175576905620137,296.7242591028023,125.2244345380677,False,0.0,7511.565004835241,7772.362934078593,8123.085487000031
926,0.3925879806965068,0.1514781938470362,0.0169041152346671,0.2242053793718395,0.4236047329043962,9.276977773806813,302.7754341603224,105.66397188028202,True,1.0,6399.297912778541,6907.6965011410375,7597.637502749883
927,0.4845513150704056,0.2347714278720043,0.2430272115176334,0.0067524100378879,0.6283256849585639,15.498234283153398,268.95830172185174,270.4394896375126,False,0.0,9235.955210605149,10002.049906651016,11086.429921675704
928,0.0045985258083148,0.0036380995194177,0.0008674719982721,9.295063390468085e-05,0.3945988183259338,8.721223271672402,300.35335523251445,92.21228939608092,True,1.0,8266.591476952943,8272.004100952454,8280.496402333663
929,0.4451318919454581,0.2803404658743729,0.0502622744483567,0.114528862585077,0.3856453748804215,8.539503372887708,299.5468047944339,88.03850039870665,True,1.0,5454.094704920135,5926.087915988037,6609.958648346178
930,0.0045985258083148,0.0006237180160806,0.0016063064477504,0.0023684982207985,0.3639351238159993,8.11579053791157,297.67592605104846,78.75031611392298,True,1.0,7624.307490740421,7628.239823238837,7633.710778451325
931,0.0045985258083148,0.0009737020370425,0.0014114257405486,0.0022133920810341,0.5588061854161377,13.308240257753072,278.73495829234326,204.5250587725225,False,0.0,13172.801034112812,13179.648395870416,13188.676863779261
932,0.0552370565656973,0.0151271783250508,0.0390255275253343,0.0010843080581403,0.3809371606507797,8.452036963779273,299.1665801065764,86.07457160596752,True,1.0,7614.130440749549,7653.1547681870325,7696.9316199774985
933,0.4702292921764571,0.1072497471798184,0.3361118923565035,0.0268665956960488,0.3982424154252496,8.786580137922272,300.63848356995015,93.73839898307897,False,0.0,4867.995949898029,5191.100156459264,5556.624300583251
934,0.4812236474710556,0.0584614335284678,0.1953455628181374,0.2274162712479811,0.3639351238159993,8.105965638551098,297.6224102258677,78.53691087592556,True,1.0,4701.406340186592,5090.403430655539,5622.791308302143
935,0.4079165624953089,0.07146287281684,0.2809345132625037,0.0555188788345511,0.3618280434105517,8.068428519646288,297.46174447072144,77.74711140046486,True,1.0,4889.135084036142,5140.6217905782305,5402.91852550249
936,0.1122202859183303,0.0009389392070783,0.0792119028763007,0.032069357198173,0.4104881960143233,9.029445360798348,301.703538305706,99.54313965489726,True,1.0,7773.441794546153,7859.082257791769,7955.759178591112
937,0.0045985258083148,5.611214868862364e-05,0.0019395640070883,0.0026028444750186,0.3748396003775379,8.332081392098582,298.63593790860943,83.41834120120333,True,1.0,7851.747431926721,7855.947140120023,7862.112857154726
938,0.3527875862578442,0.0206611535678981,0.2617498305804659,0.0703762876736046,0.3727589984325991,8.285414096314677,298.42592189985487,82.39624238996826,False,0.0,5369.592392125692,5594.2041510123845,5831.706775145691
939,0.0045985258083148,0.0022641765270705,0.0011607866366681,0.0011735603101565,0.5110923268680241,11.84403872874853,286.45209009820337,165.25287259428265,False,0.0,11586.31714308847,11592.58148929801,11600.527139967013
940,0.0045985258083148,0.0007814443186451,0.0019294524119878,0.0018876258236381,0.4243192968503472,9.29970185146614,302.88299600823103,106.24302000283164,True,1.0,8888.74767938667,8892.955298183242,8898.13771917522
941,0.2126067522346167,0.0083580338940322,0.007474766473573,0.1967737473571783,0.3805347417861211,8.438417113099215,299.09931852459846,85.76659242169573,False,0.0,6748.843852622739,7041.2718926375055,7509.134291284012
942,0.4812236474710556,0.182801326177039,0.2512619912214665,0.0471598145905863,0.6132382587891141,15.012272795074054,270.9566094558684,255.060469041952,False,0.0,9041.020717140998,9705.60833698462,10553.463283890342
943,0.0091109128257748,0.0042776105091034,0.0021930238461852,0.0026402740601685,0.4296800127766118,9.449906046606872,301.8325868117606,109.41669496312385,False,0.0,9016.431442787069,9026.22203433963,9038.137398248213
944,0.2174136693018731,0.1483397345176651,0.049083350297644,0.0199904301380924,0.3882465986995947,8.594484958753723,299.7937413048157,89.29098727320394,True,1.0,6779.389554973864,7005.941228115558,7349.790442727027
945,0.0552370565656973,0.0125829962320499,0.0324619737569857,0.0101920510938359,0.3819794759401315,8.472413480710387,299.2563610416666,86.5304493553711,False,1.0,7656.9629435290135,7694.855792675491,7734.292055881169
946,0.0091109128257748,0.0039647766528313,0.003633005304007,0.0015131267811578,0.636695449468926,15.778680768339925,267.8616746694545,279.5259487207994,False,0.0,15843.366409456474,15857.973956208769,15876.992081001155
947,0.0045985258083148,0.0025375523219406,0.001651042634093,0.0004099279089207,0.4045474901621301,8.915744357588528,301.2071389440139,96.80126927058808,True,1.0,8474.567697428953,8478.784537327121,8484.935279002242
948,0.4812236474710556,0.2520726573403467,0.0246714377890944,0.2044792997471248,0.3957617128742784,8.735459283570366,300.40678640835984,92.53823472905664,True,1.0,5456.647561074959,6012.942168980084,6752.809970202112
949,0.0552370565656973,0.0010466130936828,0.0294564139095189,0.024733943453213,0.5465725941917066,12.926866609927998,280.6371313904594,193.92018367044813,False,0.0,12208.63425102991,12281.927305481964,12380.03872627162
950,0.4626241587078329,0.1792098897026355,0.1409315644173652,0.1424824211650309,0.3839714137522265,8.505006036400488,299.3940415552235,87.25921222367198,True,1.0,5193.677329137193,5604.179180655046,6086.656201647515
951,0.3925879806965068,0.1004193549123755,0.1581054352812035,0.1340629471314957,0.3612044566247643,8.054981220914202,297.3991116632813,77.46272628400096,True,0.0,5227.081452872967,5529.631866026151,5878.3861143168815
952,0.4812236474710556,0.0871566514626119,0.1263375618561817,0.267728901592002,0.376096027973423,8.346240290192991,298.6875618589871,83.72330152395136,True,1.0,4998.343509325628,5451.06434871624,6085.82618095057
953,0.4626241587078329,0.0181867619820996,0.0162648058682455,0.4281721458519151,0.4725359639212096,10.66832198623042,293.4432547926211,136.4840776922388,False,0.0,6852.234091026085,7677.335594754954,8997.434613446649
954,0.0552370565656973,0.013304539759886,0.032659577902127,0.0092729032048656,0.3819794759401315,8.47243429773393,299.2564901760543,86.53093691501986,True,1.0,7655.986567433342,7693.8394949307585,7733.445560185971
955,0.4812236474710556,0.0069021511196812,0.2385787070373326,0.2357421524462542,0.4019882960212537,8.85444018023979,300.9293941780451,95.33545176405688,True,1.0,5070.274581686211,5501.593670339006,6106.69834331539
956,0.3617100568442924,0.0693506013912147,0.1228478609350557,0.1695113467788159,0.3743138647722943,8.314531928898313,298.55120098241844,83.0299810390598,True,1.0,5645.575260254438,5957.316582506452,6374.051723936523
957,0.4812236474710556,0.2991461194149867,0.0679103839154025,0.1141668357139412,0.5549776290978787,13.176534236872822,279.3594067828687,200.81260497611345,False,0.0,8405.505556810871,9221.799290541134,10388.465876109758
958,0.0045985258083148,0.0006898072608747,0.0003208903919617,0.0035878239404937,0.3748396003775379,8.332067411099988,298.6358981501645,83.41804649961001,True,1.0,7854.847677398763,7860.326045523783,7868.9536508803785
959,0.4812236474710556,0.3030707616391834,0.0543375917967098,0.1238149815620382,0.4985439581041923,11.454784295299072,288.6662548144801,155.4442031318671,False,0.0,7247.700764060771,7953.551618474305,8976.258575744423
960,0.0091109128257748,0.0044859408906666,0.0022998296186324,0.0023251376913646,0.3579100923491756,7.995764311490334,297.1411741845966,76.22664171780667,True,1.0,7472.982755925981,7481.01558838739,7491.204374014182
961,0.240293288663324,0.0303456387041354,0.0813312281858149,0.1286162046658203,0.3783328882267785,8.39605896222396,298.91438073362485,84.8264005798278,True,1.0,6453.394716748238,6672.428138716432,6975.049280081495
962,0.4123404829625746,0.2359332756568207,0.0911255629316236,0.0852814011213421,0.3839714137522265,8.507234724770989,299.40581105300805,87.31051547623062,True,1.0,5538.983579209045,5937.093196995835,6498.512763520467
963,0.1739046039510965,0.0658301809176346,0.0620557216884548,0.0460186334725332,0.5197195891987373,12.101049151179366,285.00457856542124,171.85791996505642,False,0.0,10282.196601657792,10500.392184994756,10749.999494693468
964,0.4626241587078329,0.0148864257431252,0.0972652582429787,0.3504721104709394,0.3567407924960352,7.960274001811398,296.9687160620007,75.48251932079458,True,1.0,4845.772338633605,5337.9799049989015,6118.81654665852
965,0.0684428150344036,0.0093964234446003,0.0149648856018572,0.0440814589290715,0.3639351238159993,8.114380837065163,297.6679465480838,78.71951952209083,True,1.0,7254.381578992556,7321.498157088854,7421.824838962964
966,0.4812236474710556,0.0370419013298699,0.2328509112143925,0.2113305699108992,0.4214548343140179,9.23332535529094,302.5864556017437,104.56885715203532,True,1.0,5353.8897254242,5788.827057520266,6352.986941577563
967,0.4037200775820312,0.0188355585005073,0.1887469921668135,0.1961372402620165,0.3912562832437979,8.646625555850719,300.01757331291435,90.4823414220997,True,1.0,5500.389891668873,5850.485519050843,6333.4605735630375
968,0.0045985258083148,0.0024453929294113,0.0020906525196281,6.247790136625704e-05,0.3945988183259338,8.72121492443287,300.3533470642154,92.21211234453986,True,1.0,8264.807377979487,8268.911951363469,8274.821378739442
969,0.4702292921764571,0.181996805826181,0.1586526617776408,0.129579641644326,0.3982424154252496,8.785111572691005,300.62800990518235,93.70147238045868,True,1.0,5304.71643523718,5722.135453578387,6213.474849477369
970,0.0045985258083148,0.0011871725234057,0.0027867774451664,0.0006245724920315,0.3727589984325991,8.290938349151153,298.45376571349084,82.51845546677944,True,1.0,7806.830215166144,7809.902047513872,7813.226133413167
971,0.4812236474710556,0.1008767696217089,0.0113359283432104,0.3690103331107406,0.6011039985091017,14.608330909623689,272.66883630880716,242.5818697405421,False,0.0,9626.925293695347,10689.371463170657,12405.030251598353
972,0.0045985258083148,0.0022300385205483,0.0022532952841004,0.0001151874721385,0.4243192968503472,9.29974631770881,302.88322979138746,106.24417089041827,True,1.0,8887.13367780711,8891.24313996178,8897.160253790576
973,0.3487357308346418,0.2133254509713353,0.0208790816425745,0.1145309844536618,0.5540422315280902,13.149834445437182,279.49826060553977,200.07279739216307,False,0.0,9763.550092768555,10399.5529459975,11282.393612950642
974,0.4702292921764571,0.0437653884045074,0.26681142785795,0.1596520446069833,0.3982424154252496,8.78337840972885,300.6201861402584,93.66066169359136,True,1.0,5065.502758742117,5429.251376312153,5857.667849460751
975,0.3763583197788206,0.0074970913234207,0.2591433197372719,0.1097172169546645,0.4183805487625825,9.177387949732536,302.34648288760184,103.17688276902174,True,1.0,5887.34359746199,6182.009664805173,6513.7018374735935
976,0.4451318919454581,0.0577619322273574,0.1036212647399329,0.2837483920644195,0.6142612277596785,15.03190155877984,270.8605462251405,255.6570768530727,False,0.0,10012.9898421715,10862.111313925177,12124.71339734679
977,0.435921763872616,0.0144801323898137,0.4088562983362872,0.0125848380532657,0.3579100923491756,7.990414945163583,297.11574391045906,76.11448709793201,True,1.0,4345.430866213663,4620.812039212535,4935.297728178593
978,0.0045985258083148,0.0010255955493828,0.0010897630146231,0.0024831609775302,0.3748396003775379,8.332090630756511,298.6359499102286,83.41852816480655,True,1.0,7853.792719356931,7858.222435180141,7864.317172902144
979,0.4812236474710556,0.2888460045309296,0.0373006052516245,0.1550767482445377,0.3805347417861211,8.437646063768309,299.09538240439036,85.74910502613011,True,1.0,5210.198434712347,5729.946545260302,6466.402629281867
980,0.2853891523344559,0.1044160293417393,0.082113294025226,0.0988596638321647,0.4505356562777425,10.04255393858934,297.6205961956179,122.24937869275205,False,0.0,7589.741778527003,7896.497392450498,8268.462450641917
981,0.4812236474710556,0.1666898905407329,0.1624767269944717,0.1520565962165349,0.3639351238159993,8.108245702037415,297.6349508843692,78.58646715652156,True,1.0,4789.717276881571,5183.376138137741,5636.956921785032
982,0.1025698202410035,0.0209041749970869,0.0038264445362988,0.0778390960159814,0.3982279688144924,8.789708860746043,300.6516001489462,93.81150249396448,False,0.0,7755.561470011426,7883.494646293465,8090.01824602598
983,0.0045985258083148,0.0005262885955299,0.0009155122396939,0.0031567211138631,0.3727589984325991,8.290890448441242,298.4534944924916,82.51737922858139,True,1.0,7810.304624864323,7815.089653320638,7822.480182723635
984,0.4702292921764571,0.0744235668783286,0.3771615177759024,0.0186434740794816,0.3982424154252496,8.7864863258848,300.63860295173896,93.73651935725525,True,1.0,4760.761373687268,5073.078321933977,5434.551786856771
985,0.4702292921764571,0.1120537398701777,0.3377965594151043,0.0203781912038704,0.3982424154252496,8.78674367607592,300.6394683487509,93.74240123823525,True,1.0,4857.660871772676,5186.535132565377,5556.689035796139
986,0.0091109128257748,0.0043454454620895,0.0025131463068333,0.0022523165765949,0.3696069022396827,8.22840840079411,298.17630624523673,81.16144108222088,True,1.0,7716.835409835528,7724.919064363889,7735.1513538161635
987,0.2853891523344559,0.0496422201014947,0.0881798168923285,0.1475669380051236,0.3912562832437979,8.649531354768309,300.03216945484075,90.55025798620892,True,1.0,6404.975178679291,6670.865297461812,7042.810157375855
988,0.4079165624953089,0.0630221323939274,0.2477523137676169,0.097141853900776,0.4183805487625825,9.177633734399706,302.3477153915814,103.18309340217763,True,1.0,5747.654101074669,6059.191662179577,6370.1648073677015
989,0.0091109128257748,0.0045364688354882,0.0043519647008173,0.0002224705373772,0.3579100923491756,7.995798659683256,297.1414166468147,76.22740179566685,False,1.0,7467.835145540492,7474.777644246251,7484.833434530904
990,0.1122202859183303,0.0301911343918244,0.0327791549251056,0.0492499320078256,0.35191576151505,7.874204281408903,296.59642910360935,73.71808846423954,True,1.0,6760.979883839639,6856.756728204331,6975.431995867305
991,0.0091109128257748,0.0040148708259945,0.0039078645221168,0.0011881733382366,0.5350780755127227,12.574868099998358,282.464322613223,184.37174388870744,False,0.0,12327.218877448493,12338.374319364742,12353.15131362836
992,0.4812236474710556,0.1666898905407329,0.1624767269944717,0.1520565962165349,0.6443558534082271,16.00621413536214,266.9463656378133,286.95563568490223,False,0.0,10160.633918443304,10995.719445783523,11957.919932506473
993,0.4812236474710556,0.0563640982608842,0.3686967984423064,0.056162347511516,0.4214548343140179,9.236851225984749,302.60729452652714,104.660821106857,True,1.0,5019.3913937658635,5354.308099137819,5713.608030683191
994,0.4812236474710556,0.054341562842136,0.1719491367958266,0.2549326756813749,0.3639351238159993,8.105389066516201,297.61873555662794,78.52412319552117,True,1.0,4745.011123823191,5159.894132116235,5739.760254274272
995,0.4812236474710556,0.0985662014025277,0.1421233004947751,0.2405337661863671,0.3748396003775379,8.322065720446512,298.5814346575566,83.1932290442443,True,1.0,4959.806884854716,5391.66993275706,5975.578491657802
996,0.4451318919454581,0.0060503327643413,0.1702836580895727,0.2687974033050975,0.3546369849586602,7.920131560555578,296.79258440823344,74.65534744533001,True,1.0,4783.644539560381,5185.145510269455,5786.890776455373
997,0.3899226975755718,0.0306088999760611,0.0912998330811544,0.2680136784020991,0.3639351238159993,8.106230778477109,297.62254218723336,78.54198985386374,True,1.0,5372.252798416644,5761.262837764492,6367.830277452079
998,0.4812236474710556,0.0639745087333785,0.2438296388673997,0.1734191794751406,0.3639351238159993,8.107065316691791,297.6292970131816,78.56124127460264,True,1.0,4620.331879897084,4968.9409483235495,5387.5825264648065
999,0.4079165624953089,0.2952905547455399,0.1048312147526457,0.007794486358487,0.3639351238159993,8.112755914765799,297.65988716773575,78.6846172063147,True,1.0,5154.40166198719,5562.293610182654,6199.735156813974
