Trial,TSFC,SpecThrust,Lifecycle_CO2e,NOx_correlation,SAF_Total,JetA_Frac,Phi,HEFA_Frac,FT_Frac,ATJ_Frac,State,Raw_TSFC,Raw_Thrust_kN,Raw_SpecThrust_Ns_kg,Raw_T4_K,Raw_NOx_g_s,Raw_CO2_combustion_g_s,Raw_Lifecycle_CO2e_g_s,Fuel_Flow_kg_s,LCEF_blend_gCO2e_MJ,LCEF_draw_HEFA,LCEF_draw_FT,LCEF_draw_ATJ,TIT_Penalty,ParetoOptimal
0,12.117300161883353,284.9145507473194,10632.183450656039,172.27973507567165,0.18727005942368125,0.8127299405763188,0.520263326598056,0.07804104622256479,0.06008700264883848,0.04914192846552941,COMPLETE,11.113815108343157,250.683345037401,310.6399646060063,2030.5833629150225,158.0125190401954,8635.36812632833,9751.687214968792,2.786048347486668,79.4581412551363,39.22912396312118,13.359922675866624,65.65824515265692,1.0902916814575112,False
1,12.118504862633767,284.9124598940437,11249.57479485038,172.31381415815233,0.07800932022121826,0.9219906797787818,0.520263326598056,0.011264954436552593,0.004194437363408521,0.06254985620747418,COMPLETE,11.114717921959251,250.6860640250802,310.6433339013869,2030.6230167463527,158.0409019210088,8636.783137559943,10317.762133535176,2.7863048886049833,84.0441401426774,36.35460965424951,5.688677663051298,23.976755388514153,1.0903115083731763,False
2,12.110559701988507,284.938058797829,10326.858229668096,172.09402924805246,0.3005575058716044,0.6994424941283957,0.520263326598056,0.12529173836362442,0.003642376720314225,0.1716232138400727,COMPLETE,11.109344358400271,250.66540527745482,310.61773414472896,2030.2474225819046,157.86651319074082,8628.087135306983,9473.106696705796,2.7847283059652104,77.34232808566108,59.65791278896558,15.136732260533801,43.56776213059177,1.0901237112909523,False
3,12.109658691291221,284.93670440488665,9111.4660517568,172.0673059220952,0.41622132040021087,0.5837786795997891,0.520263326598056,0.1530206349076087,0.13103083946810637,0.13216912538177283,COMPLETE,11.108527752080002,250.66399005580115,310.61598044065124,2030.245476548189,157.84214004609777,8626.871380522884,8358.202000430034,2.7845078899819726,68.25233200861292,30.431968370001535,18.516466447891208,69.39908847345166,1.0901227382740943,False
4,12.118434956710281,284.91109064902605,10621.407378847167,172.31116624778267,0.15212112147976886,0.8478788785202311,0.520263326598056,0.06396707759709802,0.052653495716512025,0.035500426267552634,COMPLETE,11.114595343899365,250.68617786323247,310.6434749665206,2030.6344867718299,158.03764206524025,8636.620625732176,9741.575163814729,2.786275425258612,79.34932415356995,26.19401496044032,7.106387653137233,50.691237975422354,1.090317243385915,False
5,12.110775304757498,284.933779083736,9474.096110630671,172.0984849692838,0.30592644736118974,0.6940735526388102,0.520263326598056,0.053477179061541334,0.11199827439402249,0.14045061053980026,COMPLETE,11.10931480860477,250.66676957922536,310.61942475027615,2030.2920366208436,157.86737013085002,8628.129878599995,8690.667077162958,2.7847360553116083,70.94719032430051,38.19103276094525,5.084139728593954,46.122910760854495,1.090146018310422,False
6,12.115769770403837,284.9203785159644,10164.92641937434,172.23772570277484,0.22803499210851796,0.771965007891482,0.520263326598056,0.11943790540665619,0.030373597102117865,0.07822333748364346,COMPLETE,11.112827008124157,250.67909838116947,310.63470226541773,2030.5018221819646,157.9798961419088,8633.741578591666,9323.474363532147,2.7857534548624727,76.00404393505985,32.90615560543596,14.603482361658475,36.60393246338957,1.0902509110909824,False
7,12.11362647040573,284.92110295710944,8896.910144913229,172.17581500488234,0.29620728443102123,0.7037927155689787,0.520263326598056,0.01668721696586948,0.21825926114563143,0.06126044707153974,COMPLETE,11.111076361267292,250.6748798830353,310.62947481757556,2030.459584029731,157.92616957080426,8631.062464295266,8160.582484606985,2.7852677322319113,66.56176345375812,24.41712714906528,2.3566752150887083,47.689677807706325,1.0902297920148656,False
8,12.121421082813313,284.9027710858107,11698.605374630004,172.39432865492344,0.03252579649263976,0.9674742035073602,0.520263326598056,0.011334634929580837,0.011534675302240319,0.009656474315610793,COMPLETE,11.116679639309199,250.69361591261477,310.6526919944668,2030.7628673495801,158.1046075536358,8639.958692185433,10728.911015298112,2.7868806157205652,87.31515764744184,34.9545941524446,13.162083536597446,67.74087872100819,1.0903814336747901,False
9,12.117128766697592,284.9142252421668,10633.679705542341,172.2745619945748,0.15230688458668534,0.8476931154133147,0.520263326598056,0.012173012798472252,0.08527692344537041,0.054856823711437686,COMPLETE,11.113660215900877,250.68300656268121,310.6395451773643,2030.5829099149532,158.00780718885284,8635.133207861862,9753.061584764117,2.786005756838089,79.47395008783991,58.91840156072174,5.414610775754733,51.03951481159578,1.0902914549574767,False
10,12.119865192013899,284.90812978330945,11504.746944177286,172.35144432488647,0.06101911742238941,0.9389808825776106,0.520263326598056,0.020999051018854638,0.001458319834014804,0.03856170416235076,COMPLETE,11.115642635040917,250.68953707417188,310.6476376091053,2030.6863696404334,158.07082276880095,8638.274689109521,10551.491589388224,2.7865753064603354,85.91242520779083,37.60095848419447,14.584109945648343,39.02573979208715,1.0903431848202167,False
11,12.118521047446498,284.9116162590187,10918.65547472413,172.31386935216256,0.12938999080000846,0.8706100091999915,0.520263326598056,0.05736707197398602,0.026990717383259588,0.04503211485386868,COMPLETE,11.114693963981889,250.6861968958095,310.64349855117104,2030.6306294563924,158.04040081296898,8636.75815619793,10014.218205717885,2.7863003594914293,81.56925013284757,47.38512730907317,12.881751270889048,21.524090680890634,1.0903153147281963,False
12,12.112413178119592,284.92766288235975,9436.667781361977,172.14339783731745,0.2733551396716398,0.7266448603283602,0.520263326598056,0.026187616614498626,0.13735730867305657,0.10981007271794771,COMPLETE,11.11038370193826,250.67117006183915,310.62487770832246,2030.3771144297248,157.9024075221422,8629.877410896977,8655.995991620126,2.785052882400852,70.63033597765622,33.23661950303812,3.9228918705250755,40.625647167404914,1.0901885572148624,False
13,12.106722374275952,284.94658098968455,8127.465680447386,171.98627383784967,0.46974947078209456,0.5302505292179054,0.520263326598056,0.1740844147712699,0.11631860364274617,0.17934625782282382,COMPLETE,11.106562890580339,250.65623197752822,310.60636684163154,2030.1024301665575,157.7781589140379,8623.679507657469,7456.040200667503,2.783929204374312,60.93604490251166,36.493982638668896,10.14748395175515,34.05891029588333,1.0900512150832788,False
14,12.120642848448066,284.905589695818,11656.980124821945,172.37297868353465,0.04424625102595975,0.9557537489740402,0.520263326598056,0.01530604060156176,0.0035322002741380253,0.02540793205138737,COMPLETE,11.116164979074494,250.69160665823773,310.65020218123857,2030.7238146005284,158.08785828764883,8639.123846708611,10690.927523031894,2.7867292584822208,87.02704682874626,28.306580699908167,16.320651756956373,57.48854894965712,1.0903619073002642,False
15,12.116718846366956,284.91475141602683,10353.137250355201,172.2629110312367,0.194338644844741,0.8056613551552589,0.520263326598056,0.036197229420837224,0.11055134986964571,0.04758993215695357,COMPLETE,11.11334251974057,250.68215496562505,310.63848990151683,2030.5714752054287,157.9979496109001,8634.641728195063,9495.801782310158,2.7859166517196754,77.38555553036338,60.84099970754286,6.931476988237408,55.94803360301786,1.0902857376027144,False
16,12.117068819061446,284.91673985075704,10922.816391806544,172.27388682404546,0.14046725484369038,0.8595327451563096,0.520263326598056,0.051305754940439575,0.013322785949826426,0.07583861941477461,COMPLETE,11.113732869074385,250.68234004308133,310.6387192444532,2030.5578668853905,158.00900259538963,8635.192807491152,10018.368746533837,2.7860165622332747,81.63943056290734,56.798694863390494,6.723263424129515,27.346210257111586,1.0902789334426952,False
17,12.121606028932431,284.9021329241555,11611.166144988363,172.39948321961697,0.03727532183988541,0.9627246781601146,0.520263326598056,0.01878926295698819,0.014702707574035963,0.003783332269939716,COMPLETE,11.116799157992917,250.69418411271624,310.65339609253675,2030.77269484842,158.10862234919904,8640.158798067994,10648.671612971955,2.786916894857965,86.65680187797784,34.01420955466117,15.84977156117698,24.315658411132787,1.0903863474242101,False
18,12.122262477596518,284.9004291330139,11904.127970870582,172.41780088742397,0.0027610585618011996,0.9972389414381988,0.520263326598056,0.0010000931977078309,0.0008668996431521364,0.0008940644945273731,COMPLETE,11.11726471051925,250.6957625109696,310.6553520006067,2030.7994669995273,158.12348039927446,8640.899333096659,10917.214673799406,2.7870511536399167,88.82522100019872,33.837822307992674,3.3871930954352654,37.00722809683753,1.0903997334997637,False
19,12.111153517499432,284.9278582214755,8604.520272339725,172.10689917142787,0.38563517334297287,0.6143648266570272,0.520263326598056,0.052070095929804036,0.2520822832671086,0.08148209092044287,COMPLETE,11.109345031920222,250.6687068446147,310.6218253567141,2030.3541941852982,157.8705878434,8628.290373789665,7892.77292220391,2.7847651530420867,64.42185208767634,46.58177225614384,8.960324418636619,61.2409760409203,1.0901770970926492,False
20,12.114698409595116,284.9202504177536,8021.493658036328,172.20658495568804,0.43155171293779676,0.5684482870622032,0.520263326598056,0.2642927243170803,0.14030836400001354,0.02695020059773068,COMPLETE,11.111927043639197,250.67711980484654,310.63225046759754,2030.4855921061749,157.9525089082109,8632.375949883417,7357.529613656568,2.785505866781057,59.99098059037326,23.787630678371606,7.950287945683247,72.21989619272529,1.0902427960530874,False
21,12.11711968602632,284.9148867035738,10834.387585514853,172.27461944492345,0.1554911608578311,0.8445088391421689,0.520263326598056,0.029877503373112322,0.06703545224421473,0.05857811336155042,COMPLETE,11.11368226454013,250.68290335267633,310.63941728234096,2030.5769496736125,158.00829176948736,8635.157367724594,9937.175193140089,2.786010137014066,80.97474361570801,31.323750961594335,4.441603485500455,77.6838823153518,1.0902884748368062,False
22,12.104627536573625,284.95595616786966,9435.523535689643,171.92955187793598,0.44360637128816327,0.5563936287118367,0.520263326598056,0.16051243519149858,0.04065175119965612,0.24244184498306973,COMPLETE,11.105268396065615,250.65032008748287,310.5990409887147,2029.9792863830403,157.73503257748527,8621.527677107653,8656.525862082659,2.7835390781312537,70.79160523939899,24.983815914446375,7.826399509244121,69.75895941841662,1.0899896431915201,False
23,12.111232702050991,284.93062687054066,8560.450753742803,172.1103539409565,0.3803925243084487,0.6196074756915513,0.520263326598056,0.11692270495200593,0.16060436536502234,0.102865245675983,COMPLETE,11.10954692192155,250.66822613186878,310.6212296705892,2030.3288265793985,157.87559366535663,8628.54005431092,7852.440099297166,2.784810420046838,64.09306197649474,29.06708750258685,1.3550443822059317,51.12142539532195,1.0901644132896993,False
24,12.116970609720639,284.91713670057493,10337.1668680792,172.27123478716913,0.26136641469099703,0.7386335853090029,0.520263326598056,0.19924106380418777,0.011845726225079354,0.0502791586454759,COMPLETE,11.113668367653323,250.68211231401895,310.6384370488097,2030.5528487762795,158.00693377722746,8635.089661860085,9481.234883970266,2.78599786196083,77.26141865714662,48.77563191128454,2.7570770036124537,34.32801065320063,1.0902764243881398,False
25,12.121884981003472,284.9015456353265,11801.581611712738,172.40729187833364,0.015714592843367126,0.9842854071566329,0.520263326598056,0.006853059347475852,0.0033850800622071296,0.005476442665382391,COMPLETE,11.117005796741973,250.69477659443538,310.6541302797251,2030.782344209265,158.1150840991857,8640.48086012227,10823.254914044988,2.786975284613272,88.07080432761568,29.577335222270065,2.1061526340100705,46.425345177661015,1.0903911721046324,False
26,12.10333580571918,284.9569333768159,8297.53817954355,171.89244683778304,0.4537832369630465,0.5462167630369534,0.520263326598056,0.07993389855756233,0.13158656028582422,0.24226245747629768,COMPLETE,11.104242727406403,250.64758120623003,310.5956470417602,2029.9479897619517,157.70325498137552,8619.941919532472,7612.601968957648,2.7832515807512856,62.27520785805717,49.61231410580501,7.2891028372496045,35.555918625168765,1.089973994880976,False
27,12.118762280161713,284.909750296547,10852.712203974928,172.32013601797775,0.11439908274581123,0.8856009172541888,0.520263326598056,0.01668031099761592,0.06278448958126687,0.0349340654829776,COMPLETE,11.114800586107625,250.68714042504422,310.644667746867,2030.653118564977,158.04451845268864,8636.963428647638,9953.634635037026,2.786337575325926,81.0692415891714,35.19532452964959,8.424559969133263,31.16159514753444,1.0903265592824885,False
28,12.106868230438055,284.9457163635219,8047.331108460382,171.99011465333217,0.46484882617128653,0.5351511738287135,0.520263326598056,0.16241077736896134,0.1272973669327913,0.17514048089603843,COMPLETE,11.106643935095033,250.65666214070512,310.60689988810907,2030.112786758652,157.78093289296618,8623.817908224473,7382.49062831744,2.7839542963562276,60.33234996882158,36.07098943143918,6.014238955108926,34.128231421315945,1.090056393379326,False
29,12.108624914548402,284.9369053823791,8238.595096114252,172.03733185904366,0.40183603844955723,0.5981639615504428,0.520263326598056,0.04632181433619634,0.2216055055083044,0.13390847032398392,COMPLETE,11.107680088748335,250.6618955411109,310.6133849751681,2030.2257209071022,157.81607400491177,8625.571081261152,7557.561602095504,2.7842721461099127,61.73148516877099,34.86471067385023,2.6616403662356247,46.298348541188375,1.090112860453551,False
30,12.115196333179272,284.9200812437492,9997.251167960747,172.22097798466845,0.40372007758203127,0.5962799224179687,0.520263326598056,0.2732097403358619,0.09695624411305243,0.0335537882425993,COMPLETE,11.112333041755837,250.67811491942805,310.63348358644845,2030.4955426830825,157.96498971307403,8632.998303259072,9169.705667601786,2.7856186992642273,74.75737619454776,73.75610215024341,3.7142603406879773,33.58124036151169,1.0902477713415413,False
31,12.118421616965403,284.9113846445912,10969.729336723238,172.31088679431681,0.11396758127097084,0.8860324187290292,0.520263326598056,0.02311482107799849,0.04427047564333943,0.04658223043022397,COMPLETE,11.114599641042814,250.68606367104175,310.6433334626721,2030.6312432911723,158.03762082602495,8636.619566899695,10061.058576934724,2.7862752332925966,81.9533044589561,39.2574294310428,8.640745338984608,37.81540605401946,1.090315621645586,False
32,12.122260546511752,284.9004291419804,11897.633968865426,172.41775065317023,0.0034760652655953517,0.9965239347344046,0.520263326598056,0.001543459717301193,0.0012614008251577212,0.0006712017011729161,COMPLETE,11.117262724686304,250.69576736364345,310.6553580139078,2030.799509144245,158.12343127390716,8640.896884711785,10911.25884702176,2.7870507097484625,88.77677621744844,27.398718528639343,5.6409101607052285,53.227588329316184,1.0903997545721225,False
33,12.120748797982525,284.90421690919675,11366.940822023478,172.37544942602574,0.0599326836668414,0.9400673163331585,0.520263326598056,0.012616960658367342,0.035237322390451124,0.01207836324718855,COMPLETE,11.116187873988256,250.6920737479462,310.650780986067,2030.7383853856822,158.08906797918326,8639.184143661065,10424.855084130724,2.7867401903018894,84.85710197918895,38.548402928229685,6.662106827009472,37.11787324361176,1.0903691926928412,False
34,12.112965288361993,284.92890558947823,10164.39987442333,172.15996069974435,0.25939531087168305,0.7406046891283169,0.520263326598056,0.08946084698423679,0.04627273817553374,0.12366159845951646,COMPLETE,11.110903574064794,250.67196021827147,310.6258568486245,2030.3744776682652,157.91779115288082,8630.644628397227,9323.535914154836,2.7851919787070205,76.06727514929786,47.341159225337705,19.630778397714593,39.8776941053963,1.0901872388341325,False
35,12.107371099398751,284.9407346704294,8108.32942374792,172.00261806215357,0.4812236474710556,0.5187763525289444,0.520263326598056,0.11540377927080706,0.22791259658917862,0.13790681326359602,COMPLETE,11.106818930567817,250.6587416141128,310.609476714845,2030.168988994184,157.78833561109096,8624.187242062333,7438.257735689269,2.7840212564719353,60.77708654377723,51.541032219030384,2.0493022409340456,58.91116928367987,1.090084494497092,False
36,12.116989862375442,284.91498643943237,10669.058112822771,172.27085299519297,0.1424202471887338,0.8575797528112662,0.520263326598056,0.004571669172537998,0.0755477661935641,0.062300687885317854,COMPLETE,11.113581492508036,250.68257830607624,310.6390144934587,2030.573358920134,158.00509741209086,8634.998105151486,9785.553023638071,2.7859812627566054,79.74259814237051,31.818245856875826,6.610949593186129,43.609545660143354,1.090286679460067,False
37,12.121687910760269,284.90178379484985,11672.0998954032,172.40168284812455,0.025739375624994676,0.9742606243750054,0.520263326598056,0.005027907813659152,0.016388785543871163,0.004322664223424842,COMPLETE,11.116852323123837,250.69437142388003,310.6536282034226,2030.776996658722,158.11032775223677,8640.243798204636,10704.533212966397,2.7869323053576305,87.1094976725364,33.92433094702333,4.703641454624412,33.01963580657906,1.090388498329361,False
38,12.120629971140168,284.90440845298,11253.14809673162,172.37209020235713,0.07244743604561155,0.9275525639543885,0.520263326598056,0.02065014801404926,0.041584866649758696,0.010212379191525622,COMPLETE,11.116097526750625,250.69182211408932,310.65046916825406,2030.7347303263869,158.08625212894052,8639.043787542407,10320.510734515043,2.786714743779036,84.0103352335084,15.152053875375826,10.770929879448817,66.37697075283405,1.0903673651631933,False
39,12.111157791815526,284.9346912112036,9881.543969056871,172.1099306285122,0.3360677737029393,0.6639322262970607,0.520263326598056,0.148167632782192,0.04623067952147088,0.1416692668564498,COMPLETE,11.109680610509935,250.66723484486945,310.6200012947738,2030.289103965451,157.87808168694994,8628.664150483039,9064.434575290576,2.784832918646187,73.99092579194397,32.51477733695862,14.043393175596318,66.30049834482251,1.0901445519827255,False
40,12.117017579231835,284.91529405821507,10416.865496546476,172.27183040055294,0.1838915663596266,0.8161084336403734,0.520263326598056,0.06453984520354852,0.06466476740531292,0.05468685168014983,COMPLETE,11.113616854242837,250.68262475175356,310.63907204767537,2030.5714085970008,158.00613520049242,8635.049846826054,9554.253032464349,2.785990643506921,77.8561453735402,41.415172892603145,14.30838354274664,28.593472137715167,1.0902857042985004,False
41,12.121449863248978,284.902732290059,11607.40561947719,172.3951764318111,0.04514488502720415,0.9548551149727958,0.520263326598056,0.02808697822082614,0.010786203496471896,0.006271669684987754,COMPLETE,11.116699900173913,250.69372010279068,310.65282110409134,2030.7640706500224,158.10529781924106,8639.99309665602,10645.264910309495,2.78688685324092,86.63323511086278,50.58673801301529,2.7038175880004895,30.282968209644793,1.090382035325011,False
42,12.121995500084582,284.90097398566513,11752.46151941043,172.41027487895033,0.020387570777381958,0.979612429222618,0.520263326598056,0.009374660864507132,0.010749724090247,0.0002631699573835878,COMPLETE,11.117069008037115,250.69513378691934,310.65457290291,2030.789827124569,158.11727726763837,8640.59016904282,10778.169792644687,2.7869951022882793,87.70052510088263,34.28026871889933,16.698853895371382,35.56574170763876,1.0903949135622846,False
43,12.115716672169409,284.91638091015204,9639.63251213861,172.2344685438385,0.2560465291496405,0.7439534708503595,0.520263326598056,0.05544116780415323,0.15792406240030274,0.04268105416725103,COMPLETE,11.112589315013025,250.67984440795303,310.63562672146253,2030.5389056898139,157.97422196358573,8633.458652562438,8841.513890887549,2.7857021604569465,72.07285826761775,53.76534873943204,3.631702773516898,52.57586199695088,1.0902694528449068,False
44,12.114455307035323,284.9183401144335,8641.438881831637,172.19868947460068,0.345468869051233,0.654531130948767,0.520263326598056,0.0914484503816301,0.22150162046322677,0.03251856174376351,COMPLETE,11.111633259933747,250.67703639912295,310.6321471134995,2030.4994861948053,157.9442605373918,8631.964633013935,7926.109532739978,2.785431295154117,64.63208959545261,49.400185743804016,0.19341130928781514,53.68188340855497,1.0902497430974027,False
45,12.115823686763953,284.9185120873297,10291.762378826123,172.2384939650528,0.17053317552512925,0.8294668244748707,0.520263326598056,0.010102283591633409,0.08232332146825302,0.07810748143756942,COMPLETE,11.112781357080818,250.67960157781678,310.63532581298006,2030.5204831181204,157.97924880646264,8633.709301384844,9439.730063080184,2.7857476030144097,76.9508342828561,43.87823484240575,5.96988914543946,27.055892785794235,1.09026024155906,False
46,12.118711139759055,284.9102556769359,10914.246336554668,172.31885688026028,0.1289708138575778,0.8710291861424222,0.520263326598056,0.04188070364212335,0.05185858807050412,0.0352314586878048,COMPLETE,11.114783153754189,250.6869203899901,310.6443950854287,2030.647336455822,158.04376434414922,8636.925835046693,10010.097601837308,2.7863307596171794,81.53025144163914,31.68128383624537,13.536917065399681,55.24851633981117,1.090323668227911,False
47,12.109692627864373,284.94028223398124,10135.264396950588,172.06978854509637,0.26482528917800324,0.7351747108219968,0.520263326598056,0.05198025308654233,0.020010169908211476,0.19283465125763144,COMPLETE,11.108731418911434,250.6632442867103,310.61505630393225,2030.211613947009,157.84686903266683,8627.10727385856,9297.505189050818,2.7845506573740506,75.92845669300341,40.534104394092516,-0.5230468449647896,43.0630532996559,1.0901058069735046,False
48,12.11012710662176,284.9356808274779,9223.773695851318,172.08042611969287,0.4502090285816652,0.5497909714183348,0.520263326598056,0.2157110197568731,0.11551460056663303,0.11898306753706728,COMPLETE,11.108870757701581,250.66504557239926,310.6172884080339,2030.2624894570904,157.85294381002979,8627.410293453806,8461.15891132736,2.7846055947371604,69.08316349307268,69.51608729425396,0.06086312911263825,42.615587472900856,1.0901312447285452,False
49,12.111472397124608,284.93111997501074,9278.272786847652,172.11761133871914,0.3629778394351197,0.6370221605648803,0.520263326598056,0.1269975990050408,0.12557859498518292,0.11040150388191902,COMPLETE,11.109764732974472,250.66870641016484,310.62182481835566,2030.3292307670577,157.8822215562067,8628.870634491797,8510.891525848581,2.7848703541359816,69.46363374226985,54.22496481921257,11.790228539967224,39.1190057748051,1.0901646153835287,False
50,12.115347502636853,284.92054960514986,9892.099293816167,172.22555922617192,0.26482528917800324,0.7351747108219968,0.520263326598056,0.12781312005668294,0.06749270950374059,0.06951926054153604,COMPLETE,11.112482201983926,250.67829003664724,310.63370058693073,2030.4934815506626,157.96934105365298,8633.215276540219,9073.26655870705,2.7856580364560073,73.9720164642364,48.959707543122775,0.8439180314898533,31.020802485762324,1.0902467407753313,False
51,12.116529308696919,284.9133113309744,9675.430055860887,172.25677044191113,0.2560465291496405,0.7439534708503595,0.520263326598056,0.06067470060686314,0.17283177076295514,0.022539789895352588,COMPLETE,11.113116160716391,250.68207254026512,310.6383877622587,2030.5817798481185,157.99157090444837,8634.323690332289,8874.173071862315,2.785858991549099,72.32092311551736,61.62778849870043,3.216496299633414,78.0848262849448,1.0902908899240593,False
52,12.11469488849083,284.9220533100439,10160.068636753167,172.20720737883775,0.3629778394351197,0.6370221605648803,0.520263326598056,0.22263138661394388,0.08416414610617673,0.05618178598978895,COMPLETE,11.112014506726219,250.67666005648573,310.63168075996697,2030.4677956742548,157.9543689849242,8632.468703836468,9319.16413249426,2.7855226830453463,75.98877985554743,68.89765280704329,8.606994196980356,56.71871734332056,1.0902338978371273,False
53,12.11763559870584,284.9115148033814,9603.705536019143,172.2881719289321,0.3005575058716044,0.6994424941283957,0.520263326598056,0.17835856632839525,0.12037317174834104,0.0018255692998095446,COMPLETE,11.113947628954685,250.68462415751628,310.6415496567693,2030.6177252691546,158.01776710557232,8635.629774764317,8808.243118205188,2.7860957842708243,71.7593461185842,39.7765492647229,18.87155601841236,55.11263777654648,1.0903088626345774,False
54,12.101852825898282,284.9609673669891,8646.082163458528,171.85118031844536,0.4812236474710556,0.5187763525289444,0.520263326598056,0.07019388303595568,0.15333946878688937,0.25768878449085103,COMPLETE,11.103200759574394,250.64393728281328,310.59113159123814,2029.8854380729344,157.6699190856245,8618.278232706942,7932.602339966867,2.782949954821249,64.91876712806562,19.37225417304196,13.313154215467542,59.31001919991034,1.0899427190364672,False
55,12.117162158154498,284.9143229936733,10938.860808569876,172.27560211666164,0.1424202471887338,0.8575797528112662,0.520263326598056,0.004834736861811096,0.0798950134532016,0.05769036580467885,COMPLETE,11.113690921046086,250.68309078849367,310.6396495476941,2030.582894420454,158.00876229697135,8635.180826901193,10032.969474868012,2.7860143901558536,81.75435476529178,19.84421856068742,19.760733149360863,64.45268674661109,1.090291447210227,False
56,12.117036568190203,284.9125862170602,9577.26052531224,172.27119393831785,0.3317508845540279,0.6682491154459721,0.520263326598056,0.18532912479748337,0.14526073937250308,0.0011607910504798924,COMPLETE,11.113503268496173,250.68319719314243,310.639781401433,2030.5971124404632,158.00368894877306,8634.927882237587,8784.07154689262,2.785968531363059,71.57426593940738,58.53528295910548,7.766246730413226,65.51050543103594,1.0902985562202316,False
57,12.119490065401001,284.90901963635133,11354.160359568106,172.3409700639539,0.08040402570874933,0.9195959742912507,0.520263326598056,0.028305520650328726,0.012818241003445831,0.0392802101146723,COMPLETE,11.115370739592311,250.6886928392073,310.64659145616093,2030.6722149594298,158.06224235049487,8637.846970107264,10413.44983595285,2.7864977611315696,84.79742763657258,25.063460271301057,6.865123761853631,54.25792671346767,1.0903361074797149,False
58,12.114399245661053,284.920836421104,9644.676937986793,172.1981760409471,0.27436689468329306,0.7256331053167069,0.520263326598056,0.05550628662085295,0.15253071320534656,0.06632967440360044,COMPLETE,11.111704569397823,250.67646391847285,310.6314377110904,2030.4754023113069,157.94553413298476,8632.028143372603,8846.398292558973,2.785442809563383,72.14087478224937,35.55379938778928,17.932610436487472,41.9331918667847,1.0902377011556534,False
59,12.112657953862813,284.93021148569215,10007.31092679405,172.15160653240943,0.2733551396716398,0.7266448603283602,0.520263326598056,0.10761197724285929,0.03701763482749585,0.1287253625424324,COMPLETE,11.110710260655459,250.6711102481123,310.6248035887834,2030.357091437329,157.911387275489,8630.325256539745,9179.515562927409,2.7851340766835975,74.89893615155107,48.10727183264066,13.925570010402552,34.55173277380303,1.0901785457186646,False
60,12.103667406658802,284.95972338949366,9863.100673944036,171.90324546762545,0.35608961067376793,0.6439103893262321,0.520263326598056,0.05142120490467598,0.019146373324317123,0.2855217028100877,COMPLETE,11.10465489860725,250.64759885021417,310.5956689057041,2029.9267995580572,157.7146952847003,8620.512828597719,9049.02006429171,2.783355086396176,74.0241724510117,43.292252471577484,5.036505673600304,50.05172786458485,1.0899633997790286,False
61,12.119416260702902,284.9090480763024,11384.0261465441,172.33879441119333,0.07244743604561155,0.9275525639543885,0.520263326598056,0.013039050252333031,0.017883748515786887,0.041524582318164326,COMPLETE,11.11531349754182,250.6884822290561,310.6463304738052,2030.6701652424185,158.06039552252503,8637.754907449438,10440.851008092342,2.7864810701989,85.02267378454678,34.23209230976132,14.432663810726863,41.7671194022525,1.0903350826212093,False
62,12.109165258394698,284.9381985922223,8462.485380006226,172.053625594357,0.3803925243084487,0.6196074756915513,0.520263326598056,0.09735886477490326,0.1337315852917591,0.1493019007822815,COMPLETE,11.108189007272639,250.66273438739225,310.61442445060317,2030.223121962853,157.83120898145256,8626.326099286758,7762.953520452034,2.7844090306549316,63.40137568649034,44.00330581958688,-0.34313278387553137,26.117529082664113,1.0901115609814265,False
63,12.112326212403007,284.9297021542084,9603.517605541136,172.14173548244958,0.37324570255901207,0.6267542974409879,0.520263326598056,0.18816827756342094,0.08392744871179898,0.10114968663054667,COMPLETE,11.110410728061208,250.67055459319997,310.6241150363697,2030.3561558370284,157.90240050609088,8629.877060981846,8809.127426114832,2.7850528189613417,71.88037089856084,59.47038827784043,11.185522448827536,38.51410333533693,1.0901780779185142,False
64,12.116657630841216,284.9180521474593,11090.10865418043,172.26251410143897,0.14046725484369038,0.8595327451563096,0.520263326598056,0.042361537322193846,0.013963027077002496,0.08414259136268551,COMPLETE,11.113453599211436,250.68128701786563,310.6374143643238,2030.5386638229115,157.9999629994444,8634.74211304686,10171.898199445175,2.785934851463654,82.9009046925092,53.23097365460808,15.362515534280163,46.15782286828783,1.0902693319114558,False
65,12.115037573981578,284.9205170509698,9804.963577872739,172.2165547337135,0.3005575058716044,0.6994424941283957,0.520263326598056,0.14129363454964614,0.09922436043294072,0.060039311342192876,COMPLETE,11.11222193773965,250.67771976692762,310.6329939242464,2030.4887702676524,157.9614232203307,8632.820463103784,8993.36305838364,2.7855864568966053,73.32580906523393,56.767045286859094,9.476025703226732,34.115494262115156,1.0902443851338262,False
66,12.109295446044467,284.9413167505749,8571.718416044343,172.05872135603386,0.40372007758203127,0.5962799224179687,0.520263326598056,0.20924489145570602,0.027926267125039043,0.1665486854928352,COMPLETE,11.108449521059883,250.66229377146942,310.61387845136795,2030.1954310702204,157.83788820397004,8626.659285370257,7863.256929986899,2.7844694371934513,64.21973007490341,25.765602276763207,1.1265677540709356,33.82135587876979,1.0900977155351101,False
67,12.108813995194028,284.9372335972582,7818.023160103595,172.04300207985258,0.4812236474710556,0.5187763525289444,0.520263326598056,0.1677508939331787,0.19529936843033563,0.11817299234745031,COMPLETE,11.10785073980892,250.66224744835722,310.6138210490306,2030.2262703797055,157.82123572879414,8625.828581137333,7171.753928771822,2.7843188307614017,58.57575708976433,26.045070515637676,13.451872510834757,45.141207957526646,1.0901131351898528,False
68,12.113397042615786,284.92670931426596,10099.473378650233,172.1715162227151,0.25939531087168305,0.7406046891283169,0.520263326598056,0.08034413225003491,0.06943334311086456,0.10961771333536212,COMPLETE,11.111159308324408,250.67319325457277,310.62738479358205,2030.4020096337754,157.92639656540524,8631.073784479393,9263.86357564086,2.7852697845779497,75.57023795975412,19.29805137320573,1.4812472228260627,72.66307927170841,1.0902010048168878,False
69,12.114276849415386,284.91849973346706,9074.076248360592,172.19356970601552,0.29620728443102123,0.7037927155689787,0.520263326598056,0.017871892889503988,0.23375414518281595,0.044580861606621724,COMPLETE,11.111492797186186,250.67665293538116,310.63167193568836,2030.494929085161,157.93989466259416,8631.74691815349,8322.951021186434,2.785391823514229,67.87262903761531,29.5277885365865,13.665414768689773,32.12782544373119,1.0902474645425806,False
70,12.120707256249606,284.9052019915219,11637.500713251602,172.3746591089153,0.04683738391404624,0.9531626160859538,0.520263326598056,0.016153383888844457,0.00835517803077685,0.022328799017258122,COMPLETE,11.116201397473166,250.69177635170752,310.6504124607585,2030.7282583067945,158.0890773092049,8639.18460871418,10673.040686222343,2.7867402746158816,86.87952186797376,64.37702638561726,-0.4155177586912999,44.54421128530476,1.0903641291533972,False
71,12.114080699260127,284.92456436987953,9701.632601388275,172.19051898684174,0.2560465291496405,0.7439534708503595,0.520263326598056,0.08945857986633805,0.07011752453262998,0.09647031405110076,COMPLETE,11.111620144263007,250.67505681346697,310.6296940649413,2030.4346336505564,157.94146389846563,8631.825172216812,8898.806184476603,2.7854060109527934,72.57744089931792,37.589206808102574,0.9638336770619289,29.531850231266638,1.0902173168252782,False
72,12.114434579216159,284.9204530133241,8960.274426626303,172.1990110797406,0.43155171293779676,0.5684482870622032,0.520263326598056,0.2440376427709422,0.15987910817833853,0.027634527198640655,COMPLETE,11.111717145763492,250.67657400969037,310.6315741331248,2030.4792941179153,157.94601814772238,8632.052279657619,8218.628308737108,2.7854471854647276,67.01702044961988,52.1910251474087,15.855022084228558,39.73559346047784,1.0902396470589577,False
73,12.118504862633767,284.9124598940437,11448.247295843903,172.31381415815233,0.07800932022121826,0.9219906797787818,0.520263326598056,0.011264954436552593,0.004194437363408521,0.06254985620747418,COMPLETE,11.114717921959251,250.6860640250802,310.6433339013869,2030.6230167463527,158.0409019210088,8636.783137559943,10499.978407937304,2.7863048886049833,85.52839708753893,29.11545996037578,0.8423877890920548,49.65838347443264,1.0903115083731763,False
74,12.106868230438055,284.9457163635219,9236.626468131879,171.99011465333217,0.46484882617128653,0.5351511738287135,0.520263326598056,0.16241077736896134,0.1272973669327913,0.17514048089603843,COMPLETE,11.106643935095033,250.65666214070512,310.60689988810907,2030.112786758652,157.78093289296618,8623.817908224473,8473.530841369644,2.7839542963562276,69.2487202397752,55.70472336739139,9.825078568575305,64.3571829226569,1.090056393379326,False
75,12.110517568493428,284.9317533315292,8563.030638137618,172.09013268175286,0.46974947078209456,0.5302505292179054,0.520263326598056,0.1851047935324752,0.19718269797909216,0.08746164947841321,COMPLETE,11.109002307937303,250.66670406276137,310.6193435640607,2030.3069677716335,157.8586274552306,8627.693797606238,7854.8853576241145,2.7846569939562524,64.12369073995339,57.07868172656214,8.59828067214026,52.641687835490856,1.0901534838858167,False
76,12.119552919999373,284.90828352768494,10890.573950344042,172.34243546428664,0.12199482168954179,0.8780051783104582,0.520263326598056,0.06920127348338556,0.02795741836251927,0.02483605872285297,COMPLETE,11.11539030286626,250.6889040555018,310.64685318963285,2030.6796864117632,158.0630447820335,8637.886970410302,9988.238087606644,2.7865050131746947,81.3318304937156,23.413902301842885,6.2307640182720885,55.05732849165459,1.0903398432058815,False
77,12.11775907841941,284.9128244488947,10114.962721258597,172.29224641468366,0.194338644844741,0.8056613551552589,0.520263326598056,0.09221526434547131,0.06524392129222402,0.036879355832099815,COMPLETE,11.114118614079555,250.68447426815808,310.6413639179644,2030.6063978961724,158.02232496511934,8635.857008745457,9277.201727938993,2.786136981724483,75.58114022454971,25.480497858187274,5.977926608149872,29.374199374796376,1.0903031989480862,False
78,12.107298183449185,284.9427053116114,8639.54998291891,172.0013872902899,0.44360637128816327,0.5563936287118367,0.520263326598056,0.10578220958254914,0.17804794259941487,0.1597759950933527,COMPLETE,11.106850873530005,250.65824468624842,310.60886093538755,2030.1495889898838,157.78861061545996,8624.200962321975,7925.648796348717,2.784023743950956,64.76264676714685,65.33216357109586,1.736086981648246,49.694580066958,1.0900747944949418,False
79,12.111651722917934,284.9318353830106,9140.49516213225,172.1230616342502,0.3360677737029393,0.6639322262970607,0.520263326598056,0.12846130047560841,0.08477908571157805,0.12282721884717089,COMPLETE,11.109952709277676,250.66880597538363,310.6219481968595,2030.3246224088352,157.88755478446842,8629.136635706389,8384.526843561285,2.7849185800776137,68.43022757347971,33.54795768808722,12.021525705165983,31.90310055927626,1.0901623112044176,False
80,12.109172554893805,284.938117919444,8215.863753934773,172.05376698530668,0.46484882617128653,0.5351511738287135,0.520263326598056,0.2009823004713672,0.13429105976231526,0.12957524133304726,COMPLETE,11.108193493665128,250.66271322007452,310.6143982206403,2030.223555126137,157.83130732697043,8626.331005200695,7536.716805593309,2.78440992009568,61.551738949784365,27.129587543325812,13.09260847204976,51.31564662352663,1.0901117775630684,False
81,12.105866839678711,284.94579090952425,8521.731796454034,171.96114158734383,0.44360637128816327,0.5563936287118367,0.520263326598056,0.04617542310574507,0.22090516371273738,0.17652553697325302,COMPLETE,11.105810044112731,250.65481449943488,310.6046103414353,2030.0961463582958,157.75555759280925,8622.551828482749,7817.75777246248,2.783724756473037,63.90630824461469,31.12492970952784,19.9273018351969,47.9373347579503,1.090048073179148,False
82,12.103526163943613,284.95515997140336,8226.155248387957,171.89722551230807,0.46484882617128653,0.5351511738287135,0.520263326598056,0.0710141075489534,0.16576658553999488,0.2280678713747247,COMPLETE,11.104314537792257,250.64834249395923,310.59659040875255,2029.9681777295937,157.7061787125137,8620.087825329587,7547.041587511045,2.7832780334292044,61.73468175525798,46.83672560961183,9.196908203159683,40.104684537320395,1.089984088864797,False
83,12.114189216983585,284.92555210218563,10002.23711848474,172.19406506962093,0.24625884690943195,0.753741153090568,0.520263326598056,0.11130366132535145,0.02853295654766453,0.1064220828956666,COMPLETE,11.11176015288338,250.67501281051756,310.62963953768644,2030.4266921366343,157.94529180055602,8632.016059006837,9174.568587475316,2.7854406186714398,74.82531989518876,43.161200593972225,11.127032825865042,23.779986441094508,1.0902133460683172,False
84,12.12060789084552,284.9054960783282,11523.587829526976,172.3718731880174,0.0599326836668414,0.9400673163331585,0.520263326598056,0.03014456948138572,0.008331459030616903,0.021456613429485856,COMPLETE,11.116134547256342,250.69148755193433,310.65005458795565,2030.7234950816783,158.08686757104093,8639.074464371786,10568.5914381322,2.7867203054791405,86.03161351316017,60.572130609706036,8.560812969926097,20.722797180694236,1.0903617475408391,False
85,12.106193878315203,284.94988113019525,8476.866198269992,171.972312946079,0.4502090285816652,0.5497909714183348,0.520263326598056,0.17683784150108436,0.06807499087676046,0.20529546502264842,COMPLETE,11.106284804654642,250.6544688144675,310.60418197805114,2030.0618462875182,157.76828830698997,8623.187029406601,7776.720841847179,2.783839918212901,63.56790863094537,25.36135323871786,6.294353222082902,46.97513507579753,1.090030923143759,False
86,12.121928653754399,284.90135381836296,11827.493577277246,172.4085001618564,0.01215798321572692,0.9878420167842731,0.520263326598056,0.0016540319877482068,0.00572241779313519,0.004781524569369624,COMPLETE,11.117031465473675,250.69493216624673,310.654323060071,2030.7851657884835,158.1159876420202,8640.525893365422,10847.00479700934,2.786983449126953,88.26286318888424,56.68918588740195,8.229096373035953,41.583957610677274,1.0903925828942418,False
87,12.122248280730341,284.9004962873958,11909.551904894337,172.41741899868197,0.0027610585618011996,0.9972389414381988,0.520263326598056,0.0011647697075644564,0.00025297720659870124,0.0013433102192814488,COMPLETE,11.117256028803714,250.6957237767932,310.65530400227163,2030.7986160115033,158.12319187364386,8640.884953111552,10922.193197899127,2.7870485465528647,88.86613961043128,31.032998011094172,15.931750193326724,52.70541209014223,1.0903993080057517,False
88,12.1086180396587,284.93732346708794,8743.491646108963,172.03731835123742,0.44360637128816327,0.5563936287118367,0.520263326598056,0.10638266017120876,0.21009665770813904,0.12712663089038612,COMPLETE,11.107694144296962,250.66180383150356,310.61327133112377,2030.2217242136871,157.81635091567023,8625.584895449096,8020.736193024007,2.784274650618106,65.51418524758255,51.878785820330705,12.634867476469616,61.04283953488128,1.0901108621068436,False
89,12.115118593315861,284.9173243006758,8780.55904268701,172.2175145737087,0.345468869051233,0.654531130948767,0.520263326598056,0.13049280101662053,0.18788924527157067,0.027086625799401343,COMPLETE,11.112136378177699,250.67851724402325,310.63398213611475,2030.5201414028443,157.96003100701657,8632.751041029016,8053.63718129933,2.785573870694956,65.65956461681381,35.198904688207264,6.030104930875643,59.73719316654059,1.090260070701422,False
90,12.109939217938505,284.9353195223088,9229.429376952783,172.07486282577136,0.345468869051233,0.654531130948767,0.520263326598056,0.06016395734008794,0.1457259689879545,0.1395787871543812,COMPLETE,11.108693873565862,250.6648299403186,310.6170212026402,2030.263378533672,157.8477761173053,8627.152521049742,8466.34353245891,2.784558860676446,69.13111348461938,35.84488065469415,5.592243467791905,56.133973176646066,1.090131689266836,False
91,12.11840157435738,284.91110876796967,10838.924272286768,172.31019936466973,0.15230688458668534,0.8476931154133147,0.520263326598056,0.0615055850892681,0.055256130207291525,0.035545088533821836,COMPLETE,11.114568749556408,250.68610307338895,310.6433822889862,2030.6336975226386,158.0368124737565,8636.57926829553,9941.077480918128,2.7862679271675654,80.97512448962858,46.22885760195636,13.644504624903272,53.39980817691094,1.0903168487613193,False
92,12.112484343060144,284.9261186284503,8800.396374508673,172.14481206629802,0.45743219511022426,0.5425678048897757,0.520263326598056,0.2236469395013299,0.1773466683007938,0.05643806420755603,COMPLETE,11.110367575821536,250.67164808641078,310.62547006333506,2030.3930896794845,157.9025478305869,8629.884408570557,8072.302573479832,2.785054151077005,65.86116258233122,49.98339568687102,15.150884570199663,64.80290302095531,1.0901965448397424,False
93,12.109902790991223,284.93807901998554,9581.004192324548,172.07498802117564,0.25939531087168305,0.7406046891283169,0.520263326598056,0.013627113750096627,0.06692207794183802,0.17884593514061217,COMPLETE,11.108797051801872,250.6641753437811,310.6162100444629,2030.2365700842415,157.84983187813137,8627.255066031468,8788.958339465291,2.7845774520513427,71.77005003481949,32.336037652420885,3.672477670022643,28.191174854770793,1.0901182850421207,False
94,12.116718846366956,284.91475141602683,10427.763787531354,172.2629110312367,0.194338644844741,0.8056613551552589,0.520263326598056,0.036197229420837224,0.11055134986964571,0.04758993215695357,COMPLETE,11.11334251974057,250.68215496562505,310.63848990151683,2030.5714752054287,157.9979496109001,8634.641728195063,9564.248552365354,2.7859166517196754,77.94335901514629,47.42190426732237,12.964121101373525,63.99740146795807,1.0902857376027144,False
95,12.11362647040573,284.92110295710944,8923.886927462501,172.17581500488234,0.29620728443102123,0.7037927155689787,0.520263326598056,0.01668721696586948,0.21825926114563143,0.06126044707153974,COMPLETE,11.111076361267292,250.6748798830353,310.62947481757556,2030.459584029731,157.92616957080426,8631.062464295266,8185.326609879344,2.7852677322319113,66.76358882790947,38.01957154683271,8.641086464914016,24.67953964802086,1.0902297920148656,False
96,12.119293247926933,284.9073734383726,10219.05917239483,172.3344992454933,0.1850793501277222,0.8149206498722779,0.520263326598056,0.09990297129172983,0.08223356246017656,0.002942625996117197,COMPLETE,11.115130188141636,250.688598503333,310.6464745577182,2030.6839943011382,158.05545388131557,8637.508568649931,9372.342988805964,2.786436409047315,76.31999918710065,30.703460194460142,6.114351351089743,62.80702467506746,1.0903419971505692,False
97,12.11012710662176,284.9356808274779,8008.630552062361,172.08042611969287,0.4502090285816652,0.5497909714183348,0.520263326598056,0.2157110197568731,0.11551460056663303,0.11898306753706728,COMPLETE,11.108870757701581,250.66504557239926,310.6172884080339,2030.2624894570904,157.85294381002979,8627.410293453806,7346.482903585246,2.7846055947371604,59.98212358924068,34.1645414867903,-1.8685682163437378,31.992322300226625,1.0901312447285452,False
98,12.120694950997088,284.90432132395637,11399.538488683578,172.373924796678,0.0599326836668414,0.9400673163331585,0.520263326598056,0.009941385554100096,0.037229896878048924,0.01276136175063922,COMPLETE,11.116148426654368,250.69194152787838,310.6506171425648,2030.736436000443,158.0878110266444,8639.121490984053,10454.76041991648,2.786728831390054,85.10191886563142,33.39832711518926,7.365779982318919,63.60197547631191,1.0903682180002214,False
99,12.108203373464637,284.93886525424716,7985.977383447289,172.02597064432823,0.4641592812938627,0.5358407187061374,0.520263326598056,0.12801069256806416,0.20455951941699188,0.13158877034703273,COMPLETE,11.107421672187055,250.66072477494626,310.61193419366566,2030.2005417303162,157.8074744516849,8625.142071303713,7325.910833055034,2.7841943667313527,59.84557966621782,32.90005844185321,13.269725259660879,39.07255248732347,1.0901002708651581,False
100,12.108071247274964,284.94076985771886,8577.445403374388,172.02292408787213,0.46484882617128653,0.5351511738287135,0.520263326598056,0.16038209738046433,0.15987857294932448,0.14458798992694968,COMPLETE,11.107405573320872,250.66002829745497,310.61107113775256,2030.1799110239776,157.80617298420765,8625.07714339079,7868.5665893928635,2.7841825953199186,64.28188457094919,45.73393420409107,17.2298344546725,44.84982272993427,1.0900899555119887,False
101,12.101852825898282,284.9609673669891,8105.143230296234,171.85118031844536,0.4812236474710556,0.5187763525289444,0.520263326598056,0.07019388303595568,0.15333946878688937,0.25768878449085103,COMPLETE,11.103200759574394,250.64393728281328,310.59113159123814,2029.8854380729344,157.6699190856245,8618.278232706942,7436.30200811044,2.782949954821249,60.857148470208685,45.74427312290119,6.500565056725161,40.22549855185678,1.0899427190364672,False
102,12.109176809820495,284.9358707849517,8002.073164839734,172.0529706724362,0.42650472773368003,0.57349527226632,0.520263326598056,0.10228146043112676,0.2019971388899594,0.12222572218283854,COMPLETE,11.108085539121843,250.66326053331926,310.61507643628704,2030.2455098446771,157.82898751131327,8626.215282031539,7340.524843378587,2.7843889395192947,59.94891130205139,23.507448354369615,9.910528685145387,36.06046849706202,1.0901227549223387,False
103,12.10950815864515,284.93211617590634,7372.486538453605,172.06099793684757,0.46974947078209456,0.5302505292179054,0.520263326598056,0.10038416646498535,0.28265961372194653,0.08670521784115072,COMPLETE,11.108178626500244,250.6647158492434,310.61687982409126,2030.286897755872,157.8333549717211,8626.43315053338,6762.859095325451,2.784428439014323,55.22368332706489,35.56283031971188,3.255659659801109,39.81187699399181,1.090143448877936,False
104,12.116049434428101,284.92022236063747,10894.598801128586,172.2457528157399,0.14722444603479284,0.8527755539652071,0.520263326598056,0.0438035748717756,0.006606816050745675,0.09681394136562592,COMPLETE,11.113054101080357,250.6796246352206,310.63535438508603,2030.5075948024473,157.98684051943903,8634.087832587968,9992.718050693724,2.7858162306097225,81.45566350642193,51.47571728540794,10.357577549948529,32.70245112524736,1.0902537974012236,False
105,12.116572893554826,284.9162547338209,10419.782804372051,172.25926291774965,0.15846100257813883,0.8415389974218612,0.520263326598056,0.01461909511459192,0.07698503416477208,0.06685678704673514,COMPLETE,11.113297263239776,250.68147887535454,310.63765210889176,2030.5540887732132,157.9958633492676,8634.537709331165,9557.004669610607,2.785897793130377,77.88960414691766,53.506323490930185,2.9439006654270323,28.597920632364406,1.0902770443866066,False
106,12.111003336784242,284.93159576435727,8983.979308023092,172.10410580204734,0.3360677737029393,0.6639322262970607,0.520263326598056,0.06334765501470868,0.1534373538288195,0.11928260105836311,COMPLETE,11.109403124829472,250.66757582108977,310.6204238232069,2030.315756067254,157.87080868734375,8628.301389131144,8240.989208120893,2.7847671501202433,67.27019167579779,39.84056311929209,8.238416569010035,36.020275238376364,1.090157878033627,False
107,12.114486892730929,284.9210868751318,8617.874951500358,172.20075768429464,0.38563517334297287,0.6143648266570272,0.520263326598056,0.2082382271646759,0.134062677016536,0.04333389517154007,COMPLETE,11.111794243173048,250.67647489240179,310.6314513096839,2030.4735810643583,157.9480340231758,8632.15280460671,7904.590109542808,2.785465410608303,64.45682872517723,36.12820340389417,2.6526973260353084,42.35601223721121,1.0902367905321793,False
108,12.109861527390919,284.93407136121897,8306.363402237865,172.07209127422496,0.3803925243084487,0.6196074756915513,0.520263326598056,0.0671950280092234,0.1909170668956204,0.12228018177040875,COMPLETE,11.108567593444228,250.6649732642599,310.6171988057596,2030.274175860011,157.84445202296723,8626.986707974707,7619.558580481203,2.7845287988149217,62.21654757760937,20.933642424050028,11.970897364304992,26.746576090582312,1.0901370879300054,False
109,12.11474927762705,284.91793644425866,8614.752004222433,172.20706706181863,0.46974947078209456,0.5302505292179054,0.520263326598056,0.26242057624400555,0.20568492390722284,0.0016436459013049543,COMPLETE,11.111857567598335,250.67770382142342,310.6329741650125,2030.5083810564852,157.95130030950125,8632.315682025717,7901.599534369569,2.785494940236258,64.42404250475269,63.52727497147372,1.9858533142371217,56.85799392797445,1.0902541905282426,False
110,12.112363918825485,284.9280184600927,9286.726942171626,172.14212087336483,0.3360677737029393,0.6639322262970607,0.520263326598056,0.10692424346449098,0.13142734112698823,0.09771604872084863,COMPLETE,11.110359842903161,250.67100175149167,310.62466914273,2030.372929426289,157.90153927352213,8629.834108229787,8518.4757312275,2.785045031640081,69.50782520733351,48.61854905205308,5.011116459211685,45.90713722126696,1.0901864647131445,False
111,12.102586657709843,284.9597131937096,8228.547828160943,171.8719319625902,0.4537832369630465,0.5462167630369534,0.520263326598056,0.07388277713043685,0.12162525139390405,0.25827491206854847,COMPLETE,11.10375131487699,250.64560428704044,310.5931972974144,2029.9095304835578,157.6872155097783,8619.141462735077,7549.439747929033,2.783106458170363,61.771584841437885,35.57853343616146,14.217286577841605,33.57175250438545,1.089954765241779,False
112,12.107637244654248,284.9393259124434,8310.933875819093,172.009737372664,0.4812236474710556,0.5187763525289444,0.520263326598056,0.10791942355206534,0.2443407415274773,0.12896305376954334,COMPLETE,11.10697250147446,250.65954652197013,310.6104741347106,2030.1867688151651,157.793579736422,8624.448875029393,7624.056796139274,2.7840686904515803,62.290155833116785,65.45475398355333,17.035617274240725,37.21475703642641,1.0900933844075826,False
113,12.105603971213421,284.9450437750163,8240.586331665027,171.95319379105314,0.4812236474710556,0.5187763525289444,0.520263326598056,0.052232102856717214,0.2672697284837901,0.16172127863324998,COMPLETE,11.105554987028608,250.65447109195722,310.6041848002543,2030.0988758063654,157.74806885990606,8622.178165343705,7559.828063868925,2.7836570114563033,61.80078294477368,45.44755270548703,10.329525154683433,64.53544816162028,1.0900494379031826,False
114,12.115873303452123,284.915706775089,8911.43621485175,172.2387880619933,0.29620728443102123,0.7037927155689787,0.520263326598056,0.10259688911508083,0.16516301055888566,0.028447217934805116,COMPLETE,11.112683229330564,250.6803735051043,310.63628236422295,2030.5486673954247,157.97747662080425,8633.620936972175,8173.572411475771,2.7857315825724944,66.62373330930907,18.850318151282202,5.544168299196064,37.55656059799781,1.0902743336977123,False
115,12.10689931834373,284.9487133926828,8271.755442905185,171.99230854689569,0.46484882617128653,0.5351511738287135,0.520263326598056,0.23231942035949674,0.036369292026922156,0.1961598541600135,COMPLETE,11.106814282539705,250.6560977398968,310.6062004980195,2030.0849479181788,157.78496036233423,8624.018846372739,7588.470761934395,2.783990726383154,62.01688449733746,15.896657906058428,18.707693458284716,50.74123606762025,1.0900424739590895,False
116,12.107718462697665,284.9461441113804,9776.630098440446,172.01496116977412,0.3803925243084487,0.6196074756915513,0.520263326598056,0.14592447343869122,0.03366916649521973,0.20079860284622317,COMPLETE,11.107373466989156,250.65817707242473,310.6087771501812,2030.1226903338597,157.80300983283843,8624.91933826993,8968.880643082772,2.7841539852981203,73.28334238099349,56.608950276768724,8.250480922074244,47.37892039242074,1.0900613451669299,False
117,12.107629343406165,284.9431168548863,8398.168759737922,172.01110463192634,0.4386865359639777,0.5613134640360222,0.520263326598056,0.14072352017028683,0.1324118035457885,0.16555102227829943,COMPLETE,11.10715107726822,250.6586877717359,310.60940999483995,2030.150294018331,157.7974739667008,8624.643158075638,7704.210836087716,2.7841039139104753,62.948296909377135,53.726043793767886,4.6990410615878915,28.346556716246177,1.0900751470091654,False
118,12.112326212403007,284.9297021542084,8919.976951091414,172.14173548244958,0.37324570255901207,0.6267542974409879,0.520263326598056,0.18816827756342094,0.08392744871179898,0.10114968663054667,COMPLETE,11.110410728061208,250.67055459319997,310.6241150363697,2030.3561558370284,157.90240050609088,8629.877060981846,8182.128343767834,2.7850528189613417,66.76420848972205,42.061257370210356,3.5683857922373092,26.48501478259419,1.0901780779185142,False
119,12.110344931033417,284.9380298530264,9806.310831699157,172.08773630834938,0.26482528917800324,0.7351747108219968,0.520263326598056,0.061737154983985985,0.02376615902239579,0.17932171990360335,COMPLETE,11.109167073266526,250.6649346279715,310.61715092872464,2030.243550423534,157.86102087073675,8627.813181338062,8995.610448928224,2.7846786381915676,73.44899004025379,53.99821588570606,4.80209301414342,24.769507661224345,1.0901217752117671,False
120,12.109221482818867,284.93488133091324,8210.579289626816,172.05389794495318,0.46484882617128653,0.5351511738287135,0.520263326598056,0.12989555431395958,0.2288688658324461,0.1060840446931656,COMPLETE,11.10807134618461,250.66363510866586,310.6155405998412,2030.256338914879,157.82905420248426,8626.218608908173,7531.75591610778,2.784389542681046,61.50848237614679,32.92929532128818,8.946753975610221,70.74924399541429,1.0901281694574396,False
121,12.109685753820493,284.93631639496266,8355.197048531898,172.0679398619047,0.3803925243084487,0.6196074756915513,0.520263326598056,0.10226362980163632,0.14046874275579796,0.13765996955293078,COMPLETE,11.108530568490762,250.66414534437305,310.61617287001457,2030.2497961646695,157.8424088511267,8626.884789262918,7664.440160232765,2.7845103209825797,62.587197669340156,22.50557321041415,10.354845940925218,25.96931872178534,1.0901248980823348,False
122,12.108819319780789,284.9428090187707,8949.983860132475,172.04554760392807,0.40372007758203127,0.5962799224179687,0.520263326598056,0.19897400558594797,0.029401146815979853,0.1753446793392891,COMPLETE,11.108124773296687,250.66107855783224,310.6123725917697,2030.1734436562533,157.82739497587824,8626.13583849465,8210.341141595534,2.7843745364295236,67.06360791129852,38.7420815071829,11.71781926488478,33.310465468112284,1.0900867218281267,False
123,12.106123837707289,284.9467277344139,7641.519168545112,171.9689786199677,0.46484882617128653,0.5351511738287135,0.520263326598056,0.11688833582232505,0.16870951989760666,0.1792507621971511,COMPLETE,11.106070799638363,250.65507462643336,310.6049326837177,2030.091241287871,157.7631021703279,8622.92826934301,7010.274637891713,2.7837930050898065,57.30186595488836,30.839723880625755,5.800665836156945,27.734560319240884,1.0900456206439355,False
124,12.109930420586005,284.937062623995,8441.576318730162,172.07532841618803,0.4641592812938627,0.5358407187061374,0.520263326598056,0.24568329639635145,0.09375932753794887,0.12471637401145964,COMPLETE,11.108772565937272,250.664405622529,310.6164953996072,2030.2463501176671,157.84943605744476,8627.235321846953,7743.690357077835,2.7845738724365225,63.2289347966616,43.992414262545644,12.153237906603591,28.05805326919362,1.0901231750588336,False
125,12.112505103877607,284.92601271595584,7849.284656182358,172.14532288553065,0.45662027627823565,0.5433797237217644,0.520263326598056,0.22324997758251702,0.17703188700353692,0.05633788952011398,COMPLETE,11.110382740744662,250.67164240805056,310.625463026866,2030.393850782098,157.90296126893116,8629.905028171266,7199.8778141544035,2.7850578894045226,58.74283431800301,30.265724275739124,13.453194017469883,20.653389596148383,1.090196925391049,False
126,12.116373156658097,284.91814153181514,9901.42797738162,172.25431218707044,0.2556711994304689,0.7443288005695311,0.520263326598056,0.158371146530633,0.04010944347262985,0.057190274047830884,COMPLETE,11.11321966510443,250.68075691660573,310.6367574772992,2030.5333686876675,157.99282382983205,8634.386160813481,9081.656918958957,2.785870317428886,74.01828463192561,32.32300724562298,10.778316927624047,37.8922097274946,1.0902666843438338,False
127,12.111162687985018,284.9335227164884,9824.768728454654,172.1096147939062,0.345468869051233,0.654531130948767,0.520263326598056,0.13244275459681723,0.08219344694581757,0.13083250361871498,COMPLETE,11.10962537868949,250.6675544096724,310.62039729076247,2030.3008247634848,157.87694325399002,8628.60736846851,9012.305656968621,2.7848226240837253,73.56420400920936,44.524823194217966,8.675611721570156,66.15136330401836,1.0901504123817425,False
128,12.106249426935541,284.9508856131138,8795.11543702427,171.97443316154173,0.44360637128816327,0.5563936287118367,0.520263326598056,0.19444791611871132,0.03577868063334532,0.21337947536886534,COMPLETE,11.106374614086217,250.65447563786543,310.6041904334198,2030.0542206781288,157.77078526794372,8623.311612723644,8068.712561000852,2.7838625051314807,65.9543508420156,52.904262043301834,-2.2171477327302056,28.59804398158426,1.0900271103390644,False
129,12.107157267149057,284.9426150247379,8578.939571735391,171.99722577485292,0.40183603844955723,0.5981639615504428,0.520263326598056,0.040328320272762,0.19293237815520492,0.16857512386514745,COMPLETE,11.106731300945507,250.65794636193002,310.608491260028,2030.147685056248,157.78493076758272,8624.017369843112,7870.053602826502,2.783990458688768,64.31163477973342,67.38192165184725,12.88905897419473,34.151092274513395,1.090073842528124,False
130,12.103331188355329,284.9599561342494,8537.541178220788,171.8936084086307,0.4641592812938627,0.5358407187061374,0.520263326598056,0.15902879734438255,0.04441763940962633,0.2607124731370405,COMPLETE,11.104384958967144,250.64693392013342,310.5948449424818,2029.9192360638585,157.7064008288748,8620.098909764394,7832.896776154407,2.783280043033961,64.07894188534256,45.433015577944985,16.34219887388759,31.864397589267227,1.0899596180319293,False
131,12.10929818601525,284.9398510245745,8710.137428601434,172.05819755893387,0.40372007758203127,0.5962799224179687,0.520263326598056,0.17565056974648163,0.07207914005826088,0.15599017175868016,COMPLETE,11.108379292469827,250.66264580356358,310.6143146799385,2030.2097078597103,157.8363741236999,8626.583757649592,7990.183143576667,2.7844557440400046,65.255381065403,31.108757762636195,0.720646265092864,42.22487982753075,1.0901048539298552,False
132,12.113020861238098,284.9275739818771,9750.153673831666,172.16103995339301,0.30592644736118974,0.6940735526388102,0.520263326598056,0.12035899896318814,0.08232637846115293,0.10324078813679216,COMPLETE,11.110883041090945,250.6724020011551,310.6264042939257,2030.3885103354946,157.9177647811974,8630.64331321111,8943.501240823745,2.785191740264166,72.96349432682061,38.63015262018227,16.006120610057756,49.9880619882952,1.0901942551677473,False
133,12.110768083537376,284.92867695192604,8117.468024775324,172.09609489630137,0.38563517334297287,0.6143648266570272,0.520263326598056,0.034395905525101904,0.26543904802997476,0.08579947930135345,COMPLETE,11.109061511397007,250.6678469204081,310.6207597620889,2030.3404493012663,157.8616724295997,8627.84568098668,7446.055525298106,2.7846845303682626,60.782275389550364,56.03725252925243,0.777477265543641,45.211880668053844,1.090170224650633,False
134,12.103450802026128,284.9588661520204,9901.601520976385,171.89657696052134,0.41622132040021087,0.5837786795997891,0.520263326598056,0.08743862989489475,0.06377465542168423,0.26500768433611693,COMPLETE,11.10443414417121,250.6473420423684,310.59535067642526,2029.931123888795,157.70826433623625,8620.191905432042,9084.325107770235,2.7832969031210353,74.31490573424847,54.67693735736204,8.992140566248542,63.93787552505182,1.0899655619443975,False
135,12.10831615958873,284.9384486120811,8135.374167194453,172.0291135925495,0.44500267090878315,0.5549973290912169,0.520263326598056,0.10420729849713904,0.20774001606408327,0.1330550868937871,COMPLETE,11.107492342015282,250.66109831353685,310.6123970725001,2030.2069786332827,157.80989170155786,8625.262662936466,7462.93746137288,2.78421622995875,60.96327505070767,54.69254360224711,6.0327951590341335,33.92353072075016,1.0901034893166412,False
136,12.109013756690524,284.93219994207834,7305.6369880415405,172.04668454987535,0.44360637128816327,0.5563936287118367,0.520263326598056,0.02499113341978425,0.3268697426629163,0.09174495718799511,COMPLETE,11.107770905328529,250.6637560147175,310.6156904233231,2030.2779081231656,157.82087586988135,8625.810629201005,6701.564934288954,2.7843155760806484,54.73077755152579,31.013545467518313,4.773368752088638,30.196274800909215,1.090138954061583,False
137,12.10946581026101,284.94131345120934,9170.37546106356,172.0636737038937,0.35608961067376793,0.6439103893262321,0.520263326598056,0.16610852260296932,0.011939041816893552,0.17804184070467405,COMPLETE,11.108590675605626,250.66263224826824,310.6142978825862,2030.1984002981221,157.8422162683594,8626.875182701735,8412.4228875772,2.7845085793158746,68.7028752512183,38.87005371484622,17.071223279080332,25.93061157181927,1.090099200149061,False
138,12.1124439059071,284.9256374124075,8745.115386278532,172.1434426184564,0.345468869051233,0.654531130948767,0.520263326598056,0.07075450575147164,0.19609117477609825,0.0786229791878063,COMPLETE,11.110309914537996,250.67168881683563,310.6255205353668,2030.3971264667957,157.9009993444677,8629.807179976267,8021.580362701608,2.7850401495556723,65.45026654736671,19.887491306619783,4.843019924871477,60.719014026727486,1.090198563233398,False
139,12.111530300103155,284.92477052837916,7286.508662466029,172.11652980012252,0.4641592812938627,0.5358407187061374,0.520263326598056,0.11261350753252719,0.3090905855678109,0.04245473646060091,COMPLETE,11.109508337711265,250.6701039091938,310.6235565610402,2030.3899744132732,157.87683104389416,8628.601771715941,6683.674707710738,2.784821609394138,54.54452394636461,37.76292879296208,1.2841846085020454,50.019679861265985,1.0901949872066365,False
140,12.116797616378877,284.9125912314793,9374.051421096841,172.26427898253016,0.289140070498087,0.710859929501913,0.520263326598056,0.10956597111976049,0.16939101232296574,0.010182803745412123,COMPLETE,11.113303081673461,250.68277358548676,310.6392564783786,2030.5933892616035,157.9976164569247,8634.625117524674,8597.706906073947,2.7859136402100404,70.06135116212312,42.80975618883288,10.449738493561819,27.074345976857032,1.0902966946308017,False
141,12.101416130668095,284.9626841312018,8808.525582551783,171.8392707579718,0.46484882617128653,0.5351511738287135,0.520263326598056,0.048567475402042454,0.14495970912409065,0.2713213303042468,COMPLETE,11.102918518710451,250.64277404664958,310.58969014070755,2029.8621885362832,157.66067383677782,8617.81680185175,8081.727027401181,2.782866297543505,66.14762077179435,31.303663191502267,7.057041342976429,58.62183324540014,1.0899310942681415,False
142,12.105447769680719,284.9496949627318,8412.648824928081,171.95058444536508,0.46484882617128653,0.5351511738287135,0.520263326598056,0.12319730978736569,0.1438024700149242,0.19784881933770967,COMPLETE,11.105654293801871,250.65308688285333,310.60246952608253,2030.051251268795,157.7491211229914,8622.230670332447,7717.845000232814,2.7836665305952533,63.09817678343716,27.00081904223311,18.345171400115383,47.63385050800931,1.0900256256343976,False
143,12.10660426656058,284.9488635722928,8439.616478322385,171.98386334566547,0.4502090285816652,0.5497909714183348,0.520263326598056,0.18956507900538766,0.06159334268157689,0.19904994533174036,COMPLETE,11.106572399058457,250.65557997693207,310.60555890027393,2030.0792956766572,157.77762183855316,8623.652711516028,7742.4857848603,2.783924346241784,63.28071309559047,37.12998919700788,8.03931542182105,33.70403776759715,1.0900396478383285,False
144,12.115564023692723,284.91829057384507,8746.938067829811,172.23085306991922,0.43155171293779676,0.5684482870622032,0.520263326598056,0.30153021975307803,0.11445525950991212,0.015565723327404274,COMPLETE,11.112554755108789,250.67914581685264,310.6347610464227,2030.5182139818603,157.97240487655196,8633.368047873886,8022.806699566121,2.785685733853675,65.39892736711394,45.64072305141606,4.960072846740214,27.256909092146458,1.0902591069909302,False
145,12.108859693480461,284.93869968200886,7920.0194905203825,172.04490607602375,0.46484882617128653,0.5351511738287135,0.520263326598056,0.18611197421007755,0.14587433577627948,0.13286228588263924,COMPLETE,11.10796298841428,250.66195015056823,310.6134526457183,2030.2124666980121,157.82398156505377,8625.965559379572,7265.364831635382,2.784343664876258,59.34082307985627,38.402464899483576,11.132128503154439,21.31406942494596,1.0901062333490061,False
146,12.110333464911289,284.9323601702205,7912.8767467749685,172.08499870285337,0.46974947078209456,0.5302505292179054,0.520263326598056,0.18310327987802047,0.1950505875410222,0.09159527713693642,COMPLETE,11.108881576586258,250.66615150266497,310.61865884665855,2030.2975180572184,157.85460220694273,8627.49301595248,7258.529334864204,2.784620592301735,59.258584377029365,43.34733304744387,-0.6454724029514045,45.619551944180216,1.0901487590286092,False
147,12.107384533142548,284.94803485316976,9778.401370892674,172.00609273216457,0.345468869051233,0.654531130948767,0.520263326598056,0.11464323881350713,0.010024910423197352,0.22080045139694895,COMPLETE,11.107185990901137,250.65715785081974,310.60751415856424,2030.0993596507274,157.79656277658978,8624.597699034362,8970.60157153504,2.7840956721997197,73.30584894817727,20.173362473394,7.150140839505152,57.076720258027834,1.0900496798253636,False
148,12.11234836165522,284.93123202941564,10031.729225273946,172.14302917654575,0.26482528917800324,0.7351747108219968,0.520263326598056,0.09213681495609218,0.035468725383143065,0.13721936787559988,COMPLETE,11.110503544960418,250.67026480134354,310.62375593420427,2030.34192827367,157.9046175687164,8629.98763330845,9201.97799729217,2.785072865691494,75.08940878087363,35.67422011638762,10.866998193986992,43.055975080809574,1.090170964136835,False
149,12.119845228674993,284.907302627731,11279.597213525127,172.35050842416751,0.06353025632594239,0.9364697436740577,0.520263326598056,0.0024267993709825397,0.029253451334730538,0.0318499728454196,COMPLETE,11.115586021435254,250.68967313848728,310.6478062162942,2030.6938842996005,158.0694197063091,8638.204749646457,10344.961569099763,2.786562626456342,84.23057601119496,14.432252755652506,5.234444911764161,20.665863947834822,1.0903469421498002,False
150,12.107079100277485,284.9479285902532,7784.052342068928,171.9972233683441,0.46974947078209456,0.5302505292179054,0.520263326598056,0.23635209519616368,0.04348910649103033,0.18990790545611388,COMPLETE,11.106923879686702,250.65665613490015,310.6068924458793,2030.0958089611026,157.78868310407626,8624.204578853985,7141.018582828541,2.7840243996271408,58.35682095567425,21.359376073916803,6.349512009263854,30.210564244921997,1.0900479044805513,False
151,12.107059174728132,284.94425722704915,8562.964855198219,171.99507503776186,0.46484882617128653,0.5351511738287135,0.520263326598056,0.14600064969604495,0.1536078860331464,0.1652401008292742,COMPLETE,11.106729527879581,250.65740013976549,310.6078143964182,2030.13036949132,157.7842109303699,8623.981455968233,7855.461283442584,2.7839839475138612,64.19356350643183,45.34073039788815,0.6845658898048979,59.176941306041975,1.09006518474566,False
152,12.100173942418571,284.96591347993603,8417.616854760614,171.8045335750404,0.4812236474710556,0.5187763525289444,0.520263326598056,0.032016676770518775,0.16382814475005109,0.2853784964811303,COMPLETE,11.10204566056084,250.63959023093562,310.58574484310293,2029.8097958475355,157.63259152456538,8616.415131308817,7723.258121691068,2.782612175088106,63.234584742720685,46.19913983367634,6.006854780837227,50.83897121088755,1.0899048979237678,False
153,12.108487630690599,284.9412602918866,8294.816863410862,172.03523258243,0.46484882617128653,0.5351511738287135,0.520263326598056,0.20923030902846318,0.10625217229768474,0.14936608593530992,COMPLETE,11.10777519084576,250.66073851328343,310.6119512178384,2030.1823358235688,157.81728872456287,8625.631679633541,7609.287284934795,2.784283132576926,62.157271603168304,30.31031468850233,8.996604345578906,47.94561492879227,1.0900911679117844,False
154,12.11995696303594,284.9056745950987,11025.140037011646,172.35309107334373,0.10791051374842159,0.8920894862515785,0.520263326598056,0.028301412362936585,0.07001556704100646,0.009593421940179933,COMPLETE,11.115597925821227,250.69028328002932,310.6485622870535,2030.7116529254113,158.07050037278714,8638.258618430795,10111.506509557546,2.7865723928510295,82.32457745833142,57.67264770008045,12.651486963738494,39.74837533226858,1.0903558264627056,False
155,12.098947585409574,284.9729213737813,9727.32092887294,171.7719466405937,0.44500267090878315,0.5549973290912169,0.520263326598056,0.032731952278493286,0.07574347491376975,0.33652661037940323,COMPLETE,11.101363997378977,250.63573991224933,310.58097363319166,2029.7227058343688,157.60898960296117,8615.236996075353,8925.282929646275,2.7823985795182855,73.10374916055382,45.34755132270895,13.617446260561838,62.76882657649459,1.0898613529171843,False
156,12.109984932041524,284.93852349487423,9888.355426758637,172.07756502534752,0.4502090285816652,0.5497909714183348,0.520263326598056,0.26615179684559315,0.0458339977414721,0.13822274169991502,COMPLETE,11.108886821238922,250.6642410030983,310.61629140769816,2030.2337402319404,157.85240073116321,8627.383204044063,9070.913126687674,2.7846006834351757,74.06625547617993,63.42629330377193,9.243228522705031,56.26259026542728,1.0901168701159702,False
157,12.107212837610943,284.9424770102138,8340.440199732931,171.99875900953208,0.44500267090878315,0.5549973290912169,0.520263326598056,0.09586934284542933,0.19111808011517903,0.15801500005425,COMPLETE,11.106772218304403,250.65805201624156,310.60862218396954,2030.1496599809211,157.78619437624963,8624.080413186442,7651.254730655435,2.784001888428292,62.52179525356075,45.93839362805376,7.523070541212949,45.54867581377944,1.0900748299904606,False
158,12.106807786804895,284.9397433579605,7121.009898719701,171.98587719833816,0.4812236474710556,0.5187763525289444,0.520263326598056,0.041599204613651464,0.3108243649022655,0.1287996498762587,COMPLETE,11.106299826988455,250.65792245035232,310.608461629453,2030.1694489437773,157.77294492559724,8623.419365861986,6532.528838223655,2.783882040743633,53.383693865234136,40.514160112759264,3.734307793867257,33.072375860705165,1.0900847244718888,False
159,12.107067481927265,284.94220463221785,7676.836211243166,171.99442731735763,0.4879260397312673,0.5120739602687328,0.520263326598056,0.129338467989229,0.21291597710682017,0.14567107581251582,COMPLETE,11.106637775617372,250.657837190957,310.6083559783355,2030.149875510689,157.78220502117435,8623.881377403473,7042.484828658769,2.783965803299632,57.548420925854,31.469890214840547,6.815189899700078,43.71788043644765,1.0900749377553445,False
160,12.10763412041212,284.9426818855139,8435.297591366236,172.01111943300435,0.46484882617128653,0.5351511738287135,0.520263326598056,0.16212492876579662,0.14677644390486175,0.15594727232050584,COMPLETE,11.107129978487906,250.65888017739604,310.60964841868673,2030.155295537546,157.79712553971322,8624.625775157569,7738.2538836862095,2.7841007623925638,63.22544374169463,58.66551791665617,15.615921688421771,23.573915173591494,1.090077647768773,False
161,12.102515161318347,284.96123230197225,8501.861660289482,171.87049124656684,0.46484882617128653,0.5351511738287135,0.520263326598056,0.11496097385143365,0.08384848325196025,0.2660389079184447,COMPLETE,11.103766307595853,250.6451213331205,310.59259883408777,2029.893709225359,157.68703815163744,8619.13261137821,7800.253401630925,2.783104853421978,63.82561817573823,51.42039410472804,1.1398202632803875,37.848319564568065,1.0899468546126796,False
162,12.105554930132156,284.95251969766076,8529.8161722417,171.95495859340176,0.46484882617128653,0.5351511738287135,0.520263326598056,0.19460285672392963,0.05280017655630728,0.21744541597312314,COMPLETE,11.105876613975505,250.65277276848542,310.6020802841242,2030.0269084384868,157.7548955270189,8622.518793925903,7825.422832373616,2.7837187673176387,63.977517835950806,20.665654620207224,12.203745436917586,53.44054169759075,1.0900134542192434,False
163,12.117973038051936,284.91119440352094,10566.451790253657,172.29781154062582,0.16147823647062298,0.838521763529377,0.520263326598056,0.03276356804131235,0.09601337741100066,0.032701170275045016,COMPLETE,11.114214619404892,250.6853008304103,310.64238817136555,2030.6260636526722,158.02600401099235,8636.0404267761,9691.209296612966,2.7861702353592595,78.94899057761604,43.92905951480902,12.829694215640822,49.07361718845214,1.090313031826336,False
164,12.11154413090226,284.9253588593191,7520.281131534627,172.11715289489908,0.44360637128816327,0.5563936287118367,0.520263326598056,0.10275878605182953,0.2891650950683399,0.05168183143468815,COMPLETE,11.10955029968531,250.6699609518321,310.62337941217623,2030.3842287379234,157.87781862146932,8628.651029492796,6898.124681343534,2.784830539814531,56.29517473873004,40.54129098811038,3.8494258752267894,27.167800201421088,1.0901921143689617,False
165,12.121996525585786,284.9011787966305,11830.735015354083,172.41038633662973,0.012675371707728755,0.9873246282922712,0.520263326598056,0.005074850832263276,0.003977661821396227,0.0036228527742488675,COMPLETE,11.117080185572089,250.69508315762693,310.65451016447156,2030.7878189666908,158.1175250862524,8640.60252043483,10849.964322489444,2.7869973415920013,88.28509911316692,26.047003629856153,6.878284259422369,69.15400559583904,1.0903939094833455,False
166,12.104830007617789,284.9490639769842,7292.385506598631,171.93246808567451,0.48132420733896253,0.5186757926610375,0.520263326598056,0.07218652078575322,0.22239436769435425,0.18674305283055823,COMPLETE,11.105104175296495,250.65215666063193,310.60131682007454,2030.047988121571,157.732737097975,8621.413133886292,6690.114663835528,2.783518311479055,54.70367990767065,22.13065583982531,8.306390696819976,26.631452886384494,1.0900239940607854,False
167,12.11035258472107,284.9347230586431,8978.89861487975,172.08655579613833,0.347987103046849,0.652012896953151,0.520263326598056,0.08906491885070941,0.12233906814058869,0.1365829573729619,COMPLETE,11.10901251049192,250.6656715334098,310.6180640818471,2030.2752626812567,157.85764186904538,8627.644636242387,8236.481666849431,2.784648081015508,67.2465628289698,29.01407512718405,1.1966258907452478,46.892252068822835,1.0901376313406284,False
168,12.102716461359663,284.96159929521104,8941.753994991483,171.87647494447694,0.4537832369630465,0.5462167630369534,0.520263326598056,0.1276569171917449,0.05409477782038869,0.27203122979539734,COMPLETE,11.103952574641323,250.64540848711744,310.5929546674896,2029.8933992206107,157.69255047602684,8619.407710947082,8203.8451955389,2.7831547288925536,67.12513762224398,31.766433904415635,10.76357299984422,50.69079395108949,1.0899466996103053,False
169,12.102984668769484,284.9569380008703,7820.623714856214,171.88224862569444,0.4812236474710556,0.5187763525289444,0.520263326598056,0.08285956000532534,0.1636405461968064,0.23472321217684164,COMPLETE,11.10395133806113,250.64689088072544,310.5947916092212,2029.9419504449656,157.6943354758691,8619.49679263298,7175.075201667533,2.783170879375893,58.700617731484435,55.001617397676895,2.845775977112201,31.429233230000598,1.0899709752224829,False
170,12.099588942357629,284.97033310057793,9086.030945233513,171.78944997012587,0.46484882617128653,0.5351511738287135,0.520263326598056,0.05689477564909088,0.09101113972595212,0.3169425471050444,COMPLETE,11.101772502820571,250.63752651390672,310.5831875412418,2029.758041210725,157.62249453586796,8615.911131254048,8336.73350294124,2.7825208000270516,68.2703651393056,36.69559074244138,-2.278032400663448,58.963685561850355,1.0898790206053626,False
171,12.109393376217012,284.93580810186376,8206.003446585859,172.05921755570242,0.4502090285816652,0.5497909714183348,0.520263326598056,0.15018347300305543,0.18288779361784066,0.11713752474211919,COMPLETE,11.10826364622742,250.66366922964662,310.61558288163,2030.2495442804143,157.83442588677627,8626.486572128062,7527.581847787271,2.7844381243336582,61.472566098432566,39.96583271560561,16.327371214526735,29.51376157584899,1.0901247721402072,False
172,12.107972764354951,284.9430192109776,8584.523037038423,172.02105064828928,0.41622132040021087,0.5837786795997891,0.520263326598056,0.1417503224494489,0.1033876900975327,0.17108273924215406,COMPLETE,11.107431004906733,250.65939432426703,310.6102855354676,2030.1571864828556,157.80609922516888,8625.073463674853,7875.141379954743,2.7841819281885063,64.33964159968214,19.694073166328344,8.831030167322528,50.300729289556415,1.0900785932414279,False
173,12.105317864607018,284.947863598821,8094.797568531086,171.94604902577726,0.45662027627823565,0.5433797237217644,0.520263326598056,0.06020027762889205,0.21002700090972454,0.18639237824538443,COMPLETE,11.105456348362752,250.65325377423187,310.6026763333274,2030.0667140331739,157.74384143288265,8621.967226823082,7426.192525599845,2.7836187683648235,60.714900878107535,48.36626694653842,5.744225800202393,43.66421832935509,1.090033357016587,False
174,12.112779868706426,284.92565538547007,7993.277863421291,172.15318665017284,0.4641592812938627,0.5358407187061374,0.520263326598056,0.24906018510755837,0.16255500040902768,0.05254364230296249,COMPLETE,11.110591690270727,250.67230004723655,310.6262779554103,2030.4023055429693,157.9095621138621,8630.234231583276,7331.929381198103,2.7851175738858767,59.81541772557143,38.75446366370482,3.969062486820612,33.42460642124961,1.0902011527714848,False
175,12.10165972857838,284.9651361667194,10108.884065605132,171.8473792059607,0.3803925243084487,0.6196074756915513,0.520263326598056,0.020064223770213913,0.05165865213298795,0.3086692164559358,COMPLETE,11.103240447732148,250.64270879247636,310.5896092795157,2029.8428639902436,157.6695109952933,8618.25786517527,9274.874104549563,2.7829462621937737,75.91271644090605,38.65268010160573,7.556965367820885,63.2745805054427,1.0899214319951218,False
176,12.10888399907454,284.93976230328377,8944.934873242262,172.04613057755694,0.4641592812938627,0.5358407187061374,0.520263326598056,0.21005844058747133,0.11405490933093461,0.14004561320024433,COMPLETE,11.108030523842178,250.66186408662085,310.6133459976219,2030.2035875007973,157.8257476172454,8626.053659694686,8205.595958582919,2.784359637437364,67.02042531077682,58.592271463340964,13.087903357106075,38.8766415819616,1.0901017937503987,False
177,12.117684136417834,284.9145410686874,10863.682310854147,172.29079083250008,0.13996694847297142,0.8600330515270286,0.520263326598056,0.058934503666020883,0.0191489545390726,0.061883284592418535,COMPLETE,11.114140318352282,250.68394474840954,310.64070775153294,2030.5886536106518,158.02227581732882,8635.854558478979,9963.990496663271,2.7861365374918945,81.18093746782986,39.73632522759958,14.526053548299293,31.753933134656755,1.090294326805326,False
178,12.10825130031793,284.941884453745,9743.345638218907,172.02868314307366,0.3803925243084487,0.6196074756915513,0.520263326598056,0.09674120706771015,0.11159223747313708,0.1720588931272913,COMPLETE,11.10760583722544,250.66021690758754,310.61130485828517,2030.1730233780854,157.8119546461707,8625.365578295345,8938.139802429081,2.7842348884829144,73.01910864157813,38.395369393554816,12.989613687828017,73.65847961521024,1.0900865116890428,False
179,12.109246723181828,284.9371035807085,8446.287259832852,172.05550574672483,0.4812236474710556,0.5187763525289444,0.520263326598056,0.20448588218114758,0.15802177021713879,0.11871578092121685,COMPLETE,11.1082048534246,250.66309985251365,310.6148773250148,2030.2346793142933,157.83209704822977,8626.370399972371,7748.053308178089,2.7844170623561473,63.27550156836604,50.07707241704678,3.8591711433152107,52.122731274158745,1.0901173396571466,False
180,12.105491967489067,284.94971795633876,8274.249583093922,171.95188001124598,0.46484882617128653,0.5351511738287135,0.520263326598056,0.12761761341272207,0.13908696460060876,0.19814402078792537,COMPLETE,11.10569200736906,250.65317107008744,310.6025738486071,2030.051807569776,157.7502694332115,8622.287967610171,7590.874266715418,2.7836769185747796,62.05942306391281,70.99502042260595,4.717949787068038,23.093834264929658,1.090025903784888,False
181,12.103331188355329,284.9599561342494,8693.354307719896,171.8936084086307,0.4641592812938627,0.5358407187061374,0.520263326598056,0.15902879734438255,0.04441763940962633,0.2607124731370405,COMPLETE,11.104384958967144,250.64693392013342,310.5948449424818,2029.9192360638585,157.7064008288748,8620.098909764394,7975.84989746403,2.783280043033961,65.24840511389091,56.488064862867496,13.291133541881589,30.096971244359246,1.0899596180319293,False
182,12.101438699282477,284.9651419487693,8775.845761255157,171.84087383520855,0.4812236474710556,0.5187763525289444,0.520263326598056,0.12687466258140762,0.06900446856055663,0.2853438362914511,COMPLETE,11.103062838042769,250.64214536733758,310.5889110984493,2029.8379196448282,157.66389995014623,8617.977818837177,8051.833287389596,2.7828954898753997,65.90385939785114,33.464910936679374,3.8562723046104384,53.06644146479334,1.0899189598224142,False
183,12.119149230530608,284.9086935321749,10805.822912356067,172.3309117164899,0.12386549475057873,0.8761345052494213,0.520263326598056,0.04118121916470258,0.056566289427017614,0.026117912788304127,COMPLETE,11.115072300104035,250.68808661511576,310.64584023979944,2030.6694375559168,158.0532186571455,8637.39714240352,9910.555654383985,2.7864162075017544,80.70860850968371,21.263381358959442,6.936999605875068,54.78583222783205,1.0903347187779584,False
184,12.10646237742122,284.9482570123988,9488.663737307805,171.97943705523173,0.4537832369630465,0.5462167630369534,0.520263326598056,0.16860295239511175,0.09130055756827192,0.19387950452315988,COMPLETE,11.106428048577028,250.655366474936,310.605294334423,2030.082079399473,157.7733597100209,8623.440060876126,8704.868341398924,2.7838857927435834,71.14859358033418,69.19419746136505,6.547072866558146,52.58275757608693,1.0900410396997366,False
185,12.10831615958873,284.9384486120811,8507.6768189857,172.0291135925495,0.44500267090878315,0.5549973290912169,0.520263326598056,0.10420729849713904,0.20774001606408327,0.1330550868937871,COMPLETE,11.107492342015282,250.66109831353685,310.6123970725001,2030.2069786332827,157.80989170155786,8625.262662936466,7804.467100934563,2.78421622995875,63.75316381265072,20.27780789454035,12.54241396069481,72.12320383957419,1.0901034893166412,False
186,12.122125873358037,284.9008551098029,11872.141625172912,172.41401581196527,0.007196744314877934,0.9928032556851221,0.520263326598056,0.003126027312525489,0.0013706461993896607,0.0027000560810997117,COMPLETE,11.117171538471508,250.69541332156956,310.6549192946252,2030.7931687316031,158.1204657865331,8640.74908554898,10887.911605187215,2.787023913803904,88.59047714118388,25.835802459879787,6.232936056847553,51.61538427797885,1.0903965843658017,False
187,12.120099821852733,284.9072500848618,11399.82135031676,172.35790840251528,0.05803632025345812,0.9419636797465418,0.520263326598056,0.018739654447689477,0.006146284636065168,0.033150337294000555,COMPLETE,11.115793740245238,250.69020827934744,310.64846934825397,2030.6989415378157,158.07583992402868,8638.52478037198,10455.199599700522,2.786620647932345,85.12211468624876,22.64450768687114,2.0911143641177987,24.6726623832987,1.0903494707689079,False
188,12.115396048168845,284.91698510324545,9133.782710518637,172.22542491431193,0.40183603844955723,0.5981639615504428,0.520263326598056,0.21830307756002879,0.17110568286724717,0.012427007885451327,COMPLETE,11.112351066715256,250.67911655807043,310.63472478973773,2030.527950463697,157.96672074548516,8633.084619026205,8377.588288722744,2.785634348287312,68.2939611733849,56.80572123945924,11.349932735381136,53.27380518436868,1.0902639752318484,False
189,12.101420518162534,284.9609383928391,8410.89890655613,171.83857913161262,0.46484882617128653,0.5351511738287135,0.520263326598056,0.012377620585143087,0.19249354090725984,0.25997736077550615,COMPLETE,11.102842403773284,250.64304768962057,310.5900292316145,2029.8779228010812,157.65890129370632,8617.728332627546,7716.853149050076,2.782850258099289,63.16022949590576,50.12549492591553,12.619681664712573,47.62989634800543,1.0899389614005406,False
190,12.104167194388674,284.95683359910146,10523.613750071068,171.9165419624416,0.35182892969001184,0.6481710703099881,0.520263326598056,0.026270187201686206,0.05738757248085697,0.268170604454104,COMPLETE,11.104929284472721,250.64921340773347,310.5976696213503,2029.9629487624238,157.72427880945364,8620.991062721714,9654.855607564687,2.783441790101592,78.96819009391794,45.692040839534286,13.277330422876243,71.8708667379186,1.089981474381212,False
191,12.107694632625691,284.936851178745,7729.574618557816,172.01033217232535,0.46484882617128653,0.5351511738287135,0.520263326598056,0.03762167771853956,0.3115253899792127,0.11570137392812123,COMPLETE,11.106901260318944,250.66016533986192,310.6112409569659,2030.2110865759164,157.79236536446794,8624.388289566576,7090.666281031836,2.784057706325067,57.93042630557726,46.25994887791374,9.212430406020008,48.46039444019588,1.0901055432879583,False
192,12.102869951375848,284.9607377864188,9493.008245137205,171.8805461214969,0.4641592812938627,0.5358407187061374,0.520263326598056,0.13542060366493242,0.06432352571385878,0.2644146140670738,COMPLETE,11.104039596498726,250.64586515402237,310.59352055666415,2029.903961292081,157.6955216133643,8619.555987396008,8709.565571421297,2.7831816113689447,71.25951193740275,62.71940046561898,19.73734460904265,51.885272272557245,1.0899519806460405,False
193,12.098561550787174,284.9732755713857,7942.7516918397905,171.76092705937606,0.4812236474710556,0.5187763525289444,0.520263326598056,0.05075247064144166,0.10172558677119309,0.328744497442281,COMPLETE,11.101057968891096,250.634963712244,310.58001178731337,2029.713246195348,157.59956256556387,8614.766403373997,7287.886794929312,2.782313261200537,59.6974592661339,35.45204859931854,1.429536142974912,34.80080129484754,1.089856623097674,False
194,12.113825442952283,284.9243860711079,9900.724946451923,172.18295787379503,0.23673588539028284,0.7632641146097172,0.520263326598056,0.03915472062332477,0.0980782720573807,0.09950266664550173,COMPLETE,11.111403668194644,250.67450159476752,310.6290060530707,2030.4311686788915,157.93477945751394,8631.491832402726,9081.437734584124,2.785345576542964,74.0725812361804,32.768166419513896,5.525656845688372,42.61534035559253,1.0902155843394457,False
195,12.116387549010327,284.91631786845915,10208.456516098351,172.25393836272696,0.19925236719868672,0.8007476328013132,0.520263326598056,0.04778334631771415,0.09436802331607072,0.05710080778449588,COMPLETE,11.11314398052301,250.68115738143806,310.6372537223981,2030.5508090681828,157.99121730746225,8634.306060049683,9363.19068892574,2.78585579518407,76.31280594258672,21.49721625026018,9.164277732158864,54.33330883397168,1.0902754045340914,False
196,12.106123837707289,284.9467277344139,7405.402355332836,171.9689786199677,0.46484882617128653,0.5351511738287135,0.520263326598056,0.11688833582232505,0.16870951989760666,0.1792507621971511,COMPLETE,11.106070799638363,250.65507462643336,310.6049326837177,2030.091241287871,157.7631021703279,8622.92826934301,6793.662774369164,2.7837930050898065,55.53128425745853,22.593083719259326,3.2298996385464265,25.636607292520765,1.0900456206439355,False
197,12.117723123018365,284.91388415356636,10566.65219699166,172.29168659130832,0.30792504902610823,0.6920749509738917,0.520263326598056,0.2528259630658797,0.03706350536250445,0.018035182505312507,COMPLETE,11.114138057338735,250.6842242867883,310.6410541478684,2030.596112897294,158.02255683413964,8635.868568586407,9691.526215693431,2.786139077520233,78.95501597350517,62.68460066742151,15.97009698812396,49.51279377154192,1.090298056448647,False
198,12.105033584185389,284.95188183630995,8507.366030295349,171.939565047009,0.41622132040021087,0.5837786795997891,0.520263326598056,0.07331736849740537,0.12069448011264414,0.2222091776880598,COMPLETE,11.105411079296074,250.65192372476048,310.6010281722952,2030.0244039147583,157.74095440239122,8621.823169307656,7804.835592682656,2.7835926507798296,63.8183483559206,53.65413496870791,9.532225454976901,29.89889431888878,1.0900122019573792,False
199,12.11030663541125,284.9354299555348,8205.601785734583,172.08558218473166,0.43155171293779676,0.5684482870622032,0.520263326598056,0.20242579571865754,0.10746429854274372,0.12166129391078657,COMPLETE,11.109004752620011,250.6655173793827,310.6178730583807,2030.2685128125609,157.8572374672697,8627.624464505208,7527.147906336824,2.784644423885516,61.45448785698457,28.107551792239562,6.197272337572159,36.355930021875984,1.0901342564062804,False
200,12.107676893500551,284.9428639882397,7908.729439552401,172.01239504993697,0.46484882617128653,0.5351511738287135,0.520263326598056,0.17113410001012788,0.13596680886674414,0.15774764385606885,COMPLETE,11.107177234775179,250.65885943159012,310.60962271104984,2030.153721792236,157.7984096539128,8624.689839137876,7255.203484505563,2.78411237717327,59.278192342396515,29.156593474697694,10.787216560090622,32.290943078985386,1.090076860896118,False
201,12.106869079563767,284.9454643721668,9094.036985753815,171.99004831514335,0.3803925243084487,0.6196074756915513,0.520263326598056,0.05249844364098683,0.13516589869771467,0.19272705176571747,COMPLETE,11.106631358012244,250.65674189470624,310.6069987170922,2030.115408409582,157.78068229939439,8623.805405549374,8342.711537815345,2.783952029624926,68.18149698996808,46.453276487545196,10.178849105244025,47.36791417891362,1.090057704204791,False
202,12.11390624034688,284.92281624807043,9514.738089995642,172.1846886984539,0.25156812929004385,0.7484318707099562,0.520263326598056,0.02730525084044179,0.1397199534226321,0.08454264404079949,COMPLETE,11.111391231992885,250.67507299009355,310.6297141105758,2030.4481522471224,157.93513688551056,8631.50965680208,8727.323399265386,2.7853488081013023,71.1812118400986,45.959193431483655,2.7208202584885632,33.68242088599089,1.090224076123561,False
203,12.112505103877607,284.92601271595584,8138.1620089791895,172.14532288553065,0.45662027627823565,0.5433797237217644,0.520263326598056,0.22324997758251702,0.17703188700353692,0.05633788952011398,COMPLETE,11.110382740744662,250.67164240805056,310.625463026866,2030.393850782098,157.90296126893116,8629.905028171266,7464.85503622207,2.7850578894045226,60.90474781928008,38.74783909751892,11.366387041421946,32.09530389491418,1.090196925391049,False
204,12.106018182023798,284.9427091651527,7654.936864995408,171.96422011150207,0.46974947078209456,0.5302505292179054,0.520263326598056,0.02308439605919539,0.2971375087205102,0.14952706903380014,COMPLETE,11.105786593769261,250.655766432814,310.6057899513179,2030.1280044073064,157.7560764907954,8622.57771946519,7022.46551534619,2.7837294505005055,57.400844028977865,33.09946033711949,11.81300758834139,39.018001875242085,1.0900640022036532,False
205,12.106423867757803,284.9483852614509,7946.541410607215,171.97839876259064,0.46484882617128653,0.5351511738287135,0.520263326598056,0.1810384915881127,0.09193569081865821,0.1918744197403527,COMPLETE,11.106400610190859,250.65530121790857,310.60521346969426,2030.080530617517,157.7725192691639,8623.398128378514,7290.135661508176,2.7838781903941534,59.58577125355572,29.40975533295503,7.045187042271088,30.62103796750891,1.0900402653087586,False
206,12.104485693723376,284.9561928944709,7896.98223505718,171.92546285341862,0.46484882617128653,0.5351511738287135,0.520263326598056,0.18084864062907444,0.044734711609296374,0.23926519937638147,COMPLETE,11.10516653772267,250.64989015410254,310.5985082269948,2029.973736117538,157.73168273083166,8621.360521247603,7245.025115872678,2.783508772823202,59.250505421523194,23.880061636740507,11.199063017147243,27.902385143951534,1.089986868058769,False
207,12.121501040552811,284.9025684336077,11657.239386003566,172.39659623374487,0.03528437370021492,0.9647156262997851,0.520263326598056,0.01699743344265833,0.01085810569037982,0.007428808108703283,COMPLETE,11.116734363501632,250.6938571744148,310.6529909595098,2030.7665172516886,158.10642255366952,8640.049155923676,10690.955949465515,2.7868970167695872,87.0039698647632,40.758905226204355,14.229614367786956,38.59495627676497,1.0903832586258444,False
208,12.100446021754651,284.9646658877164,9224.317057937367,171.81191783033856,0.46484882617128653,0.5351511738287135,0.520263326598056,0.007937911526879355,0.1753906028694811,0.2815200123588895,COMPLETE,11.10221026612553,250.6404125261287,310.5867638088808,2029.82649070787,157.63815933308058,8616.693046628787,8463.349809958398,2.782662561053524,69.28906264174182,21.587627882452537,19.512630209729608,63.9600413490677,1.089913245353935,False
209,12.105554930132156,284.95251969766076,8354.921959595968,171.95495859340176,0.46484882617128653,0.5351511738287135,0.520263326598056,0.19460285672392963,0.05280017655630728,0.21744541597312314,COMPLETE,11.105876613975505,250.65277276848542,310.6020802841242,2030.0269084384868,157.7548955270189,8622.518793925903,7664.971406779969,2.7837187673176387,62.66573134688672,24.467315995141597,0.023393493254820097,46.89030390875192,1.0900134542192434,False
210,12.111584530835342,284.92980790295644,9695.517867507584,172.12025797604153,0.2877370889379395,0.7122629110620605,0.520263326598056,0.01586888240240197,0.1526802491548856,0.11918765033046001,COMPLETE,11.109797607162598,250.6691311715243,310.6223511710483,2030.3429655688565,157.88365472230646,8628.942115815908,8893.571351494238,2.784883313678928,72.58594464922417,45.59486481010907,6.18338181331028,62.62222689868067,1.0901714827844282,False
211,12.110991497868206,284.93153015233315,9245.69348384393,172.10379805663408,0.3216441092211766,0.6783558907788234,0.520263326598056,0.041495489321487264,0.15859512403489368,0.12155323061119197,COMPLETE,11.109385956399127,250.667660444022,310.62052868563677,2030.3169941885299,157.87043674416492,8628.282837197994,8481.054368229597,2.784763786660243,69.23023346999108,63.149964688915084,8.423482084936301,39.54463246755501,1.090158497094265,False
212,12.114312095590858,284.923907047252,8904.143074805275,172.19691872660945,0.46974947078209456,0.5302505292179054,0.520263326598056,0.36004081482819084,0.06624799887720509,0.043460103137014004,COMPLETE,11.111783429456436,250.67558307079122,310.63034618866556,2030.44424146655,157.94663807664364,8632.083193500706,8167.274269592345,2.785452790135348,66.60172339377897,47.402322458009635,4.325374036418639,46.24118852765872,1.090222120733275,False
213,12.106039106598644,284.94699807502275,8467.999581763115,171.96667254040332,0.46484882617128653,0.5351511738287135,0.520263326598056,0.11442982134872261,0.16990153683058318,0.18051725826635714,COMPLETE,11.106010925845741,250.65490939180853,310.60472792947684,2030.0877358090206,157.7612402618166,8622.835369205402,7768.494306602462,2.7837761623222996,63.50101219836607,49.18843106376734,13.829616650992872,43.222776940043794,1.0900438679045104,False
214,12.110830472208486,284.9336341448307,8932.47114630961,172.09998478836977,0.46484882617128653,0.5351511738287135,0.520263326598056,0.25181303625245394,0.1097648779990551,0.10327064445036824,COMPLETE,11.109356288075414,250.66684798821987,310.6195219125638,2030.293827682534,157.86861624178184,8628.192033132409,8193.823266292566,2.7847473239099747,66.88643260419363,55.513750733801814,-1.279749318498999,51.88150157483773,1.090146913841267,False
215,12.100667439827522,284.9647547062629,7668.248908692444,171.81840389834574,0.4805952819119571,0.5194047180880429,0.520263326598056,0.04810117217006666,0.15332741138399578,0.2791663900062163,COMPLETE,11.102397329691772,250.6408538487592,310.58731068384884,2029.8296494876868,157.6438818865752,8616.97868100815,7035.640524014958,2.7827143464821296,57.59702678989901,38.86441716275673,6.9611455460361,29.69556008754666,1.0899148247438433,False
216,12.108854251467646,284.9387091039088,7366.292022824543,172.0448038151017,0.4812236474710556,0.5187763525289444,0.520263326598056,0.20477760481000945,0.14775670789418638,0.12868858010190495,COMPLETE,11.107955577140068,250.66201302817274,310.61353056193104,2030.2129415042682,157.82385338598803,8625.959165090002,6757.4060153427645,2.7843425055934476,55.191726800152146,16.088617404730595,0.03102324941470691,43.87713699991652,1.0901064707521342,False
217,12.121294881728328,284.9028982191505,11587.817622890085,172.39077622191272,0.03468065043758273,0.9653193495624173,0.520263326598056,0.003099136189009948,0.02232884060122308,0.009252642895239648,COMPLETE,11.116576883717471,250.69343495784221,310.6524677602476,2030.760320109417,158.10153425137818,8639.80551064249,10627.31884474923,2.786852843952078,86.49137708554248,68.58160498056847,2.687536275100047,31.325335249542313,1.0903801600547085,False
218,12.11020803978535,284.92837443947633,7924.6430885714435,172.079674987484,0.41622132040021087,0.5837786795997891,0.520263326598056,0.014500202745678332,0.32656637711132136,0.07515394478305941,COMPLETE,11.108582651873643,250.6667941177594,310.6194551577583,2030.3336067797572,157.84710601387005,8627.119094965923,7269.202349520945,2.784552800537324,59.346622264723784,50.93725294642894,11.37773439196239,37.82584955060337,1.0901668033898786,False
219,12.103711316821443,284.9525620844212,7557.586756036945,171.90149078392534,0.46484882617128653,0.5351511738287135,0.520263326598056,0.029989451487828046,0.224077654826421,0.21078141124895416,COMPLETE,11.104342748866845,250.64925483036876,310.5977209511503,2029.995987255811,157.70808000460195,8620.18270664953,6933.578593922523,2.7832952353844833,56.71258525474037,42.873178719367104,7.0560171971634595,28.873681378827982,1.0899979936279056,False
220,12.11125598884663,284.93052312480023,7953.120297776996,172.11096202612003,0.4641592812938627,0.5358407187061374,0.520263326598056,0.22036044925059772,0.16072314646761107,0.08307480163133679,COMPLETE,11.109562808266565,250.6682583832501,310.6212696356214,2030.3299009812895,157.87607366083358,8628.563995335426,7295.336631578164,2.784814760547509,59.54378913422786,40.03408802513403,6.9839529638498465,21.8945637833247,1.0901649504906448,False
221,12.113291911421035,284.92331953389765,7893.1070744965255,172.16708896151397,0.45662027627823565,0.5433797237217644,0.520263326598056,0.23303069044354507,0.18478775812512555,0.038801282660831826,COMPLETE,11.110902633540473,250.67382616604104,310.62816908021296,2030.4334554880625,157.9200580766878,8630.757682088932,7239.94309904748,2.785212475307932,59.055718858117196,31.735881737853603,6.76987421400319,51.18537799663497,1.0902167277440313,False
222,12.099833000184846,284.971402451471,8034.869556789812,171.79700463852723,0.4812236474710556,0.5187763525289444,0.520263326598056,0.12131175797308086,0.03859132197021619,0.3213201872110621,COMPLETE,11.10202629769538,250.63779282915962,310.5835175518403,2029.7521777977768,157.62985020810513,8616.278297647104,7372.278040256405,2.7825873671856565,60.36894984411717,24.460551455861008,11.295036889942521,33.16692590983365,1.0898760888988883,False
223,12.10689931834373,284.9487133926828,8604.710642824904,171.99230854689569,0.46484882617128653,0.5351511738287135,0.520263326598056,0.23231942035949674,0.036369292026922156,0.1961598541600135,COMPLETE,11.106814282539705,250.6560977398968,310.6062004980195,2030.0849479181788,157.78496036233423,8624.018846372739,7893.922345587286,2.783990726383154,64.51319187957758,25.318421199857866,15.719413311327248,52.87162567774391,1.0900424739590895,False
224,12.121979739413712,284.9011781420578,11834.421844636125,172.40987398400082,0.011635967867912933,0.988364032132087,0.520263326598056,0.0027128308826083244,0.004884588986952017,0.004038541662688619,COMPLETE,11.11706774850326,250.6950158880558,310.6544268058536,2030.7872388014812,158.1170972724088,8640.581197993115,10853.348400131043,2.7869934758396173,88.31314724634524,62.79999070518005,11.930102810763175,28.468490026825883,1.0903936194007406,False
225,12.106717978237072,284.94408489365304,7649.894655890994,171.98508476043284,0.4879260397312673,0.5120739602687328,0.520263326598056,0.13995721589858484,0.19033752405302057,0.15763073836137625,COMPLETE,11.106437997559718,250.6567638753288,310.60702595488027,2030.1261540193414,157.77535115879084,8623.539420700019,7017.845863449173,2.783903806650306,57.35321680477399,23.898166060795763,9.854091142134546,41.056127275362556,1.0900630770096706,False
226,12.101499500627193,284.9604652736481,7703.378779174352,171.8407009448135,0.4812236474710556,0.5187763525289444,0.520263326598056,0.028383105874914435,0.19984934299460774,0.2529909065236371,COMPLETE,11.102883169542162,250.64334714502456,310.59040030858444,2029.8841464574666,157.66039789231195,8617.803029246314,7067.695585284315,2.782863800574207,57.84530299800244,33.048695631301904,4.736528492403295,38.23193891826786,1.0899420732287333,False
227,12.111369225421958,284.9344390193615,8149.500939594571,172.11601055769114,0.4537832369630465,0.5462167630369534,0.520263326598056,0.3058396897667629,0.03496086371773619,0.1129823079702297,COMPLETE,11.109841251256972,250.66776452782736,310.6206576634498,2030.2956408673567,157.88318550159613,8628.918712759008,7475.592563541125,2.7848790707116255,61.01543779445102,27.747740212224503,6.591495661248059,31.94241127603653,1.0901478204336783,False
228,12.102535577672306,284.9564328984025,7706.577851938656,171.86903497019145,0.46484882617128653,0.5351511738287135,0.520263326598056,0.01109575924290472,0.2206994233814173,0.23305337111667904,COMPLETE,11.103550864846211,250.64618591695503,310.5939180373425,2029.9396832573402,157.6823765264724,8618.899963379925,7070.450536891209,2.78306267440861,57.85116900592398,37.87911351917983,6.530056410390474,35.34812203228669,1.08996984162867,False
229,12.103331188355329,284.9599561342494,8448.642799631643,171.8936084086307,0.4641592812938627,0.5358407187061374,0.520263326598056,0.15902879734438255,0.04441763940962633,0.2607124731370405,COMPLETE,11.104384958967144,250.64693392013342,310.5948449424818,2029.9192360638585,157.7064008288748,8620.098909764394,7751.3356090079915,2.783280043033961,63.41171066309711,33.67827151011316,10.032412377604684,37.617930925860016,1.0899596180319293,False
230,12.100614323493556,284.96747700288495,8087.530696137242,171.8179317736633,0.48132420733896253,0.5186757926610375,0.520263326598056,0.10589706579415724,0.07723758811532017,0.2981891286386036,COMPLETE,11.102490927991338,250.6400350273929,310.58629602274243,2029.8017043158798,157.6454697080692,8617.057934313949,7420.427904175324,2.782728715083061,60.74950234500016,29.720903908902216,11.313110195636641,35.001102832336755,1.0899008521579399,False
231,12.111359204505236,284.9344112674809,8762.012013897502,172.1156617603736,0.4812236474710556,0.5187763525289444,0.520263326598056,0.3391218029757222,0.03528410085507261,0.10681736466011142,COMPLETE,11.109834531848763,250.66768431936043,310.620558271305,2030.2951555732684,157.88290068930502,8628.904507320365,8037.454921183541,2.7848764952697955,65.60093660441545,45.94704190825461,2.36282976305788,34.587046373158145,1.0901475777866343,False
232,12.102203369966984,284.9588104835286,7747.15791386379,171.86040997054693,0.46484882617128653,0.5351511738287135,0.520263326598056,0.034068582591312416,0.18261921611239293,0.24816073915350942,COMPLETE,11.103389483923962,250.6450399942105,310.59249804112875,2029.9115283651272,157.67649992606573,8618.60667476533,7107.772781654072,2.783009501269418,58.16261652037009,59.819781796013444,0.9708221965402823,32.98929240563512,1.0899557641825637,False
233,12.10565743916682,284.9492725355554,7657.949454148379,171.95651584865377,0.4812236474710556,0.5187763525289444,0.520263326598056,0.15218479884893663,0.13737682641724494,0.19166180377989767,COMPLETE,11.105806658547493,250.65361781036353,310.60312743697386,2030.0591008578022,157.75399463344175,8622.473842665215,7025.451237661544,2.783710617667354,57.43377449065944,21.061716130120118,11.219580077256715,33.45587428963671,1.090029550428901,False
234,12.10543172448148,284.9529928036158,9837.409596340633,171.9515568855463,0.46974947078209456,0.5302505292179054,0.520263326598056,0.20071126553387297,0.049647336242411785,0.2193905959556506,COMPLETE,11.105798770312747,250.65239475627394,310.6016118617008,2030.0200012341093,157.75227455546695,8622.388016782512,9025.063614803237,2.7836950574601724,73.78784719623239,72.81196995980794,15.969740517610187,50.62149747492556,1.0900100006170546,False
235,12.104782656017319,284.953215235138,8502.69952991474,171.93279769671219,0.46484882617128653,0.5351511738287135,0.520263326598056,0.14155822967038684,0.1035015858891887,0.21978875840436987,COMPLETE,11.10527028836757,250.6510784483042,310.59998072876266,2030.006851106849,157.736015929874,8621.576745626586,7800.617255489529,2.7835479742392417,63.787683857403145,39.80340040094744,11.678086095721426,41.94268923385668,1.0900034255534246,False
236,12.116682890158327,284.91767614379177,10991.855161786254,172.2631596270479,0.14101728628565324,0.8589827137143468,0.520263326598056,0.034874745613128734,0.025436410509515978,0.08070599026797157,COMPLETE,11.113451704969874,250.6815215125645,310.6377049437595,2030.5435812061546,158.00019876856723,8634.75386813826,10081.756912839299,2.785936982658252,82.16523171441374,67.624137126833,10.874576682653904,37.44826123737597,1.0902717906030772,False
237,12.120470476714926,284.90459819370034,11161.725211635197,172.36753994980148,0.08871977188986141,0.9112802281101386,0.520263326598056,0.029494494616164466,0.051782172471036315,0.00744303581630996,COMPLETE,11.115973802603815,250.69148047441448,310.6500458176861,2030.730306125014,158.08239970405606,8638.851761363692,10236.685554637615,2.7866799294895572,83.33141645511975,35.017933517347856,13.710113495363718,62.202297948056824,1.090365153062507,False
238,12.11219293358412,284.92496386945663,7883.767756785479,172.13584069609774,0.44360637128816327,0.5563936287118367,0.520263326598056,0.15333750091137152,0.23962413152498327,0.05064444185897978,COMPLETE,11.11007006380674,250.67131381414205,310.62505584225585,2030.39901891204,157.8938893322277,8629.452573253628,7231.490831177557,2.7849758594616043,59.00531573989073,50.7098111285972,-0.055387679365999976,32.35080146628858,1.09019950945602,False
239,12.097931493707753,284.9755018506086,7831.401039471507,171.7436384747611,0.49525257100033665,0.5047474289996634,0.520263326598056,0.0606160160686668,0.09696378349536817,0.33767238395763916,COMPLETE,11.100638735944536,250.63333450898182,310.577992923062,2029.6820492020743,157.58595483009282,8614.087088250724,7185.819640381387,2.782190101569348,58.8711906593874,28.70834243439178,9.977401853299924,32.85985973441482,1.089841024601037,False
240,12.115639989796938,284.91766307446414,9940.584405557662,172.23283069120828,0.20630883845571324,0.7936911615442868,0.520263326598056,0.015922154073515483,0.1275194112016339,0.06286693040311278,COMPLETE,11.112585008529331,250.6794830479976,310.6351789340606,2030.5259497223597,157.9736583397581,8633.430548865876,9117.602481936405,2.785697065265061,74.32708539740976,37.36271499579562,8.207403825501272,31.34737948224597,1.0902629748611798,False
241,12.109594385648204,284.9402336222236,9233.411087831077,172.06689943626657,0.3882064803709984,0.6117935196290016,0.520263326598056,0.19401555822442465,0.030372874053798304,0.16381783127379007,COMPLETE,11.108648325190273,250.66304293799527,310.61480679809574,2030.2102346130014,157.84431859325653,8626.980052174216,8470.202498127484,2.784527592120259,69.17104474578598,34.31031788527131,13.169699397525727,46.33637493800196,1.0901051173065006,False
242,12.101326961100442,284.96135005224886,8256.82920530344,171.83608132135623,0.46484882617128653,0.5351511738287135,0.520263326598056,0.01224948733234758,0.19050084583562565,0.26209819224594666,COMPLETE,11.102781805583309,250.6428400115727,310.5897718826413,2029.87296751432,157.65696798130273,8617.63183870822,7575.514104125612,2.7828327637802173,62.00501572291386,29.875329106871803,4.341072797231618,49.9426643059044,1.08993648375716,False
243,12.115124748911281,284.9211923849982,10771.238217435746,172.2193538243806,0.17040177012650892,0.8295982298734911,0.520263326598056,0.0056578159132604725,0.06934137973873093,0.0954024650003014,COMPLETE,11.11232863649477,250.67771072765024,310.6329827230204,2030.483523340582,157.96437072868508,8632.967438264453,9879.678614524733,2.78561310344982,80.55451920069895,45.0409631715622,9.900039782762565,60.057913680507795,1.090241761670291,False
244,12.10407144483782,284.95491551488016,9808.301372412974,171.9128832339601,0.4812236474710556,0.5187763525289444,0.520263326598056,0.13577742359074615,0.12028837320806439,0.225157608764282,COMPLETE,11.1047606141535,250.64935057288776,310.5978395926687,2029.9788154659818,157.71977416873457,8620.76627528082,8998.52907085833,2.783401036204957,73.59725750095005,64.08612891550403,11.455000570487416,76.92458572565955,1.089989407732991,False
245,12.111029093096024,284.93182183938563,7537.444829558364,172.1049583623427,0.4812236474710556,0.5187763525289444,0.520263326598056,0.24936818546374143,0.14445027450106857,0.08740489700708315,COMPLETE,11.109434998416264,250.66758862035687,310.62043968370966,2030.314137455693,157.87170793946208,8628.34624230604,6914.090680854043,2.784775281987603,56.435744058340845,25.22019408925352,2.503944017948952,40.523104262097974,1.0901570687278466,False
246,12.11552957028233,284.9204142681489,10422.668133849871,172.23077448120569,0.21449701368750917,0.7855029863124908,0.520263326598056,0.08042270002235545,0.053258234524295504,0.0808159720349868,COMPLETE,11.112628152585135,250.67864572242516,310.63414134304656,2030.4976111729052,157.973825422869,8633.438880053616,9559.89869509047,2.785698575706937,77.93683212475406,44.51490845409015,2.4219196792406907,52.78751970194658,1.0902488055864525,False
247,12.111712998924835,284.93330842342147,9029.966694493063,172.12550026821955,0.4502090285816652,0.5497909714183348,0.520263326598056,0.30780386239792257,0.03546178546572392,0.10694299982939098,COMPLETE,11.110073192562055,250.66865168044134,310.62175699877486,2030.3120085713485,157.89070517572844,8629.293763226226,8283.187597916278,2.7849470672505467,67.6002283849376,46.4573943396213,9.020927068783829,37.223248617639214,1.0901560042856744,False
248,12.120383619579629,284.90588134184975,11466.936339104575,172.36556573329858,0.051561934417966304,0.9484380655820337,0.520263326598056,0.005947152833068158,0.02033622594830216,0.02527852762878898,COMPLETE,11.115963731693423,250.69104015520088,310.64950018612484,2030.7166543774233,158.08157872074173,8638.810838716518,10516.667826685894,2.7866725102257126,85.61482349517459,54.0713035500719,11.012065491383028,24.92793528425814,1.0903583271887116,False
249,12.116029963620727,284.91657272099263,10025.191000559222,172.24368170117495,0.2526261862239286,0.7473738137760715,0.520263326598056,0.08479092858234497,0.12238207304571351,0.04545303352803953,COMPLETE,11.11285735614766,250.68044878510509,310.63637564914694,2030.5426948845175,157.98239778129826,8633.866313827875,9195.133875688833,2.785776069323952,74.9491739265297,59.10106228723237,13.25974138299449,38.25769370267927,1.0902713474422587,False
250,12.111431202415357,284.9298863127987,8555.689194754814,172.11582935999425,0.46974947078209456,0.5302505292179054,0.520263326598056,0.22768221396995098,0.16471651172735344,0.07735046959303976,COMPLETE,11.109674428759977,250.66880602588444,310.6219482594387,2030.339537414724,157.8798406454398,8628.751882271737,7848.033802019186,2.784848824393563,64.05125259884579,54.24741851402812,9.475086720466974,37.14149469909065,1.090169768707362,False
251,12.104068215824459,284.952141673955,7921.863355003771,171.9116660695789,0.4812236474710556,0.5187763525289444,0.520263326598056,0.07261712449002246,0.20318826068836582,0.20541803539932244,COMPLETE,11.104619637267085,250.65002585395388,310.5986763825498,2030.0059094691055,157.7166973014714,8620.61273379713,7267.74484472198,2.783373199179319,59.43995845399175,40.49990541338349,5.28415706526831,44.59033860162147,1.0900029547345527,False
252,12.114824430731403,284.9192352296748,7965.228778977533,172.20978485136948,0.4812236474710556,0.5187763525289444,0.520263326598056,0.3143389740941772,0.15813082987352484,0.008753035852741292,COMPLETE,11.11198439892612,250.67754034850142,310.6327715938257,2030.4970193986592,157.95461614422365,8632.481028558008,7305.883666077376,2.7855249175137207,59.566313112706545,37.83849849761003,7.760276586425741,24.8070023608922,1.0902485096993295,False
253,12.102984668769484,284.9569380008703,8106.0788362142675,171.88224862569444,0.4812236474710556,0.5187763525289444,0.520263326598056,0.08285956000532534,0.1636405461968064,0.23472321217684164,COMPLETE,11.10395133806113,250.64689088072544,310.5947916092212,2029.9419504449656,157.6943354758691,8619.49679263298,7436.967607838979,2.783170879375893,60.84320796076536,30.63422124844623,13.522088641374301,41.8343494262154,1.0899709752224829,False
254,12.100195651145203,284.9661275986928,7900.807979568451,171.80530772749316,0.4812236474710556,0.5187763525289444,0.520263326598056,0.03739074653158234,0.15734371404120542,0.2864888704695362,COMPLETE,11.102070677697856,250.63966343961312,310.5858355612996,2029.808794669702,157.63337421851824,8616.454199507509,7249.0834965785425,2.7826192581409885,59.3519769406898,30.45369378060638,13.038197025750538,34.409640499665656,1.089904397334851,False
255,12.110704084501657,284.9267218367274,7189.629478628242,172.09340933297668,0.4812236474710556,0.5187763525289444,0.520263326598056,0.10140237391000825,0.33020566433567916,0.04961506571707695,COMPLETE,11.108912957633306,250.66815426772547,310.6211406185027,2030.35808376372,157.85793224928463,8627.659120519997,6594.907077114187,2.7846507070107602,53.83246294465917,14.754532772782817,14.355648013580105,26.980680541567125,1.09017904188186,False
256,12.107530755527051,284.9418146959942,7812.018675324389,172.00771470781103,0.4641592812938627,0.5358407187061374,0.520263326598056,0.13313993403417487,0.18106622966128585,0.14995258352666416,COMPLETE,11.107004102538642,250.65881810690433,310.60957150262624,2030.1613907317683,157.79356100795536,8624.44794066104,7166.4590598976665,2.7840685210508735,58.55477300110472,23.427550657492958,14.693023556874746,33.25806349761093,1.0900806953658841,False
257,12.109013756690524,284.93219994207834,7872.688316771613,172.04668454987535,0.44360637128816327,0.5563936287118367,0.520263326598056,0.02499113341978425,0.3268697426629163,0.09174495718799511,COMPLETE,11.107770905328529,250.6637560147175,310.6156904233231,2030.2779081231656,157.82087586988135,8625.810629201005,7221.729200153762,2.7843155760806484,58.978889000783894,69.6605922001304,7.306035905629269,57.252802218887666,1.090138954061583,False
258,12.11008654662991,284.9307025656358,7809.15960150274,172.0771344420496,0.44360637128816327,0.5563936287118367,0.520263326598056,0.09020800557290488,0.26839816759801494,0.08499991561128392,COMPLETE,11.10859487685404,250.66605165445293,310.6185351174772,2030.309333606645,157.8465328655007,8627.09050513756,7163.350155076308,2.784547617209886,58.48496395088997,19.616398989682562,14.575757010486413,37.63225296255766,1.0901546668033224,False
259,12.107864496257495,284.94267942993275,8405.979212336335,172.0177512883721,0.4812236474710556,0.5187763525289444,0.520263326598056,0.20446811563566536,0.12334197654245678,0.1534133402008039,COMPLETE,11.107325148155693,250.65924290885394,310.6100979056171,2030.1584692544875,157.80297965880817,8624.917832923074,7711.346978562332,2.78415371237918,63.00157714518438,42.1682315692775,3.1779897230468204,50.49893666778974,1.0900792346272437,False
260,12.112188961523422,284.92458965898965,8271.294638545725,172.1355762879143,0.46484882617128653,0.5351511738287135,0.520263326598056,0.1702620889537451,0.2516201229902165,0.04296621599164311,COMPLETE,11.110047915983081,250.67140209758273,310.6251652406879,2030.402650486979,157.89338382015717,8629.427360908094,7586.942381214208,2.784971288470806,61.90500403576934,47.02158225062421,15.738422465925161,52.282347773803615,1.0902013252434894,False
261,12.111331330795416,284.9338611347629,9859.168653298873,172.11461795760076,0.22422276098915989,0.7757772390108402,0.520263326598056,0.007576170306560234,0.0545416171265077,0.16210478754103932,COMPLETE,11.109784622318168,250.66774954136304,310.6206390926319,2030.2999324514835,157.8815972938904,8628.839498366913,9043.864567948165,2.7848647091657375,73.82194649689444,30.90590875068748,8.823775029586683,24.282269466859816,1.0901499662257417,False
262,12.107054179366326,284.94370931591425,8112.328817468206,171.99465162453708,0.45662027627823565,0.5433797237217644,0.520263326598056,0.12413678311715157,0.16882222035301536,0.16366077485117872,COMPLETE,11.106701688985947,250.65744300710762,310.60786751645946,2030.1349344553637,157.78349211903657,8623.945593196506,7442.042865566767,2.783977445603941,60.815209610313495,36.137295359512635,7.027034379252049,40.87458859093457,1.0900674672276818,False
263,12.10778853536063,284.9460167759978,8822.946784061318,172.0169710609826,0.46484882617128653,0.5351511738287135,0.520263326598056,0.2527108084338171,0.0317316037055314,0.1804061013176262,COMPLETE,11.107423678926343,250.65838260231675,310.6090318372182,2030.125452193246,157.80465375323277,8625.001351311614,8093.980807558825,2.784168854238352,66.13139429208813,47.03504755043955,19.839959151365495,32.63345851148719,1.090062726096623,False
264,12.105560853510555,284.94952990590065,8611.778315361295,171.95383540607037,0.4812236474710556,0.5187763525289444,0.520263326598056,0.1489384577156032,0.139288039970053,0.19299692832165163,COMPLETE,11.105737890743445,250.65339640932035,310.60285308283915,2030.0552061651765,157.75181740332675,8622.365206410841,7900.513978735276,2.783690921946526,64.5892202385946,65.43818294323641,12.591849611659569,35.277388463622586,1.0900276030825882,False
265,12.102736358422424,284.95847913898416,8079.386133524295,171.87572567767165,0.48132420733896253,0.5186757926610375,0.520263326598056,0.09438958840924373,0.14275295158522058,0.24418131949144795,COMPLETE,11.103817682188296,250.64612101896265,310.5938376175202,2029.9234650324815,157.68968813325807,8619.264862670832,7412.541094330492,2.783128830542265,60.647947455785484,63.47293506268743,3.1829866004962075,32.39293127737841,1.0899617325162407,False
266,12.103122387081333,284.9547762653697,8463.36036386707,171.88530891219375,0.46484882617128653,0.5351511738287135,0.520263326598056,0.027525150166809665,0.213109375537939,0.22421401721748144,COMPLETE,11.10396213565948,250.64759775240032,310.5956675453231,2029.9646359047156,157.69550210236227,8619.555013691808,7764.676751606715,2.7831814348366612,63.52119981458195,40.884170186476304,-1.169641381888391,66.7331546289633,1.0899823179523578,False
267,12.101885578331387,284.9592657334883,8026.31823966077,171.85135297127226,0.4812236474710556,0.5187763525289444,0.520263326598056,0.03689603048181352,0.1977753006362504,0.24655200411092082,COMPLETE,11.103148937921107,250.6442887353653,310.5915671016559,2029.901511903393,157.66891488709442,8618.228113743944,7363.927402988537,2.7829408682680628,60.263430324419424,26.597407245214313,19.721616952225478,36.88029603834893,1.0899507559516965,False
268,12.106917883821295,284.9444500371583,8933.723096520192,171.99104913194867,0.44360637128816327,0.5563936287118367,0.520263326598056,0.11154682464648705,0.16099990730312902,0.17105944060105144,COMPLETE,11.106621712316878,250.6570777294824,310.60741487438804,2030.1260900774391,157.78082737025494,8623.812643461019,8195.602205928246,2.7839533418561686,66.97620030410886,27.143838163145492,17.40712332276139,67.70884089522599,1.0900630450387196,False
269,12.098812839703076,284.972236337788,8166.056795368723,171.7677861904167,0.4812236474710556,0.5187763525289444,0.520263326598056,0.04980609182461051,0.1088020683914118,0.3226144150128527,COMPLETE,11.101216023492423,250.63568690927207,310.5809079533477,2029.7274846466435,157.60482665865183,8615.029185797202,7492.731869362583,2.7823609035762416,61.37106265977636,63.40755933773227,12.911725189448273,32.50509799683463,1.0898637423233217,False
270,12.106123837707289,284.9467277344139,8794.497906470182,171.9689786199677,0.46484882617128653,0.5351511738287135,0.520263326598056,0.11688833582232505,0.16870951989760666,0.1792507621971511,COMPLETE,11.106070799638363,250.65507462643336,310.6049326837177,2030.091241287871,157.7631021703279,8622.92826934301,8068.009026333141,2.7837930050898065,65.94776890065008,46.96549779745649,15.708282984953447,56.41666355073677,1.0900456206439355,False
271,12.121591864339987,284.9024459685961,11624.791763212645,172.39921474173283,0.045603051524345184,0.9543969484756548,0.520263326598056,0.034952216201097085,0.00658174439504434,0.0040690202348769135,COMPLETE,11.116801966956151,250.69410327873686,310.653295925274,2030.7695954952687,158.1086008332574,8640.157725674662,10661.182902793147,2.7869167004333706,86.75894857591899,42.66763102758445,14.892136711797487,54.27136648271234,1.0903847977476344,False
272,12.108803900811358,284.94225263911864,8091.156294378744,172.0448642168945,0.4812236474710556,0.5187763525289444,0.520263326598056,0.2802789838896437,0.04748567363303401,0.1534584799133408,COMPLETE,11.108084851366224,250.6611707949642,310.61248688950815,2030.1785029256512,157.82640181620175,8626.086294584584,7422.47140178748,2.784365554133263,60.62644284832975,34.712897083161174,12.612377647166861,26.25162276002179,1.0900892514628255,False
273,12.112807493448988,284.9279695807008,10053.219194199715,172.15496614392436,0.2207652506866885,0.7792347493133115,0.520263326598056,0.005757002801696716,0.08953141249472266,0.12547669404059827,COMPLETE,11.110727639479832,250.67184050723506,310.62570850597285,2030.380599090281,157.91276643697205,8630.394038115784,9221.526919102302,2.7851465467630168,75.23859281569447,20.7822748800849,9.019580679189954,38.80977046115088,1.0901902995451405,False
274,12.115123139313027,284.9212335194664,10632.981797492528,172.21932417011757,0.17545750627603934,0.8245424937239607,0.520263326598056,0.012699010376008851,0.06822546589895725,0.09453292152465723,COMPLETE,11.11232932309974,250.67769812485767,310.63296710598354,2030.4830989176558,157.96437427614413,8632.967615154872,9752.867887644265,2.7856131355200007,79.52048609051111,55.39721636805102,7.170840113052103,51.67058931884381,1.0902415494588278,False
275,12.110949208070352,284.92911761797893,7841.462205979379,172.1015186495762,0.44360637128816327,0.5563936287118367,0.520263326598056,0.13303672636011385,0.23426049410248806,0.0763086171678263,COMPLETE,11.109235146916646,250.6680655462679,310.621030677292,2030.338978859716,157.86675403985365,8628.099148624926,7192.883567196826,2.784730483976205,58.711889887950186,27.799631578228514,14.06270681176282,27.665597043296813,1.090169489429858,False
276,12.109109003382004,284.939048808467,9560.088730569036,172.05235717435926,0.3807553158587361,0.6192446841412639,0.520263326598056,0.11189580871635839,0.11383696571285978,0.15502236043220421,COMPLETE,11.108183286580354,250.66244692474143,310.6140682347259,2030.2141162022153,157.83069735743456,8626.300577170252,8769.862243825904,2.784404403502748,71.62656929963039,45.14254265102326,9.316981713372227,66.78260007829881,1.0901070581011076,False
277,12.111005631090707,284.9273918861817,7787.47771995506,172.102394324601,0.44360637128816327,0.5563936287118367,0.520263326598056,0.0994127212944971,0.27974920791324215,0.06444380479700482,COMPLETE,11.10920008544504,250.66850626603804,310.62157680521204,2030.3560180643794,157.86632357167582,8628.077677287381,7143.308391322649,2.7847265912290506,58.305486613375756,26.346046496476752,11.5404481130437,44.38144579992519,1.0901780090321898,False
278,12.108134182954654,284.9343774300815,6901.191377201231,172.0220742453241,0.46974947078209456,0.5302505292179054,0.520263326598056,0.026777165818979546,0.3446700672456279,0.09830166124971745,COMPLETE,11.107144724933947,250.66159437430784,310.6130117774791,2030.2424444463445,157.8008672232851,8624.812445652342,6330.664183499772,2.784134605698126,51.714066314201304,21.25500319361246,-0.1551166653229923,39.746233657340305,1.0901212222231722,False
279,12.109320186138943,284.9303314425696,7483.756115890902,172.05477675909208,0.46484882617128653,0.5351511738287135,0.520263326598056,0.036832951269062136,0.35333769056673797,0.07467774640480086,COMPLETE,11.107935768993576,250.66473505274985,310.6169036205527,2030.3007215689177,157.8266475417974,8626.098552654608,6864.884317889582,2.7843677765177377,56.058732007321375,22.721539451381993,11.295249509782822,47.11866664037041,1.090150360784459,False
280,12.105616776874326,284.951729358004,9748.120464367968,171.95636717186392,0.35048456572956,0.64951543427044,0.520263326598056,0.04289725952390517,0.06862015775349925,0.2389668742379491,COMPLETE,11.105892971427556,250.6529889544683,310.6023481758985,2030.0348352030383,157.75561417196226,8622.554651563472,8943.086878205846,2.7837252682967386,73.1164205520211,31.150265463295156,5.89159020178321,56.45048589386903,1.0900174176015192,False
281,12.121287742282203,284.90325062205517,11598.075447543748,172.3907045004367,0.036381503182096764,0.9636184968179032,0.520263326598056,0.013332373882489564,0.011456798900998764,0.011592314176413753,COMPLETE,11.116589010831749,250.69332390533148,310.65233014700493,2030.7566566455766,158.10173407023484,8639.815470188856,10636.744280660658,2.786854649614892,86.56852568765126,20.583394595789148,9.930260194800356,34.86378062737194,1.0903783283227884,False
282,12.10209530094735,284.96397878109235,9777.018648084324,171.85946891125153,0.3803925243084487,0.6196074756915513,0.520263326598056,0.03448169527445712,0.04301122638257926,0.30289917877664735,COMPLETE,11.103550548059728,250.64371191704873,310.59085232412883,2029.8604416786507,157.67933178227435,8618.748007344486,8970.31613689481,2.783035124824271,73.41136429878442,25.305694404764047,7.370435141848004,56.08676035481433,1.0899302208393253,False
283,12.10371106497664,284.9594195240078,8891.885431753803,171.9044051853853,0.4812236474710556,0.5187763525289444,0.520263326598056,0.20209567274375906,0.024608038374310793,0.25451964629285584,COMPLETE,11.104675072070325,250.64778032267657,310.59589378143045,2029.930702415421,157.71547691393184,8620.551833751228,8157.952380689311,2.7833621580189853,66.73104312268657,43.547694755415975,16.85428628038765,44.2015785236381,1.0899653512077105,False
284,12.103031892875723,284.9597083275367,9215.176543714431,171.88480759685817,0.4933197892505877,0.5066802107494123,0.520263326598056,0.16296123967613266,0.07916840532609669,0.2511897088383785,COMPLETE,11.104124439150699,250.6463982830865,310.59418119566106,2029.9164732345935,157.69852625757983,8619.705934641835,8454.614345879787,2.7832087967603205,69.1693973530028,44.00872810787159,8.00011979671978,64.58395204662457,1.0899582366172966,False
285,12.114860891675862,284.9216925126464,10356.533299418274,172.21193991965237,0.18532107353344546,0.8146789264665546,0.520263326598056,0.00975881080821384,0.08107553792135337,0.0944866250553779,COMPLETE,11.112130960045423,250.6771504661821,310.6322884622884,2030.4748225584876,157.95820079003278,8632.659777649604,9499.337660103136,2.785557324671227,77.45882139529733,45.55386106676815,6.781585061468496,41.11269317025229,1.090237411279244,False
286,12.104775540272554,284.9524076361138,8385.889177593299,171.93230425175275,0.46484882617128653,0.5351511738287135,0.520263326598056,0.12162575581429949,0.12956171592067542,0.21366113774167955,COMPLETE,11.105221503639855,250.6513218176977,310.600282305478,2030.0151462634194,157.7349630312867,8621.524206800821,7693.4228571456,2.78353844896565,62.910684773041815,49.30198896470753,4.614949380884637,40.17485634576391,1.0900075731317096,False
287,12.09679795379987,284.98023420613544,8775.822735421376,171.71278605316385,0.46974947078209456,0.5302505292179054,0.520263326598056,0.03297089933391486,0.06608513908242628,0.3706927225572199,COMPLETE,11.09992356260252,250.63015976997116,310.57405887306055,2029.6182443194448,157.5622579786019,8612.904043632587,8052.62367232708,2.781975615929537,65.99410899079304,41.30932211046869,15.469785988988395,43.942685226989894,1.0898091221597224,False
288,12.108659142524898,284.94299892813433,7457.972512581386,172.04095548095913,0.4812236474710556,0.5187763525289444,0.520263326598056,0.2844702996168159,0.03831494031348864,0.15843802994779024,COMPLETE,11.108002139768052,250.66069712521946,310.6118999308783,2030.1686730279548,157.82352770165977,8625.942918120574,6841.64725862544,2.7843395600226892,55.88480815093272,19.29974133519974,0.9874028163424318,25.79977585026778,1.0900843365139774,False
289,12.114768596258115,284.9226433325628,10263.299504839484,172.20963106917054,0.18812979276545788,0.8118702072345421,0.520263326598056,0.027441628727838886,0.059946602036796234,0.10074097122827372,COMPLETE,11.11210248521726,250.67671961053048,310.63175455771506,2030.4637983450439,157.95688165047858,8632.593998717608,9413.868290433671,2.785545398970286,76.76451771251733,36.78236885124588,3.2497727337776925,31.96278943858212,1.090231899172522,False
290,12.107079100277485,284.9479285902532,8703.40634153659,171.9972233683441,0.46974947078209456,0.5302505292179054,0.520263326598056,0.23635209519616368,0.04348910649103033,0.18990790545611388,COMPLETE,11.106923879686702,250.65665613490015,310.6068924458793,2030.0958089611026,157.78868310407626,8624.204578853985,7984.425552089923,2.7840243996271408,65.24919197068692,30.417629768217665,9.756441996298147,54.69183129262627,1.0900479044805513,False
291,12.103169505187541,284.95953128581596,8029.211533051613,171.88868905207372,0.4812236474710556,0.5187763525289444,0.520263326598056,0.15725004083832642,0.07037834039016838,0.2535944233954192,COMPLETE,11.104232765290112,250.6466472448722,310.59448970231625,2029.9199928553244,157.70183274197026,8619.870943660277,7366.51946802388,2.783238712846622,60.26557098317348,37.627956346029656,11.178471047378205,28.6196300450149,1.0899599964276623,False
292,12.105884892877027,284.94927893282033,8784.895708273747,171.9631460540535,0.3885734579637184,0.6114265420362817,0.520263326598056,0.05820915958712766,0.11667138248878715,0.2136916627415735,COMPLETE,11.105994640404433,250.65409029583552,310.60371292808526,2030.0631613552055,157.7597833882529,8622.762677960094,8059.3038440342625,2.783762983420998,65.88397226339968,37.01710784450834,7.353641169061897,39.0347124049869,1.0900315806776026,False
293,12.10059495046053,284.96424710605766,7517.623903563724,171.81607828802703,0.49525257100033665,0.5047474289996634,0.520263326598056,0.04884051364505038,0.17433690840102078,0.27207483674871114,COMPLETE,11.102312782906864,250.64081459646616,310.58726204347784,2029.8331909889303,157.64149201717476,8616.85939416408,6897.430440678064,2.7826927198125357,56.46604068986612,46.30947532219898,3.3946668605770927,31.440560765578198,1.0899165954944652,False
294,12.117574846674428,284.9133107979592,10304.62243355211,172.2871563527286,0.21211100462348814,0.7878889953765118,0.520263326598056,0.10650055559092769,0.07025583036653893,0.03535450116170167,COMPLETE,11.113985391076422,250.68409582026612,310.6408949556576,2030.599383620533,158.0181647732777,8635.649600780156,9451.183478226018,2.7860993787216395,77.00225541401353,36.57447236643566,10.600014563036298,62.28949276767334,1.0902996918102665,False
295,12.099204248028123,284.973344984358,9464.530797689176,171.7795591039398,0.46484882617128653,0.5351511738287135,0.520263326598056,0.08909151485327871,0.03973951446601033,0.33601743947417173,COMPLETE,11.101599087962045,250.63612172963204,310.5814467708795,2029.7227862692007,157.6159685864977,8615.585374391118,8684.16007513378,2.782461740404027,71.12413353961196,44.85743665501691,9.767642656693052,56.629339172595735,1.0898613931346004,False
296,12.102110712310028,284.95850087337294,7354.3201902092,171.85759331664144,0.4879260397312673,0.5120739602687328,0.520263326598056,0.04740614692014789,0.20019937320272949,0.24032003177285405,COMPLETE,11.103297092544114,250.64493428210318,310.5923670455683,2029.9129774590324,157.67381092153823,8618.472470497967,6747.352088138492,2.7829851700753867,55.213985162075566,22.711557806514918,12.6288678378743,24.516846386237546,1.0899564887295161,False
297,12.115493655323684,284.9191970156001,9173.914546628106,172.22919623578196,0.4812236474710556,0.5187763525289444,0.520263326598056,0.37716691885076004,0.0935846280031789,0.010471178342502923,COMPLETE,11.112540175530558,250.6788162449777,310.63435264994325,2030.508410129593,157.97159546433113,8633.327688310512,8414.47297704564,2.785678416676757,68.59237160935959,58.21337827993395,1.7615077707633842,24.51315541070047,1.0902542050647965,False
298,12.115963914910338,284.917317614573,10010.889510935496,172.2420810671875,0.23433032099706314,0.7656696790029369,0.520263326598056,0.07343655986970594,0.10599386732122179,0.05489976296782557,COMPLETE,11.112838549529592,250.68016185407123,310.63602009203487,2030.5344981680146,157.98152353186563,8633.82272263875,9182.051024045883,2.7857681662542397,74.84487971013534,34.382282512494065,12.025049842245892,51.85197030215055,1.0902672490840073,False
299,12.105789683779498,284.94728779634653,8194.009155113574,171.95957764207034,0.45662027627823565,0.5433797237217644,0.520263326598056,0.08785017753397993,0.1853919671983648,0.1833765712427564,COMPLETE,11.105815998837599,250.65439931221084,310.60409585275016,2030.0810827491764,157.75521287054323,8622.534628165384,7517.159999187346,2.7837216380605794,61.45086342084616,49.69848359293388,0.47117638219316715,46.60324869784495,1.0900405413745882,False
300,12.1041107784441,284.9522260856449,8124.8978248135,171.91295990129697,0.4812236474710556,0.5187763525289444,0.520263326598056,0.0777615561273575,0.1974937024243928,0.205968145134048,COMPLETE,11.104657696374563,250.65012242901057,310.5987960557263,2030.0061036362854,157.71787025232945,8620.671266430942,7454.013831668672,2.7833838111285387,60.96273753382745,19.11144579553715,9.504548184735675,55.147549364980165,1.0900030518181427,False
301,12.110351131591482,284.931475281194,8006.978314066874,172.08517062965745,0.4812236474710556,0.5187763525289444,0.520263326598056,0.17781946578785676,0.22099298462756117,0.08241092315446087,COMPLETE,11.108850998309922,250.66642868810635,310.6190023272982,2030.3067002039952,157.85409512666885,8627.467722325604,7344.81833525322,2.7846160065746535,59.961983413075096,40.965301875734205,7.793735444358434,57.287788720649075,1.0901533501019975,False
302,12.105789844092879,284.94906565884867,8401.525353499648,171.9602629735335,0.37302243963271164,0.6269775603672884,0.520263326598056,0.02649392503454203,0.13079804406319728,0.21573024632337262,COMPLETE,11.105907335694106,250.6539050945756,310.60348343173473,2030.0631822643027,157.75713692382854,8622.6306308019,7707.598038304083,2.7837390433102214,63.010548119290235,27.029979804109622,7.391865388547158,24.936954588516638,1.0900315911321514,False
303,12.10305675295009,284.9605315118096,7757.773841187471,171.88589649213122,0.4812236474710556,0.5187763525289444,0.520263326598056,0.16811204539127325,0.05347928493630305,0.25963179010620924,COMPLETE,11.104183964856398,250.6462935467417,310.5940514092389,2029.909265058112,157.70004673799954,8619.781813927619,7117.519949602733,2.7832225536524193,58.2305848445064,19.07183129039444,8.022158692893836,31.98537918651298,1.089954632529056,False
304,12.113981484150614,284.9263132118835,10293.885104041501,172.1883822449632,0.18743528976185203,0.8125647102381479,0.520263326598056,0.03631815005729323,0.026489178847393297,0.12462781517211874,COMPLETE,11.111622544739129,250.67448822341038,310.6289894836496,2030.416304707193,157.9408316414019,8631.793643105299,9442.128167743509,2.78540029473419,77.01385570707717,52.669585532238166,4.4362186449927545,20.530844371548923,1.0902081523535965,False
305,12.118798584731836,284.9101814990367,10846.027584550246,172.3213759701677,0.14285604314093037,0.8571439568590696,0.520263326598056,0.06545428406551394,0.04578223950303509,0.03161944421623379,COMPLETE,11.114851669331047,250.6871186764035,310.64464079654454,2030.6496290312102,158.04590859167445,8637.032729225455,9947.519711700566,2.7863501395002137,81.01811961075772,43.53946243886591,5.833414177881435,49.99682346750457,1.090324814515605,False
306,12.109431725135872,284.9303978708166,7451.27978077218,172.0580641094494,0.44360637128816327,0.5563936287118367,0.520263326598056,0.021849669078838865,0.3415439052928545,0.0802123265294959,COMPLETE,11.108030484409845,250.6649649906796,310.6171885533645,2030.3022132738106,157.8295550607155,8626.243594105803,6835.088948136035,2.7843940724899956,55.81421669120754,28.270400819626545,1.4753880440044917,63.536915833723455,1.0901511066369054,False
307,12.102118780739131,284.9597091248712,8538.374758418677,171.85834779008522,0.46484882617128653,0.5351511738287135,0.520263326598056,0.04615437138999403,0.16474868540084503,0.2539454743456489,COMPLETE,11.103362024547407,250.64469837703,310.5920747184352,2029.901682748642,157.6753200845175,8618.547790743503,7833.724636289673,2.782998825613654,64.10491107286569,19.304285064010955,5.220220967232125,57.707856127415376,1.089950841374321,False
308,12.104307204868354,284.94988854320223,7367.700780429656,171.9176730639774,0.4879260397312673,0.5120739602687328,0.520263326598056,0.05144311957652719,0.24762896138526772,0.18885285128481158,COMPLETE,11.104707284594877,250.65101452154386,310.59990151246467,2030.0317459353805,157.72033905883615,8620.79446420445,6759.260083406185,2.7834061468484848,55.27667400923696,31.686157269373453,10.682787308269246,28.084980588739395,1.0900158729676903,False
309,12.108693061994899,284.94299030778126,7799.679170467651,172.04194658870824,0.4812236474710556,0.5187763525289444,0.520263326598056,0.28715982189351563,0.03565392311425398,0.15840960433921797,COMPLETE,11.108029305732288,250.66077868581044,310.61200099853835,2030.169448373029,157.8243807765457,8625.985474268058,7155.1128067483305,2.7843472754396577,58.44475787099569,16.05520677072026,14.406381011412279,44.72774485740555,1.0900847241865144,False
310,12.099629685362025,284.9720630973457,8794.10202207174,171.79142337761516,0.46484882617128653,0.5351511738287135,0.520263326598056,0.09692147473362484,0.03945077474596623,0.32847618790510935,COMPLETE,11.101886744149255,250.63731291100925,310.58292285035657,2029.7429507625961,157.6253964418262,8616.055984048633,8068.934934731704,2.7825470617959227,66.07763287616868,23.645468283945327,16.46479572102252,46.89508885199216,1.0898714753812981,False
311,12.111083275286939,284.92167761118725,7141.9525521892165,172.1022889470823,0.4879260397312673,0.5120739602687328,0.520263326598056,0.028806518571360556,0.4459116902287967,0.013206744356437516,COMPLETE,11.108982436421888,250.66999714633653,310.62342426341905,2030.4127145938342,157.86212196908912,8627.868103904158,6551.009819734622,2.7846885956365774,53.46619558249856,30.96202403273041,14.824064521402237,23.04443235650396,1.0902063572969172,False
312,12.10192748790766,284.95966710015483,7696.747650552691,171.8527865511974,0.46484882617128653,0.5351511738287135,0.520263326598056,0.028196753617596756,0.18378857859303693,0.25286320380042454,COMPLETE,11.10320027661604,250.6443508387262,310.59164405844706,2029.8989816287462,157.67041317005877,8618.302892115806,7061.56360034807,2.7829544255647924,57.78888055720492,26.956317463624938,6.505582545328057,31.91827559154924,1.0899494908143732,False
313,12.110393865683815,284.92497778917476,6887.038052533062,172.08363788565168,0.4849394133538195,0.5150605866461805,0.520263326598056,0.038383332307597606,0.4108909592725094,0.03566429544451413,COMPLETE,11.10857146477925,250.6679046691613,310.6208313227689,2030.3692588342137,157.8481600659333,8627.17167313502,6317.31347764037,2.78456233294385,51.56990873426884,50.610889954282136,6.8565795962671015,24.47833465006956,1.090184629417107,False
314,12.1040628744038,284.9521217404155,7966.50421564852,171.91147140767828,0.4812236474710556,0.5187763525289444,0.520263326598056,0.07241011392563908,0.20329120108249932,0.20552210545462238,COMPLETE,11.10461623691065,250.64997446207633,310.5986126991367,2030.005614992995,157.71654001747208,8620.60488498949,7308.700638988141,2.783371776192812,59.7750347821171,42.10667747379811,14.118888974426428,36.86057399408973,1.0900028074964976,False
315,12.106177593195346,284.9433893461405,7646.830699026815,171.96915859119724,0.46484882617128653,0.5351511738287135,0.520263326598056,0.04604523729109677,0.26304062503041487,0.15576266867762914,COMPLETE,11.105950874763272,250.65595759532025,310.60602683468227,2030.1244629498497,157.76086321100385,8622.816556147018,7015.040497899057,2.783772751520372,57.338229083101695,62.15755136877428,4.739579929892297,35.25852180525732,1.0900622314749249,False
316,12.111598742509972,284.92332960419907,7238.797750418566,172.11787406029106,0.4641592812938627,0.5358407187061374,0.520263326598056,0.08659470225053781,0.34491845637862656,0.03264577530247792,COMPLETE,11.109497218136964,250.67050364833722,310.6240519068851,2030.4044782039305,157.8770139034663,8628.610892282682,6639.86688963453,2.784823262950194,54.18534911604598,57.10643010500367,-0.21991403121578923,47.12953891353091,1.0902022391019652,False
317,12.111029093096024,284.93182183938563,8525.435197034642,172.1049583623427,0.4812236474710556,0.5187763525289444,0.520263326598056,0.24936818546374143,0.14445027450106857,0.08740489700708315,COMPLETE,11.109434998416264,250.66758862035687,310.62043968370966,2030.314137455693,157.87170793946208,8628.34624230604,7820.373266930568,2.784775281987603,63.83320735947711,52.954206320708124,7.275943674616839,38.123852841649644,1.0901570687278466,False
318,12.120868244986264,284.9045298045084,11610.235453291283,172.3790877439993,0.03689828236769943,0.9631017176323006,0.520263326598056,0.0027042602014839367,0.014495756518055769,0.019698242762667857,COMPLETE,11.116300295711898,250.6922842465492,310.6510418301952,2030.7378214965775,158.09244563447842,8639.352501357964,10647.988344902014,2.786770713502606,86.67131403552092,52.91887001188235,6.05190685586958,35.804535413635456,1.0903689107482888,False
319,12.105168234052604,284.94556607789974,7247.626597710886,171.94082605337363,0.4879260397312673,0.5120739602687328,0.520263326598056,0.03192224959181052,0.2941772738040371,0.16182618783777225,COMPLETE,11.105213983243216,250.65360479327143,310.6031113065483,2030.0873449747537,157.73755712101047,8621.653649564985,6648.932314035167,2.783561916900557,54.36037602936638,28.579747128161955,8.98437076805835,31.62646693100212,1.0900436724873768,False
320,12.113507479280777,284.926570120939,9688.796879107063,172.17472856548457,0.2769271422006604,0.7230728577993396,0.520263326598056,0.10757230570314504,0.06500883634018306,0.10434588917825018,COMPLETE,11.111240309306776,250.67352873267862,310.62780050890177,2030.4059928637312,157.9290546155135,8631.20634041935,8887.149375682884,2.785293816930709,72.49437176615419,32.9748353005784,9.438690119103395,37.3952685026242,1.0902029964318656,False
321,12.104629420045738,284.9494141902283,8060.005061867372,171.92675169641305,0.46484882617128653,0.5351511738287135,0.520263326598056,0.042807751085030786,0.22940824353184255,0.19263255713611316,COMPLETE,11.104957041675258,250.65163212288869,310.60066682720816,2030.0407465997137,157.7280167488367,8621.177588391733,7394.361847996508,2.783475607150469,60.46584168891311,55.05867636961106,7.777404644579454,44.64155419666068,1.0900203732998568,False
322,12.105304319584945,284.95029874930606,8106.735902658788,171.9467512404603,0.46484882617128653,0.5351511738287135,0.520263326598056,0.12210734132675895,0.14181990506983175,0.20092134634352674,COMPLETE,11.105559457866542,250.65278817243384,310.60209937227705,2030.0440338933563,157.74612674532023,8622.081258802407,7437.222163059625,2.7836394423289916,60.80635446116751,35.49630720272264,7.196285708096454,38.42437413194847,1.090022016946678,False
323,12.108605136522383,284.9411701158297,9223.970274519697,172.0386171152101,0.31469931906763127,0.6853006809323687,0.520263326598056,0.03287983227524559,0.0981366826917268,0.1836825933250996,COMPLETE,11.107867869081211,250.66100030037805,310.6122756172667,2030.185302748645,157.82017876949658,8625.775853566174,8461.63880005124,2.7843092712683255,69.12123690799012,33.63009658295696,4.847032822441895,35.01447829890331,1.0900926513743225,False
324,12.103618889423199,284.9529349693926,7620.224490086107,171.89898066087576,0.46484882617128653,0.5351511738287135,0.520263326598056,0.029737892138017308,0.22219803294743704,0.2129125950664341,COMPLETE,11.104283038271651,250.6490165918616,310.59742573248934,2029.991062494944,157.70613340418177,8620.085564273913,6991.06030404084,2.7832776235004784,57.18425597926585,57.779917510363944,6.38881132259154,29.527078075458462,1.0899955312474718,False
325,12.094397851137224,284.98870675269944,10508.990807399512,171.6467960425955,0.4812236474710556,0.5187763525289444,0.520263326598056,0.022225676656156657,0.04454797905716539,0.41444951327594287,COMPLETE,11.098335070205037,250.62374891308852,310.56611471404665,2029.4976948580784,157.51041760452293,8610.315655845925,9643.497978632937,2.781506341988392,79.08283689397894,43.348721100216984,7.767593035429444,76.17236131548009,1.089748847429039,False
326,12.101779464055072,284.95942573086006,7628.043771984358,171.84835189967018,0.49525257100033665,0.5047474289996634,0.520263326598056,0.04811798148004933,0.20320549882091893,0.24392859553866023,COMPLETE,11.103067730016697,250.6440649118026,310.59128974560105,2029.8983413094743,157.66639080649986,8618.102137666567,6998.5316539138785,2.7829180288424458,57.27448576657355,29.715231684893347,13.707095694042629,32.847803390045684,1.089949170654737,False
327,12.099883007524014,284.9671504957587,9451.428125119863,171.79663468633788,0.4812236474710556,0.5187763525289444,0.520263326598056,0.03323217731616636,0.1554428306239787,0.2925482975533805,COMPLETE,11.101862466853573,250.63878763394874,310.58475028680493,2029.7933533495293,157.62653319623215,8616.112726419606,8671.857000202834,2.782557349171019,71.00713105033182,35.234835983942645,4.215409742266775,78.58603541621493,1.0898966766747646,False
328,12.101885578331387,284.9592657334883,8233.17880552068,171.85135297127226,0.4812236474710556,0.5187763525289444,0.520263326598056,0.03689603048181352,0.1977753006362504,0.24655200411092082,COMPLETE,11.103148937921107,250.6442887353653,310.5915671016559,2029.901511903393,157.66891488709442,8618.228113743944,7553.716312928132,2.7829408682680628,61.8165866939201,40.24246812621519,0.5525801478275252,56.691697636535764,1.0899507559516965,False
329,12.109553182900106,284.9369204111801,8997.776583188177,172.06432628108277,0.3137790400420317,0.6862209599579683,0.520263326598056,0.02234663150028759,0.13436846815744458,0.15706371042507145,COMPLETE,11.108450962525557,250.66372886181642,310.6156567761886,2030.241551905261,157.83969086427132,8626.749208031048,8253.926337038421,2.78448574014529,67.40521740837207,16.367477515978873,9.40577937951383,29.174868583025024,1.0901207759526306,False
330,12.105587469799824,284.9502363740204,8067.757807154321,171.9549228486781,0.46484882617128653,0.5351511738287135,0.520263326598056,0.1466500556770047,0.11651412599448409,0.20168441018209826,COMPLETE,11.10579341594226,250.6533157688079,310.60275315531527,2030.0490998549226,157.75325689693992,8622.437032246546,7401.445965314463,2.7837039439493227,60.50948843158255,52.095682646673204,7.682532419470041,20.857054932907886,1.0900245499274612,False
331,12.101002513771219,284.96737185061556,9375.079046461853,171.82920458327314,0.4505790052454945,0.5494209947545055,0.520263326598056,0.09872710774179162,0.04617155357580121,0.3056793279712242,COMPLETE,11.102805455385461,250.64088260762625,310.5873463210526,2029.8098800157895,157.6552213645609,8617.544662495375,8601.740117256413,2.78281695875858,70.41456103130402,18.238771877598424,1.0767417416627532,64.16347408816519,1.0899049400078948,False
332,12.106900557119662,284.9394739828795,7169.763496875577,171.98844991373392,0.4812236474710556,0.5187763525289444,0.520263326598056,0.04401805724871802,0.3099371809351659,0.12726795631695695,COMPLETE,11.10636431944237,250.65815065772472,310.6087444178053,2030.1734949259303,157.7750122309207,8623.522510534895,6577.241227418155,2.7839007408423635,53.74767798196498,28.736158704140074,4.674697137819937,37.425361089299045,1.0900867474629652,False
333,12.106211973242324,284.94275729110365,7530.08121585886,171.96985087484802,0.47520574203827937,0.5247942579617206,0.520263326598056,0.04857433304960941,0.27724583951553133,0.1493850729764883,COMPLETE,11.10595117409948,250.6561066703552,310.60621156440004,2030.1305954730974,157.7610545275888,8622.826101945606,6907.917563740993,2.783774482170836,56.461682758194506,29.071412789479957,3.885038427740158,48.060568185018994,1.0900652977365488,False
334,12.106403946986426,284.9429464701872,8216.870961985009,171.97546926186425,0.44513189194545816,0.5548681080545419,0.520263326598056,0.03382241874884302,0.2527171354525767,0.15859198969259689,COMPLETE,11.106122364211567,250.65638417232483,310.6065554372729,2030.1315616687552,157.76613878313628,8623.07978033921,7537.958815380393,2.7838204739886634,61.60908027938555,30.705303707665486,11.478425078642655,51.73875535933368,1.0900657808343777,False
335,12.10420204322455,284.9492709845798,8019.942097296892,171.91433956345728,0.4812236474710556,0.5187763525289444,0.520263326598056,0.020579418896244577,0.2747439205395893,0.185899864994618,COMPLETE,11.104590992204637,250.65091856227937,310.5997826023611,2030.0356360214682,157.71699941309063,8620.627809801765,7357.6247697796025,2.7833759324545055,60.171437937472675,52.78921766623058,17.338252183869262,43.32461703919931,1.090017818010734,False
336,12.10557405761803,284.94814949536345,7654.368346184961,171.95362046152624,0.48132420733896253,0.5186757926610375,0.520263326598056,0.11964465461166883,0.17820170356826195,0.18347763599403033,COMPLETE,11.105682569821097,250.65370412055006,310.60323439020317,2030.068443611754,157.75066233851626,8622.307572374088,7022.13581285902,2.783680472912687,57.40729251847814,26.690588123205032,6.434538730246315,37.08818254486327,1.090034221805877,False
337,12.10444788040902,284.9520226365547,7991.097053336025,171.9226045933761,0.4879260397312673,0.5120739602687328,0.520263326598056,0.11274096297323012,0.1705072084773763,0.20467745279746488,COMPLETE,11.104931779670567,250.6507376036761,310.599558363395,2030.0130105379371,157.72621884577902,8621.087872098082,7331.237946478267,2.7834593416129314,59.95334778148526,44.40702270935389,5.584631609281887,40.65059716760549,1.0900065052689685,False
338,12.106249037274898,284.94293794897334,8096.853402292582,171.97098867790305,0.4812236474710556,0.5187763525289444,0.520263326598056,0.06369175057476817,0.2680207676718992,0.1495105902166999,COMPLETE,11.105991755893035,250.6561170799704,310.6062244637113,2030.129303778946,157.7621917927672,8622.882846017508,7427.865299785505,2.7837847698543103,60.710883808257115,26.453790852119628,19.328621882647948,50.826097665712126,1.090064651889473,False
339,12.10871774021238,284.9333066392873,7806.674678371984,172.03850607891405,0.44360637128816327,0.5563936287118367,0.520263326598056,0.02446891423435163,0.32003941416645576,0.09909751611239731,COMPLETE,11.107581871891856,250.66286768269453,310.61458962650653,2030.261713101379,157.8145458823773,8625.494847925762,7161.227142100426,2.7842583250287247,58.48995982757466,53.81131906707414,11.732370672015985,38.38787185766765,1.0901308565506895,False
340,12.106302033679183,284.9469053939602,7595.8798789953935,171.97421803305247,0.4879260397312673,0.5120739602687328,0.520263326598056,0.1655442276895135,0.14651015256283145,0.17587130247051794,COMPLETE,11.106228296928279,250.65536583179758,310.6052935374634,2030.0924148169188,157.76782384474708,8623.16385543128,6968.40173138558,2.7838357167780203,56.95665592399138,16.26556874445776,-1.8982543011662243,50.593179855881345,1.0900462074084594,False
341,12.108178498614548,284.93414308550393,7083.519087288982,172.02321911558732,0.46974947078209456,0.5302505292179054,0.520263326598056,0.026463938432846435,0.3461331905236354,0.09715177210110684,COMPLETE,11.107172933221754,250.6616690422621,310.6131043039717,2030.244887049299,157.8017406552896,8624.856020374611,6497.911431294013,2.7841425057824027,53.07961082662018,32.31260725927276,3.6459586946181974,37.78746145180905,1.0901224435246495,False
342,12.10280954695414,284.95775674102515,8397.301858745172,171.87754951653773,0.46484882617128653,0.5351511738287135,0.520263326598056,0.06448458227445748,0.15715402008967191,0.24320996513650983,COMPLETE,11.103843075295801,250.64642812900615,310.5942181799107,2029.931662377483,157.6907684611399,8619.31877773731,7704.188166694073,2.7831386053278915,63.032924357343795,54.24893352233773,7.66869347874839,43.566930939693975,1.0899658311887415,False
343,12.100446021754651,284.9646658877164,7554.599624958728,171.81191783033856,0.46484882617128653,0.5351511738287135,0.520263326598056,0.007937911526879355,0.1753906028694811,0.2815200123588895,COMPLETE,11.10221026612553,250.6404125261287,310.5867638088808,2029.82649070787,157.63815933308058,8616.693046628787,6931.377022127546,2.782662561053524,56.746870620261674,50.45969232667953,9.40478060766415,24.5353701202167,1.089913245353935,False
344,12.118985308606955,284.9083592405346,10582.225939371916,172.3260229518696,0.1766761140130264,0.8233238859869736,0.520263326598056,0.08188578666841885,0.08388417275151595,0.010906014295089101,COMPLETE,11.114918578399255,250.6878687263327,310.6455702379617,2030.6701008424848,158.04868685574473,8637.171229094876,9705.480838466632,2.786375249485629,79.04043729491288,58.682830700063015,5.939157774971736,38.83673989195208,1.0903350504212423,False
345,12.097751591871377,284.97639118460484,8466.043369671406,171.73878122806178,0.48719740383308324,0.5128025961669167,0.520263326598056,0.054717622235950655,0.08752847877461564,0.34495095304843976,COMPLETE,11.100533192162061,250.63277261660633,310.57729664135405,2029.6703604135769,157.58234304335411,8613.906778552077,7768.186899660401,2.7821574114742447,63.64583250276772,30.25968659503978,9.572680004323866,44.63806922882432,1.0898351802067885,False
346,12.106700436577725,284.9452905347253,8611.063235080852,171.9851327342389,0.46484882617128653,0.5351511738287135,0.520263326598056,0.13603265584340316,0.1578457746959859,0.17097020078784753,COMPLETE,11.106479083173562,250.65653401465156,310.6067411177977,2030.1149303778025,157.77620742630737,8623.582142469593,7899.641541915041,2.78391155209451,64.56110712258979,54.00789884289071,11.002320985907588,45.405446253035485,1.0900574651889012,False
347,12.109091852054549,284.93631706988975,8055.666085062073,172.05070079729185,0.49525257100033665,0.5047474289996634,0.520263326598056,0.18910083751490242,0.19696964561990743,0.10918173512887468,COMPLETE,11.108036068998373,250.6630108203062,310.61476699873134,2030.239923031946,157.82730971922567,8626.131585460513,7389.706059376692,2.784373765355691,60.35068642365667,50.8626274866106,14.1702518987315,26.778079764718544,1.0901199615159731,False
348,12.107212260987756,284.94330203175133,8589.734942334251,171.9991322854017,0.40689750985347434,0.5931024901465256,0.520263326598056,0.06659109983370974,0.16803819631382594,0.17226796829839325,COMPLETE,11.106809283052208,250.65792935457532,310.6084701849779,2030.1422807290041,157.78707087675764,8624.124142975004,7879.97647517022,2.784009816626041,64.39207508649042,25.384398383513297,8.378420675012284,48.89339305497064,1.090071140364502,False
349,12.10221181713352,284.9628147659065,9843.623780539368,171.86237907478218,0.46484882617128653,0.5351511738287135,0.520263326598056,0.12255743931493458,0.06665642135318699,0.2756343086054824,COMPLETE,11.103589485606111,250.6442222722025,310.59148474231716,2029.8737845670448,157.68103666508068,8618.833094219344,9031.370394221662,2.783050551049549,73.90587766354064,37.70976909785941,8.57323448578046,76.41980196891853,1.0899368922835224,False
350,12.107229828294551,284.93948962094294,7421.620444311839,171.997995478061,0.4812236474710556,0.5187763525289444,0.520263326598056,0.07444884639774406,0.2781445373474944,0.12862980590852777,COMPLETE,11.106640370221967,250.6587513897896,310.60948882859714,2030.1786003182865,157.7833994453031,8623.940969533862,6808.268316392381,2.7839766073352687,55.630899671269,49.41788931831147,10.019707657493381,22.366102478564102,1.0900893001591432,False
351,12.109066849726384,284.93120931332356,7624.712404573454,172.04778429677654,0.45546359224692123,0.5445364077530788,0.520263326598056,0.022433692147288527,0.3506730833531574,0.08235633378645763,COMPLETE,11.107768276746386,250.6640428991488,310.6160459226865,2030.2879836944694,157.82115535512315,8625.824571614847,6994.225039623874,2.78431810383616,57.119372752932776,36.78242176566579,8.630105186863027,57.387751569027074,1.0901439918472347,False
352,12.102779177349682,284.9562215706438,8243.819494329051,171.87603591222273,0.46484882617128653,0.5351511738287135,0.520263326598056,0.027446963450164404,0.20508048319975317,0.23232109707689727,COMPLETE,11.103741957813343,250.64673138397964,310.59459396520356,2029.946044015072,157.688339474364,8619.197555968785,7563.324346455296,2.783116627857065,61.879998463231765,47.35291738503056,7.49883470019498,48.729623207552926,1.0899730220075359,False
353,12.106685622133378,284.9458805873627,8518.6186176068,171.98494955913705,0.49525257100033665,0.5047474289996634,0.520263326598056,0.1854669936367263,0.14171091569992939,0.16807446639413937,COMPLETE,11.106495673957298,250.65637191661557,310.6065402503322,2030.109006033531,157.7764681336231,8623.595149921633,7814.85567375871,2.7839139103417225,63.86809624599998,41.456683020950344,15.30295056657063,53.69175687931594,1.0900545030167654,False
354,12.111547623187302,284.9293588247572,9509.760953625722,172.11897521628083,0.30670759796789493,0.6932924020321051,0.520263326598056,0.02594371422309889,0.1691030969434593,0.11166051982613304,COMPLETE,11.109746355570193,250.66912861241929,310.6223479998752,2030.3463797559748,157.88223083668427,8628.871097370653,8723.165311641958,2.784870438055781,71.19511886743017,29.26580206042717,10.551500678177316,61.660662782470126,1.0901731898779874,False
355,12.101249524614325,284.9607536800986,7797.135147386745,171.83360120178753,0.4812236474710556,0.5187763525289444,0.520263326598056,0.012081540811805758,0.21538325661452018,0.2537585534108951,COMPLETE,11.102687094511523,250.64284968121444,310.5897838649976,2029.8776136988363,157.6543564849209,8617.501494905084,7153.736611989418,2.7828091324872113,58.55323670175049,31.903244805278483,1.238774050654412,45.827908175153574,1.0899388068494182,False
356,12.107414456708979,284.9429719199002,7663.836498651494,172.0048262987355,0.4812236474710556,0.5187763525289444,0.520263326598056,0.16978337928886508,0.15764850807459252,0.15379157807887003,COMPLETE,11.10696380647827,250.6583377719312,310.6089762846271,2030.1483587525845,157.79185449301397,8624.362801934194,7030.564197967254,2.7840530854248446,57.44639726762885,33.504423393764064,4.3408798307284435,31.213598420021746,1.0900741793762923,False
357,12.094628424347725,284.9886963091471,7771.917534291208,171.65347498819693,0.46484882617128653,0.5351511738287135,0.520263326598056,0.02162341005268307,0.024007134756518896,0.41921775045008075,COMPLETE,11.098526741976421,250.62418937673428,310.5666605245843,2029.5016051281627,157.51626388740655,8610.6075812827,7131.830062436857,2.7815592679838486,58.482703411345895,30.011744195487942,0.8771965303719509,23.80322744021687,1.0897508025640814,False
358,12.098045468123532,284.9735235129506,7367.159008263759,171.7461210808753,0.4812236474710556,0.5187763525289444,0.520263326598056,0.01004178061478297,0.14337490788281082,0.3278065781265575,COMPLETE,11.100636526482504,250.63400566135755,310.5788245967825,2029.7030177974993,157.5867167944904,8614.125127219151,6759.782363111072,2.782196998023088,55.37852263550116,26.62116768189832,5.170712803868925,24.48902903527894,1.0898515088987497,False
359,12.109432425480449,284.93409267575896,8206.814329188806,172.0596443854801,0.40527666539091645,0.5947233346090836,0.520263326598056,0.05892614244818133,0.23105823878916631,0.11529205011748513,COMPLETE,11.108211332673664,250.66414893218968,310.61617731593907,2030.2668427565463,157.83356515016516,8626.443635102176,7528.26596107181,2.7844303398635484,61.47748720945324,41.704568780871014,10.791843988637956,30.282883337469116,1.0901334213782732,False
360,12.101251914718484,284.96563855685775,8156.62273897228,171.83569535512368,0.48132420733896253,0.5186757926610375,0.520263326598056,0.120734005176852,0.07284797352561727,0.2877417443293586,COMPLETE,11.102929512336294,250.641723224924,310.5883879910829,2029.830449481458,157.65968898727905,8617.767647184402,7483.722177486412,2.782857385816834,61.25694782530048,56.20777512353633,8.194682662639146,26.25858291876117,1.0899152247407289,False
361,12.098561550787174,284.9732755713857,8653.94113733002,171.76092705937606,0.4812236474710556,0.5187763525289444,0.520263326598056,0.05075247064144166,0.10172558677119309,0.328744497442281,COMPLETE,11.101057968891096,250.634963712244,310.58001178731337,2029.713246195348,157.59956256556387,8614.766403373997,7940.440011946825,2.782313261200537,65.04273563883933,27.05809121869791,5.610236034179934,51.20671261585163,1.089856623097674,False
362,12.113559865576052,284.9272864035109,10380.184865973963,172.1765294371319,0.19044542831551076,0.8095545716844892,0.520263326598056,0.02330940578392128,0.03728665000480188,0.12984922352495668,COMPLETE,11.111320361884703,250.6734369619498,310.6276867891173,2030.399713274283,157.93116132690758,8631.311400536608,9521.359595471742,2.7853128642989344,77.66958079933288,47.604039810107636,6.285605430283061,32.2006791344116,1.0901998566371414,False
363,12.10171391145534,284.959716241808,7646.138082340018,171.84652381521073,0.4849571989073016,0.5150428010926984,0.520263326598056,0.037182286629700426,0.1993097311689662,0.24846486644404842,COMPLETE,11.1030304623258,250.64380404676007,310.5909664887546,2029.8938501552739,157.66503841732484,8618.03463993911,7015.147165808447,2.7829057915243958,57.41181576089714,46.94192751930085,4.445298589733504,35.49287878312276,1.089946925077637,False
364,12.105879614935944,284.94436722024625,7498.75088373632,171.96095338692598,0.44500267090878315,0.5549973290912169,0.520263326598056,0.01613753126344969,0.2629502296432747,0.16591459775372613,COMPLETE,11.105748541566246,250.6552147496151,310.60510632054314,2030.1105201736627,157.75434483314905,8622.491316351481,6879.2392076884125,2.7837137856415124,56.23337768056524,66.14738944680386,2.1910179041744144,30.576047033616724,1.0900552600868314,False
365,12.107804478479668,284.9430536888281,8746.874885177347,172.01617566310227,0.4191643523555689,0.5808356476444311,0.520263326598056,0.13090055465891806,0.11816359394179352,0.17010001587833637,COMPLETE,11.107292888479758,250.6590576415795,310.6098683274632,2030.1539943252274,157.80185813556943,8624.861881349143,8024.089039530957,2.7841435683753537,65.55932685001075,46.550802379004104,2.071752808761372,43.71779834305805,1.0900769971626136,False
366,12.103052048965063,284.9540451752187,7951.604815734453,171.88301300926602,0.4812236474710556,0.5187763525289444,0.520263326598056,0.024036452202947083,0.24253219882392887,0.21465447897940818,COMPLETE,11.103864473602874,250.64770253791,310.59579739266906,2029.9711402705875,157.6929252264607,8619.426413174608,7295.146865795173,2.7831581196008797,59.68031600670395,26.28429166922752,6.176436254209776,52.634242704938075,1.0899855701352938,False
367,12.10757791136472,284.94476737613536,8369.62279819453,172.01032788375653,0.46974947078209456,0.5302505292179054,0.520263326598056,0.21120433657202076,0.08884302113830311,0.16970178812399042,COMPLETE,11.107187515539096,250.65825260887894,310.60887075289526,2030.1338807733396,157.79794938349457,8624.666876446934,7678.08149032173,2.7841082140441853,62.73589221226834,27.80574577910493,11.472746804129173,50.59577611928181,1.0900669403866698,False
368,12.121216802064378,284.9034695779354,11697.735640286399,172.38871468290415,0.028187748325463557,0.9718122516745364,0.520263326598056,0.0020522110276335126,0.0110005506733118,0.015134969257158864,COMPLETE,11.116542019971428,250.6931090814558,310.6520639431168,2030.7531119457835,158.1001661660726,8639.737321172355,10728.16136426288,2.7868404812212844,87.31477439519438,30.633118547074517,17.938361534112826,36.276948354580924,1.0903765559728917,False
369,12.112772113017588,284.9253108401483,8320.874901328676,172.1528145206595,0.46974947078209456,0.5302505292179054,0.520263326598056,0.24726367770299515,0.17372486080591729,0.0487606463274446,COMPLETE,11.11056850855238,250.67235943584305,310.62635154815183,2030.405458765456,157.90899241110165,8630.205819107437,7632.410630672288,2.785112422712401,62.26660664072787,38.89471874307754,19.6785912927027,40.551469882148396,1.0902027293827279,False
370,12.110194198734776,284.92936968778736,7794.993578828554,172.07973867506178,0.4064505045650388,0.5935494954349612,0.520263326598056,0.022897910051713787,0.29949157728865045,0.08406052427081878,COMPLETE,11.108616767154404,250.6666133812403,310.61923119399285,2030.3244188856715,157.847829602357,8627.155188986857,7150.306175823549,2.7845593443726564,58.37680524464332,36.291927602897346,7.884322383713464,26.798921394891014,1.0901622094428358,False
371,12.105071080537797,284.95519396083006,9487.867078710831,171.94203692645672,0.48132420733896253,0.5186757926610375,0.520263326598056,0.23135652858932784,0.019323891600939787,0.23064355572682976,COMPLETE,11.105604721281036,250.6512430531749,310.6001847026294,2029.99314478419,157.74548405149068,8622.049189899128,8704.492581925151,2.7836336282463,71.17454121463774,52.28446626857961,6.794952687072779,55.14513126172108,1.089996572392095,False
372,12.102271737214245,284.95871316072447,8668.516808101655,171.8623472081861,0.46484882617128653,0.5351511738287135,0.520263326598056,0.038076635608460634,0.17897855973972598,0.247793308589857,COMPLETE,11.103442006320225,250.64518469573196,310.5926773513079,2029.9135313762113,157.6781323979276,8618.688148494675,7953.083168972387,2.7830242724324816,65.07860210597698,36.108396846523846,13.118315747291273,55.0820531855404,1.0899567656881057,False
373,12.10347807458271,284.95299105298574,7872.376847371308,171.89489336847097,0.4805952819119571,0.5194047180880429,0.520263326598056,0.038438216948862354,0.23279734450161438,0.20935947405399846,COMPLETE,11.104170143785865,250.64869812792872,310.5970311006688,2029.9878636326694,157.7026149879846,8619.909981144288,7222.404288300031,2.783245790330942,59.078389338209924,30.366883378740646,6.93213603337032,47.67050385453095,1.0899939318163347,False
374,12.11896569216401,284.909306595709,10899.539934391434,172.32584576522888,0.12367405087159883,0.8763259491284012,0.520263326598056,0.03756647500811599,0.05595243569575992,0.030155073237380526,COMPLETE,11.114949013839556,250.68761007026336,310.64524971841456,2030.6605998955683,158.04921295270026,8637.197455539374,9996.5486925507,2.786380004332269,81.41354775580882,30.02655927691781,16.961804804747707,43.347159060751686,1.0903302999477842,False
375,12.109910182636423,284.92844545726416,7374.795627944773,172.07111508838094,0.46484882617128653,0.5351511738287135,0.520263326598056,0.04742864295512477,0.3543812426611912,0.06303845248793792,COMPLETE,11.108334463359915,250.66629170726864,310.6188325843798,2030.3286933032377,157.83960979542957,8626.745164059714,6764.847566879306,2.784485006974482,55.232330231808014,49.13850078060412,7.886544628124588,37.862400750573826,1.0901643466516189,False
376,12.107123697494751,284.94414878892394,7818.213848230399,171.99690673682488,0.4879260397312673,0.5120739602687328,0.520263326598056,0.17769954122259327,0.15089001998813364,0.15933629226263998,COMPLETE,11.106777653109907,250.65755449652403,310.6080056711038,2030.1325417016424,157.78573407521128,8624.057448101477,7172.237190797683,2.7839977248651717,58.60885477033052,36.37269850743579,7.562075705020186,33.46003191286959,1.090066270850821,False
377,12.098812839703076,284.972236337788,8725.697441462358,171.7677861904167,0.4812236474710556,0.5187763525289444,0.520263326598056,0.04980609182461051,0.1088020683914118,0.3226144150128527,COMPLETE,11.101216023492423,250.63568690927207,310.5809079533477,2029.7274846466435,157.60482665865183,8615.029185797202,8006.227845383052,2.7823609035762416,65.57697770776488,37.406535782615386,6.228867031741993,51.99062297311695,1.0898637423233217,False
378,12.099523458564404,284.9693142757368,8125.695829769251,171.7871214624069,0.4812236474710556,0.5187763525289444,0.520263326598056,0.049039293921271376,0.12628295752008092,0.3059008913881792,COMPLETE,11.101668273872603,250.63762708358541,310.5833121644449,2029.7667089441356,157.6197312836468,8615.77319835144,7455.564667932086,2.782495792832553,61.054445078467865,22.18533864454571,2.487886440984919,43.710695228037274,1.0898833544720679,False
379,12.102039371500988,284.9594089857908,7442.047973052167,171.85589909394065,0.4812236474710556,0.5187763525289444,0.520263326598056,0.053080315068265646,0.18020721632260114,0.24793583157411436,COMPLETE,11.103282445907329,250.64458614166585,310.59193563943273,2029.9030026407731,157.6729780047565,8618.430900618207,6827.870748411042,2.7829776334684655,55.87446270623008,32.18280673588757,4.5008178406132835,28.420869590291815,1.0899515013203867,False
380,12.11223279034198,284.92939215421507,8615.129469085723,172.13889204695917,0.46974947078209456,0.5302505292179054,0.520263326598056,0.2910217715811878,0.10237496446500807,0.07635228698525012,COMPLETE,11.110317818026557,250.67044466739563,310.6239788193108,2030.3575718940838,157.89968972604942,8629.741864288679,7902.492306894167,2.785028307840806,64.48169901247888,42.07636601259037,9.653548346506616,52.430551103312695,1.090178785947042,False
381,12.099875873143,284.9686745788212,8072.26390462055,171.79707855901097,0.4849394133538195,0.5150605866461805,0.520263326598056,0.07034846099378878,0.1125321884121659,0.30205831425602847,COMPLETE,11.101930289110246,250.63844916362956,310.5843308636161,2029.7787516305389,157.62799635559497,8616.185761366503,7406.49838758384,2.7825705903853177,60.64696034369303,16.785219501016492,13.902279029121125,39.54097982679959,1.0898893758152695,False
382,12.103263878565826,284.9535939043284,8267.278705653027,171.8889410805168,0.4812236474710556,0.5187763525289444,0.520263326598056,0.03341359888886825,0.23526973455458056,0.21253997018314824,COMPLETE,11.104020646321729,250.64816717119098,310.5963731535595,2029.978633698795,157.6978218257771,8619.670779986014,7584.733701381137,2.7832024232316046,62.04585703157302,25.004486016095797,7.78624598742997,61.852472199721774,1.0899893168493975,False
383,12.099845648555636,284.968303103826,7904.681168506903,171.79603921072214,0.4641592812938627,0.5358407187061374,0.520263326598056,0.034131527202542866,0.12579832919586006,0.30422907366312074,COMPLETE,11.101887397945925,250.63846468085302,310.5843500921362,2029.781728068032,157.62682749248214,8616.127416514462,7252.727249450726,2.782560012480877,59.38850111559486,26.91649541813033,9.663884269519421,30.94923778431051,1.089890864034016,False
384,12.101550411066288,284.9605345543344,7294.0273590147235,171.8422691210289,0.4812236474710556,0.5187763525289444,0.520263326598056,0.032987353704334796,0.1950853493126677,0.2531506539639761,COMPLETE,11.102924935569,250.6435196746738,310.5906141026206,2029.885116992572,157.66176646786514,8617.871335813797,6692.120884863656,2.7828761845347145,54.77068675071824,36.09649125529526,6.874761643880689,23.368511323154884,1.089942558496286,False
385,12.11212572152271,284.92989892104964,9842.247002597314,172.13603603027482,0.26015385045189665,0.7398461495481033,0.520263326598056,0.03385562335149837,0.09860826708168764,0.12768982421173639,COMPLETE,11.11025091027178,250.6701842082137,310.6236560653957,2030.3514284856815,157.8975148513819,8629.633394373921,9028.12901994707,2.785008642277301,73.67426970665313,32.660385611882255,17.678337154836655,38.29062455734772,1.0901757142428408,False
386,12.105908368839494,284.94515606918674,7566.828199183615,171.96213082458496,0.49525257100033665,0.5047474289996634,0.520263326598056,0.09803137885391117,0.23735806019523567,0.15986282461931386,COMPLETE,11.105810306079375,250.65511001371058,310.6049765346666,2030.1035737505185,157.75592764957648,8622.570292874057,6941.714412371794,2.7837281040617268,56.74305713020041,61.660931070448186,2.718048319846337,31.392298520676263,1.0900517868752593,False
387,12.106569634265147,284.94713773367994,9213.89966333365,171.98208389233292,0.46484882617128653,0.5351511738287135,0.520263326598056,0.16657031164185648,0.11449769924416135,0.18378061982184737,COMPLETE,11.106462351401467,250.6558283994305,310.6058667386591,2030.094660427581,157.77487740702244,8623.515783746536,8452.751919979963,2.7838995212776214,69.08504465732148,45.3142293593029,13.02700643458448,67.33322281828237,1.0900473302137905,False
388,12.110992563418234,284.92271463718134,7361.001689456468,172.10007165936037,0.4879260397312673,0.5120739602687328,0.520263326598056,0.04477371131561361,0.4226235162389928,0.02052712332347332,COMPLETE,11.108958918585781,250.66956265497024,310.62288585356725,2030.4009992612368,157.8609363302175,8627.808964466112,6751.970570505628,2.784677873673929,55.108253566106725,33.190496499624054,16.992673720331286,38.292586833393415,1.0902004996306185,False
389,12.116239498801574,284.9158251558715,9267.443988103105,172.2494288156932,0.27595341938724277,0.7240465806127572,0.520263326598056,0.1164412900680603,0.12411398121946669,0.03539794051653197,COMPLETE,11.112996760765142,250.68098166316113,310.6370359771015,2030.5530514646453,157.9869186856021,8634.091729993177,8500.085775834072,2.785816937208136,69.27888499288083,17.036492880588998,10.406189229111591,42.476481676750296,1.0902765257323226,False
390,12.104522578123154,284.95044487306455,7676.90880596472,171.9240844858992,0.4383268013291725,0.5616731986708274,0.520263326598056,0.02366622541244183,0.20908780338558108,0.2055722630367441,COMPLETE,11.104918455441796,250.65119728908542,310.6001279930178,2030.0290793115219,157.72641394324407,8621.09760758673,7042.941655061936,2.7834611066541473,57.59483123257919,26.518090648657193,11.83045067889545,21.198584070778494,1.090014539655761,False
391,12.112505461799692,284.92443213485683,7680.96680794284,172.14469475444523,0.46974947078209456,0.5302505292179054,0.520263326598056,0.2021892433143222,0.22587077588566726,0.041689140504468786,COMPLETE,11.110304025473775,250.67203522576622,310.6259497958664,2030.4093630611842,157.90126172707568,8629.820265970353,7045.435538911053,2.7850425220425343,57.481592853139624,26.878611578041053,8.023243563694745,71.62108683550471,1.0902046815305921,False
392,12.100975743950904,284.9638591224369,8561.021829026276,171.8269603631092,0.4812236474710556,0.5187763525289444,0.520263326598056,0.05649498941359232,0.15057104684452408,0.2741573084044943,COMPLETE,11.102611026524782,250.64162771161827,310.5882696335992,2029.8432305771985,157.65075024923817,8617.321500402895,7854.7133196908035,2.7827764995371322,64.29692109097394,41.13411025824055,7.624891044505503,53.14682543548662,1.0899216152885993,False
393,12.10192748790766,284.95966710015483,8072.007846846676,171.8527865511974,0.46484882617128653,0.5351511738287135,0.520263326598056,0.028196753617596756,0.18378857859303693,0.25286320380042454,COMPLETE,11.10320027661604,250.6443508387262,310.59164405844706,2029.8989816287462,157.67041317005877,8618.302892115806,7405.854963807127,2.7829544255647924,60.6064169564851,50.80682135490856,0.36923883630711085,44.97644830011818,1.0899494908143732,False
394,12.115789883399428,284.9196273334785,9351.408004890189,172.2380493526899,0.46974947078209456,0.5302505292179054,0.520263326598056,0.3998075683531428,0.053425011688545535,0.01651631691201262,COMPLETE,11.112803408600453,250.6793859677907,310.6350586349158,2030.5100725569828,157.97959525196265,8633.726575733579,8577.26650528537,2.785750734848733,69.91417955244827,54.58324088845602,4.567483859751972,37.4173878421113,1.0902550362784913,False
395,12.116138465949138,284.9147810175661,7985.615468955931,172.2460514379708,0.3775686278368095,0.6224313721631904,0.520263326598056,0.20731753627603008,0.16618853431100014,0.004062223033522559,COMPLETE,11.112861790605509,250.68101724200326,310.6370800654324,2030.561352106758,157.98321957009335,8633.907289155673,7324.366692311222,2.7857834981387786,59.69529738905049,19.484379898601034,0.39703728434533003,31.58344496870977,1.090280676053379,False
396,12.113466114805254,284.9214427640796,9160.651817668899,172.17126560935486,0.3520398840496118,0.6479601159503883,0.520263326598056,0.07914799477272218,0.22220914571849415,0.05068237190903337,COMPLETE,11.110961806368344,250.67444495044586,310.62893586097204,2030.4532003453228,157.92245903932974,8630.877419565075,8402.520921997415,2.785234183676988,68.53703298526655,70.70691799606543,15.747634430854177,33.462983130884766,1.0902266001726615,False
397,12.10950815864515,284.93211617590634,7875.019352556191,172.06099793684757,0.46974947078209456,0.5302505292179054,0.520263326598056,0.10038416646498535,0.28265961372194653,0.08670521784115072,COMPLETE,11.108178626500244,250.6647158492434,310.61687982409126,2030.286897755872,157.8333549717211,8626.43315053338,7223.837707470332,2.784428439014323,58.987910340937596,36.98355217604901,15.968381820033752,40.21796913157983,1.090143448877936,False
398,12.121996260367721,284.90121990316425,11886.001720628537,172.4103591873023,0.007272332833940964,0.992727667166059,0.520263326598056,0.00030298325015908485,0.001458454078439305,0.005510888982617965,COMPLETE,11.117084347333412,250.695019994271,310.6544318941635,2030.7869548593198,158.11756283953403,8640.604402074658,10900.653724238084,2.786997682732747,88.69784830942427,37.64650907351114,13.400301415466664,56.46741884116643,1.09039347742966,False
399,12.107077692668863,284.9422126483622,8034.6972705569815,171.99474925863393,0.46974947078209456,0.5302505292179054,0.520263326598056,0.10755958330877978,0.2124209802733494,0.14976848000716794,COMPLETE,11.106645234272799,250.65788731084396,310.6084180855326,2030.1502501059344,157.7824732495172,8623.894759853523,7370.773890622054,2.7839682295338735,60.23126098709846,35.678179793752456,9.497587028583947,47.42630583175392,1.0900751250529672,False
400,12.104428084758672,284.9498006043413,7775.040102979509,171.9211384170456,0.46484882617128653,0.5351511738287135,0.520263326598056,0.031964909516294236,0.2388380449057925,0.19404554281255806,COMPLETE,11.104803981027809,250.651257702634,310.6002028558396,2030.0345337817198,157.72331653738797,8620.943044354706,7132.951320263811,2.7834330843858375,58.33129624522,38.680666630271006,10.119865116428013,35.74477546744316,1.0900172668908599,False
401,12.105084091218993,284.94799554509154,8382.522296109766,171.9393511378803,0.4812236474710556,0.5187763525289444,0.520263326598056,0.07180211244907748,0.22887658526896915,0.1805444894668894,COMPLETE,11.10526617109418,250.65282166246803,310.6021408722141,2030.0619462372242,157.7380417420218,8621.677831606317,7690.168906051459,2.7835663010975082,62.87632209757647,62.37538405473474,7.0732092306585255,58.37093077986458,1.0900309731186122,False
402,12.099170935663151,284.9704004190092,7584.454099830686,171.7773770995818,0.4879260397312673,0.5120739602687328,0.520263326598056,0.04972230396400612,0.12804180275041666,0.3101614213467684,COMPLETE,11.101426158120042,250.63674607537223,310.5822204430938,2029.7507389288571,157.61194528507812,8615.384539332523,6959.010463331907,2.782425329067228,56.993416606168644,69.54023090345588,3.801537508592332,23.54819151528178,1.0898753694644285,False
403,12.103418894919564,284.9561486113982,8183.655140234459,171.89449129725392,0.46974947078209456,0.5302505292179054,0.520263326598056,0.09035072451310673,0.14566544019989114,0.233732973100433,COMPLETE,11.104275931882524,250.64786211472196,310.5959951359025,2029.9564364513503,157.7045196160644,8620.005029988472,7508.09053189728,2.783263022658317,61.41823364210855,56.05397705394182,10.41813861097195,32.156316346962505,1.0899782182256752,False
404,12.109013756690524,284.93219994207834,7501.068460327945,172.04668454987535,0.44360637128816327,0.5563936287118367,0.520263326598056,0.02499113341978425,0.3268697426629163,0.09174495718799511,COMPLETE,11.107770905328529,250.6637560147175,310.6156904233231,2030.2779081231656,157.82087586988135,8625.810629201005,6880.837009246257,2.7843155760806484,56.19486842461224,41.09422614472499,3.67458925868088,47.502776901709495,1.090138954061583,False
405,12.100192704732683,284.9701672745587,8443.730329184462,171.80693849208075,0.4520793472468742,0.5479206527531257,0.520263326598056,0.0895370220028058,0.041663831479515606,0.320877572378953,COMPLETE,11.102264318463456,250.63878386541916,310.5847456169459,2029.7702446355265,157.6376582944026,8616.668037644815,7747.35809883148,2.7826580269321175,63.43468156868269,26.131107444969935,13.282342828207526,36.2785877400855,1.0898851223177632,False
406,12.100594569723865,284.9634195964051,7918.907584175984,171.81569824667093,0.4812236474710556,0.5187763525289444,0.520263326598056,0.013839576084825847,0.19759921297005373,0.2697843335331984,COMPLETE,11.102273420600257,250.6409674989074,310.5874515160131,2029.8408508425355,157.64058938547007,8616.814340390274,7265.583247616658,2.782684551576653,59.47982231349895,38.93818410719923,11.403806838318008,38.5337935360629,1.0899204254212678,False
407,12.106654121677856,284.9452582131395,8565.67745866167,171.98374532399228,0.48132420733896253,0.5186757926610375,0.520263326598056,0.15207084775709703,0.16222512204692358,0.1670280434811384,COMPLETE,11.106440853927309,250.6564094573349,310.6065867697678,2030.114094317959,157.7749951456525,8623.521658097276,7858.008423491627,2.7839005862956756,64.22127374521071,39.972870089866376,11.281578249402317,60.43498704580679,1.0900570471589794,False
408,12.114246632424967,284.9238958569206,10113.147095608194,172.19503335457958,0.19827139116063508,0.8017286088393649,0.520263326598056,0.018965491848835725,0.07365510584833178,0.10565067222944574,COMPLETE,11.111727067217693,250.6754901280035,310.6302310164977,2030.4435186614605,157.94496108781334,8631.999567374665,9276.229362562433,2.785437628743398,75.6533618946187,47.62005199161334,4.515071688990586,28.116352159691335,1.0902217593307302,False
409,12.10278514968994,284.95725332240175,8079.670425676711,171.87659701212618,0.46484882617128653,0.5351511738287135,0.520263326598056,0.05190051387126384,0.17305359502527362,0.2398944390923109,COMPLETE,11.103800299734363,250.64644563578187,310.5942398738298,2029.9356658061429,157.68960498067358,8619.26071283331,7412.760433633107,2.7831280781779477,60.648703361811464,43.932034873992535,17.259146693207036,31.776999472390294,1.0899678329030715,False
410,12.112959446545267,284.92434694359645,8008.722586556754,172.15784581781728,0.4812236474710556,0.5187763525289444,0.520263326598056,0.25658387234908414,0.18489662589458783,0.03974287900273983,COMPLETE,11.110677496171714,250.67292930579788,310.62705771545853,2030.4177919337317,157.91271420981835,8630.391433447201,7346.044061999802,2.7851460745373715,59.92659469328269,43.44616319489667,7.010221430305332,31.257658823403574,1.0902088959668659,False
411,12.10607867845892,284.94241813886737,7043.294377148492,171.96581487067976,0.46974947078209456,0.5302505292179054,0.520263326598056,0.022851228189489172,0.29888100520950234,0.14801674543423002,COMPLETE,11.10582523019994,250.65589098792856,310.605944296619,2030.1313144274955,157.75729996872977,8622.638766070317,6461.348755038701,2.7837405182319825,52.81343046559601,41.055610915508645,1.5948065344269797,27.601414491038675,1.0900656572137477,False
412,12.105719582167223,284.9439324837014,7545.761599805744,171.95610974376766,0.4812236474710556,0.5187763525289444,0.520263326598056,0.036999693372819144,0.290132509851356,0.15409113112753592,COMPLETE,11.105595120913314,250.654981494661,310.60481727736527,2030.1118175775277,157.74980747073784,8622.264917075894,6922.36199901926,2.7836727395197243,56.58726520201756,25.03084723353936,3.254445190110555,54.9647069764395,1.0900559087887638,False
413,12.105589078332018,284.9438065038375,8132.418067876226,171.95221957483844,0.4812236474710556,0.5187763525289444,0.520263326598056,0.023648259257806708,0.3043954376550558,0.15317944145056903,COMPLETE,11.105483529734089,250.6546871557025,310.60445254055503,2030.1102213911213,157.74635418673122,8622.09260757607,7460.556799451136,2.783641499858305,60.9888142250792,40.252062008235,16.32806602160882,57.61750055496236,1.0900551106955607,False
414,12.10078303618208,284.96289022188597,9280.204416666007,171.8209385904448,0.48719740383308324,0.5128025961669167,0.520263326598056,0.0261645039888993,0.19549809691946807,0.2655345336774631,COMPLETE,11.10240479228382,250.64143979862953,310.5880367769483,2029.8490079540484,157.64480747380904,8617.024880107643,8514.538743558365,2.782722722365221,69.70068493233032,61.6482655786419,13.686073626845989,74.33778461247095,1.0899245039770242,False
415,12.106942544972082,284.9473679301984,8216.483830346517,171.99298810816853,0.4812236474710556,0.5187763525289444,0.520263326598056,0.22616811348929422,0.0719479021068883,0.18310692282975488,COMPLETE,11.106785109179226,250.65646751963342,310.60665871898465,2030.0984580076683,157.7846059900874,8624.001166163991,7537.71812476335,2.7839875209665306,61.600340869006935,33.07039029668896,8.81997816256622,39.47519907601104,1.0900492290038342,False
416,12.11522205761553,284.9215947600549,10182.013430155852,172.22238210761674,0.22956787811913065,0.7704321218808694,0.520263326598056,0.09641969229495942,0.048465822707868665,0.08468226473213172,COMPLETE,11.112427208952194,250.6778545393838,310.63316093059865,2030.4816949181868,157.9672808159746,8633.11254614229,9339.233118889253,2.7856394114652088,76.14459838258925,53.91096519267094,10.86618265234552,20.88439789591623,1.0902408474590934,False
417,12.10190837656749,284.95891676731134,8226.049790691912,171.85186900618166,0.48719740383308324,0.5128025961669167,0.520263326598056,0.038519462016100035,0.20584321940928885,0.24283447617789256,COMPLETE,11.103150792148963,250.64441211197158,310.5917199865817,2029.9052544841143,157.66911763956574,8618.238233014079,7547.162679452001,2.782942702888749,61.76227014552282,43.64869057043771,3.8927232568366166,55.8615441635307,1.0899526272420572,False
418,12.099464237533562,284.96989458593407,9300.266049169253,171.785700448726,0.48132420733896253,0.5186757926610375,0.520263326598056,0.055502098600951885,0.11663736400184095,0.30918438994744674,COMPLETE,11.10164387600304,250.63746155425162,310.5831070450088,2029.7608304995942,157.61885253195715,8615.729333570383,8533.29036749198,2.782487840160705,69.88134378204693,37.33291121800024,2.9492755088234763,68.75798618339431,1.0898804152497972,False
419,12.103135597233338,284.95405400671865,7539.687188029023,171.88538314316207,0.48132420733896253,0.5186757926610375,0.520263326598056,0.03305981254881433,0.2327786763901979,0.21548537819614932,COMPLETE,11.10393820080391,250.64777630021956,310.5958887969114,2029.9717142440668,157.6950581698401,8619.532859049534,6917.233961123671,2.7831774182065607,56.5875660009359,41.58991123024378,4.981521470445868,36.08195010634776,1.0899858571220333,False
420,12.119604115180124,284.9066468215709,11036.59561365313,172.34320280593238,0.12007280938909654,0.8799271906109034,0.520263326598056,0.03329580078331464,0.07323805401495417,0.013538776128104474,COMPLETE,11.115354797730852,250.6893236376665,310.6473731244086,2030.6958636451777,158.062575968617,8637.863600604682,10122.086071374235,2.7865007762358385,82.41940171863206,62.384668128803355,18.56497628697331,47.26121917846372,1.0903479318225888,False
421,12.094255940289536,284.9891320471589,8401.866621114712,171.64284233733562,0.4812236474710556,0.5187763525289444,0.520263326598056,0.019599491981854067,0.044802863015940594,0.4168208112538079,COMPLETE,11.098238774151692,250.62335676439594,310.56562877408135,2029.4910321190082,157.507271016808,8610.158533484464,7709.934564810761,2.7814778557506714,63.228777574558165,66.35055272188092,6.95046488672306,36.667769173590024,1.0897455160595042,False
422,12.10611883749532,284.9465472185635,8556.980485370823,171.96877773346426,0.4812236474710556,0.5187763525289444,0.520263326598056,0.13206219536419106,0.17514666719295202,0.17401342592070096,COMPLETE,11.106056513916345,250.6551347235107,310.605007154377,2030.0931450917537,157.7627801093119,8622.91220011009,7850.105399978848,2.783790091742625,64.16627670031272,21.54907245822652,10.20617876874032,76.63544125668435,1.0900465725458768,False
423,12.108830585913491,284.93963466129895,7733.8790464020285,172.0445436532406,0.46484882617128653,0.5351511738287135,0.520263326598056,0.20269221069580548,0.12350763144031714,0.13864817096445012,COMPLETE,11.107978699843189,250.66181556375832,310.61328586941386,2030.2041421063277,157.82425171160878,8625.9790357942,7094.63751310023,2.7843461081462495,57.94723302774291,25.84072141534257,11.05180857117062,26.072351795446952,1.090102071053164,False
424,12.11055166518679,284.9306475642141,8106.225823950606,172.09066492851193,0.4812236474710556,0.5187763525289444,0.520263326598056,0.1768036894267038,0.22746946154975112,0.07694994220871601,COMPLETE,11.108976140482618,250.66702746210294,310.6197443117051,2030.3182421203146,157.85829940234532,8627.677434236775,7435.818925284474,2.7846540272822025,60.70121243379577,44.403451981816374,15.973564516069429,38.59748876681025,1.0901591210601573,False
425,12.108260197190011,284.9415632849262,8890.051968802069,172.02876735758554,0.3204373724016073,0.6795626275983927,0.520263326598056,0.017360003558531983,0.11909780572477491,0.18397890830330998,COMPLETE,11.107600059976626,250.66024893077386,310.61134454054434,2030.1757592657673,157.81183386381733,8625.359552771493,8155.353467278282,2.78423379605722,66.62536636079007,31.212540387769998,1.4603732365286706,28.792322369671364,1.0900878796328837,False
426,12.099875173311503,284.96855476204047,8122.086990828567,171.7970195117538,0.4812236474710556,0.5187763525289444,0.520263326598056,0.06282732224088233,0.1164031888459901,0.3019927996349609,COMPLETE,11.101923104889305,250.63849147662162,310.5843832967219,2029.7800361241375,157.62784929182646,8616.178420558013,7452.207889077132,2.782569259498907,61.02124380464562,45.26881207547169,1.0584793638145746,38.935214828032834,1.0898900180620688,False
427,12.106302033679183,284.9469053939602,8079.484165539451,171.97421803305247,0.4879260397312673,0.5120739602687328,0.520263326598056,0.1655442276895135,0.14651015256283145,0.17587130247051794,COMPLETE,11.106228296928279,250.65536583179758,310.6052935374634,2030.0924148169188,157.76782384474708,8623.16385543128,7412.056581296766,2.7838357167780203,60.58289585812,45.59908136002484,13.29505351007585,30.72287833962936,1.0900462074084594,False
428,12.101749946832154,284.95850839830166,7332.498631289809,171.8471421996309,0.48132420733896253,0.5186757926610375,0.520263326598056,0.00740504010566004,0.2335028406162187,0.2404160473008239,COMPLETE,11.102996260340259,250.64426008663727,310.5915316009334,2029.9070562708243,157.66465061460966,8618.015284658204,6727.349783282543,2.782902282417685,55.055341281082036,30.915697572698093,11.891382190361682,23.873056890974677,1.0899535281354122,False
429,12.103138699242926,284.95631426950933,8495.983794815382,171.88652515865252,0.44360637128816327,0.5563936287118367,0.520263326598056,0.034801179151483584,0.16973676774784904,0.23906806626540186,COMPLETE,11.104044629187033,250.6474262948603,310.5954550798155,2029.9513786948892,157.69757696298615,8619.658560095128,7794.65439261478,2.7832002077689966,63.76741714406236,34.601742469350974,9.098040633204446,47.69879050896118,1.0899756893474446,False
430,12.110917474941207,284.92386242572724,6901.158640590389,172.0983336068982,0.46484882617128653,0.5351511738287135,0.520263326598056,0.03679314668265793,0.3938681304150085,0.034186756978469006,COMPLETE,11.108955174929761,250.66910276723715,310.62231597323034,2030.388215495303,157.86026762009797,8627.77560923896,6330.210915236214,2.784671826381099,51.667933782271966,42.836656550463914,1.3812403986449566,53.518257016029736,1.0901941077476516,False
431,12.106123837707289,284.9467277344139,7836.990335892432,171.9689786199677,0.46484882617128653,0.5351511738287135,0.520263326598056,0.11688833582232505,0.16870951989760666,0.1792507621971511,COMPLETE,11.106070799638363,250.65507462643336,310.6049326837177,2030.091241287871,157.7631021703279,8622.92826934301,7189.598478697428,2.7837930050898065,58.76765598725365,35.88243536666756,4.506977417178151,33.89859476139259,1.0900456206439355,False
432,12.119494351584136,284.9078031517853,11259.833791350706,172.34062230591317,0.08615993560081492,0.9138400643991851,0.520263326598056,0.005636958770592301,0.05194700200903192,0.028575916813759556,COMPLETE,11.11531219111462,250.68903158975098,310.64701122659636,2030.6844725912856,158.0610349383765,8637.786781794684,10326.880328515164,2.7864868490082775,84.09116795460875,31.395288910345954,8.76803361141945,73.64488835657994,1.0903422362956428,False
433,12.10059495046053,284.96424710605766,8446.568008167911,171.81607828802703,0.49525257100033665,0.5047474289996634,0.520263326598056,0.04884051364505038,0.17433690840102078,0.27207483674871114,COMPLETE,11.102312782906864,250.64081459646616,310.58726204347784,2029.8331909889303,157.64149201717476,8616.85939416408,7749.737955256966,2.7826927198125357,63.443484132377996,38.22597531129274,5.726080924658602,57.28004061972843,1.0899165954944652,False
434,12.11893071962544,284.90959421075195,11103.74908561434,172.3249313966663,0.09614450940433539,0.9038554905956646,0.520263326598056,0.007638111332811638,0.049785788961064996,0.038720530510058235,COMPLETE,11.114935235084568,250.6874504784284,310.645051956565,2030.6570102849969,158.04863450226372,8637.168619220645,10183.856547126736,2.7863747763162015,82.94088913577477,33.386626541658316,8.197705501229755,46.42584174967598,1.0903285051424985,False
435,12.101550411066288,284.9605345543344,8058.87466519905,171.8422691210289,0.4812236474710556,0.5187763525289444,0.520263326598056,0.032987353704334796,0.1950853493126677,0.2531506539639761,COMPLETE,11.102924935569,250.6435196746738,310.5906141026206,2029.885116992572,157.66176646786514,8617.871335813797,7393.852641479831,2.7828761845347145,60.51390790375915,40.782642145667324,11.548788312621049,42.01438962952373,1.089942558496286,False
436,12.097493148894,284.97614582233007,9229.076447393689,171.7311608607758,0.4879260397312673,0.5120739602687328,0.520263326598056,0.028388406284773533,0.11734669886951968,0.34219023995090453,COMPLETE,11.100307392035015,250.63230079334892,310.57671197084096,2029.668133798621,157.5755117926975,8613.565739413472,8468.33176508361,2.7820955811791546,69.38643062949919,56.25353806608396,5.773510489466641,62.747972384215444,1.0898340668993105,False
437,12.09981385055163,284.96892339993224,8369.072277502022,171.79540703888014,0.46974947078209456,0.5302505292179054,0.520263326598056,0.05115914806916439,0.11175783770926528,0.30683138363243756,COMPLETE,11.101889302828651,250.63830857429974,310.5841566491527,2029.7756256619705,157.62668874390044,8616.120490740397,7678.838297827503,2.7825587568400847,62.87841378488842,39.92971843015762,10.264367520570069,40.324002206386076,1.0898878128309852,False
438,12.105255551209478,284.9484402370058,7718.855648636505,171.9445171771753,0.44500267090878315,0.5549973290912169,0.520263326598056,0.05246520597184187,0.19993130249964017,0.192605032948823,COMPLETE,11.105430445879078,250.6530553709381,310.6024304773765,2030.06057670667,157.74288018815054,8621.919262620317,7081.322171604122,2.7836100724690302,57.896759861868524,28.00144428393486,3.023069062345781,32.75737749240215,1.090030288353335,False
439,12.112320839027925,284.9304541871297,8722.169357642812,172.141906112544,0.46974947078209456,0.5302505292179054,0.520263326598056,0.32364018358574875,0.061910293423093135,0.0841982958191943,COMPLETE,11.11044237320491,250.6703910288035,310.62391235183026,2030.3489784059811,157.90307681699124,8629.91079094811,8000.709468095748,2.785058934194262,65.28223353334484,44.76070869915951,11.51841209208096,33.538670858422094,1.0901744892029905,False
440,12.111087361753302,284.925896384553,7662.3871918259165,172.10415269612577,0.4641592812938627,0.5358407187061374,0.520263326598056,0.0975097782099421,0.3175298550861711,0.0491191253534474,COMPLETE,11.109194051924844,250.66901833835564,310.6222113512629,2030.37191629664,157.86678539544258,8628.100712610345,7028.513928798418,2.7847307675263,57.3660277847232,25.46564705877924,16.689141511657382,36.93964006122222,1.09018595814832,False
441,12.103132347324019,284.9573143250344,8409.563210872433,171.88674885580383,0.46484882617128653,0.5351511738287135,0.520263326598056,0.08288912917886432,0.140754328757538,0.24120506276436673,COMPLETE,11.104088998922222,250.64717285863566,310.5951410285576,2029.941523973514,157.69849508852445,8619.704379152328,7715.402563224543,2.783208514750533,63.11929606827415,39.95404818099457,2.727001464000042,48.52480670069791,1.089970761986757,False
442,12.09582107192866,284.9824885932755,8644.315474634246,171.68538678596659,0.4879260397312673,0.5120739602687328,0.520263326598056,0.020254825962455685,0.08997236648225569,0.3776984112338973,COMPLETE,11.099221161039356,250.6277622120984,310.57108788473016,2029.5801518736434,157.53986990419216,8611.786258904214,7932.092304293824,2.781772961888463,65.02245820372625,47.31114316874698,5.9660172999004555,47.22397132000901,1.0897900759368218,False
443,12.113840606842187,284.92586082362504,10295.30605626785,172.18407221856538,0.18213493052403773,0.8178650694759623,0.520263326598056,0.0065629526413133335,0.053190296992696506,0.12238153960059137,COMPLETE,11.111484982947555,250.6742783954827,310.62872947060396,2030.4179415141925,157.9367596828634,8631.590583030556,9443.424455697028,2.7853634800026206,77.02722608304828,24.420260416799557,13.583316011098738,26.59216452352704,1.0902089707570963,False
444,12.100667439827522,284.9647547062629,7812.008739347371,171.81840389834574,0.4805952819119571,0.5194047180880429,0.520263326598056,0.04810117217006666,0.15332741138399578,0.2791663900062163,COMPLETE,11.102397329691772,250.6408538487592,310.58731068384884,2029.8296494876868,157.6438818865752,8616.97868100815,7167.540583901486,2.7827143464821296,58.67682204904314,29.559776185063242,5.61442646831825,35.96689692925881,1.0899148247438433,False
445,12.10711649020388,284.9441989007282,8583.448041950178,171.996703869196,0.44360637128816327,0.5563936287118367,0.520263326598056,0.12397264441302713,0.1496153315555554,0.17001814905738122,COMPLETE,11.106775054533268,250.6575080083084,310.60794806417476,2030.1317539536053,157.78560498216223,8624.051007456574,7874.247073723271,2.7839965571781526,64.3465932950391,47.658308691542544,3.8023100002814627,48.631335460400244,1.0900658769768026,False
446,12.094443038642284,284.98842879863736,8389.089659249186,171.64798174692038,0.4812236474710556,0.5187763525289444,0.520263326598056,0.02030199318384246,0.04808112112523954,0.41284001673134263,COMPLETE,11.098359641786999,250.6238859855702,310.5662845705278,2029.5010125829554,157.51126588695465,8610.358013894454,7698.174592089008,2.7815140214900786,63.12912187391819,21.131744932297465,6.79364630735337,38.88169330307546,1.0897505062914776,False
447,12.103031161920446,284.95542485232636,7758.93334414267,171.88302492085924,0.46484882617128653,0.5351511738287135,0.520263326598056,0.03179302804660151,0.2054288431176288,0.22762662783917012,COMPLETE,11.103912032444818,250.64741000540474,310.5954348943664,2029.9580411941802,157.69388371044224,8619.47424700469,7118.424481135728,2.7831667918601433,58.23589790478434,31.670394882827836,8.204470111673556,34.23249434621655,1.08997902059709,False
448,12.121619988325977,284.90190140036873,11588.751301910133,172.3997809778022,0.040879515974435954,0.959120484025564,0.520263326598056,0.01924596833117076,0.020287906055171726,0.0013456195569129966,COMPLETE,11.116800110463691,250.69424761101007,310.6534747778908,2030.7750194080577,158.1087268915964,8640.164008648593,10628.103494193314,2.7869178395346887,86.4888052096784,47.836003229598376,7.085209365454395,39.259694482160945,1.0903875097040288,False
449,12.11710327381443,284.9149276301239,10632.338720584188,172.27416560173728,0.13843882407360186,0.8615611759263981,0.520263326598056,0.008145244748701017,0.06757505324405716,0.06271844226175913,COMPLETE,11.113670240391048,250.68287104034383,310.63937724177975,2030.5763553747615,158.00791857355497,8635.13876120112,9751.860964994163,2.7860067636568564,79.4655307326019,65.41906273659366,8.708157055750332,25.466981369730895,1.0902881776873807,False
450,12.101838995019264,284.96237454093335,8075.084033843166,171.85136666447391,0.4812236474710556,0.5187763525289444,0.520263326598056,0.10016495640998448,0.11364269458094449,0.26741545364247726,COMPLETE,11.103258229260781,250.64359121890365,310.5907027582791,2029.8716638197047,157.67108634583138,8618.336489787614,7408.770128874017,2.7829605168127673,60.632778417155144,48.03214018558175,-2.994517985076686,36.90449627088485,1.0899358319098524,False
451,12.113696151015565,284.92682783111843,11119.599451340262,172.18022834202247,0.185236051395691,0.814763948604309,0.520263326598056,0.020636081985654163,0.03587449676906854,0.12872526028424305,COMPLETE,11.111415631223302,250.67370445773,310.62801826259306,2030.4055492219795,157.93413147701855,8631.459518534892,10199.569942672362,2.7853397180482715,83.19890593985696,28.808657080204682,8.085650079773929,75.91995959355644,1.0902027746109897,False
452,12.114649848991602,284.92009883678446,9798.06906006379,172.20507131337746,0.24226149259551066,0.7577385074044893,0.520263326598056,0.02412002218602837,0.14840379802103262,0.06973742418004814,COMPLETE,11.111881757881575,250.67700324083816,310.6321060246572,2030.4857382321898,157.9511099696449,8632.306190537734,8987.05172729769,2.78549321943229,73.28336036642918,18.58202585831584,12.385077449811083,50.07970155597818,1.0902428691160948,False
453,12.105790286777912,284.9507649773851,8308.895148040714,171.9610614678549,0.4879260397312673,0.5120739602687328,0.520263326598056,0.20456232669952604,0.08279801765520822,0.2005653645059339,COMPLETE,11.105986157025885,250.65363010699875,310.6031426746289,2030.0477896543262,157.75898334331606,8622.722759282908,7622.672482201129,2.783755746176615,62.31463907440095,34.893686750720654,5.568719549355864,45.17340778344016,1.090023894827163,False
454,12.114996682698113,284.92135368273057,10338.86342046271,172.21571185007252,0.1844568197848862,0.8155431802151138,0.520263326598056,0.014338165958758203,0.07724418350194524,0.09287416164735687,COMPLETE,11.11222930470374,250.67744355744293,310.6326516529857,2030.4799650003456,157.96128798646882,8632.813719742713,9483.107927076113,2.785585234327235,77.32348276468886,57.516750325294595,9.786408235041165,33.15643031566965,1.0902399825001727,False
455,12.113570888943574,284.92450896148875,9675.305146916362,172.17569568276858,0.23126735806657395,0.768732641933426,0.520263326598056,0.009448272915342832,0.12161618907323038,0.10020269267242561,COMPLETE,11.111192724513545,250.67410106439604,310.6285097267575,2030.4267443257609,157.9284386699351,8631.175623546258,8874.689481859381,2.7852882479706906,72.39127853180611,32.040328249147294,10.13178524777596,23.323181659957484,1.0902133721628804,False
456,12.109013756690524,284.93219994207834,7674.004155005337,172.04668454987535,0.44360637128816327,0.5563936287118367,0.520263326598056,0.02499113341978425,0.3268697426629163,0.09174495718799511,COMPLETE,11.107770905328529,250.6637560147175,310.6156904233231,2030.2779081231656,157.82087586988135,8625.810629201005,7039.473386776917,2.7843155760806484,57.49043033818663,30.4074313464478,9.73912895898212,42.918027121796484,1.090138954061583,False
457,12.11383928749979,284.9173348196871,7960.851864092392,172.18040424307497,0.37373546906687827,0.6262645309331217,0.520263326598056,0.04439381632315664,0.31258295213729476,0.016758243769442936,COMPLETE,11.111069536948527,250.6761225210777,310.6310146607488,2030.4992304686189,157.927507459905,8631.129184494492,7301.861658883958,2.785279828584323,59.55050357118597,46.12600537729115,3.616457965123804,32.70120856099178,1.0902496152343095,False
458,12.107649828916722,284.93743381160266,7141.574389045181,172.0093117232154,0.46484882617128653,0.5351511738287135,0.520263326598056,0.04595273954009121,0.2995234414950084,0.11937217225701871,COMPLETE,11.106890180741953,250.66000037485816,310.6110365368321,2030.2051936931848,157.79185575816206,8624.362865053112,6551.286465791438,2.7840530968682864,53.52458402371859,28.220465224100206,1.913049491456475,32.838065671625756,1.0901025968465925,False
459,12.105872570076404,284.949122727596,9192.872428766037,171.96269577986791,0.46484882617128653,0.5351511738287135,0.520263326598056,0.14807813368933004,0.12159613820788688,0.19517434669263037,COMPLETE,11.105978487950907,250.65406229443047,310.60367822950775,2030.0641128938437,157.75930144696756,8622.738631249398,8433.579888220173,2.7837586237594514,68.94188943441007,46.432175017609715,15.301581696729503,64.18594528292789,1.090032056446922,False
460,12.111101011963672,284.92501717049976,7524.5958407078715,172.10418704330246,0.44760341884359967,0.5523965811564003,0.520263326598056,0.05799600140629504,0.34298508132825045,0.04662182539021727,COMPLETE,11.109161911032647,250.66925258819512,310.6225016272756,2030.3806819911388,157.86618223578805,8628.070627583387,6902.093659934979,2.784725313119799,56.33384856740249,33.605570445128606,7.167530264797119,57.580403142723796,1.0901903409955693,False
461,12.101184010625175,284.9630693216512,9181.823331320813,171.83265643460774,0.4812236474710556,0.5187763525289444,0.520263326598056,0.057727171506269555,0.15385507166731394,0.26964109488463356,COMPLETE,11.10274677246858,250.6421822784324,310.58895683767133,2029.854095318541,157.6551905961375,8617.543126793847,8424.254954530868,2.7828166803363468,68.95503484268795,29.622259164237335,17.41391811447642,68.05443953228058,1.0899270476592706,False
462,12.100694234747277,284.96380268997365,8434.061540595134,171.81878043773085,0.46974947078209456,0.5302505292179054,0.520263326598056,0.016190024411996937,0.17834223193789506,0.2752168658879494,COMPLETE,11.102373186984545,250.64111653459824,310.5876361969767,2029.8392165259002,157.6435354820027,8616.961390783963,7738.241863578219,2.7827112117695925,63.34811711427955,27.439250196077193,8.769871102297323,51.07278366466291,1.08991960826295,False
463,12.10048309581858,284.96389411302897,8338.531667759993,171.81265041017568,0.4812236474710556,0.5187763525289444,0.520263326598056,0.014808662503936372,0.1936888423800607,0.2727258237812259,COMPLETE,11.102204643249483,250.64062857787667,310.58703153431475,2029.8342733983172,157.63826865821616,8616.69850350887,7650.610662947684,2.7826635503842714,62.63385619108591,47.02984275128539,2.955650872167744,55.41865010369865,1.0899171366991587,False
464,12.10141882725411,284.96204011215974,8486.962138392959,171.83900261126502,0.4812236474710556,0.5187763525289444,0.520263326598056,0.05646146525068287,0.16103284330354073,0.26372903628807376,COMPLETE,11.102894197466386,250.64281248205953,310.58973776881936,2029.8674493386743,157.66004732388413,8617.785532083266,7786.677250461007,2.7828606283437143,63.73201526684853,44.503359608307086,-0.7987831571212203,57.27103118571524,1.0899337246693372,False
465,12.098776451408222,284.97339286626004,8161.241598943864,171.76722225159446,0.4812236474710556,0.5187763525289444,0.520263326598056,0.07174955884125893,0.07912967668805115,0.3303436735990038,COMPLETE,11.101241836747619,250.63536748031055,310.58051212568995,2029.7158605010363,157.60514970250435,8615.045311939284,7488.353639880287,2.782363827241037,61.33637110893456,31.313931300453817,12.869255311852253,35.60597145128305,1.0898579302505182,False
466,12.103138088124135,284.9596446394388,8258.438087608361,171.88786049975053,0.4812236474710556,0.5187763525289444,0.520263326598056,0.15616493181084995,0.07109305696806122,0.2539653654892357,COMPLETE,11.104209857674084,250.64661340209238,310.59444776526647,2029.9188313718141,157.70115659910346,8619.837201109534,7576.830814761445,2.7832325953321395,61.986595022004124,56.46476815135789,3.79783768772258,25.918183290721494,1.0899594156859072,False
467,12.104626547161741,284.94737289373205,7611.469675545002,171.92583696623308,0.49525257100033665,0.5047474289996634,0.520263326598056,0.03375472837047091,0.29038176616628797,0.17111572910870773,COMPLETE,11.104853169546614,250.65212155510056,310.6012733182574,2030.0606207665774,157.72573966844885,8621.063960817044,6982.805526635834,2.7834550065047416,57.09874673591103,35.54410907241995,10.563176865719962,45.69768990130677,1.0900303103832887,False
468,12.116776048268727,284.917594115758,10857.068953193984,172.2657505844927,0.13462161547469048,0.8653783845253096,0.520263326598056,0.035960587650034695,0.01610193254013179,0.08255899997019288,COMPLETE,11.11353042748026,250.68160097307356,310.6378034090553,2030.5449001710126,158.00247962881434,8634.867587934492,9958.124643379278,2.785957600023718,81.15584653941978,35.357426653208975,9.368656240585702,32.10752152747142,1.0902724500855063,False
469,12.097983281833638,284.9753916966574,7783.927637437422,171.7450646179536,0.4879260397312673,0.5120739602687328,0.520263326598056,0.0543570308423461,0.09449619015303055,0.33907225937190527,COMPLETE,11.10067839905613,250.63341500072687,310.57809266623735,2029.6835917455828,157.58715188603395,8614.146847922777,7142.254652845024,2.7822009359802395,58.51368570924141,49.03330805353026,7.9948344056252605,27.58343367656635,1.0898417958727915,False
470,12.104307204868354,284.94988854320223,7565.630498723514,171.9176730639774,0.4879260397312673,0.5120739602687328,0.520263326598056,0.05144311957652719,0.24762896138526772,0.18885285128481158,COMPLETE,11.104707284594877,250.65101452154386,310.59990151246467,2030.0317459353805,157.72033905883615,8620.79446420445,6940.844336629005,2.7834061468484848,56.76165512355301,35.076221871615935,11.770741360827863,33.65249603304952,1.0900158729676903,False
471,12.111732597375573,284.921135023093,6798.393980515107,172.12082456110633,0.4849571989073016,0.5150428010926984,0.520263326598056,0.074263679624259,0.3980786380605811,0.012614252747126532,COMPLETE,11.109502138793731,250.67123220338357,310.6249547124296,2030.4276098173855,157.8780453761744,8628.66233940101,6235.835530521909,2.7848325902975497,50.88502181650742,34.178048179735086,3.7459817520686376,73.95131900517798,1.0902138049086927,False
472,12.109402459145851,284.93603570208234,7718.8781922597,172.05959011432117,0.46484882617128653,0.5351511738287135,0.520263326598056,0.1739293676104645,0.1756216471421263,0.11529726614391266,COMPLETE,11.108281486485131,250.66365489571317,310.61556511941063,2030.2476780731085,157.8349027449822,8626.510359696273,7080.735156733756,2.7844424370127485,57.82316550594757,24.130419970831603,4.839488181326352,43.978193545455376,1.0901238390365542,False
473,12.099611563832134,284.97225360880645,7648.253869002896,171.79095886394066,0.4812236474710556,0.5187763525289444,0.520263326598056,0.12008445181396521,0.035050310345144144,0.32608850884289853,COMPLETE,11.10188217950168,250.6372081426859,310.5827930243075,2029.7405823982967,157.6251414972737,8616.04325817801,7017.581753318345,2.782544754599338,57.46800677982967,27.13107474995736,8.32336981562955,23.242822773837997,1.0898702911991485,False
474,12.10093634497091,284.96548199228255,8468.448158864572,171.82649736130688,0.4812236474710556,0.5187763525289444,0.520263326598056,0.08881103354172648,0.10718806748252947,0.2852242191523444,COMPLETE,11.102657619811705,250.64118721733433,310.58772378509565,2029.826985455782,157.65150033260966,8617.358938743298,7769.835143217933,2.782783287097189,63.60370539998036,22.211571319502458,12.984002397780932,49.0093333099194,1.089913492727891,False
475,12.101664203811003,284.9614107076566,8201.26714146811,171.84586136297938,0.46484882617128653,0.5351511738287135,0.520263326598056,0.04393739498957207,0.15683515659448372,0.26407599372411655,COMPLETE,11.103067483204974,250.64342921478172,310.59050200718934,2029.8776278927517,157.66560394410732,8618.062865408347,7524.520676324501,2.782910908793631,61.58257259081939,32.673273762699864,0.6800160250574616,46.622656556392236,1.089938813946376,False
476,12.120474944395284,284.90577786766204,11508.757434351237,172.36818983224768,0.05988106590962561,0.9401189340903744,0.520263326598056,0.022316954001764915,0.014875653748365865,0.022688433099112643,COMPLETE,11.116033763452668,250.69125863494054,310.6497709202599,2030.7193469032131,158.08379017412176,8638.921070350785,10555.01016276537,2.7866924951884444,85.92437978527778,61.57650307982432,13.351550468548748,28.969392290112182,1.0903596734516066,False
477,12.106606026419383,284.94057665332593,7488.676224490187,171.98032113574135,0.4812236474710556,0.5187763525289444,0.520263326598056,0.04341389234684467,0.30339101393571777,0.13441829443547038,COMPLETE,11.106175853221025,250.6572762093476,310.6076608252241,2030.1574522896126,157.76871615866708,8623.208376697352,6869.84897960057,2.783843788470409,56.14367851785743,55.87728760056385,3.152547687240846,48.37969436594253,1.0900787261448064,False
478,12.102409322158927,284.95764798842794,7950.379751770972,171.8658986104045,0.48132420733896253,0.5186757926610375,0.520263326598056,0.04676472299347211,0.19749059646341705,0.23706840664714532,COMPLETE,11.103504060840143,250.64569644197732,310.5933114932989,2029.9261306782828,157.68047934443405,8618.805279645907,7294.173540914632,2.7830455082756007,59.683887984084166,25.30710017377295,14.29706829192121,39.67575038827677,1.0899630653391414,False
479,12.106511996108436,284.9476056092112,8066.470753991447,171.98065065939608,0.4641592812938627,0.5358407187061374,0.520263326598056,0.17007278134097992,0.10741832312487232,0.18666796131992675,COMPLETE,11.10643446097959,250.65567606416408,310.6056779689514,2030.0897558334195,157.77391751804288,8623.467891785154,7400.127203393735,2.783890838479169,60.4829627319116,37.704071836863214,5.541012554149344,30.393619756253145,1.0900448779167098,False
480,12.09949779639343,284.9726533195341,9350.790369100945,171.78781693433487,0.4849571989073016,0.5150428010926984,0.520263326598056,0.12367521804290721,0.03370127546002277,0.32758031767814333,COMPLETE,11.10180759404742,250.63688690351702,310.58239495349017,2029.734731284832,157.62268175914738,8615.920476811565,8579.7507695711,2.7825224943738696,70.26297698905941,50.79234160205361,8.966620326937008,54.19667971307523,1.089867365642416,False
481,12.111658196443022,284.93095404831706,9409.590609281919,172.1228577700099,0.2685532709092739,0.731446729090726,0.520263326598056,0.026092224599496987,0.110189233878952,0.1322715439273671,COMPLETE,11.10991635610316,250.66898482072895,310.62216981713397,2030.3329220907344,157.88676676492162,8629.097332553427,8631.333787556632,2.7849114544275912,70.44554648451222,35.621406255876174,1.6544709880914117,31.208324477912356,1.0901664610453672,False
482,12.111028591601523,284.93190354953504,9489.209294315104,172.1049742600491,0.29342055901043956,0.7065794409895605,0.520263326598056,0.02015362728686139,0.1419044550651943,0.131362269266385,COMPLETE,11.109438829335913,250.6675636859587,310.6204087856835,2030.3132953251934,157.87178349924216,8628.350011094417,8704.445654357016,2.7847759652678223,71.05411276379927,58.89345752195342,13.61434752073692,37.701415921977016,1.0901566476625968,False
483,12.113327607453042,284.92619401160266,9105.036640309349,172.16926836454869,0.372719737092165,0.627280262907835,0.520263326598056,0.20162018902724974,0.09145041723477465,0.079648663748639,COMPLETE,11.111077250125076,250.67315429340505,310.62733651396553,2030.4056141031124,157.92407362275918,8630.957939329788,8351.690695911744,2.785248781886546,68.12745319473626,45.36837831627139,7.893381883027422,29.54534760585537,1.0902028070515561,False
484,12.12038437055356,284.90525392838595,11262.551690129922,172.36531662718656,0.06379015139778188,0.9362098486022181,0.520263326598056,0.006111164310112631,0.03983303245956533,0.01784589174083487,COMPLETE,11.115934078510895,250.69117237071765,310.6496640239875,2030.7226068359741,158.0809187623112,8638.777942423521,10329.192401477267,2.7866665461375093,84.08775597618819,29.787565754548652,1.0697597911349983,28.646078303222225,1.090361303417987,False
485,12.103500747660744,284.95555395072836,9007.432605471788,171.89664826399877,0.4812236474710556,0.5187763525289444,0.520263326598056,0.09779786904898595,0.15644135025356856,0.22698380301049897,COMPLETE,11.104312971901999,250.64819804713153,310.59641141418297,2029.9639074091406,157.70595804798967,8620.076813339332,8263.836456060419,2.783276036958624,67.59837637688983,36.92523616105211,6.356557576046232,73.97461641822945,1.0899819537045703,False
486,12.107220112169497,284.9437568737515,7752.080029475136,171.99954195010622,0.4879260397312673,0.5120739602687328,0.520263326598056,0.17754475819855853,0.153489860855864,0.15689114580454408,COMPLETE,11.106838664431821,250.65782893589972,310.60834574889367,2030.1379272648055,157.78776177330792,8624.158612649184,7111.550083623261,2.7840160659677884,58.11129204612528,17.31542950796475,4.240758696274405,55.78793826566957,1.0900689636324028,False
487,12.104418994084009,284.9497670019966,7796.8436885842475,171.9207865294842,0.46974947078209456,0.5302505292179054,0.520263326598056,0.03812477867029001,0.23835510124140669,0.1932691985452873,COMPLETE,11.10479954774105,250.6511399662251,310.60005696009256,2030.0337668492725,157.7230491965777,8620.929703747628,7152.956809336726,2.783430665737715,58.495021489244415,64.8568624244264,1.2727526309403037,43.59827548440381,1.0900168834246362,False
488,12.101736357041782,284.9627509080608,8053.671805389538,171.84852786002708,0.48132420733896253,0.5186757926610375,0.520263326598056,0.09996763810019765,0.11160146808217601,0.26975478775447104,COMPLETE,11.103192391119745,250.64328272108378,310.590320476194,2029.8661017025456,157.66888408953912,8618.22657665346,7389.143580056923,2.7829405895940122,60.47391914635166,41.57121341607013,12.80322265554487,31.85738160352171,1.0899330508512728,False
489,12.110350216192877,284.93377906924707,8143.1711932972785,172.08612980949124,0.49325762439648985,0.5067423756035101,0.520263326598056,0.24502778569712064,0.15227438023941114,0.09595505397337686,COMPLETE,11.10896180738242,250.6659361276353,310.6183919597954,2030.2847873948022,157.85656149545036,8627.590746679427,7469.823428917708,2.7846383108536616,60.98355553738114,30.51146514826135,8.113488921841343,74.36664826219823,1.090142393697401,False
490,12.10139780092596,284.96081799395824,7463.52196859253,171.83786485227972,0.49525257100033665,0.5047474289996634,0.520263326598056,0.04525110388473832,0.1979217916383766,0.25207938621642323,COMPLETE,11.102817905040885,250.64302432499136,310.59000027880313,2029.8786406163972,157.65819403936146,8617.69303278969,6847.6490658967095,2.7828438582491124,56.04570452641403,34.721507744912394,8.20607760900936,30.928939562815188,1.0899393203081986,False
491,12.10139780092596,284.96081799395824,7864.267357387351,171.83786485227972,0.49525257100033665,0.5047474289996634,0.520263326598056,0.04525110388473832,0.1979217916383766,0.25207938621642323,COMPLETE,11.102817905040885,250.64302432499136,310.59000027880313,2029.8786406163972,157.65819403936146,8617.69303278969,7215.325854253609,2.7828438582491124,59.05501537794394,41.55206446152538,18.64457667434404,33.466456835030556,1.0899393203081986,False
492,12.120136803518804,284.90686723867753,11546.309841207389,172.35878765206354,0.05089123631020187,0.9491087636897981,0.520263326598056,0.005186092388743169,0.013354904454258291,0.03235018609943432,COMPLETE,11.11580797631453,250.69031527368975,310.648601932725,2030.70280259326,158.07636643296553,8638.551025156818,10589.530886535007,2.7866254061040845,86.21487056363665,26.063236223480274,3.308132504859002,47.67039648254688,1.09035140129663,False
493,12.102674932140795,284.9584164706992,8372.377274894507,171.87392061524577,0.4879260397312673,0.5120739602687328,0.520263326598056,0.09559572740399788,0.1503725853203276,0.2419567432739042,COMPLETE,11.103763245461536,250.64602256453392,310.59371561547715,2029.923088163384,157.68805931593852,8619.183574236846,7681.351071838369,2.783114092973195,62.848113891503466,26.82829641794207,9.32362176135297,54.70257862451649,1.0899615440816919,False
494,12.11890462766871,284.91089698216285,11330.76815952964,172.3247419863281,0.08034068662977784,0.9196593133702222,0.520263326598056,0.016343257397884465,0.012231078788287823,0.05176628488497402,COMPLETE,11.114975981134403,250.68713804628615,310.6446647991749,2030.6443213621492,158.0493804497972,8637.205805423499,10392.128646135032,2.786381518163795,84.63920401627873,51.29500569818913,5.921916125066188,35.516578147044044,1.0903221606810747,False
495,12.104829320203313,284.95067513802735,8649.160514087574,171.93309209578476,0.4812236474710556,0.5187763525289444,0.520263326598056,0.10882307619001666,0.17407770888531132,0.19832216676076592,COMPLETE,11.105184491674443,250.65174685594096,310.6008090012775,2030.0320974907359,157.7344593170747,8621.499071790502,7934.892815608491,2.783533891995704,64.88303712097624,42.338212055688004,-1.4729410224652753,72.2197408499562,1.0900160487453678,False
496,12.118365068414626,284.91252183497403,11220.315303830499,172.30974786149486,0.08668679764737741,0.9133132023526226,0.520263326598056,0.010594737767281944,0.015186041598535207,0.06090595036418891,COMPLETE,11.114606607896427,250.68573733173463,310.64292907190253,2030.619700890731,158.03741275116465,8636.609193799999,10290.941881564462,2.7862733526526857,83.82880045824007,34.14357770860184,6.753588817206433,33.35120681538603,1.0903098504453657,False
497,12.099465386945523,284.96900896161736,9000.050520624221,171.7853394785992,0.49525257100033665,0.5047474289996634,0.520263326598056,0.0538669548149523,0.14130974348874048,0.3000755283603289,COMPLETE,11.101603015426333,250.6376289312063,310.58331445396635,2029.7690604019258,157.61792622831692,8615.683095002392,8257.801878300546,2.782479457121986,67.62442966519849,29.57572006664781,9.94389493357774,65.49435399844089,1.089884530200963,False
498,12.106805112771417,284.93973317580264,7256.288927960693,171.98577990484898,0.48132420733896253,0.5186757926610375,0.520263326598056,0.04160789747515768,0.3108893169411794,0.12882656475429113,COMPLETE,11.106298097651338,250.65789715974424,310.6084302900212,2030.169306878528,157.7728659533243,8623.41542566207,6656.6288270060395,2.783881326386552,54.39788757028368,16.486396773304392,0.6891538094885559,56.35193658826691,1.090084653439264,False
499,12.099485660720477,284.9679514657999,8613.739534799506,171.7854584482974,0.4812236474710556,0.5187763525289444,0.520263326598056,0.01579540758567812,0.16908876287676788,0.2963391369597993,COMPLETE,11.101569853216569,250.63786749540887,310.5836100762201,2029.7792241454522,157.61730045449272,8615.651857993607,7903.313729560281,2.78247379386152,64.72087496504706,29.206614359452296,11.294991885883793,54.31060342644391,1.0898896120727262,False
500,12.09417914221137,284.98959212828964,8247.63880925783,171.64082042651484,0.4812236474710556,0.5187763525289444,0.520263326598056,0.022637918450208912,0.03910245108459714,0.4194827905795798,COMPLETE,11.098196516295058,250.6231241916251,310.5653405762464,2029.4854910802756,157.5058160551828,8610.085880612682,7568.427358669717,2.7814646838064774,62.069655948437514,28.413546958612212,7.5229548540712425,35.273938673719876,1.0897427455401378,False
501,12.107497479431022,284.94317900125264,7971.238391225045,172.00729840342407,0.4812236474710556,0.5187763525289444,0.520263326598056,0.18259664542842308,0.14287027010829823,0.1557563838072029,COMPLETE,11.107044648180478,250.65841433793258,310.6090711631279,2030.147440285015,157.79418880122824,8624.479261410721,7312.568172162659,2.784074199493539,59.74952140511852,34.110217416496205,4.780903345610518,42.269016983538826,1.0900737201425075,False
502,12.106559259663921,284.9402952534787,8033.5718431765235,171.9788547320828,0.4911893084543032,0.5088106915456968,0.520263326598056,0.04492962723906911,0.3163556703164242,0.12990354854803457,COMPLETE,11.10612256721065,250.65726302217803,310.6076444840432,2030.1594906591304,157.76722342463873,8623.133897896789,7369.710223124753,2.7838302854858665,60.229124666204825,39.66068246578158,19.557566331089166,53.13849309557899,1.0900797453295652,False
503,12.120316733357402,284.90588264626535,11410.82870469002,172.3636292893417,0.05601945108402617,0.9439805489159738,0.520263326598056,0.004741109016856462,0.0272437841780804,0.024034509100448846,COMPLETE,11.115907711545514,250.69092125188791,310.6493528443821,2030.7156100744992,158.07987845187506,8638.726086965624,10465.214860639435,2.78665714475831,85.19741754425779,41.10054228299112,5.493190704255683,33.76337918249713,1.0903578050372496,False
504,12.103217697888619,284.9565555902693,8010.8073328789715,171.88882148456847,0.4812236474710556,0.5187763525289444,0.520263326598056,0.09569379529136379,0.1523487656266982,0.23318084602905598,COMPLETE,11.104128482994788,250.6473817676835,310.5953999029523,2029.9491452974207,157.69984529718639,8619.77176108269,7349.535974414686,2.783220731074603,60.12422966707101,37.10027189856225,5.438749324424672,40.610452612666975,1.0899745726487104,False
505,12.100195651145203,284.9661275986928,7851.350310209676,171.80530772749316,0.4812236474710556,0.5187763525289444,0.520263326598056,0.03739074653158234,0.15734371404120542,0.2864888704695362,COMPLETE,11.102070677697856,250.63966343961312,310.5858355612996,2029.808794669702,157.63337421851824,8616.454199507509,7203.705507940535,2.7826192581409885,58.98044399634876,33.15589226623482,11.864974677843637,33.39462546731915,1.089904397334851,False
506,12.10270324393109,284.9554664050572,7356.7584497618245,171.87348384035877,0.49525257100033665,0.5047474289996634,0.520263326598056,0.04212894034805504,0.23308352967441662,0.220039831675022,COMPLETE,11.10364387316415,250.64670865880368,310.59456580478525,2029.9516234812822,157.6855944774451,8619.060562204602,6749.469456586767,2.783091790928085,55.22148854340484,56.423435626701696,0.33993298819466844,35.10518255463892,1.089975811740641,False
507,12.100345953437115,284.96419938475464,8046.266678342262,171.80885310312524,0.4812236474710556,0.5187763525289444,0.520263326598056,0.008330980818966235,0.199042387507211,0.27384996490236646,COMPLETE,11.102101944602945,250.64037490638063,310.58671719151494,2029.8297320300585,157.63511303529287,8616.540992275233,7382.472640052337,2.7826349936441397,60.44080056878334,35.887613859325356,11.07833709186207,42.55611348795609,1.0899148660150293,False
508,12.1042038651657,284.9488060766349,7263.406803240998,171.91419736875605,0.4879260397312673,0.5120739602687328,0.520263326598056,0.018617724334284328,0.2881938303495041,0.1811137827915755,COMPLETE,11.104569767958493,250.6510264121869,310.5999162470252,2030.040130882258,157.71654377681818,8620.605072588938,6663.5532991784985,2.783371810204536,54.49487382849976,53.214686319169694,-2.467004967965919,47.19688189436092,1.090020065441129,False
509,12.098509634059285,284.97375399693294,7955.194608983827,171.759590290148,0.4812236474710556,0.5187763525289444,0.520263326598056,0.05737621518277955,0.09178126949920902,0.33206579602033887,COMPLETE,11.10104016181256,250.63471101564565,310.57969865258013,2029.7073891648474,157.5987594884995,8614.726313559258,7299.323430776505,2.7823059929289666,59.79216101864194,15.23635906768156,10.723880693861435,35.00627424767854,1.0898536945824238,False
510,12.098693750278672,284.9711866046018,8617.266561204227,171.76387558507162,0.4812236474710556,0.5187763525289444,0.520263326598056,0.01689558574758491,0.14927014550525097,0.3150575524844065,COMPLETE,11.101066581010691,250.63567065483664,310.5808878112946,2029.7353726306815,157.6006681744794,8614.821595494106,7906.708923849055,2.782323267515609,64.76306962767096,42.68957524220673,9.910353679062622,51.728690623276506,1.0898676863153407,False
511,12.108424624560156,284.9318811959894,7174.90297755465,172.02937686253142,0.4812236474710556,0.5187763525289444,0.520263326598056,0.012345767607630372,0.3892986080880163,0.07957880609614394,COMPLETE,11.107269539643204,250.66259426078113,310.61425080952813,2030.2702421767485,157.8055541323904,8625.04626987551,6581.663904554635,2.7841769979607176,53.759027333017734,62.80657692066807,7.441549366403558,48.10175331508502,1.0901351210883743,False
512,12.108694173023164,284.9373748274802,7848.7484801172905,172.03958909363993,0.46974947078209456,0.5302505292179054,0.520263326598056,0.14576631791867667,0.20260687891588441,0.12137605594439875,COMPLETE,11.107757511383426,250.6619950843432,310.6135083264269,2030.222994715893,157.8183419866724,8625.684223235654,7199.950187792666,2.7842926587164687,58.80817891315734,30.372527444760898,3.3468473105503365,53.063487374320275,1.0901114973579464,False
513,12.099170935663151,284.9704004190092,8691.54688386335,171.7773770995818,0.4879260397312673,0.5120739602687328,0.520263326598056,0.04972230396400612,0.12804180275041666,0.3101614213467684,COMPLETE,11.101426158120042,250.63674607537223,310.5822204430938,2029.7507389288571,157.61194528507812,8615.384539332523,7974.808062810365,2.782425329067228,65.31267062650285,63.41978496415945,2.1140477969295444,52.30236649420914,1.0898753694644285,False
514,12.110611291650663,284.92687910274947,7243.463538413898,172.09073485944916,0.4849571989073016,0.5150428010926984,0.520263326598056,0.10218909954317289,0.3327675497268396,0.050000001912213904,COMPLETE,11.108846410382672,250.66787360128887,310.6207928243087,2030.3544390228872,157.85574288240088,8627.549913740719,6644.2991183213435,2.7846309078539355,54.23703622032707,32.56403407949458,6.008534822709477,59.94275355213319,1.0901772195114436,False
515,12.111432797583316,284.92890369687336,8208.802819998891,172.11547092677523,0.4849394133538195,0.5150605866461805,0.520263326598056,0.2236570777299697,0.1945603199198062,0.06672162443022858,COMPLETE,11.109627147123007,250.66904140018718,310.6222399288556,2030.3491039246514,157.87881914594828,8628.700932874095,7529.805942748304,2.78483958728282,61.453133337148,40.05953017009555,15.25751298568651,54.35354877006825,1.0901745519623258,False
516,12.117727475131293,284.9125977165481,10564.589417746536,172.29130262287777,0.1399895468301421,0.8600104531698579,0.520263326598056,0.015194491059039254,0.07774964586317698,0.047045253548188316,COMPLETE,11.114076716477754,250.68456600802017,310.6414775994996,2030.6089312242239,158.02127576002457,8635.804700472612,9689.577316199866,2.7861274982500674,78.94263735039216,36.887766694846185,8.68451854312894,23.472254321991226,1.090304465612112,False
517,12.107878793939372,284.9407812390644,9049.937695133309,172.01735503013703,0.38474646659596845,0.6152535334040315,0.520263326598056,0.044234601740607636,0.17812125320364228,0.16238965935443742,COMPLETE,11.10724510157524,250.65967550981327,310.6106339729281,2030.1767554804787,157.80129257659843,8624.833666154022,8302.022001091225,2.7841384529688127,67.82829529413232,46.83050780174344,3.0641292829600286,63.98458843065566,1.0900883777402393,False
518,12.100293719539383,284.96705015139264,8109.247198394797,171.8085010497915,0.4879260397312673,0.5120739602687328,0.520263326598056,0.07536089898718162,0.12055028303297909,0.2920143759780228,COMPLETE,11.102199931944067,250.63958819297483,310.58574231771746,2029.801083337281,157.63686178809695,8616.628280527733,7440.355232762357,2.782650818978534,60.91699433480322,37.06377923316566,4.011045975235307,40.92634154768011,1.0899005416686405,False
519,12.110890290669063,284.9258734557736,7171.02184872641,172.098383117349,0.4812236474710556,0.5187763525289444,0.520263326598056,0.10078006376366293,0.33568214717380435,0.044760399450855165,COMPLETE,11.10903135050535,250.66859049694702,310.6216811818573,2030.3683703022652,157.86174984137284,8627.849542268812,6577.807627737957,2.784685230417572,53.6899516006021,30.041260775801085,5.68983080184978,55.945912685049265,1.0901841851511327,False
520,12.103713878868444,284.9508366545505,7079.684888598254,171.9008347994472,0.4812236474710556,0.5187763525289444,0.520263326598056,0.012087604603690613,0.2740996520923027,0.195035932337762,COMPLETE,11.10426090093142,250.6496376572112,310.5981953397331,2030.0125171506352,157.70628236954215,8620.092998202845,6495.086457440793,2.7832789712695982,53.12480521395378,30.240026383207628,5.936230397863799,24.74645226710985,1.0900062585753176,False
521,12.105921660032969,284.9426320625676,7197.848085476518,171.9613327604076,0.4812236474710556,0.5187763525289444,0.520263326598056,0.028065080002430874,0.30669535648087476,0.1464626067933336,COMPLETE,11.105705932706707,250.6555206204384,310.6054853473258,2030.1264563255886,157.7535397191898,8622.451144077417,6603.1473216538625,2.7837065024200913,53.97453619410065,58.71213027917413,5.65659326032147,29.392540358307116,1.0900632281627942,False
522,12.101324565095304,284.961435458601,7494.626871430553,171.83604575220866,0.4812236474710556,0.5187763525289444,0.520263326598056,0.03411873901234169,0.18818821842988767,0.25891639292257057,COMPLETE,11.102784108438131,250.64281351971738,310.58973905465666,2029.8720837773076,157.65699926249724,8617.633399994393,6876.207945599979,2.78283304684094,56.281004498671194,23.9839098140278,6.939426616374211,30.31712727651754,1.089936041888654,False
523,12.101550411066288,284.9605345543344,7659.360956941695,171.8422691210289,0.4812236474710556,0.5187763525289444,0.520263326598056,0.032987353704334796,0.1950853493126677,0.2531506539639761,COMPLETE,11.102924935569,250.6435196746738,310.5906141026206,2029.885116992572,157.66176646786514,8617.871335813797,7027.306987176236,2.7828761845347145,57.513968488870916,41.61627534661992,8.803236763432157,32.07881550255557,1.089942558496286,False
524,12.107015408428696,284.9380826430903,7571.072810834909,171.99117563382688,0.4879260397312673,0.5120739602687328,0.520263326598056,0.03173285213051095,0.33969802173162134,0.11649448271369517,COMPLETE,11.106393395010516,250.65864834740705,310.6093611412868,2030.1884694391797,157.77642900576296,8623.593197718685,6945.337907215382,2.783913556407905,56.75318276974124,44.802479826189185,10.102983310061612,53.62660667698876,1.0900942347195899,False
525,12.106560032623188,284.9409507517669,7234.970605506173,171.97916150905044,0.4812236474710556,0.5187763525289444,0.520263326598056,0.04729519039377535,0.29718494715045324,0.13674302323309523,COMPLETE,11.106154685978796,250.65713075945644,310.60748058768564,2030.1533248780293,157.7679510395646,8623.17020171915,6637.12090608209,2.7838368673581364,54.2425194221806,37.31684515107621,7.195142653471594,29.67071350323092,1.0900766624390146,False
526,12.094443038642284,284.98842879863736,8215.652602041013,171.64798174692038,0.4812236474710556,0.5187763525289444,0.520263326598056,0.02030199318384246,0.04808112112523954,0.41284001673134263,COMPLETE,11.098359641786999,250.6238859855702,310.5662845705278,2029.5010125829554,157.51126588695465,8610.358013894454,7539.021596786996,2.7815140214900786,61.82398275076231,30.42315680807826,9.741679451181257,34.88690239719338,1.0897505062914776,False
527,12.117157782609567,284.916241449576,10989.957066856821,172.27626878803417,0.14431527662012789,0.8556847233798721,0.520263326598056,0.05260835160469209,0.020237844065702896,0.07146899043890677,COMPLETE,11.1137820451341,250.68263281397148,310.63908203815595,2030.5642279829972,158.01072637735436,8635.278750055812,10079.920532331611,2.7860321435948605,82.13848762409503,47.79467609531487,10.425173311659167,44.9186043896697,1.0902821139914987,False
528,12.103309042968133,284.95887380857926,7720.309215705207,171.8924799602905,0.4812236474710556,0.5187763525289444,0.520263326598056,0.15464920133780544,0.07717352274791571,0.24940009447847628,COMPLETE,11.104315636417024,250.64708805753327,310.59503594534414,2029.9288563583104,157.70466954361643,8620.012511971672,7083.083645768516,2.783264379139661,57.94437404427198,25.542225228909928,2.44235156525404,30.109953489441615,1.0899644281791552,False
529,12.119200311878387,284.90934779622205,11284.336619405554,172.33265878664537,0.07718135763710116,0.9228186423628988,0.520263326598056,0.0046816590741762054,0.030515408914417216,0.041984241471640135,COMPLETE,11.115147642088626,250.6880196756214,310.6457572902036,2030.663847592598,158.0552261430817,8637.497215901354,10349.450816881474,2.7864343507973506,84.28355049295413,38.00497417682528,5.063868161434657,42.514069229955396,1.090331923796299,False
530,12.098497071600534,284.9722308783446,8939.962259351983,171.75860676859762,0.4879260397312673,0.5120739602687328,0.520263326598056,0.030881028344409336,0.1371741828195529,0.31987016375021227,COMPLETE,11.10095398051317,250.63505695526328,310.5801273315199,2029.7220478237223,157.59679720640054,8614.628355510571,8202.846109005337,2.782288233163675,67.19242515321108,38.378991968905396,12.175779381741318,58.423728953535274,1.0898610239118611,False
531,12.111065142147984,284.935717270512,10485.363295440906,172.10770964508336,0.26629471627579293,0.7337052837242071,0.520263326598056,0.07645617229519747,0.025327947860614434,0.16451010738552918,COMPLETE,11.109651242256021,250.66688254263667,310.6195647314548,2030.278188406679,157.87683476378544,8628.601957254632,9618.371959317248,2.784821643032248,78.51713161983058,40.60789196657451,19.65352275469554,58.08611174715371,1.0901390942033395,False
532,12.118761468102946,284.9116110386893,11441.447856602057,172.32089984414728,0.06720733846948712,0.9327926615305129,0.520263326598056,0.0029287979763279815,0.00472150552019656,0.05955696047185457,COMPLETE,11.114890719414591,250.6867279663686,310.64415663932465,2030.6352890064632,158.04651122807408,8637.062771489445,10493.683115451173,2.7863555861538005,85.47066717613565,46.54745414729287,10.463234195562654,37.36828904456956,1.0903176445032317,False
533,12.100831026793074,284.96255995641445,7949.5899963943075,171.82220871018913,0.4812236474710556,0.5187763525289444,0.520263326598056,0.015379754060955887,0.20115839356624876,0.26468516874336856,COMPLETE,11.102427542474796,250.64162973557913,310.58827214163637,2029.8531862511445,157.6456706294836,8617.067962923797,7293.693030828199,2.7827305332670638,59.70596162496273,17.43650519914221,15.262854121123603,38.069725647771904,1.0899265931255722,False
534,12.093891079004216,284.99023871352784,7932.431227022719,171.63269520867664,0.4812236474710556,0.5187763525289444,0.520263326598056,0.012873181860377052,0.04545568403362738,0.4228942933457654,COMPLETE,11.097991035191978,250.62236359488546,310.5643980655094,2029.473931931323,157.4991952820337,8609.755271073394,7279.216429988185,2.781404744394663,59.70227435268907,57.142931725434146,6.447048823722659,29.1218898521104,1.0897369659656615,False
535,12.104570455789874,284.94977820181595,8150.245304964438,171.92523340414206,0.4879260397312673,0.5120739602687328,0.520263326598056,0.0731766295397797,0.2254447240199333,0.18930441649441912,COMPLETE,11.104923168257436,250.65149590231812,310.6004980263921,2030.036776911677,157.72691105486567,8621.12241374898,7477.163129798558,2.783465604004036,61.14349539894645,61.69701885158015,2.031316690226911,55.57974485239975,1.0900183884558385,False
536,12.107696769962024,284.93580868390063,7552.940614315309,172.0099854560519,0.4812236474710556,0.5187763525289444,0.520263326598056,0.03369098451941528,0.3432181340372579,0.10431418221547191,COMPLETE,11.106850165783959,250.66044560184204,310.61158824996846,2030.2215010086834,157.79129356945722,8624.334817131043,6928.59932884886,2.7840480117883004,56.605399697503934,47.11778371348633,5.6099571972065885,65.70743742200841,1.0901107505043417,False
537,12.117346160446825,284.91553353567787,11037.97282914648,172.28144132948864,0.16117692248736148,0.8388230775126385,0.520263326598056,0.07476040296719927,0.023506159577465453,0.06291026763159432,COMPLETE,11.113904303398737,250.68314948897623,310.6397222877312,2030.5741402220328,158.01475230917526,8635.479469082346,10123.91427151618,2.786068533895082,82.49165866890635,52.057031889323724,10.864411228860636,58.10729711410622,1.0902870701110163,False
538,12.101638859461865,284.95989397347785,8083.882028815102,171.84453696225293,0.46484882617128653,0.5351511738287135,0.520263326598056,0.0071360525350801715,0.20463062126963788,0.2530818831964525,COMPLETE,11.102969165288588,250.6437896815095,310.59094868772786,2029.892365601705,157.66332289972448,8617.949018070334,7416.771723574294,2.7828902683048784,60.70018555859484,23.664332900049473,13.789959699100994,39.36833212962886,1.0899461828008525,False
539,12.107909946828642,284.94088638882585,8048.352730025158,172.01833063218132,0.4879260397312673,0.5120739602687328,0.520263326598056,0.17581920414064622,0.17290782060183615,0.13919871981120135,COMPLETE,11.107274426318249,250.65975116428692,310.6107277218886,2030.17660896888,157.80219815635743,8624.878844636716,7383.2117057999685,2.78414664381438,60.318844090390755,54.912664290827706,10.036973650881578,23.293069859479004,1.09008830448444,False
540,12.10561489124771,284.9453231708788,8127.118615915949,171.9536187860782,0.46484882617128653,0.5351511738287135,0.520263326598056,0.039540881179753955,0.25773046241067715,0.16757707568326488,COMPLETE,11.105578339267018,250.6544159074257,310.6041164170878,2030.096258192114,157.7486481525123,8622.207070447774,7455.742915366053,2.783662251943133,60.95024202251003,31.931514037092462,2.007278720138927,68.55149539992044,1.090048129096057,False
541,12.114869205549347,284.9223860646638,10439.791443669876,172.21245506886768,0.17443413327149765,0.8255658667285024,0.520263326598056,0.013862618140094431,0.05833517719832322,0.10223622061713736,COMPLETE,11.112172983364577,250.67698469122143,310.6320830384781,2030.4680729297233,157.9591622614124,8632.707721279066,9575.734286852225,2.7855660168370866,78.08243521732192,44.78372555683519,9.09157969954272,33.00082219921223,1.0902340364648617,False
542,12.105606328456734,284.94606469114524,7550.164842151789,171.95365790575948,0.4647645721239129,0.5352354278760871,0.520263326598056,0.05586594266274605,0.23592566430890377,0.17297239026073846,COMPLETE,11.10560900833463,250.65419868871524,310.6038472455857,2030.0886956080694,157.7492312603348,8622.236165868379,6926.474924953363,2.7836675269342943,56.624066371465695,36.025578699003255,1.145787801193682,38.154778609495615,1.0900443478040347,False
543,12.104877509415626,284.95565250108456,8472.432081339442,171.93664418847615,0.4812236474710556,0.5187763525289444,0.520263326598056,0.22331630405347974,0.02503115844468216,0.23287591611774544,COMPLETE,11.105463894851608,250.65081666284397,310.5996563313597,2029.9859283730302,157.74105873866452,8621.828375518317,7772.923642367359,2.783593594664284,63.56066854767011,35.96677162225285,11.296501039822846,38.542638507255745,1.0899929641865151,False
544,12.100623510965063,284.96304237892673,7471.374238164607,171.8163828742107,0.48132420733896253,0.5186757926610375,0.520263326598056,0.008130080130723466,0.205947717493768,0.26724610304988283,COMPLETE,11.102278864092286,250.64111228739458,310.58763093395777,2029.8449956254817,157.64091778912007,8616.830732277263,6854.959185775299,2.7826875234209223,56.11762685280042,45.52182874824305,11.739351032922015,26.258427975775675,1.0899224978127409,False
545,12.108479792043479,284.93285764487354,7144.053876994246,172.0314388340884,0.46974947078209456,0.5302505292179054,0.520263326598056,0.02421199452670888,0.3566522948411513,0.0888846601703291,COMPLETE,11.107359976805219,250.66255438956435,310.61420140220366,2030.262423713436,157.8080115154977,8625.16886439235,6553.388985924411,2.7841992243104086,53.5279466899838,29.041688300371803,8.3859907617593,28.54268022262529,1.090131211856718,False
546,12.099977337168308,284.96688288512627,8077.007510711826,171.79929901833836,0.46484882617128653,0.5351511738287135,0.520263326598056,0.014550832922972198,0.1557656758412977,0.29453200415182534,COMPLETE,11.101925331428406,250.63908696725414,310.58512121247367,2029.7980036696013,157.6286414879922,8616.217963639205,7410.785308652005,2.7825764286478463,60.67992435208026,34.56567589080114,6.997414887345071,38.470357033337784,1.0898990018348007,False
547,12.10906505112012,284.94202553647085,8555.182720283374,172.05233632417563,0.4812236474710556,0.5187763525289444,0.520263326598056,0.29946286515286547,0.02889123742835334,0.15286923457427792,COMPLETE,11.108292028535148,250.66170191677347,310.6131450411696,2030.184860105257,157.8327961747878,8626.405275401508,7848.125979436752,2.784423385261148,64.0986876952687,38.0627793472866,6.894066609901477,40.92804377782777,1.0900924300526285,False
548,12.099512874104018,284.97095911975697,8589.431415703952,171.78753716371264,0.46484882617128653,0.5351511738287135,0.520263326598056,0.06325779351535528,0.08091224320490704,0.32067813849325594,COMPLETE,11.101737748872829,250.63728600481016,310.5828895089284,2029.7511610887213,157.6212369836838,8615.848358330948,7881.11190766728,2.7825094193146365,64.54077743428385,60.215659173286404,9.322096722367007,38.08362165322659,1.0898755805443607,False
549,12.098599680994273,284.9713246479886,8887.278464545088,171.76120614716194,0.4879260397312673,0.5120739602687328,0.520263326598056,0.019960134803997862,0.15390554604532097,0.3140599291734995,COMPLETE,11.100994918879325,250.63546129128335,310.5806283736891,2029.7324959438247,157.59842684071128,8614.709707666483,8154.467101888018,2.782302982285512,66.79389026998965,50.761748899756,6.908520417482896,60.734885362195435,1.0898662479719123,False
550,12.100247712344716,284.96658538689064,8958.04600125186,171.8069648665579,0.4691702284105189,0.5308297715894811,0.520263326598056,0.03818099547291342,0.13798133813051686,0.2930075585812606,COMPLETE,11.102139326155358,250.6395946617321,310.58575033362507,2029.8046947290477,157.6351911545119,8616.544891572896,8219.127174937437,2.7826357005856543,67.29400796393078,37.55538563295204,14.282078595143279,56.54106355731766,1.0899023473645237,False
551,12.095892282977173,284.98385714634213,8396.267034880062,171.6880437660452,0.4812236474710556,0.5187763525289444,0.520263326598056,0.047250750813256505,0.045269956868358746,0.3887024535530165,COMPLETE,11.09934616976874,250.62761852126192,310.5709098269643,2029.5684354674372,157.54315484865649,8611.950273422775,7704.522508447293,2.7818026976722297,63.15682847352637,31.90957408946155,12.110291863361287,38.03170515263133,1.0897842177337187,False
552,12.107109434905682,284.94234883647107,7654.971976241721,171.99570981831891,0.4812236474710556,0.5187763525289444,0.520263326598056,0.12804798555104577,0.2048306364100961,0.14834420698264317,COMPLETE,11.10667948127119,250.65789138998022,310.608423140287,2030.1492435829236,157.78342728102038,8623.942358309021,7022.429311913808,2.7839768591197953,57.384138798819585,27.764623580130227,16.958166986558364,27.488424709037282,1.0900746217914619,False
553,12.109999193174833,284.9260043946582,7205.1226148426185,172.07266127652147,0.4879260397312673,0.5120739602687328,0.520263326598056,0.028430650334032727,0.41879477026453055,0.04070000706816743,COMPLETE,11.108289922497871,250.6669917098672,310.61970000850965,2030.3534617237847,157.83923505731133,8626.726470918906,6609.132639573271,2.784481617913575,53.9580824369613,32.995201785385866,13.92748665615184,37.49721368541376,1.0901767308618924,False
554,12.114408508671046,284.91983347397155,7811.110308746813,172.197961401111,0.46484882617128653,0.5351511738287135,0.520263326598056,0.26882636054299164,0.18036672740469456,0.0156553754940491,COMPLETE,11.111667191511918,250.67661642176188,310.63162668900713,2030.4844043430512,157.94468518841967,8631.985809103553,7164.564252960285,2.7854351343729093,58.42132157733324,31.687431675532352,8.681117909106826,41.39369159190819,1.0902422021715257,False
555,12.106523878109051,284.95023123937386,9286.268075764005,171.98206148349792,0.28723655658995595,0.712763443410044,0.520263326598056,0.013595362037666866,0.02724982967665001,0.2463910721901441,COMPLETE,11.106575142010552,250.65505676991305,310.6049105564047,2030.064281439235,157.77705542697007,8623.624451669524,8519.260789533597,2.78391922273996,69.63577688984478,26.612804186894852,2.2988973183487444,22.762905902693007,1.0900321407196174,False
556,12.099738324850819,284.96846025770265,7988.041652872208,171.79300734295626,0.4812236474710556,0.5187763525289444,0.520263326598056,0.04884776246218897,0.13156671986871005,0.30080881565935336,COMPLETE,11.101804712670367,250.63824649600264,310.5840797234199,2029.77862843174,157.62426982464197,8615.999747491682,7329.222838210201,2.782536866124759,60.01616331322794,41.87913052746562,4.360604398860563,36.88640501674793,1.0898893142158699,False
557,12.11163361468427,284.9204119726149,6477.171437880621,172.11763669871848,0.4879260397312673,0.5120739602687328,0.520263326598056,0.052415409554320475,0.42895416616521936,0.006555924628101627,COMPLETE,11.109385011230694,250.67119030155746,310.6249027888294,2030.4327786714352,157.87474705236443,8628.497827196568,5941.179660514223,2.784802764283479,48.481507714868386,27.241182377454102,2.374206861549984,56.29906537612311,1.0902163893357177,True
558,12.109672068084935,284.9320448276336,7800.158885117497,172.0656850768186,0.46484882617128653,0.5351511738287135,0.520263326598056,0.10866395624367883,0.26798446695482564,0.0881998640380969,COMPLETE,11.108314249383218,250.6649855383265,310.61721401544816,2030.2897894713983,157.83744519441626,8626.63718651119,7155.157926973196,2.7844654306768306,58.42470974124754,31.306367208376933,13.065499940338732,43.23087305673228,1.090144894735699,False
559,12.119325687187358,284.9084818731916,11160.540894871761,172.3359443772055,0.08213289896549647,0.9178671010345035,0.520263326598056,0.002054779898756869,0.04540099546167893,0.03467704609927705,COMPLETE,11.115209119803348,250.68846461191657,310.6463086431264,2030.674345675608,158.05747861339933,8637.609501172677,10235.862055243326,2.786454708083874,83.35474457125738,34.73764235835295,9.219541105930707,32.737492669224416,1.090337172837804,False
560,12.100159409079382,284.96551348102366,7314.571838267649,171.80400786149931,0.49525257100033665,0.5047474289996634,0.520263326598056,0.037803795434000295,0.17864706826365273,0.2788013873784203,COMPLETE,11.102009888893969,250.6397449569137,310.5859365753153,2029.8142012436729,157.63179060259185,8616.375153159912,6711.188351827773,2.7826049270615183,54.947847058700134,65.8348429987288,5.937280768792737,22.648853760747084,1.0899071006218364,False
561,12.107060232390857,284.9458489408483,8638.341529374147,171.9957602346484,0.48719740383308324,0.5128025961669167,0.520263326598056,0.20996082730059637,0.10577831092784537,0.17145800784949383,COMPLETE,11.1068091669475,250.6570249256856,310.6073494413631,2030.1149277724126,157.78595710125194,8624.068575197494,7924.666190144931,2.7839997422043927,64.75955816859627,63.92827857013596,9.345431696047239,26.791295827389728,1.0900574638862062,False
562,12.10147566471075,284.9601924447389,7276.315357592796,171.83987279896752,0.4812236474710556,0.5187763525289444,0.520263326598056,0.02076812245242468,0.20925935241700575,0.2511956626891979,COMPLETE,11.102851414130841,250.6433303551973,310.59037950308834,2029.8860875160299,157.65949769859606,8617.758099787889,6675.867513686575,2.782855654876666,54.63862593358452,33.10390403615606,5.013194373822994,26.217395333458438,1.0899430437580149,False
563,12.117546549207194,284.91067937863795,9361.876989162052,172.28521894033395,0.26153271238455966,0.7384672876154403,0.520263326598056,0.10227400766426244,0.1546771917387992,0.004581136072072569,COMPLETE,11.113833562870918,250.684619738338,310.64154418064413,2030.624080909306,158.01459815897488,8635.471783732772,8586.41988880377,2.786067140543474,69.95435753316052,31.765803665701746,4.947332353363379,34.936001173217086,1.090312040454653,False
564,12.115980702591134,284.91741162805,10407.095728261089,172.24255140275235,0.17941524206175125,0.8205847579382488,0.520263326598056,0.01103091627009318,0.09957475663420745,0.06880945564320617,COMPLETE,11.112860790177981,250.68009021093215,310.6359313138108,2030.5331554768964,157.98205220601824,8633.849083018747,9545.459744211035,2.785772945383347,77.80841911590115,31.330509589619055,7.375996051001051,52.89987715531926,1.0902665777384482,False
565,12.116172591304766,284.9161257343962,10101.103354634668,172.2475983192728,0.1962225537113177,0.8037774462886823,0.520263326598056,0.01934513502148186,0.12094526912407425,0.05593195049359638,COMPLETE,11.112956654630315,250.6807665212037,310.6367693790551,2030.5488796280783,157.9855420151388,8634.023088356262,9264.734626226353,2.785804492499639,75.51478624170485,27.334748389010425,13.583236045540904,31.056323829302087,1.0902744398140392,False
566,12.100672712711116,284.96407183589224,8983.149882758647,171.81828947683044,0.46484882617128653,0.5351511738287135,0.520263326598056,0.013731642006987342,0.17316661160728886,0.2779502769376347,COMPLETE,11.102367101208499,250.64104486679224,310.587547388186,2029.8365343898513,157.64327899470072,8616.948588623034,8242.039933763273,2.7827088907415973,67.47299954035489,21.70296015122285,12.421301521593794,62.35481750118967,1.0899182671949257,False
567,12.112726900335769,284.9240899229775,8266.172711780147,172.15100961014898,0.40829971973578855,0.5917002802642115,0.520263326598056,0.13857301334154484,0.21591595307307127,0.05381043776207969,COMPLETE,11.110469759153007,250.67257757482687,310.62662186003155,2030.4166993672043,157.90652278540176,8630.082652230813,7582.195379607153,2.7850900925940505,61.85828113359013,45.05394317706494,2.8520123529444894,42.00460084583941,1.0902083496836021,False
568,12.105551568870345,284.94445938800675,7938.8662374326495,171.95145412787173,0.46974947078209456,0.5302505292179054,0.520263326598056,0.01969979061604308,0.2901857392769277,0.15986351678545152,COMPLETE,11.105481067852338,250.6545403782191,310.6042706579005,2030.103949555678,157.74610578813616,8622.080213089454,7283.016242460046,2.783639252741542,59.538540796168235,34.58967241657488,7.532829973159499,58.84916248250171,1.090051974777839,False
569,12.103681859204952,284.95705586397577,9317.54688731959,171.90254440874978,0.48132420733896253,0.5186757926610375,0.520263326598056,0.1473200300561433,0.09596053005830414,0.238043328818493,COMPLETE,11.104536538163241,250.64822337641664,310.5964428015423,2029.9526378445285,157.71218275523805,8620.387446777026,8548.39387385269,2.7833323547091204,69.92381723266578,34.170275904074565,1.342945173499833,78.06729136051578,1.0899763189222642,False
570,12.094628424347725,284.9886963091471,10282.08604828202,171.65347498819693,0.46484882617128653,0.5351511738287135,0.520263326598056,0.02162341005268307,0.024007134756518896,0.41921775045008075,COMPLETE,11.098526741976421,250.62418937673428,310.5666605245843,2029.5016051281627,157.51626388740655,8610.6075812827,9435.2635704321,2.7815592679838486,77.3714062402819,23.46405504602373,12.824805601319277,68.86507809530022,1.0897508025640814,False
571,12.09987456237468,284.96628180409425,8261.410329006152,171.79599630546903,0.4812236474710556,0.5187763525289444,0.520263326598056,0.014102662748302842,0.18034368382963334,0.2867769421575531,COMPLETE,11.10181484190717,250.63892384989373,310.58491908188915,2029.8011829021016,157.6253812989922,8616.055228175746,7579.966827990464,2.7825469247563914,62.06616093339588,29.339321539500503,5.816858863548722,49.99741570973539,1.089900591451051,False
572,12.10272543912551,284.95705741689386,7230.058755532809,171.87477860377,0.4812236474710556,0.5187763525289444,0.520263326598056,0.06250113717148759,0.18416453166033786,0.23455770948453503,COMPLETE,11.10374124266327,250.64636982151245,310.59414592685465,2029.9365051166537,157.68787595450866,8619.174423299506,6633.274628469888,2.7831124339109583,54.2716173538214,37.485555767012954,-1.6422843668190585,25.23180918116971,1.089968252558327,False
573,12.101008746628287,284.9625528219171,7333.355360764479,171.8273922487942,0.4849571989073016,0.5150428010926984,0.520263326598056,0.034706166360887504,0.18603688245920125,0.2642138563774258,COMPLETE,11.102573186297445,250.64201655772433,310.5887514810894,2029.8566050549593,157.6501792368696,8617.292999838963,6728.291525010277,2.7827713323933105,55.0750672133188,36.58020359548857,8.001988198408785,23.938635860816568,1.0899283025274797,False
574,12.114226442106409,284.92410879038243,10376.69425026048,172.19451169779623,0.1919456106866057,0.8080543893133942,0.520263326598056,0.01484475206487731,0.0682851879006427,0.10881554509358418,COMPLETE,11.11172228385107,250.6753675860825,310.6300791658911,2030.4408232398505,157.9446778490761,8631.985443112448,9517.978327742063,2.7854350680188307,77.625773313699,37.562180171108864,11.242615555957277,39.565706088337386,1.0902204116199252,False
575,12.10131044351497,284.9618580069423,7441.554831843222,171.8358105975407,0.45323605548227347,0.5467639445177266,0.520263326598056,0.00781254801107619,0.1771580691129302,0.26826514205775637,COMPLETE,11.102793187256664,250.64268774053483,310.5895831925239,2029.867757494459,157.65709640574607,8617.638248542666,6827.528694122756,2.7828339258813095,55.883535910426474,32.10972099294865,4.808391200268606,22.195997339885054,1.0899338787472295,False
576,12.105921660032969,284.9426320625676,7741.971320327541,171.9613327604076,0.4812236474710556,0.5187763525289444,0.520263326598056,0.028065080002430874,0.30669535648087476,0.1464626067933336,COMPLETE,11.105705932706707,250.6555206204384,310.6054853473258,2030.1264563255886,157.7535397191898,8622.451144077417,7102.313994552365,2.7837065024200913,58.05475557144159,38.11271261197755,3.0903839834677185,66.95357705351043,1.0900632281627942,False
577,12.098561550787174,284.9732755713857,7692.846317768592,171.76092705937606,0.4812236474710556,0.5187763525289444,0.520263326598056,0.05075247064144166,0.10172558677119309,0.328744497442281,COMPLETE,11.101057968891096,250.634963712244,310.58001178731337,2029.713246195348,157.59956256556387,8614.766403373997,7058.585647627111,2.782313261200537,57.81917873215591,51.74130659697447,6.37142841712274,24.95080082573182,1.089856623097674,False
578,12.102671111945007,284.9623560129899,8229.065469479772,171.87546630317885,0.49525257100033665,0.5047474289996634,0.520263326598056,0.19171271695596603,0.03590111646154486,0.2676384304680423,COMPLETE,11.103952487546321,250.6451368619999,310.5926180770516,2029.8852481616436,157.69221471462876,8619.390954480943,7549.998768439362,2.783151690950192,61.77551608058822,38.091687364056824,6.117739803188824,34.41847706062382,1.0899426240808219,False
579,12.09530282639615,284.9859290136961,8512.457384495823,171.6718125622013,0.4812236474710556,0.5187763525289444,0.520263326598056,0.04137962506529783,0.03964495398894986,0.40019864259752336,COMPLETE,11.098956929828956,250.62601608514498,310.56892413182936,2029.5386544639105,157.53041333825436,8611.314091202661,7811.246996754537,2.7816873580236434,64.04191273508572,19.528495536150157,5.417895533695969,41.75893934355624,1.0897693272319553,False
580,12.096637074242802,284.9816776415894,9439.71883716301,171.7086997497819,0.4812236474710556,0.5187763525289444,0.520263326598056,0.06502518223591057,0.038809212209496236,0.3773888361829156,COMPLETE,11.099861800160006,250.62949054398393,310.57322958646813,2029.6013845989373,157.5597271712851,8612.777690162486,8661.876344788603,2.7819527080827307,70.99057592732552,28.41504465610597,13.923073782720959,59.2352816312858,1.0898006922994687,False
581,12.1048099915441,284.955743835531,9691.541444616574,171.9346901589426,0.31385402653570893,0.6861459734642911,0.520263326598056,0.014038167836324254,0.027654503044654385,0.2721610109805185,COMPLETE,11.10541427737337,250.65061880388365,310.599411149932,2029.9835088019972,157.73944111478966,8621.747658524342,8891.389687569268,2.7835789606971195,72.71220809547395,26.57118279761118,4.43574737196295,40.491364970109764,1.0899917544009987,False
582,12.100344111228553,284.96413825369325,7724.3197873179715,171.8087125260398,0.48132420733896253,0.5186757926610375,0.520263326598056,0.008332721719138314,0.19908398080026882,0.2739071905113772,COMPLETE,11.102101395540393,250.64029537557258,310.5866186391065,2029.8295079684908,157.63500025849115,8616.535363052939,7087.086177227422,2.7826339730678007,58.02252960588441,23.15741429964398,3.4981224000091626,39.62115333482846,1.0899147539842453,False
583,12.107680899063011,284.9379530694169,7422.175691869876,172.01039473549443,0.49525257100033665,0.5047474289996634,0.520263326598056,0.09879644700280756,0.280011281490225,0.11644400641716639,COMPLETE,11.106943831007033,250.659889624146,310.61089929757,2030.2002572953038,157.7932065276295,8624.430255529847,6808.710041230453,2.784065314741812,55.62705888387575,25.064097962666075,8.147037087166916,50.42424329785547,1.090100128647652,False
584,12.102896467897956,284.96036862333256,8563.172791114208,171.8811966661658,0.397012594635148,0.6029874053648521,0.520263326598056,0.04611104059857669,0.07376104942762299,0.2771402098511352,COMPLETE,11.104041292604899,250.64605130649727,310.5937512317343,2029.9084043317234,157.69579705699425,8619.569733511991,7856.451926235267,2.783184103535712,64.2803401878734,46.9737580351422,6.913186310243814,28.076030646697753,1.0899542021658617,False
585,12.10391402971945,284.9531424624439,8106.911086937183,171.90758433847307,0.48132420733896253,0.5186757926610375,0.520263326598056,0.08196793320737078,0.1873088763552693,0.21204709570067964,COMPLETE,11.104541991267828,250.6494658823775,310.5979824810438,2029.9933827504974,157.71385885729367,8620.471088780887,7437.555683502758,2.783347518979714,60.831743607037296,52.026037484605965,10.746962160112066,39.07223072529624,1.0899966913752488,False
586,12.100193562641016,284.96687996787534,7676.91821727359,171.80559129604566,0.4812236474710556,0.5187763525289444,0.520263326598056,0.05308730815087258,0.13670715346829532,0.2914286395540528,COMPLETE,11.102103876105827,250.6395324343141,310.58567322310574,2029.8019001935836,157.63413297399913,8616.492072726207,7043.6843059837865,2.7826261245443513,57.67067279341637,48.58157719645755,8.874947645260994,25.906582015694024,1.0899009500967918,False
587,12.101935117557911,284.9597204117833,8396.605493570656,171.8530341552518,0.4469462915254788,0.5530537084745212,0.520263326598056,0.007926966195801969,0.18165784357945214,0.2573611827470433,COMPLETE,11.103208985685168,250.6443591499465,310.5916543574846,2029.8986460869742,157.67066460978495,8618.315441282384,7703.66595588559,2.782956700724986,63.043879192335694,38.59665182251483,13.049399701362914,42.87102410999779,1.0899493230434871,False
588,12.097894519989252,284.9778488140235,8386.488168131706,171.74354726160047,0.46484882617128653,0.5351511738287135,0.520263326598056,0.07113522227549295,0.03310101058589092,0.3606118612890248,COMPLETE,11.10072285805594,250.63273332134057,310.5772479477324,2029.6588699103772,157.5875469620273,8614.166570938942,7695.230004937919,2.782204511757244,63.04726303513339,42.02545447915554,5.83839478097765,33.495985442237476,1.0898294349551887,False
589,12.110604973680388,284.92789899190325,7680.931417818661,172.09096926710592,0.3942986056122654,0.6057013943877346,0.520263326598056,0.01368309185843709,0.30233213384191504,0.0782828637891121,COMPLETE,11.108891743823756,250.6676171552303,310.62047504334663,2030.3444039165397,157.8566844375411,8627.596879100069,7045.612981161555,2.784639422659712,57.515417419375474,28.293496855690222,1.4705325989953661,34.15304590839076,1.0901722019582698,False
590,12.100966216816778,284.9663919776591,9575.513048987379,171.82773650564002,0.46974947078209456,0.5302505292179054,0.520263326598056,0.09759206457551112,0.07779548092498853,0.2943616122076273,COMPLETE,11.102727580689708,250.64102696068434,310.58752519942544,2029.8186308494583,157.6532414888849,8617.44584341657,8785.605291625458,2.782799042888783,71.91915973059123,47.379754578521215,7.345217635969467,66.17820168005959,1.089909315424729,False
591,12.101911200606416,284.96483438797827,8960.722969340388,171.8544664260472,0.3719731462863385,0.6280268537136615,0.520263326598056,0.027185102512769416,0.034572896328697804,0.3102141164163581,COMPLETE,11.103440389459616,250.64313824255208,310.59014144233765,2029.848907388135,157.67557636089637,8618.560581109674,8221.416575222182,2.7830011445032627,67.28639655183858,38.59944412991337,12.241938503402274,31.45484989243476,1.0899244536940675,False
592,12.100897572904184,284.963165477917,8176.399178795293,171.82435016903824,0.4812236474710556,0.5187763525289444,0.520263326598056,0.03551125707243149,0.17622830610609452,0.2694837750602154,COMPLETE,11.102515343310767,250.64155854712442,310.5881839268447,2029.8479351248889,157.64801516688732,8617.184985583897,7501.806935286839,2.7827517494407727,61.40897544464537,32.26485621141614,15.396960953321624,41.81232984548154,1.0899239675624444,False
593,12.101412255877248,284.96078111863346,8215.19315192795,171.83829497320886,0.46974947078209456,0.5302505292179054,0.520263326598056,0.013727750855065125,0.19847379108579694,0.2575476333056269,COMPLETE,11.102826443299039,250.6430985312646,310.5900922331932,2029.8795680861772,157.6585215889464,8617.7093811573,7537.29084138393,2.7828468222033313,61.69046103187158,53.83831865405372,5.887481142562702,48.51103196520788,1.0899397840430887,False
594,12.101314450723732,284.9603978165191,7661.274486142391,171.83530506321253,0.49525257100033665,0.5047474289996634,0.520263326598056,0.027886524899388917,0.21880109375852982,0.24856466537461513,COMPLETE,11.10272572251569,250.64300940511288,310.5899817904966,2029.8817251124133,157.65562239790899,8617.564678701781,7029.073548242449,2.782820587690889,57.531517017353664,59.47375665147027,8.877764908467038,35.74997539951775,1.0899408625562066,False
595,12.106941032272541,284.93812287900323,7819.877913977525,171.98900993952935,0.4812236474710556,0.5187763525289444,0.520263326598056,0.0182608624939669,0.3446793213410747,0.11828307051006698,COMPLETE,11.106334985486907,250.6584621247358,310.6091303792312,2030.1865418417806,157.7745817972404,8623.501034834897,7173.586079814472,2.7838968473042978,58.61958933566802,32.0930456072625,14.339088716570316,57.89976530760194,1.0900932709208904,False
596,12.09835518450472,284.9742324096153,8425.243849687202,171.75534528254457,0.4812236474710556,0.5187763525289444,0.520263326598056,0.053610355909795904,0.09319814396994511,0.33441459591102823,COMPLETE,11.100932723342762,250.63435787049144,310.5792610447359,2029.7006586779153,157.5953510852465,8614.55616407946,7730.643027650856,2.782275144878539,63.327914292972686,35.71334618959226,5.560788384631508,43.678561814473674,1.0898503293389576,False
597,12.106560032623188,284.9409507517669,7182.1676944280325,171.97916150905044,0.4812236474710556,0.5187763525289444,0.520263326598056,0.04729519039377535,0.29718494715045324,0.13674302323309523,COMPLETE,11.106154685978796,250.65713075945644,310.60748058768564,2030.1533248780293,157.7679510395646,8623.17020171915,6588.681275276679,2.7838368673581364,53.84664180416734,41.90936570800404,4.925949011910843,30.11580667282098,1.0900766624390146,False
598,12.118895985436916,284.90913644223053,10402.480120731821,172.323773102887,0.17104087435795373,0.8289591256420463,0.520263326598056,0.08443045974904165,0.06904198396345225,0.017568327839117333,COMPLETE,11.114881111979107,250.68754989733839,310.64517515376696,2030.6613788024647,158.04725555099304,8637.09987694673,9540.665251240853,2.7863623133622464,77.70081682283666,38.9513073991399,3.513300600279916,19.792154443805728,1.0903306894012323,False
599,12.099611563832134,284.97225360880645,9717.088634501153,171.79095886394066,0.4812236474710556,0.5187763525289444,0.520263326598056,0.12008445181396521,0.035050310345144144,0.32608850884289853,COMPLETE,11.10188217950168,250.6372081426859,310.5827930243075,2029.7405823982967,157.6251414972737,8616.04325817801,8915.821188051434,2.782544754599338,73.01296806986348,49.41694443270477,12.083743446094205,62.62689414041727,1.0898702911991485,False
600,12.100667439827522,284.9647547062629,7600.656395026447,171.81840389834574,0.4805952819119571,0.5194047180880429,0.520263326598056,0.04810117217006666,0.15332741138399578,0.2791663900062163,COMPLETE,11.102397329691772,250.6408538487592,310.58731068384884,2029.8296494876868,157.6438818865752,8616.97868100815,6973.624197480558,2.7827143464821296,57.08933228665931,25.61853323409479,3.929384678475403,31.849345488373707,1.0899148247438433,False
601,12.119942120353393,284.9073129968833,11463.546663954621,172.35333740487266,0.055315868477603614,0.9446841315223964,0.520263326598056,0.0018224615522261446,0.01950932684610197,0.03398404084471448,COMPLETE,11.115666562231562,250.6898699551814,310.6480501061741,2030.6955169983462,158.07189592622376,8638.328183353618,10513.660962383052,2.7865850049509886,85.60205501158482,33.52970147185871,13.386737548219813,34.50623843306081,1.0903477584991732,False
602,12.11257885905219,284.92445684322325,7502.128000089475,172.14681781020903,0.49525257100033665,0.5047474289996634,0.520263326598056,0.241423358239027,0.21746687702012382,0.036362050523270364,COMPLETE,11.110367532107043,250.6721430976753,310.6260834677943,2030.4101122755715,157.9031548615862,8629.91468329775,6881.3916775132975,2.7850596398761023,56.141645215195744,27.935230577905582,13.006252807961141,43.51323942977415,1.0902050561377856,False
603,12.103587565825729,284.95159509557055,7513.293513253474,171.8974954944776,0.4812236474710556,0.5187763525289444,0.520263326598056,0.01760488261868291,0.2638193274236367,0.19979877337696872,COMPLETE,11.104192333893065,250.64923675992966,310.5976985587549,2030.0032279488232,157.70389079305804,8619.9736491731,6892.919622254663,2.783257333325759,56.38096113757995,23.692200514944624,2.5228604784785342,45.20054923681073,1.0900016139744115,False
604,12.099611563832134,284.97225360880645,9360.559082126285,171.79095886394066,0.4812236474710556,0.5187763525289444,0.520263326598056,0.12008445181396521,0.035050310345144144,0.32608850884289853,COMPLETE,11.10188217950168,250.6372081426859,310.5827930243075,2029.7405823982967,157.6251414972737,8616.04325817801,8588.690927456302,2.782544754599338,70.33405036079954,42.708181128231246,8.485657997066847,57.228068360419684,1.0898702911991485,False
605,12.106815700629555,284.9459324934615,9171.07308341786,171.9886690346741,0.3986476828897768,0.6013523171102232,0.520263326598056,0.0813256715612515,0.12546383373981798,0.1918573407024563,COMPLETE,11.106611530695723,250.65649600927486,310.60669402257133,2030.1096882104025,157.77983095507025,8623.762930000154,8413.405190585769,2.7839443288203984,68.76007446845792,45.04618264430327,10.517739454994404,53.05053316884541,1.0900548441052011,False
606,12.106053733552438,284.9475690781766,7603.056175210581,171.96727772212495,0.48132420733896253,0.5186757926610375,0.520263326598056,0.1502485318372912,0.14978753585598786,0.18128793161799558,COMPLETE,11.106054847650377,250.65472324451008,310.6044972608212,2030.0817481310428,157.7622287508717,8622.884690046129,6975.019337443275,2.7837851041761543,57.01485558438494,41.11115032668632,0.5196573041255732,24.68130744878918,1.0900408740655214,False
607,12.105390502185635,284.95381494524185,8136.576545308494,171.95073936198972,0.46484882617128653,0.5351511738287135,0.520263326598056,0.20867998659963172,0.030302980689003816,0.22586553340381293,COMPLETE,11.105802486181865,250.6521805269136,310.6013463945199,2030.011848265352,157.75211451149855,8622.380031124334,7464.708553563885,2.783693609662703,61.03173389880054,30.67422928140691,4.622994081564563,29.859185217793943,1.090005924132676,False
608,12.106191497140069,284.9426483576958,7888.3096956900035,171.96925043096354,0.4812236474710556,0.5187763525289444,0.520263326598056,0.05078227573657938,0.28361573114659633,0.1468251180101065,COMPLETE,11.105926243544896,250.65614956328344,310.60626471614694,2030.1318020055387,157.76041638653794,8622.794261683845,7236.543853388514,2.7837687095407837,59.147769858345065,34.457790466248866,5.781627289241488,64.88683941621349,1.0900659010027693,False
609,12.104056400597711,284.95801626032835,9586.79364716191,171.91381304711155,0.46484882617128653,0.5351511738287135,0.520263326598056,0.18211578615397972,0.032704783294163285,0.2500275334647368,COMPLETE,11.1048955363076,250.64872111753107,310.5970595887571,2029.9496197012104,157.72273954723275,8620.914251883316,8795.42679383196,2.7834278643192794,71.9388033689569,48.77140906454156,13.121596685519147,59.75087227531355,1.0899748098506052,False
610,12.119378730004497,284.9080456512922,11129.9646834717,172.3373169393403,0.09079885840071283,0.9092011415992871,0.520263326598056,0.007062229078695315,0.05429437929998401,0.029442190256118227,COMPLETE,11.115230939452433,250.68868586100965,310.6465828089687,2030.6796090916905,158.05835595548422,8637.653236318904,10207.794521550664,2.786462637252966,83.124316388359,25.231425240523198,3.4042263132695845,61.58524650694746,1.0903398045458452,False
611,12.11331515866162,284.9253327136158,9514.926054110801,172.1685928033133,0.29169589738306023,0.7083041026169398,0.520263326598056,0.07952017778806197,0.12052364695996858,0.09165187425684149,COMPLETE,11.111021638223159,250.67339356581908,310.6276330138156,2030.4142864757746,157.9228258328752,8630.89571170551,8727.631361735272,2.785237500036646,71.1956971940862,40.178114447763384,6.558120267587505,44.704835525130505,1.0902071432378873,False
612,12.113188559415788,284.92431366659684,8263.965079932745,172.16453350451397,0.46974947078209456,0.5302505292179054,0.520263326598056,0.26198203653919044,0.16535607409695985,0.04241108358451272,COMPLETE,11.110863453138531,250.67344596288953,310.6276979428364,2030.4225406071614,157.91850460009735,8630.680208788042,7580.150109465992,2.785198429421366,61.83270941657214,40.20941714745833,19.24608580004604,20.15898682266874,1.0902112703035807,False
613,12.107143347474782,284.94776597745266,10080.718572781803,171.9990213816257,0.2931149160083986,0.7068850839916014,0.520263326598056,0.02109452234922189,0.04228075276951067,0.2297391867597431,COMPLETE,11.106969317286632,250.6568178019985,310.60709277933864,2030.0984591956153,157.7901407673924,8624.277303011979,9247.947981671668,2.7840375844955028,75.5780848398885,49.618360202303805,2.9131780772918385,49.61761778782094,1.0900492295978077,False
614,12.094255940289536,284.9891320471589,7627.957864393738,171.64284233733562,0.4812236474710556,0.5187763525289444,0.520263326598056,0.019599491981854067,0.044802863015940594,0.4168208112538079,COMPLETE,11.098238774151692,250.62335676439594,310.56562877408135,2029.4910321190082,157.507271016808,8610.158533484464,6999.760725766751,2.7814778557506714,57.40467837751318,25.14906493321089,16.857744935895987,23.4711431284541,1.0897455160595042,False
615,12.10964928845428,284.9379327901953,9333.738178503221,172.0675473506596,0.3057271177173239,0.694272882282676,0.520263326598056,0.04434549771772545,0.09495920311011213,0.16642222592017827,COMPLETE,11.108580130652149,250.6636941323285,310.61561374035426,2030.233503477165,157.8432283296593,8626.925667055231,8562.145443244703,2.7845177321142516,69.92135872533852,64.92113655549187,10.174428515600383,24.984413245365648,1.0901167517385826,False
616,12.12203865651789,284.90101397074176,11856.549153175703,172.4115353428811,0.009055091910420254,0.9909449080895798,0.520263326598056,0.0009373554711204136,0.004742907238995002,0.003374821267695027,COMPLETE,11.117107559211043,250.69519214283494,310.65464521596914,2030.790028693069,158.11841862300338,8640.647054633,10873.627444345244,2.7870054156289754,88.47656577481848,41.1810563266087,15.773241592309382,49.06390593608948,1.0903950143465344,False
617,12.099350700447983,284.9674240022041,8334.609320131536,171.78136918087606,0.49525257100033665,0.5047474289996634,0.520263326598056,0.008730402295287085,0.19797141867408494,0.28855041891969907,COMPLETE,11.101428663712374,250.6377955172761,310.583520882881,2029.7826328421224,157.61330198038866,8615.452263093952,7647.193068296362,2.78243760736517,62.624862262589716,39.9226468897682,16.528361953343868,48.463645398513,1.0898913164210613,False
618,12.103673465580671,284.9543029021652,9699.711514884733,171.901127063872,0.43606195447207574,0.5639380455279243,0.520263326598056,0.029891569137900878,0.17677705398977964,0.22939306811611995,COMPLETE,11.10439610764499,250.6487978163893,310.5971546318905,2029.9786946086538,157.7089973301151,8620.228484295687,8898.904873587317,2.7833035348582094,72.7903875005447,57.49365525353272,13.727482375041177,80.34149321815698,1.089989347304327,False
619,12.100479581148639,284.96545684036926,8189.722809263774,171.81327054310293,0.4812236474710556,0.5187763525289444,0.520263326598056,0.04735084948667892,0.15093568100495675,0.2829368134376713,COMPLETE,11.102273819180308,250.64036858037085,310.58670935249614,2029.8200581657115,157.63986563889262,8616.778215361208,7514.127396511171,2.782678002119554,61.517340908707304,30.788924161397098,4.449178486653981,46.356930712605454,1.0899100290828558,False
620,12.103536362727072,284.95533638051614,9006.597201769653,171.89758257806858,0.45323605548227347,0.5467639445177266,0.520263326598056,0.06185281959121363,0.15925830196152985,0.23212466756674757,COMPLETE,11.104332490043035,250.64830364726058,310.59654227098304,2029.9664903009698,157.7066283751326,8620.11026516341,8263.060227614955,2.783282101764448,67.59193735929186,21.426177503135058,7.5589801315004035,70.47986215716384,1.089983245150485,False
621,12.100532543715898,284.9630808628888,7067.6438365473905,171.81378583273406,0.49525257100033665,0.5047474289996634,0.520263326598056,0.01758451572908273,0.21393982903348316,0.2637278476724428,COMPLETE,11.102203335836615,250.64096702272207,310.5874509259372,2029.8434378618872,157.63864766476868,8616.717421315248,6484.542617867761,2.78266698017698,53.08615771863671,23.717422328422067,7.890446970984758,22.384024791734134,1.0899217189309436,True
622,12.106173842930092,284.9482988442378,8087.120765973713,171.97109071533362,0.49525257100033665,0.5047474289996634,0.520263326598056,0.19421737159524796,0.11756301183952889,0.18347197703168244,COMPLETE,11.106189205123998,250.65481970341767,310.60461679006886,2030.0770037925768,157.7660701123526,8623.076354044255,7419.114785307979,2.7838198528023996,60.643183795736356,40.51386219981401,14.776087037014111,32.76866697228413,1.0900385018962884,False
623,12.107879119087178,284.9379616865611,8197.78942944829,172.01616209000417,0.4812236474710556,0.5187763525289444,0.520263326598056,0.09943632825903746,0.26147500223183107,0.12031188876790445,COMPLETE,11.10710861796946,250.66028197109415,310.61138548320815,2030.2036039331847,157.79825497002145,8624.682122029464,7520.20537408443,2.784110978063795,61.43708408089957,55.42468354578639,14.28227674271092,49.3990993530606,1.0901018019665925,False
624,12.108963013740958,284.93654157785784,8633.119034271102,172.04702238539178,0.3536193171566993,0.6463806828433007,0.520263326598056,0.008882378304724405,0.2014176408726856,0.14331896110414627,COMPLETE,11.107941901995725,250.66266627894004,310.6143400524666,2030.2352083900228,157.82427668658607,8625.980281684588,7919.438234048297,2.7843463340258086,64.68249798549358,34.96386364147496,19.99788321072249,18.73511312057363,1.0901176041950114,False
625,12.119412032748832,284.90863373088473,11315.753288758406,172.33849618577008,0.07626952145713067,0.9237304785428693,0.520263326598056,0.007410229922792151,0.03129390347479586,0.037565311804168194,COMPLETE,11.115289758264487,250.68856559872808,310.64643378322916,2030.6740618233107,158.05983957242466,8637.727193750989,10378.216063428617,2.786476045713557,84.51228296299357,35.90031619126572,4.831146975973898,49.325824048165664,1.0903370309116553,False
626,12.102458935068471,284.9571838489753,7434.81696997159,171.8671250159266,0.4805952819119571,0.5194047180880429,0.520263326598056,0.04038009608431493,0.20585960581440085,0.23435532115737898,COMPLETE,11.103523857241065,250.6458688155453,310.59352509392346,2029.9311805280554,157.6812392529698,8618.843204896448,6821.148333839253,2.7830523841123216,55.81250036172999,60.097783794854095,3.253235807347022,27.09024732605802,1.0899655902640277,False
627,12.099611563832134,284.97225360880645,9715.030767178181,171.79095886394066,0.4812236474710556,0.5187763525289444,0.520263326598056,0.12008445181396521,0.035050310345144144,0.32608850884289853,COMPLETE,11.10188217950168,250.6372081426859,310.5827930243075,2029.7405823982967,157.6251414972737,8616.04325817801,8913.933011688072,2.782544754599338,72.99750551654161,60.52845862684506,13.439811699155268,58.29302692982385,1.0898702911991485,False
628,12.09995869106172,284.96574818203095,8055.161430341985,171.79826088619123,0.4812236474710556,0.5187763525289444,0.520263326598056,0.008670578836645043,0.18950804006686525,0.28304469972515817,COMPLETE,11.101855706306997,250.6392745896573,310.58535370903894,2029.8083151427913,157.62694333509535,8616.133198911952,7390.706214288682,2.7825610608278337,60.51484160863167,35.914431174621996,8.859536534556756,43.2511679426571,1.0899041575713957,False
629,12.104929550672665,284.9522390370811,9074.008882544214,171.93666229384323,0.49525257100033665,0.5047474289996634,0.520263326598056,0.17002134596056934,0.1188552484859376,0.20637569632121155,COMPLETE,11.105344104356691,250.65159540372957,310.60062132582755,2030.0188156121758,157.7386957053041,8621.710463578398,8324.706940656495,2.783572217264407,68.06940967036884,59.16871472136168,14.810620758547927,54.54366796409025,1.0900094078060878,False
630,12.099535600834393,284.9676372209007,9306.412024473126,171.78678717618703,0.49525257100033665,0.5047474289996634,0.520263326598056,0.030269471346339706,0.17393714036363705,0.2910456478007169,COMPLETE,11.101595306899354,250.63805094061402,310.5838373965155,2029.783223284107,157.61823041960062,8615.698279421707,8538.841775699046,2.782482210052722,69.92384267883588,41.49131463804846,13.458799900423285,73.4310563381499,1.0898916116420534,False
631,12.102811440453163,284.9550194822385,7695.162302197261,171.8764245854755,0.4812236474710556,0.5187763525289444,0.520263326598056,0.024756778208197758,0.23579873590188358,0.2206678786000003,COMPLETE,11.1037128164374,250.6470000055566,310.594926833736,2029.9575764489778,157.68786185780004,8619.173719781127,7059.919317083432,2.7831123063632837,57.759964863210435,47.68707794001949,17.10613482477027,28.28751893280585,1.089978788224489,False
632,12.099962376373561,284.9670636012824,8874.699948273115,171.79891488540503,0.48132420733896253,0.5186757926610375,0.520263326598056,0.038066436215795425,0.1511290248648013,0.29212841104135856,COMPLETE,11.101923385287881,250.6389799520192,310.584988602113,2029.7956906112804,157.62845630475343,8616.208720084021,8142.689690137318,2.782574752794022,66.67281273506774,22.2334562341465,15.787034958440422,58.90849476060308,1.0898978453056403,False
633,12.095134447031496,284.9861339028616,7730.3486500721665,171.66700575594055,0.46484882617128653,0.5351511738287135,0.520263326598056,0.011411086097802173,0.04874029477369925,0.40469701487647286,COMPLETE,11.09882736616637,250.6256329686732,310.56844938434574,2029.533755773563,157.52635654409698,8611.111530651098,7093.580110511755,2.7816506338554783,58.16077764748587,33.6791012832284,10.603465688051413,23.296579282341934,1.0897668778867815,False
634,12.11169394136743,284.92796436172665,8722.24824064836,172.12261696999227,0.4879260397312673,0.5120739602687328,0.520263326598056,0.23084152278513417,0.19663323583614706,0.06045104671532117,COMPLETE,11.10980125367538,250.66969144226255,310.62304544326764,2030.3619461438338,157.88444416249934,8628.981490202956,8000.734241463387,2.7848904522436695,65.2914238366295,66.75030205267149,3.653075982437058,58.392561754259106,1.090180973071917,False
635,12.107602831432455,284.93905531995387,7925.399350061165,172.00860813691241,0.4812236474710556,0.5187763525289444,0.520263326598056,0.09905804601277256,0.25508815515851263,0.12707642693755467,COMPLETE,11.106931694544523,250.6595169619374,310.61043750472425,2030.1885821228989,157.79241258976205,8624.390645658088,7270.37964976775,2.784058133483763,59.40097671937916,38.78042498844066,16.420469949229627,40.22885106470456,1.0900942910614495,False
636,12.107577019605348,284.94299925065195,9096.74651516777,172.0095252269359,0.46042094130868616,0.5395790586913138,0.520263326598056,0.1603015173833431,0.1405032709604699,0.15961596868830363,COMPLETE,11.107102489764248,250.65859757210754,310.60929822192037,2030.1504093012713,157.79601672718002,8624.57045670785,8345.063236332613,2.7840907331739704,68.18481392134997,48.41999145963284,5.610927169997675,72.51441805303114,1.0900752046506357,False
637,12.106402430502559,284.9456691657414,7993.728950761457,171.9765956674013,0.4879260397312673,0.5120739602687328,0.520263326598056,0.1471200776646205,0.1731454869852734,0.16766019152453776,COMPLETE,11.106252521614632,250.65581031085344,310.6058443237877,2030.105738986479,157.7690408240037,8623.224575575738,7333.340587853966,2.7838467253222747,59.937297821468924,43.35465084526673,14.948584771238977,31.554756974985466,1.0900528694932397,False
638,12.104993757913544,284.9470561602203,7706.669088295483,171.93635447778024,0.4812236474710556,0.5187763525289444,0.520263326598056,0.042251189588945616,0.26549036890413213,0.1734816541898111,COMPLETE,11.105143781007898,250.6528872876366,310.60222219313323,2030.0697040259124,157.73473128888233,8621.512643011,7070.11255104702,2.783536352453971,57.80741176260566,40.008343089754675,8.321093281596301,44.056392739651656,1.0900348520129561,False
639,12.093891079004216,284.99023871352784,9754.260620597746,171.63269520867664,0.4812236474710556,0.5187763525289444,0.520263326598056,0.012873181860377052,0.04545568403362738,0.4228942933457654,COMPLETE,11.097991035191978,250.62236359488546,310.5643980655094,2029.473931931323,157.4991952820337,8609.755271073394,8951.022976406135,2.781404744394663,73.41400473725025,47.875908771486266,14.144374599096786,61.24613834185518,1.0897369659656615,False
640,12.10607986700963,284.942820009634,7737.81400769553,171.96603018918995,0.4641592812938627,0.5358407187061374,0.520263326598056,0.024837821082991783,0.28728813665765335,0.1520328699908039,COMPLETE,11.105845095095681,250.65582076540636,310.6058572787846,2030.127628892582,157.75776418790844,8622.661928671143,7098.496349616036,2.783744717604671,58.02160653053835,45.04013295042372,5.023639017546978,50.545514364850035,1.090063814446291,False
641,12.103154472962764,284.95827735451144,9395.784525602785,171.88773823223792,0.4014267242990057,0.5985732757009943,0.520263326598056,0.02951854613796851,0.10879629740595645,0.2631115769928746,COMPLETE,11.104158181766117,250.6469165137423,310.5948233729567,2029.9319272733483,157.70009703673136,8619.784324070159,8620.254979571771,2.7832230087405203,70.5237505231399,45.14852442277146,11.817747310996722,55.288555245957895,1.089965963636674,False
642,12.098014405803962,284.97320556598163,8128.662739292739,171.74502859386962,0.4812236474710556,0.5187763525289444,0.520263326598056,0.001732669771017,0.15350918693168206,0.3259814167050652,COMPLETE,11.100598882115785,250.63393246022707,310.578733887938,2029.7048130970875,157.58558458183285,8614.068604596401,7458.498683354218,2.78218675048828,61.103018398921314,29.73476501946164,3.9366905918945796,43.43119694176275,1.0898524065485438,False
643,12.101630816102928,284.9609364911655,7670.6690490522,171.8446998044779,0.48132420733896253,0.5186757926610375,0.520263326598056,0.05065884239420345,0.17385564473186543,0.25680919890531784,COMPLETE,11.103016104267377,250.64348044172658,310.5905654862223,2029.881701054498,157.66424363427575,8617.99497219505,7037.692958605582,2.7828985997741156,57.59814824267454,25.288174608825,14.095157278164955,29.46969011075621,1.089940850527249,False
644,12.107254879831087,284.9405724123717,7331.338291335088,171.9992073072117,0.4879260397312673,0.5120739602687328,0.520263326598056,0.10875827872751392,0.24460879637064525,0.13455869148687516,COMPLETE,11.106712255727478,250.65860022391882,310.6093015079726,2030.1690007027332,157.78520587327978,8624.03109530246,6725.477051523969,2.7839929471104936,54.9544244083262,31.82440366598336,11.22149855742126,22.745446660564927,1.0900845003513666,False
645,12.100159409079382,284.96551348102366,7531.4836170895005,171.80400786149931,0.49525257100033665,0.5047474289996634,0.520263326598056,0.037803795434000295,0.17864706826365273,0.2788013873784203,COMPLETE,11.102009888893969,250.6397449569137,310.5859365753153,2029.8142012436729,157.63179060259185,8616.375153159912,6910.206945887849,2.7826049270615183,56.57731157302453,29.29427678335218,7.8948996533136295,32.29193493928652,1.0899071006218364,False
646,12.10770837527672,284.9384083291016,8551.944829582106,172.01143798439892,0.4641592812938627,0.5358407187061374,0.520263326598056,0.07206892764055452,0.2656239385456989,0.12646567347838555,COMPLETE,11.106985455109253,250.659919577905,310.6109364154512,2030.197034418035,157.79439680809799,8624.489638907537,7845.111881701919,2.784076080930646,64.09486712151143,70.32474815623972,14.660210785475147,58.30970715934177,1.0900985172090174,False
647,12.116051526011967,284.9176288250525,9877.159093371689,172.24474628645197,0.26869780146896144,0.7313021985310386,0.520263326598056,0.13169234790239187,0.08742022729501187,0.04958508310523296,COMPLETE,11.112927377533042,250.6802445930397,310.6361226199082,2030.5328361106613,157.98408850717314,8633.950615237804,9059.399546570668,2.7857913531446705,73.84269983135678,46.43199916504393,8.385850098040496,37.31326279394833,1.0902664180553305,False
648,12.099611563832134,284.97225360880645,8526.733692793972,171.79095886394066,0.4812236474710556,0.5187763525289444,0.520263326598056,0.12008445181396521,0.035050310345144144,0.32608850884289853,COMPLETE,11.10188217950168,250.6372081426859,310.5827930243075,2029.7405823982967,157.6251414972737,8616.04325817801,7823.62246374501,2.782544754599338,64.06879244074692,23.414752515144745,10.84871970553105,44.774791529850745,1.0898702911991485,False
649,12.10966697198396,284.93307248620425,7258.228058662091,172.0660063391816,0.46484882617128653,0.5351511738287135,0.520263326598056,0.13082532080394985,0.23883696472900043,0.09518616356926729,COMPLETE,11.108357866522114,250.66479987604833,310.6169839478164,2030.280311004302,157.83842606909832,8626.686115915028,6658.068709815331,2.784474301563293,54.36631156233623,33.14108313497849,0.7672865537919917,22.197279846975068,1.090140155502151,False
650,12.098509634059285,284.97375399693294,7740.277833290595,171.759590290148,0.4812236474710556,0.5187763525289444,0.520263326598056,0.05737621518277955,0.09178126949920902,0.33206579602033887,COMPLETE,11.10104016181256,250.63471101564565,310.57969865258013,2029.7073891648474,157.5987594884995,8614.726313559258,7102.125608021427,2.7823059929289666,58.17682172281314,35.34632559889296,4.4361710755164,28.338855946790904,1.0898536945824238,False
651,12.105534095431848,284.9501758686366,8916.656007216881,171.9533439938956,0.4812236474710556,0.5187763525289444,0.520263326598056,0.16073380550577024,0.1231672589689872,0.19732236505252393,COMPLETE,11.10574630560328,250.65322065954547,310.6026352985111,2030.048735549476,157.75183480066116,8622.366074480567,8180.235479891196,2.7836910793273106,66.8768667105959,42.09192655230028,6.527288676811315,66.3485404337876,1.090024367774738,False
652,12.099321002149567,284.9692314437931,8311.982984328544,171.78124640496017,0.46484882617128653,0.5351511738287135,0.520263326598056,0.008685056171456528,0.14814575885270884,0.30801768354897563,COMPLETE,11.101493545178846,250.63730518445036,310.5829132758155,2029.7645430157563,157.61449735969805,8615.511934018672,7626.496183692131,2.782448425686196,62.457561612731226,56.981672325128194,11.794202969468904,40.454104569680034,1.0898822715078782,False
653,12.099002542662689,284.9709019330206,8388.331893361685,171.77274258231404,0.4812236474710556,0.5187763525289444,0.520263326598056,0.03687681696134957,0.1302134125146213,0.314132019396358,COMPLETE,11.101307889903351,250.63636900129768,310.58175318318405,2029.7436234818315,157.60820743490137,8615.197951182994,7696.622486237637,2.7823915006908337,63.037389328603325,44.03735128395318,12.437751846465776,42.99322865075636,1.0898718117409159,False
654,12.10070467836194,284.96868760550564,8254.742054113009,171.8211524596416,0.4879260397312673,0.5120739602687328,0.520263326598056,0.14659388458741351,0.0366899981787077,0.3046418329574515,COMPLETE,11.102619433446177,250.6400703020118,310.58633973408814,2029.7927508726584,157.64907227153108,8617.237748464453,7573.877884315658,2.7827613153354323,62.00479517375573,45.817077648093814,5.5885119624558985,30.738677244068775,1.0898963754363291,False
655,12.101724749931801,284.9594880457455,7601.701151909305,171.84678267906867,0.4812236474710556,0.5187763525289444,0.520263326598056,0.027593565257634428,0.2061758746651333,0.24745392359520224,COMPLETE,11.103025734608638,250.64393453633232,310.59112818787384,2029.8967307101116,157.66506757692946,8618.036095297599,6974.368138469583,2.7829060553804603,57.07782402838871,34.69560302849045,13.587411650453182,28.324753491034585,1.0899483653550557,False
656,12.10221424479717,284.96005515236743,7574.2049003485545,171.8612123747938,0.4812236474710556,0.5187763525289444,0.520263326598056,0.08354958137492344,0.14431509796437852,0.2533571694484594,COMPLETE,11.103461685598713,250.64473015063373,310.5921140914184,2029.8993120305622,157.67811974279326,8618.687516901302,6949.1327957649855,2.78302415792479,56.864783377010696,17.564908203255868,6.600866579361515,32.15989050701061,1.089949656015281,False
657,12.11982991675957,284.906782507571,11133.970861144831,172.3498673482886,0.08819349325311165,0.9118065067468883,0.520263326598056,0.01822362053800585,0.04792032554172719,0.02204946869523803,COMPLETE,11.115546347648202,250.68979353348192,310.6479554064882,2030.6989126222938,158.0684672704657,8638.157272720979,10211.378376629,2.7865540189037765,83.14210772035827,36.71405009652169,8.86554100493598,39.28447578204627,1.0903494563111469,False
658,12.103374970331672,284.95752525414946,8181.252214231846,171.8938130123676,0.48132420733896253,0.5186757926610375,0.520263326598056,0.13092692536172812,0.11005651661204487,0.2403405026537292,COMPLETE,11.104305484806895,250.6474963064272,310.5955418362399,2029.9427234583418,157.70488936486265,8620.023481922886,7505.933184568084,2.7832663679885754,61.40176650088314,38.44758680245691,14.818396013548877,35.19658324255156,1.0899713617291709,False
659,12.10330355565099,284.9563289550018,7879.079405245046,171.89131312436,0.4812236474710556,0.5187763525289444,0.520263326598056,0.0961134812496051,0.15398263506701146,0.23112726593617383,COMPLETE,11.104182718229398,250.6477362358721,310.5958391502647,2029.9539619933248,157.7017828093806,8619.868451803315,7228.665873329275,2.783238261073691,59.13389611103592,37.50815138561079,7.144610058573903,35.224734563362865,1.0899769809966624,False
660,12.115341186133527,284.9209623490643,9518.77874123092,172.22557771600938,0.46484882617128653,0.5351511738287135,0.520263326598056,0.3824289088114524,0.0563137766589588,0.026105535844779343,COMPLETE,11.11249531512642,250.67822667185783,310.63362206701174,2030.4897716612804,157.96962678232924,8633.229523883954,8730.86300604723,2.7856606194952187,71.17588863206626,58.42210949488171,8.370702660589245,26.458730261931642,1.0902448858306402,False
661,12.122121943450324,284.90090569677284,11879.114652401026,172.413930553514,0.006547228294166818,0.9934527717058332,0.520263326598056,0.0029784085960263143,0.0004179087654160777,0.003150906444041917,COMPLETE,11.117170251956514,250.69540557260706,310.6549096923222,2030.7927141022146,158.12042055954237,8640.746831436407,10894.30882227741,2.7870235051339605,88.64267182995219,27.22171850876075,16.7241878737226,42.778439794965344,1.0903963570511073,False
662,12.110917474941207,284.92386242572724,6898.207549911127,172.0983336068982,0.46484882617128653,0.5351511738287135,0.520263326598056,0.03679314668265793,0.3938681304150085,0.034186756978469006,COMPLETE,11.108955174929761,250.66910276723715,310.62231597323034,2030.388215495303,157.86026762009797,8627.77560923896,6327.503974648029,2.784671826381099,51.64583941149417,34.74276693262534,4.34586012036948,27.206004913013615,1.0901941077476516,False
663,12.110649286259255,284.92887826080397,7617.69612083144,172.0926816471435,0.4812236474710556,0.5187763525289444,0.520263326598056,0.14688297077180062,0.26910264718693966,0.06523651800510752,COMPLETE,11.108975617568698,250.66750329229532,310.62033394750284,2030.3359199216216,157.8588694290097,8627.705867315244,6987.635300807483,2.78465918219093,57.04028472029787,40.939356439881436,7.577143685260312,41.96531107234409,1.0901679599608107,False
664,12.097894519989252,284.9778488140235,8309.391646607786,171.74354726160047,0.46484882617128653,0.5351511738287135,0.520263326598056,0.07113522227549295,0.03310101058589092,0.3606118612890248,COMPLETE,11.10072285805594,250.63273332134057,310.5772479477324,2029.6588699103772,157.5875469620273,8614.166570938942,7624.4881814459795,2.782204511757244,62.467673035819615,43.23018318511977,5.821185631037805,31.636293758749737,1.0898294349551887,False
665,12.10663722074285,284.94103612964585,7728.074720982526,171.98141321136558,0.45323605548227347,0.5467639445177266,0.520263326598056,0.022272894944704778,0.2866920364254874,0.14427064461375952,COMPLETE,11.106224700664715,250.65722380993068,310.60759589329564,2030.1534809606837,157.7700053810726,8623.272701167778,7089.47767987156,2.783855450477896,57.93895115203106,48.28503747236291,2.503684946877726,51.279050873345994,1.0900767404803418,False
666,12.100159409079382,284.96551348102366,8702.801639002848,171.80400786149931,0.49525257100033665,0.5047474289996634,0.520263326598056,0.037803795434000295,0.17864706826365273,0.2788013873784203,COMPLETE,11.102009888893969,250.6397449569137,310.5859365753153,2029.8142012436729,157.63179060259185,8616.375153159912,7984.902230692456,2.7826049270615183,65.37637800483866,44.83719281832066,8.64522901847772,61.52058858332009,1.0899071006218364,False
667,12.10257795849471,284.9566802741625,8733.653010743537,171.87038696306453,0.4805351587347276,0.5194648412652725,0.520263326598056,0.0392083648897748,0.21017020129992775,0.23115626073423437,COMPLETE,11.103597051106625,250.64623863781662,310.5939833675964,2029.9382493420944,157.6837206420274,8618.967044577019,8012.752667080688,2.783074836209828,65.56025523268907,47.88349205384171,6.291560645650929,69.57498397774351,1.0899691246710472,False
668,12.099775049043505,284.9680039855255,7822.336368994879,171.7938700265091,0.4879260397312673,0.5120739602687328,0.520263326598056,0.050556887815053096,0.14100444425783712,0.29636436758061463,COMPLETE,11.101813712651106,250.63840272083965,310.5842733129774,2029.7834772268188,157.62471073050799,8616.02175590277,7177.168237779903,2.782540856243188,58.770147883408065,38.36302729974638,11.396848476267632,32.084796643339985,1.0898917386134095,False
669,12.09417914221137,284.98959212828964,8478.626048985609,171.64082042651484,0.4812236474710556,0.5187763525289444,0.520263326598056,0.022637918450208912,0.03910245108459714,0.4194827905795798,COMPLETE,11.098196516295058,250.6231241916251,310.5653405762464,2029.4854910802756,157.5058160551828,8610.085880612682,7780.39228403684,2.7814646838064774,63.80800783677301,45.73602650561825,8.221305563575909,38.438923434264986,1.0897427455401378,False
670,12.107386688883697,284.9427967007534,7797.884694478655,172.00392569921553,0.4879260397312673,0.5120739602687328,0.520263326598056,0.1720239228730926,0.16481252540448382,0.1510878212321466,COMPLETE,11.106933475963531,250.65829325080347,310.60892111525976,2030.149312154474,157.79095930749557,8624.318140583917,7153.5326970542255,2.7840449883352325,58.45147601806313,46.89774897291389,6.025878934131031,24.506574814812645,1.090074656077237,False
671,12.099427215602079,284.96830560942175,7515.873463649959,171.7839450707802,0.49525257100033665,0.5047474289996634,0.520263326598056,0.03497064925326448,0.16525864381208016,0.295022981986951,COMPLETE,11.101536339093126,250.63772493867393,310.5834334238019,2029.7752754265125,157.61619741940376,8615.596797191247,6896.007628290346,2.7824638113543165,56.47262954557658,26.359956296923492,2.0529466550376045,34.42899374182245,1.0898876377132563,False
672,12.113560534125993,284.9197291090881,7917.006809037066,172.17329675145575,0.49525257100033665,0.5047474289996634,0.520263326598056,0.224119503688403,0.26570832413740136,0.00542429689470259,COMPLETE,11.11095591339283,250.67502411418766,310.62965354488614,2030.4713525187608,157.92300738330786,8630.904765690357,7261.7388895220065,2.7852391415214237,59.226563875215426,48.84763543415814,11.241862440516641,56.4029149647817,1.0902356762593803,False
673,12.093764892809046,284.9911115440826,9667.99346344559,171.62943291537096,0.4812236474710556,0.5187763525289444,0.520263326598056,0.02012322018988824,0.03314103649496945,0.42795889670782966,COMPLETE,11.097926610969257,250.62197106586663,310.56391165425424,2029.4638434273838,157.4969306629742,8609.642185344663,8871.900759080165,2.781384241985448,72.76776071125165,25.059066680749027,13.848060807072375,59.69325929204712,1.0897319217136918,False
674,12.114138105101278,284.9205443760152,8049.4210621749835,172.1904262966991,0.4812236474710556,0.5187763525289444,0.520263326598056,0.27968624834871997,0.18544119936884626,0.016095826818835694,COMPLETE,11.11147568216557,250.67596695627358,310.6308218890861,2030.4733145472346,157.93857704922533,8631.681211613703,7383.186951633397,2.785379910937974,60.20844436964472,42.082623504327785,6.7558776888566925,59.517082250766364,1.0902366572736173,False
675,12.097097979169154,284.9786342043863,9756.110431042362,171.72079569669384,0.4812236474710556,0.5187763525289444,0.520263326598056,0.038803565220187984,0.08381744448385223,0.35860223845681477,COMPLETE,11.100096553937576,250.63106266767727,310.5751777192744,2029.6383338445662,157.5681552579443,8613.198468258233,8952.045189840275,2.782028995027197,73.35853107867274,64.43048259559586,5.740395810483427,67.3456569139165,1.0898191669222832,False
676,12.117997216806993,284.9129824001466,11098.197101528194,172.29926414393185,0.10256982024100358,0.8974301797589964,0.520263326598056,0.005248743561143768,0.03775260164718262,0.05956827705138341,COMPLETE,11.114322406522854,250.6849430530795,310.6419448234544,2030.60926677727,158.0285535506079,8636.16753229752,10178.987378082877,2.7861932795527475,82.92520385474329,39.518763558338016,8.9076773396584,41.35267481730226,1.090304633388635,False
677,12.121870093571465,284.9016546586174,11788.684569992745,172.40692523866795,0.01827483392404744,0.9817251660759525,0.520263326598056,0.010682459032774113,0.002106833603214156,0.0054855186589402635,COMPLETE,11.116997450386993,250.69475285318825,310.65410086021916,2030.78130316554,158.1148233327281,8640.467863305834,10811.432171470597,2.786972928294291,87.97494075647715,37.00763815424608,16.01389856784806,30.279662323090633,1.09039065158277,False
678,12.105268502931159,284.9469103933334,7737.109282122984,171.94425430150648,0.4812236474710556,0.5187763525289444,0.520263326598056,0.06380982706429696,0.24388018079514417,0.17353323171700094,COMPLETE,11.105366179884243,250.65342833834748,310.6028926484188,2030.0755250840975,157.74155741221273,8621.853258495637,7098.019488865663,2.7835981059407224,58.031478302277065,35.815114357582694,4.305553351723999,48.63706173560772,1.0900377625420488,False
679,12.100282173473339,284.96535213005706,9393.875626145249,171.80748050398896,0.46484882617128653,0.5351511738287135,0.520263326598056,0.008046410851974536,0.17143414382289826,0.28536796798780983,COMPLETE,11.10210557802476,250.63998566530776,310.5862348545927,2029.817528924305,157.6347361412149,8616.522179705804,8618.955946079517,2.782631582930859,70.56624585176189,46.82519472959528,15.593209832630878,69.52628744854705,1.0899087644621526,False
680,12.121435941376967,284.90229924888945,11615.039156630486,172.39459765927305,0.03285431971417618,0.9671456802858238,0.520263326598056,0.0008908385924030191,0.026202093474860175,0.0057613538607615864,COMPLETE,11.11666658832955,250.6938023474074,310.6529230193774,2030.7681007726255,158.10447483911312,8639.952077371294,10652.246015993529,2.786879416456716,86.69039285959641,50.299013779761275,16.490353001976576,21.524599296592953,1.0903840503863127,False
681,12.114438515399025,284.92470796622604,10564.648033649839,172.20093265352577,0.2266444173740138,0.7733555826259861,0.520263326598056,0.09145828291023748,0.029463763337418254,0.10572219671754796,COMPLETE,11.11192749349337,250.6756536645519,310.6304336665286,2030.4387263132662,157.95071934416328,8632.286711588551,9690.387449238511,2.7854896879045565,79.02682766791342,39.337134859829646,16.889731662104563,57.27274158213571,1.090219363156633,False
682,12.094447344798654,284.988167674978,8662.453425560409,171.64797997511855,0.4812236474710556,0.5187763525289444,0.520263326598056,0.015446591850915245,0.054542490441523324,0.41123397934758615,COMPLETE,11.098351579761449,250.6239276391076,310.5663361864553,2029.5033718076925,157.51109376146798,8610.349419006929,7949.0158516026695,2.7815124632395087,65.18596127337729,45.51266308433716,11.377786345044719,42.679637249230275,1.0897516859038463,False
683,12.104927328630264,284.95099874089107,7584.2074623646,171.93613435971227,0.46484882617128653,0.5351511738287135,0.520263326598056,0.10328072404318055,0.1573648552892279,0.20420301251616196,COMPLETE,11.105277899060766,250.6519526747939,310.6010640463871,2030.0314118486026,157.73729995377954,8621.640817195796,6957.888240640913,2.7835595903958135,56.89311377863413,38.71519673484817,5.640682729300385,20.750022887308333,1.0900157059243014,False
684,12.100532543715898,284.9630808628888,8013.716234492439,171.81378583273406,0.49525257100033665,0.5047474289996634,0.520263326598056,0.01758451572908273,0.21393982903348316,0.2637278476724428,COMPLETE,11.102203335836615,250.64096702272207,310.5874509259372,2029.8434378618872,157.63864766476868,8616.717421315248,7352.56128518362,2.78266698017698,60.19225271890405,33.549418413337854,-1.8962676613478897,56.92388875321059,1.0899217189309436,False
685,12.113176526356833,284.9289801549777,10584.090644357155,172.1661148276546,0.200381530437663,0.799618469562337,0.520263326598056,0.03873927901781884,0.023055499118244047,0.1385865046666515,COMPLETE,11.111083798278933,250.6723312619946,310.6263166358872,2030.3771344489583,157.92324374302868,8630.916553026356,9708.495358104228,2.785241278561958,79.20525512298464,59.58923825194867,9.212280062138774,39.20943762898553,1.090188567224479,False
686,12.107806378998163,284.9350841412411,6829.051956098847,172.01286524465024,0.4812236474710556,0.5187763525289444,0.520263326598056,0.02711035088107913,0.3545878959208967,0.09952481702839082,COMPLETE,11.106905806487774,250.66082169199572,310.6120542906303,2030.2303161562318,157.7932973135707,8624.434784869889,6264.523436348261,2.784066135909824,51.17823503041339,29.958495639203484,4.276373757663942,25.79737103685789,1.0901151580781159,False
687,12.097769948532418,284.9768976628934,9221.435478693951,171.73950658938992,0.4812236474710556,0.5187763525289444,0.520263326598056,0.06040480521385957,0.0707892030162931,0.35002925013558533,COMPLETE,11.100574490306665,250.63266591091354,310.5771644145696,2029.6655585882572,157.58335577006915,8613.957336681859,8461.330631536484,2.78216657764824,69.3250528129427,48.980053304840496,17.651941468728673,53.860383846758836,1.0898327792941287,False
688,12.112551203674517,284.92650840003927,8217.353300021601,172.14690243294552,0.43089281050675865,0.5691071894932413,0.520263326598056,0.2066176176348852,0.15856760359965758,0.0657073708870125,COMPLETE,11.110443269425074,250.67166690592273,310.62549338396104,2030.3902706577246,157.9046694067449,8629.99021863522,7537.506849673107,2.7850733344104732,61.49751557059979,33.073010364092774,14.000390731253264,26.090840304965436,1.0901951353288624,False
689,12.106055364737248,284.9436238866317,8055.118064179575,171.96568489954527,0.46484882617128653,0.5351511738287135,0.520263326598056,0.04092106629873004,0.26672661369291456,0.15720072507918123,COMPLETE,11.105862187172104,250.65563482942062,310.6056268719818,2030.1198611523246,157.7580095148081,8622.674169446802,7389.610275759756,2.7837469368536816,60.40188014980889,39.89454922779973,7.923150920440412,56.96425171033843,1.0900599305761622,False
690,12.094397851137224,284.98870675269944,8873.789807807212,171.6467960425955,0.4812236474710556,0.5187763525289444,0.520263326598056,0.022225676656156657,0.04454797905716539,0.41444951327594287,COMPLETE,11.098335070205037,250.62374891308852,310.56611471404665,2029.4976948580784,157.51041760452293,8610.315655845925,8142.967830378958,2.781506341988392,66.77753219730188,34.48820361774471,15.64441827234143,45.875636442118974,1.089748847429039,False
691,12.10528302823125,284.94774280430175,7763.03707359224,171.94499653379825,0.46974947078209456,0.5302505292179054,0.520263326598056,0.07031717934812187,0.21711882041111513,0.182313211305174,COMPLETE,11.105420842833276,250.6532275642034,310.6026438545749,2030.0674102401476,157.74282549809544,8621.916533690921,7121.8321388851855,2.7836095777149366,58.226666052125296,22.65606855758431,14.967242172954641,33.35808679611501,1.090033705120074,False
692,12.10919546151158,284.93510277493715,8650.517274544558,172.05322227847165,0.4879260397312673,0.5120739602687328,0.520263326598056,0.16128467376572742,0.22427682328966336,0.10236429223365895,COMPLETE,11.108061376308555,250.66351624969994,310.6153933130521,2030.2536106504162,157.82863189676772,8626.197542254646,7935.331222282827,2.7843857233029836,64.80436638792186,60.73304637767602,11.545393112258171,66.34718399511529,1.0901268053252082,False
693,12.092017105155035,284.99748228441086,8646.589787990097,171.58151152521543,0.4879260397312673,0.5120739602687328,0.520263326598056,0.014009237110198145,0.013414782918831733,0.460501491277319,COMPLETE,11.096776935712892,250.61731525734828,310.5581423033102,2029.3746373758581,157.45940012572905,8607.767949817666,7934.927423401866,2.781044443638029,65.11284937177437,24.383694796607273,12.234073940192363,40.992011195386425,1.089687318687929,False
694,12.105707223334013,284.9456473912757,8206.943093241738,171.9563883165591,0.46974947078209456,0.5302505292179054,0.520263326598056,0.062190098308587814,0.23812257425194003,0.16943639995666845,COMPLETE,11.105674052636022,250.65445264282252,310.6041619385897,2030.0940971179725,157.75134526888627,8622.341648438385,7528.980610599425,2.7836866508930784,61.54765788246236,51.66270204546056,12.36514966419792,47.876272274649274,1.0900470485589864,False
695,12.114376895681954,284.9159293664744,7944.601242025531,172.19534560719316,0.35798611442369876,0.6420138855763012,0.520263326598056,0.04441770895361701,0.3011828348466217,0.012385113540607626,COMPLETE,11.111453428463918,250.67734984893147,310.6325355319539,2030.5206625172677,157.93965961175985,8631.7351966944,7286.884622183778,2.785389698417158,59.41939810917075,25.258505497229716,1.1232235841644527,59.49557222248458,1.0902603312586339,False
696,12.117694633055313,284.91402450756283,11159.85198588635,172.2909146586297,0.11098608096647472,0.8890139190335253,0.520263326598056,0.011108225132404356,0.03540860498368689,0.06446917964131083,COMPLETE,11.114121431228744,250.6841334039758,310.64094152836566,2030.5942481439338,158.02198396632414,8635.840008219411,10235.606184309923,2.786133899534133,83.39401506230213,38.34944143611861,10.841606399123012,53.08772403820831,1.090297124071967,False
697,12.097983281833638,284.9753916966574,9093.007643573657,171.7450646179536,0.4879260397312673,0.5120739602687328,0.520263326598056,0.0543570308423461,0.09449619015303055,0.33907225937190527,COMPLETE,11.10067839905613,250.63341500072687,310.57809266623735,2029.6835917455828,157.58715188603395,8614.146847922777,8343.419822958424,2.7822009359802395,68.35435993119819,58.85997763896763,8.908884590680298,55.00359720597673,1.0898417958727915,False
698,12.106780833759368,284.94055028270316,7960.134250633902,171.98543511140755,0.4805952819119571,0.5194047180880429,0.520263326598056,0.05657482661563056,0.28949128450861344,0.13452858860137953,COMPLETE,11.10631677066864,250.65769185635412,310.60817588365916,2030.1612692576746,157.77313131515916,8623.428665478266,7302.335256459498,2.783883726761318,59.675416769305336,60.80724081271312,11.391465543348266,49.26968423684591,1.0900806346288372,False
699,12.104818643474431,284.95221902371844,7932.460473679404,171.93349179306364,0.49525257100033665,0.5047474289996634,0.520263326598056,0.15832294503876226,0.13158083069450857,0.20534855962983567,COMPLETE,11.105247141215699,250.65146978345294,310.60046566060663,2030.0178761531479,157.73585498891129,8621.568714807996,7277.426997687741,2.783546518254204,59.507592563086945,30.095121983165015,6.803631722365701,43.03437959720731,1.0900089380765738,False
700,12.094173066144073,284.9895999004518,9633.481048237623,171.64063688141906,0.48132420733896253,0.5186757926610375,0.520263326598056,0.022642649028394343,0.0391106222069777,0.4195704486450793,COMPLETE,11.098192522747881,250.62309529807933,310.5653047721525,2029.4851803759461,157.5056700792177,8610.078591348718,8840.143658674397,2.781463362265074,72.49929144717187,24.85916691958139,4.360136610752065,60.83021653975021,1.0897425901879731,False
701,12.12195986273925,284.9012949978543,11826.853436765741,172.40938038052255,0.009855268877182077,0.990144731122818,0.520263326598056,0.0005326989697865896,0.004359470704222379,0.004963093721405357,COMPLETE,11.117054683879308,250.6950022568057,310.65440991438027,2030.78622574685,158.11671803959402,8640.562296829052,10846.412451743563,2.786990049064156,88.25728195497024,58.33366065903208,0.7144379532387082,18.891580095841025,1.090393112873425,False
702,12.120105596758586,284.9069438225756,11542.472647625182,172.35797909125256,0.05205429099228692,0.947945709007713,0.520263326598056,0.003790703223339989,0.016284035930225864,0.03197951975892796,COMPLETE,11.115781500899821,250.69033427529513,310.6486254789962,2030.70238170433,158.07565538269006,8638.515581566988,10586.013703166731,2.786618980191718,86.18687003524904,30.979931133349034,18.379919904116257,43.11324617651873,1.090351190852165,False
703,12.104139904451054,284.9512067222067,7717.796372667131,171.9133369911994,0.49525257100033665,0.5047474289996634,0.520263326598056,0.07578603942545221,0.22341141807964937,0.19605483420166642,COMPLETE,11.104634693453423,250.65034812348483,310.59907573016375,2030.0158651930938,157.71750998332507,8620.653288297342,7080.495601790983,2.783380551698228,57.90671619975068,16.049459493068895,9.660201695675795,48.602523358632965,1.0900079325965468,False
704,12.119790262959881,284.9063019089027,11036.04803413728,172.3484758893329,0.0892723310271668,0.9107276689728332,0.520263326598056,0.005029271173262342,0.06577999271072983,0.018462958871344973,COMPLETE,11.115492204596228,250.6897715382138,310.6479281505518,2030.7023998358577,158.06693834271528,8638.081058593762,10121.553527861452,2.7865402013050247,82.41134362620222,21.572729936867226,7.797723415495037,37.96934649681336,1.090351199917929,False
705,12.113354207249365,284.9253164774461,9672.769285873708,172.1696737668629,0.4812236474710556,0.5187763525289444,0.520263326598056,0.31717081130135555,0.11573355243926856,0.048318797828167954,COMPLETE,11.1110563274143,250.67340473884772,310.627646859128,2030.4145079099449,157.92380131601456,8630.944359338075,8872.413250584746,2.7852463198380595,72.37129786614942,67.70238177747353,14.937394076339935,61.20488203713796,1.0902072539549725,False
706,12.106528210071108,284.9400923547846,7627.974288484067,171.97789057571464,0.48132420733896253,0.5186757926610375,0.520263326598056,0.024920301135139437,0.3259432968605123,0.13046007285074424,COMPLETE,11.10608535914788,250.6572814368874,310.60766730304886,2030.161203263071,157.7662150104437,8623.08358366235,6997.6240996007045,2.7838211635300247,57.188759927641,38.100263239490296,18.60261559471124,29.949782338308246,1.0900806016315354,False
707,12.102007176336983,284.9644205432429,9357.149418504316,171.85706655282988,0.3611334659278296,0.6388665340721704,0.520263326598056,0.013442295032814324,0.037373532597638016,0.3103173082534214,COMPLETE,11.103500767805672,250.64339904614636,310.59046462303917,2029.8543413310613,157.6775689038843,8618.660025568697,8585.114373092158,2.7830191737543095,70.2612936190965,24.755932503569703,10.861314273455367,40.36438321717134,1.0899271706655307,False
708,12.096194308270029,284.9841003439917,8229.044100745912,171.6969300456732,0.4278482340531429,0.5721517659468571,0.520263326598056,0.012284294892994894,0.011763035203428647,0.4038004405961897,COMPLETE,11.099607918342945,250.62817998847265,310.57160558181965,2029.5714582458627,157.55109051011004,8612.346487458846,7551.066123217373,2.781874531159932,61.89568183284452,47.61371510295362,5.0827873945544155,25.071090544397496,1.0897857291229314,False
709,12.105811730428297,284.9503466290038,7795.186624343394,171.96144187613882,0.4812236474710556,0.5187763525289444,0.520263326598056,0.19035118237925744,0.0910654607425851,0.19980677507117417,COMPLETE,11.105987829944798,250.65366835106897,310.6031900656377,2030.0513229066755,157.7590766504172,8622.72741489654,7151.378999600822,2.7837565902379913,58.461538583309355,32.99593031152203,6.796005719797824,26.381468860759384,1.0900256614533377,False
710,12.108346702861537,284.94387283208755,9445.535679260347,172.0323003178338,0.3340425682853231,0.6659574317146769,0.520263326598056,0.09344534123259765,0.04348247085477978,0.197113794593574,COMPLETE,11.107781716020208,250.65997208962946,310.6110014865481,2030.1556804808765,157.81652829479467,8625.593744317435,8665.010268603339,2.784276254915322,70.78855272781468,65.56806453505827,-0.2102500095131532,26.721098658090177,1.0900778402404383,False
711,12.105960067405029,284.9423367481109,8102.220105581512,171.96236856446453,0.4812236474710556,0.5187763525289444,0.520263326598056,0.023829649747657923,0.313255811697443,0.14413767301329553,COMPLETE,11.105720549209234,250.65572617821488,310.6057400689164,2030.130503691994,157.7541970751299,8622.483943768322,7432.784497864338,2.7837124489943643,60.75520655587006,40.18388043559268,11.9713955810807,68.13245363716482,1.090065251845997,False
712,12.10360323998143,284.9544818760264,8547.137829952915,171.8991414188078,0.4879260397312673,0.5120739602687328,0.520263326598056,0.09198752306903198,0.17733448495815127,0.21860371791170716,COMPLETE,11.104347877083411,250.64858963759642,310.59689666240774,2029.9755148089753,157.70740565760053,8620.14905437028,7841.498926837145,2.783289134236195,64.14123464494487,40.183563849396734,17.254689905498935,53.688938383000064,1.0899877574044876,False
713,12.102346394032237,284.95789217613543,7252.866157905367,171.8641783850711,0.46484882617128653,0.5351511738287135,0.520263326598056,0.026269049205860824,0.1962792464863271,0.24230026015601755,COMPLETE,11.103463404471514,250.64552571794425,310.5930999367331,2029.9227778169575,157.67914362285921,8618.738616702858,6654.241362777642,2.783033422303718,54.44897867535334,28.26260486497206,6.0876333289218785,19.493827460825887,1.0899613889084787,False
714,12.095054242442492,284.98558806858625,8256.79005468629,171.6645649844038,0.4812236474710556,0.5187763525289444,0.520263326598056,0.010450160743156118,0.0748303809356366,0.39594230205266734,COMPLETE,11.098726543624648,250.62576771580453,310.56861635931614,2029.539102058543,157.5237304274735,8610.98040417285,7576.638608491006,2.7816268606637053,62.121778078467706,27.493345824537673,-0.22820509901542518,39.235852291769284,1.0897695510292715,False
715,12.11132349226849,284.92343544732904,6776.662974815019,172.10997214339187,0.46484882617128653,0.5351511738287135,0.520263326598056,0.06350439427092586,0.36929023166778957,0.032053457565218046,COMPLETE,11.109270342680029,250.67001910718707,310.6234514767061,2030.3994535516404,157.87012958845034,8628.267516744274,6215.98300602814,2.7847610090665094,50.729900896543796,25.365513426183064,1.633881622588627,24.644991608200595,1.09019972677582,False
716,12.118011870060155,284.9126999971765,10931.783686768984,172.29956617667497,0.10394312757301366,0.8960568724269864,0.520263326598056,0.0017430119475851723,0.044950142318175804,0.05724990761305119,COMPLETE,11.114321089972945,250.68502740303614,310.64204934762034,2030.6121619057262,158.02862075766407,8636.170882844968,10026.343865949322,2.78619388700601,81.68107354429385,43.477247917212054,3.2341120982100553,28.883610615846077,1.090306080952863,False
717,12.09954628904798,284.96774593696995,8142.740708073891,171.78716058729066,0.4812236474710556,0.5187763525289444,0.520263326598056,0.015916086275476367,0.1703806200354319,0.2949265985133259,COMPLETE,11.101608373035928,250.63807297182908,310.58386469699633,2029.7825832941267,157.61861930989724,8615.717691769523,7471.149435250955,2.7824857295056473,61.180779854047266,49.592534343560764,11.474833545088126,41.18376928817583,1.0898912916470633,False
718,12.118839026231317,284.9113300200404,11432.454856461854,172.32305013824376,0.09071771754489866,0.9092822824551013,0.520263326598056,0.03232010328682956,0.006277194599103714,0.05212036422534718,COMPLETE,11.11494052796842,250.68696166838984,310.6444462364959,2030.6394727415404,158.0481801712926,8637.145970342322,10485.414943066,2.786370670081252,85.40051082585481,37.49004747189998,2.324915498415819,61.88668169100282,1.0903197363707702,False
719,12.100389017031194,284.9699679727231,8835.141970491879,171.81250930437307,0.4879260397312673,0.5120739602687328,0.520263326598056,0.1474714475508301,0.028076642897316158,0.31237759934753395,COMPLETE,11.102420661460833,250.6391453885277,310.58519360652264,2029.7749132375338,157.64243203366968,8616.906313821002,8106.471835084468,2.7827012263324757,66.37094381100997,43.844408969831385,7.996604932042091,44.81578010877585,1.0898874566187668,False
720,12.099801951382588,284.9667379875526,8125.046462963508,171.79414657210327,0.48132420733896253,0.5186757926610375,0.520263326598056,0.016425680617636315,0.1758357927758273,0.2890623803279602,COMPLETE,11.101772466044778,250.6387776952711,310.58473797106666,2029.7964223082977,157.62402838534956,8615.987695710988,7454.867234215828,2.7825346811404787,61.04306708400187,63.55786682457179,0.11120529252258304,47.447895322880896,1.0898982111541489,False
721,12.116437041705447,284.91610394012343,10198.002813865915,172.25534715800532,0.17090867584893799,0.829091324151062,0.520263326598056,0.011107269838194532,0.0981311811074901,0.06166998578223831,COMPLETE,11.113170757508808,250.6813891195764,310.63754088597926,2030.5544621041236,157.9922447722656,8634.357289208125,9353.586889112014,2.7858650830153633,76.23398144328476,15.350881977257856,1.1672525351696703,33.87881481095977,1.0902772310520619,False
722,12.10014577392067,284.96517287321427,8031.325704930196,171.80344575495212,0.49525257100033665,0.5047474289996634,0.520263326598056,0.0296700350185392,0.18898425478499928,0.27659755271883346,COMPLETE,11.101983414108656,250.6397606389323,310.58595600804506,2029.816943077671,157.63107659158186,8616.339513102237,7368.807486734012,2.7825984655295897,60.33217405057521,37.07606996958095,14.62657487959946,41.33492685825411,1.0899084715388356,False
723,12.110917474941207,284.92386242572724,7174.57544794754,172.0983336068982,0.46484882617128653,0.5351511738287135,0.520263326598056,0.03679314668265793,0.3938681304150085,0.034186756978469006,COMPLETE,11.108955174929761,250.66910276723715,310.62231597323034,2030.388215495303,157.86026762009797,8627.77560923896,6581.007360946264,2.784671826381099,53.7149641771972,40.929585109771764,6.037562843209033,62.01718585768624,1.0901941077476516,False
724,12.10007935209692,284.9676259977164,8057.100487522518,171.80254747085135,0.49525257100033665,0.5047474289996634,0.520263326598056,0.07771085427079276,0.1243093647101012,0.2932318552646272,COMPLETE,11.102048066579053,250.63908281572083,310.5851160680068,2029.7922832855102,157.63203566525203,8616.38738551245,7392.5396922484615,2.782607144783421,60.52882952273413,20.71131742656921,6.996936435314014,44.42061453075499,1.089896141642755,False
725,12.11767569614654,284.91427016389076,10641.116325859504,172.29044529246679,0.13403182041143813,0.8659681795885619,0.520263326598056,0.04403545503716149,0.028885139707903084,0.0611111551135704,COMPLETE,11.114119153060981,250.68400917539105,310.64078758769136,2030.5912874002552,158.02176802960165,8635.829242665166,9759.844852490498,2.7861319477423283,79.51778416956708,21.693549114602654,4.642572160474931,21.16013511461548,1.0902956437001277,False
726,12.102444481014755,284.96330476450464,8294.718571691561,171.8692961779949,0.4812236474710556,0.5187763525289444,0.520263326598056,0.1751655919405144,0.029541680493416655,0.2765160577352743,COMPLETE,11.103809697794235,250.64450096650242,310.5918300926931,2029.8724600654673,157.68747881041924,8619.15460318827,7610.278788000698,2.783108840530646,62.2731013583531,42.037145193097174,7.665007162593906,30.292705535927418,1.0899362300327335,False
727,12.09908096452019,284.97009025394067,7887.53308091829,171.77463409307356,0.4812236474710556,0.5187763525289444,0.520263326598056,0.02692632844238476,0.14506055106488333,0.3092361882847951,COMPLETE,11.101336280573072,250.63663867452985,310.5820873548989,2029.752177346998,157.6093244711355,8615.253712264514,7237.091594988839,2.782401610158442,59.272143810094406,39.82468941656998,4.738535855106067,36.24203524313322,1.089876088673499,False
728,12.099338049233374,284.9692003309607,9696.806047154649,171.78175151616176,0.46484882617128653,0.5351511738287135,0.520263326598056,0.008960353747928619,0.14820995030415857,0.30767818228674165,COMPLETE,11.101504689348047,250.63737934922116,310.5830051787769,2029.7654260044142,157.6148969671876,8615.531881569581,8897.109690311247,2.782452042171284,72.86294776115008,51.78445071065045,7.237137306707384,76.93213962401929,1.089882713002207,False
729,12.11660248055085,284.91620355831105,10553.333622282835,172.2601137143615,0.14723287977095884,0.8527671202290412,0.520263326598056,0.0021149419205754834,0.0760771266650928,0.06904073097351197,COMPLETE,11.113318552451743,250.68156575968044,310.6377597735789,2030.5552361995005,157.99656055913027,8634.572471573856,9679.49212850603,2.785904095514708,78.88748034477545,56.228273036867606,4.976467312174098,35.15308840877379,1.0902776180997502,False
730,12.103031721259068,284.96087274731883,9569.255625087044,171.8853122597984,0.3818028970798804,0.6181971029201196,0.520263326598056,0.05113656870706573,0.045800578411667035,0.28486542307841045,COMPLETE,11.104179881399926,250.6461674738573,310.59389518315874,2029.9055581821526,157.6997788868757,8619.768446894162,8779.513946527988,2.7832201302132025,71.83102779506638,58.99900341565926,6.953665831833353,46.914932358967064,1.0899527790910764,False
731,12.102179375213597,284.9576167483948,7660.718344683627,171.85917433207038,0.48132420733896253,0.5186757926610375,0.520263326598056,0.02667924677284498,0.21833606091547791,0.23630862510639816,COMPLETE,11.103313626725424,250.64520544056242,310.59270305773606,2029.9220993062695,157.6746016628413,8618.51193535103,7028.43312347863,2.78299232504159,57.512811705634405,15.363495676600499,5.056511697670777,41.17379252974704,1.0899610496531347,False
732,12.108685260902787,284.93121649097725,6565.701870763442,172.03667261747904,0.4812236474710556,0.5187763525289444,0.520263326598056,0.020593459523454278,0.38502908934047486,0.07560065526425146,COMPLETE,11.107453398593789,250.66325581659032,310.61507059144515,2030.2810826891705,157.8114620022186,8625.341001529743,6022.8031356996125,2.7842304327225706,49.1906049409646,25.259182765309454,-0.242172201372564,32.9148063195319,1.0901405413445853,True
733,12.102358118116745,284.9634784490005,8241.017554905391,171.86686933490995,0.4812236474710556,0.5187763525289444,0.520263326598056,0.17119504207066186,0.032699450319688024,0.2773288038618205,COMPLETE,11.103745889617798,250.64430546706117,310.59158783511714,2029.8694311678491,157.6854713200263,8619.05441579582,7561.019423526048,2.783090676585988,61.87144712549681,28.61638085799884,8.875452448662951,37.49476664117391,1.0899347155839245,False
734,12.111198845725687,284.9296917076298,8041.502330888754,172.1090025515666,0.4812236474710556,0.5187763525289444,0.520263326598056,0.2157482759186879,0.1929092424869284,0.07256588788524945,COMPLETE,11.10947139246951,250.66840688903676,310.62145365994223,2030.337554842653,157.87372204758182,8628.44670216116,7376.382902755698,2.7847934953296614,60.20525074788771,46.136597129016735,12.999218399663592,20.466426909317228,1.0901687774213265,False
735,12.100159409079382,284.96551348102366,8220.19390041491,171.80400786149931,0.49525257100033665,0.5047474289996634,0.520263326598056,0.037803795434000295,0.17864706826365273,0.2788013873784203,COMPLETE,11.102009888893969,250.6397449569137,310.5859365753153,2029.8142012436729,157.63179060259185,8616.375153159912,7542.105098429906,2.7826049270615183,61.750976984024334,32.08249687994635,0.41428635634531163,55.471487609009,1.0899071006218364,False
736,12.113049292195317,284.9273356567293,10388.946263456459,172.1617175469785,0.21260675223461672,0.7873932477653833,0.520263326598056,0.0037611587160911795,0.08528838668579197,0.12355706418615439,COMPLETE,11.110898131455516,250.67244023774774,310.62645167566853,2030.3906666919502,157.91823013825243,8630.666521085768,9529.435639364925,2.785195947844986,77.74555959156721,33.62979480950536,4.664389202470776,57.30337029651546,1.090195333345975,False
737,12.09911897994376,284.96908198809024,7566.975551874123,171.77528652865084,0.4812236474710556,0.5187763525289444,0.520263326598056,0.008815312871559745,0.16971019202149099,0.30269780824640113,COMPLETE,11.10132041745428,250.63689752981855,310.5824081213132,2029.7621408928385,157.6092026796016,8615.24763258957,6942.936947032819,2.7824005079151712,56.86196890803093,38.27628332919001,14.237431513603845,25.687784646357137,1.0898810704464192,False
738,12.111216051721382,284.923289474794,7297.549069442987,172.10679652133587,0.45323605548227347,0.5467639445177266,0.520263326598056,0.03587398683692458,0.38402858684147173,0.03333270949670621,COMPLETE,11.109173430586385,250.66985369711006,310.6232465050497,2030.3991318338985,157.86724000076043,8628.123387851985,6693.773596676437,2.7847348785409114,54.63094349392415,39.66734057502329,8.020756939040046,41.31834893038748,1.0901995659169492,False
739,12.099321573017052,284.97343786308244,9674.892898602535,171.78305195902607,0.4812236474710556,0.5187763525289444,0.520263326598056,0.12042420075818012,0.02784468127057704,0.332953526210504,COMPLETE,11.101698054734154,250.63639948224153,310.5817909543384,2029.72449140021,157.61905014764153,8615.739197992792,8877.170428440324,2.7824896285775735,72.70244719664727,25.09292627363105,5.630902227180528,70.03719601347045,1.089862245700105,False
740,12.111786086387069,284.92138530859006,7650.043188533662,172.12251093386533,0.4849571989073016,0.5150428010926984,0.520263326598056,0.08428784810442085,0.3863517032298831,0.014316934265579534,COMPLETE,11.109557095854383,250.67131940825217,310.62506277432453,2030.426452987343,157.87967596709805,8628.743668610066,7017.015573309108,2.784847335259128,57.25881016331556,39.9463483940936,19.12724657873433,41.20117822187973,1.0902132264936715,False
741,12.09999505341536,284.9653859189772,7595.671797357845,171.79917498337372,0.4849571989073016,0.5150428010926984,0.520263326598056,0.008244262945325431,0.19697053870764122,0.27974208628279956,COMPLETE,11.10186754806334,250.63944183150346,310.5855609505737,2029.8125407334978,157.62747646691122,8616.159810681973,6969.105512900603,2.7825658855338777,57.0619987325038,49.182879997252286,13.48763402167919,28.64713498316676,1.089906270366749,False
742,12.108210705606568,284.9416118522768,9104.895986074578,172.02734665070136,0.31673910991307364,0.6832608900869264,0.520263326598056,0.009493673353298015,0.12220057399689183,0.18504465817991286,COMPLETE,11.107561522322632,250.66013676193433,310.6112055439774,2030.1744120476765,157.8106280856024,8625.299399445525,8352.447341607889,2.78422289027699,68.2365009155029,53.65946702020247,8.109605241155347,31.34009392472933,1.0900872060238382,False
743,12.1061664780999,284.9414448181126,7601.4503619593215,171.96800162974162,0.4812236474710556,0.5187763525289444,0.520263326598056,0.021861997719014276,0.3209347495808501,0.13842636340122805,COMPLETE,11.105847666808648,250.65634627683636,310.606508478217,2030.1427214386958,157.75848061567123,8622.697675363213,6973.351136335749,2.7837511984693832,56.996321700620776,30.129708882191956,5.185774116878937,60.919408036608644,1.090071360719348,False
744,12.094213723368224,284.9899854319924,8705.379831887689,171.64197133759572,0.46484882617128653,0.5351511738287135,0.520263326598056,0.014231989097236147,0.02440748823911812,0.42620880906920755,COMPLETE,11.098245609387712,250.62307804455358,310.5652833920539,2029.48208194961,157.5071185573198,8610.150920502012,7988.484882702475,2.781476475519201,65.51471060567381,39.240790626290924,7.805049384096412,39.84230325161745,1.089741040974805,False
745,12.10340472361227,284.95206415998655,7672.648055222904,171.89235567702772,0.4812236474710556,0.5187763525289444,0.520263326598056,0.01256018890647204,0.26600180705562076,0.20266117514832058,COMPLETE,11.104065056745187,250.64873588874295,310.59707789284,2029.995283125621,157.6997500935625,8619.767009971478,7039.141886786158,2.783219869699544,57.57991942144922,51.41637115666205,8.606559833299702,41.29793311944036,1.0899976415628105,False
746,12.111805905705248,284.92290093199694,7277.09301529247,172.12376642295885,0.46484882617128653,0.5351511738287135,0.520263326598056,0.09529684607852455,0.34003694954867963,0.029514346707036013,COMPLETE,11.10964497834837,250.67108009130922,310.6247662192954,2030.412772741162,157.88181813535155,8628.85051321022,6674.968250294999,2.7848667061535752,54.468509123651806,49.79105073188293,1.509155822164566,50.74628897997941,1.0902063863705809,False
747,12.104908727578506,284.95554794734613,8544.162504372203,171.9374996927598,0.4812236474710556,0.5187763525289444,0.520263326598056,0.2239359608189182,0.02497101775046433,0.2323164006924851,COMPLETE,11.105485197619727,250.65089031307332,310.59974759671536,2029.987368795555,157.74173938242166,8621.862338495645,7838.726615276547,2.7835997521420417,64.09819314509225,29.947700870573712,8.251471495456219,47.07892328320117,1.0899936843977776,False
748,12.10491724357984,284.9458388765083,7303.663851547693,171.93362344358835,0.48132420733896253,0.5186757926610375,0.520263326598056,0.008304371157807595,0.3083529599294335,0.16466656301291932,COMPLETE,11.105020517626693,250.65301432945608,310.6023796198913,2030.0801222052742,157.73147206137338,8621.350008877389,6700.362777639223,2.7835068669335876,54.784659018914304,57.14190081614842,6.514715224446704,36.625507336232026,1.090040061102637,False
749,12.112084444649659,284.92090405021,7108.031833606383,172.13096166342675,0.4849571989073016,0.5150428010926984,0.520263326598056,0.10089871762994711,0.3722617231199563,0.011796170441080892,COMPLETE,11.109782550944466,250.67198387008196,310.625886157303,2030.4359156642513,157.88674221226862,8629.096107967194,6519.826409519567,2.7849112324104692,53.197294916010996,33.175727232077335,9.285704786899723,40.14383143671819,1.0902179578321256,False
750,12.116721107923771,284.9163386300329,10780.704045702847,172.26363054678143,0.13615366325968448,0.8638463367403155,0.520263326598056,0.0027175589174099576,0.06064158483619577,0.07279437173778373,COMPLETE,11.113422987034372,250.68178317775735,310.63802919213043,2030.556093664375,157.9997240587343,8634.730199816202,9888.031843827615,2.785932691598455,80.58483171210273,55.816727948318345,8.58033010697579,40.81556074149059,1.0902780468321875,False
751,12.10455615538215,284.9501297531451,7870.264421469425,171.9249467730989,0.4278482340531429,0.5721517659468571,0.520263326598056,0.006258894486980641,0.2158512590635746,0.20573784441865367,COMPLETE,11.10492969622441,250.65136167334305,310.6003316935068,2030.0329198837894,157.72692715325022,8621.123217067203,7220.317041716015,2.783465749645392,59.04484537304787,32.78734507783972,5.7131471412331525,31.86709300732167,1.0900164599418947,False
752,12.120936260594313,284.9038775399462,11359.90967576167,172.38075510684106,0.05887554144507057,0.9411244585549294,0.520263326598056,0.021528187999277807,0.02711358894485116,0.010233727159098113,COMPLETE,11.116327184822673,250.69251065353055,310.65132238755194,2030.7447836086099,158.09347008648325,8639.403564357226,10418.376108151218,2.786779971209289,84.79961314535281,30.960715085692605,1.9512263443316047,29.271176748476165,1.090372391804305,False
753,12.103616948251162,284.9601810526947,8824.649375431307,171.90196097460753,0.4879260397312673,0.5120739602687328,0.520263326598056,0.2196596336199449,0.01006239431731693,0.2582036154238273,COMPLETE,11.104636067864078,250.64738152722268,310.59539960497983,2029.9214083706993,157.71390685418262,8620.473483948454,8096.300482710485,2.7833479532228855,66.22867805889216,40.43335147842746,4.08220245972368,45.08635738565057,1.0899607041853496,False
754,12.102069087041272,284.95776994200304,7895.916162790407,171.8560805942797,0.4879260397312673,0.5120739602687328,0.520263326598056,0.02753182582157643,0.22531334751970689,0.23508058307223145,COMPLETE,11.103226586457904,250.64502087357465,310.5924743473583,2029.9193221548067,157.6719641389328,8618.380299643899,7244.227878108307,2.7829684595267703,59.28014699075138,37.74519827202108,4.098000795210401,49.57554965411412,1.0899596610774034,False
755,12.100093209257295,284.96789690229093,8589.666313088504,171.8030854059863,0.4812236474710556,0.5187763525289444,0.520263326598056,0.0671047899799113,0.11591002827856864,0.29820738455824325,COMPLETE,11.10207140720019,250.63908118482738,310.58511404704814,2029.7901968834112,157.63268010987886,8616.41955305288,7881.1862952404435,2.7826129767489993,64.53006912599216,55.34307620118953,5.780740983918696,46.51010629423344,1.0898950984417055,False
756,12.102964750291681,284.9619552346112,8723.175612835628,171.88386190552868,0.48132420733896253,0.5186757926610375,0.520263326598056,0.19086590536440728,0.021597082902409543,0.2688592549561547,COMPLETE,11.104174559691327,250.64585279997448,310.59350524786487,2029.8945406038574,157.6992452652455,8619.741816626896,8003.300572897625,2.7832153021536135,65.47982951686781,29.435827024620977,19.287323306186888,49.10633239944373,1.0899472703019286,False
757,12.095240163944785,284.98580356059733,8865.936895951229,171.6700016868185,0.46484882617128653,0.5351511738287135,0.520263326598056,0.011852393759102626,0.05062525693359555,0.40237072840926147,COMPLETE,11.098894812806666,250.62601000045308,310.5689165918451,2029.5395609999778,157.52868611208498,8611.227849058934,8135.605386197732,2.7816717223484604,66.70243113737516,19.411267823751064,10.154012808488181,45.22696600621328,1.0897697804999888,False
758,12.09399564079793,284.9896810383737,8307.461454763821,171.6355735150776,0.4849571989073016,0.5150428010926984,0.520263326598056,0.012683837847302674,0.05417661300955446,0.41809626961925456,COMPLETE,11.0980456772055,250.6228060418476,310.56494633371864,2029.4820444176098,157.5012503128386,8609.857890143936,7623.335531524142,2.7814233492018396,62.52258719571928,32.84263078506234,-0.893775044285646,38.65957022243866,1.0897410222088049,False
759,12.105178855004747,284.95445387667377,8227.215862834568,171.9448282285615,0.4812236474710556,0.5187763525289444,0.520263326598056,0.2249235252814175,0.030207668454523766,0.22609207723931196,COMPLETE,11.10565991786171,250.65157789051847,310.600599623934,2030.001718859672,157.7474244547875,8622.146011243989,7547.898510041641,2.783651181927523,61.715287564345196,37.47067323755897,7.767463089549688,29.916682098250114,1.090000859429836,False
760,12.104936179965625,284.9547511574797,9419.706410636185,171.93796380173902,0.33251833727312774,0.6674816627268723,0.520263326598056,0.025454844849714206,0.04593753607725588,0.2611256944016908,COMPLETE,11.105468961555584,250.65112433660966,310.6000375922993,2029.9954998514609,157.7415768183507,8621.854226828737,8641.950326299315,2.783598281499228,70.66890834426214,60.6469597619274,9.944745830558679,34.934290864518985,1.0899977499257305,False
761,12.103755192407359,284.9519340731262,8057.741568327552,171.90246674040034,0.4812236474710556,0.5187763525289444,0.520263326598056,0.040814275532358786,0.23734283965288225,0.20306605497349114,COMPLETE,11.104350738591199,250.64943066894378,310.597938845517,2030.0023211339872,157.7085171643126,8620.204522414066,7392.415586178001,2.783299190576149,60.46429548212,44.7103612144826,0.8593003628923994,60.06759488830282,1.0900011605669935,False
762,12.09729292783157,284.979603179357,8678.018801282835,171.72685807373944,0.4278482340531429,0.5721517659468571,0.520263326598056,0.010969556047771506,0.03852303069084682,0.3783552335456153,COMPLETE,11.10030612142163,250.63122200520405,310.5753751659922,2029.6323084254282,157.57415359455317,8613.49793270948,7962.828196056478,2.7820832878437503,65.2510239694114,50.46307439516552,13.79988796138534,34.56272574734549,1.089816154212714,False
763,12.09739689080221,284.97822248512483,8451.781035964175,171.7293149659922,0.46484882617128653,0.5351511738287135,0.520263326598056,0.03507789650664053,0.06910173799410582,0.3606683304152488,COMPLETE,11.10032388065705,250.63176063268818,310.57604261848127,2029.6475527858456,157.57530592182388,8613.555461531287,7755.18135963019,2.7820937178021503,63.54624063468349,32.4845178504879,9.085250729851122,38.84366946785461,1.0898237763929228,False
764,12.098202062539837,284.97669641770614,8255.209981128888,171.75196543822935,0.4812236474710556,0.5187763525289444,0.520263326598056,0.09337264601991246,0.03743659138152628,0.35041400796995587,COMPLETE,11.100923838389349,250.63355340008712,310.57826416695013,2029.6748160187694,157.594118329943,8614.494623773555,7574.717036192798,2.782263987639257,62.054266323026994,55.43098968138251,6.296640766445812,29.408569098745396,1.0898374080093847,False
765,12.09532644639143,284.9858563420777,8104.473899000501,171.6725382790588,0.45323605548227347,0.5467639445177266,0.520263326598056,0.00582601322157384,0.041718285433259096,0.4056913087388776,COMPLETE,11.098968443031792,250.62618162336258,310.5691292622741,2029.5406498313232,157.53093505491142,8611.340140950635,7436.864184779223,2.781692080835256,60.97258119642885,19.56764626474526,9.04835046118465,28.66810414507586,1.0897703249156616,False
766,12.10854753053865,284.93766110434336,8481.789752695522,172.03544216679973,0.4812236474710556,0.5187763525289444,0.520263326598056,0.15327115494284432,0.20758840509299611,0.1203636873941239,COMPLETE,11.107650106426089,250.66163501532344,310.6130621387172,2030.2176724190317,157.81492310895734,8625.513666633591,7780.681589728299,2.7842617368548948,63.55387535744126,61.972483560276444,11.651737515972451,44.74085277477465,1.090108836209516,False
767,12.121679879694112,284.9018268216994,11703.873158787952,172.40146024588807,0.023482983387527523,0.9765170166124725,0.520263326598056,0.0026807535535356944,0.015589096033354123,0.005213102449923025,COMPLETE,11.116848219527602,250.69433572983235,310.65358397233217,2030.7763568097375,158.1101699929419,8640.235935236566,10733.675759314974,2.7869308798038417,87.34697124251426,52.46306097200066,5.537824311882826,38.464792399419416,1.0903881784048688,False
768,12.100889931366721,284.9683373555812,10142.4671017433,171.82636025283642,0.3690168082131852,0.6309831917868147,0.520263326598056,0.009321329179074356,0.029111862957784784,0.33058326447812186,COMPLETE,11.102757833129143,250.6404749992005,310.5868412238076,2029.7989496374107,157.65340219236103,8617.453864432395,9305.873923308756,2.7828004970965825,76.18355345339164,25.973002644115383,1.7725024769219462,59.42851855188019,1.0898994748187054,False
769,12.099611563832134,284.97225360880645,7874.003179966176,171.79095886394066,0.4812236474710556,0.5187763525289444,0.520263326598056,0.12008445181396521,0.035050310345144144,0.32608850884289853,COMPLETE,11.10188217950168,250.6372081426859,310.5827930243075,2029.7405823982967,157.6251414972737,8616.04325817801,7224.7158616487,2.782544754599338,59.1642583890445,20.609876736685788,14.559365117609207,30.243341463887475,1.0898702911991485,False
770,12.11144280218522,284.9310713120733,9290.04787759872,172.11665126253465,0.3015760547331941,0.698423945266806,0.520263326598056,0.049439290523998675,0.1273130040389293,0.12482325141255518,COMPLETE,11.109742900682631,250.6685436783345,310.62162316550945,2030.3281876920914,157.88141641623463,8628.83047678075,8521.696806967733,2.7848630735548308,69.55399782634595,43.692043199169305,11.738861572714741,29.11850566735152,1.0901640938460457,False
771,12.101856226916803,284.96490161829126,8068.048749952512,171.8529032203597,0.4812236474710556,0.5187763525289444,0.520263326598056,0.1581759475951638,0.037828883733179414,0.28521840982951013,COMPLETE,11.103397672832992,250.64302307498954,310.58999872983503,2029.8473914929245,157.6742517765538,8618.494473000876,7402.397783843851,2.782989159122665,60.5818173257154,27.39526692755964,5.880404925042685,34.117690660635205,1.0899236957464622,False
772,12.10377283470644,284.9517702335243,7862.390117357835,171.9029111143164,0.4812236474710556,0.5187763525289444,0.520263326598056,0.038702879563400336,0.24054208069789873,0.20197785400123805,COMPLETE,11.104357337042314,250.64950295447693,310.59802841977836,2030.004203274374,157.70878868592786,8620.21807225636,7213.188034728096,2.783301647158555,58.99801930110588,26.458970329115928,2.5494795818657905,55.026982614534525,1.090002101637187,False
773,12.110682462540959,284.92297776133614,7613.85137898087,172.0911910854734,0.48132420733896253,0.5186757926610375,0.520263326598056,0.014089882978308765,0.4442957299948279,0.02293806289896547,COMPLETE,11.10871288073805,250.66892750826656,310.6220987970936,2030.3934609814737,157.8533362579513,8627.42986918737,6983.924245996959,2.784609143811873,57.0062691272535,52.09851557775292,20.77580703231833,34.84839207808365,1.090196730490737,False
774,12.117077246831423,284.91624531601343,10743.666061957045,172.27397664904947,0.17783635823247457,0.8221636417675254,0.520263326598056,0.08509228347674391,0.02961388066483388,0.06313007575035293,COMPLETE,11.113712254036708,250.6825442810235,310.63897233054126,2030.5634282874785,158.00868198944903,8635.176822996473,9854.027562403595,2.7860136642491105,80.29850228113237,41.843706828956115,6.992730920467778,52.54495758883883,1.0902817141437393,False
775,12.100482309176781,284.9640350361043,8568.226387335655,171.81272647769651,0.4812236474710556,0.5187763525289444,0.520263326598056,0.01694214042410896,0.19091601995005672,0.27336484454533644,COMPLETE,11.102208308045915,250.64065349759935,310.5870624141555,2029.8334121343055,157.63840073400127,8616.705095967674,7861.358890674479,2.7826647455951052,64.35926044212127,21.843133516182874,4.204485705547505,62.015717848513006,1.0899167060671529,False
776,12.101908582616312,284.95779773222125,7452.70381456705,171.8514149767626,0.4812236474710556,0.5187763525289444,0.520263326598056,0.006238886688204521,0.23860139475362688,0.23638288618586245,COMPLETE,11.103095632119066,250.6446772908061,310.5920485889616,2029.9161213396878,157.66791510413685,8618.17821500506,6837.606035948686,2.782931821641442,55.955141676160565,59.617824131602845,4.769775198109121,34.476192079608836,1.089958060669844,False
777,12.104402973612649,284.9539491912204,8112.496452763452,171.92216086719986,0.4812236474710556,0.5187763525289444,0.520263326598056,0.1424133644556959,0.11969524012395771,0.2191147914574371,COMPLETE,11.104985332710111,250.6502935922601,310.5990081565572,2029.9944098906135,157.72715754424937,8621.134713700052,7442.676381147708,2.7834678339815317,60.86650537336847,26.239054497478925,10.709286508571525,43.754828139332695,1.0899972049453068,False
778,12.09993214164905,284.9662378827178,8992.079140652539,171.79767418533166,0.4812236474710556,0.5187763525289444,0.520263326598056,0.01758158058460286,0.17715179482543247,0.286489840386638,COMPLETE,11.101858958273276,250.63908193733644,310.58511497953685,2029.8028937544727,157.6267970627646,8616.125897584967,8250.359852642147,2.782559737099408,67.55444382824484,34.50990572998947,4.224409445784634,69.7567696540113,1.0899014468772363,False
779,12.094255940289536,284.9891320471589,7526.42563320929,171.64284233733562,0.4812236474710556,0.5187763525289444,0.520263326598056,0.019599491981854067,0.044802863015940594,0.4168208112538079,COMPLETE,11.098238774151692,250.62335676439594,310.56562877408135,2029.4910321190082,157.507271016808,8610.158533484464,6906.590137140164,2.7814778557506714,56.64059116312244,53.02699128405402,4.643640429011983,21.62273259705482,1.0897455160595042,False
780,12.112108497696934,284.9196568166223,6833.4088501821825,172.13113172217916,0.468414869662379,0.531585130337621,0.520263326598056,0.054066628871321264,0.40758523141186226,0.006762453003607382,COMPLETE,11.109741808422905,250.67230364234717,310.62628241037334,2030.4482420129834,157.88600564374616,8629.05937088912,6267.893654630939,2.7849045719890655,51.141075522737275,29.220727940701842,4.894912746648972,24.306197895208708,1.0902241210064918,False
781,12.094102683210592,284.98967411882967,8312.313627326515,171.6386214274997,0.4812236474710556,0.5187763525289444,0.520263326598056,0.01822891683889573,0.043171463539373504,0.41982280339590017,COMPLETE,11.09813790670907,250.62293540343768,310.56510663507316,2029.4832222979385,157.50396210578072,8609.993303987016,7627.784001532645,2.7814478996915906,62.55764674083318,49.51982560373638,10.26876813960816,35.431119674098,1.0897416111489693,False
782,12.11163361468427,284.9204119726149,7097.250838062742,172.11763669871848,0.4879260397312673,0.5120739602687328,0.520263326598056,0.052415409554320475,0.42895416616521936,0.006555924628101627,COMPLETE,11.109385011230694,250.67119030155746,310.6249027888294,2030.4327786714352,157.87474705236443,8628.497827196568,6509.946931165825,2.784802764283479,53.12279048962184,38.93888575083754,12.127855211981869,33.821303417439744,1.0902163893357177,False
783,12.100019960783811,284.9676370472246,8932.739139313151,171.80079758801497,0.4812236474710556,0.5187763525289444,0.520263326598056,0.05619605213431587,0.12845965743099005,0.2965665581437893,COMPLETE,11.102001197427137,250.63892042617397,310.584914839309,2029.7907864733365,157.6305383563621,8616.312646889897,8195.960084559627,2.7825935946932288,67.10852109282969,36.350082182010276,18.5742373141739,55.39773293374307,1.0898953932366682,False
784,12.121695358957393,284.90207850226665,11799.487865875255,172.40202142818785,0.015591567530642336,0.9844084324693576,0.520263326598056,0.00047476580177723845,0.006209665357923522,0.008907126150024819,COMPLETE,11.11687307725247,250.694316763444,310.65356046970095,2030.774265339236,158.1108362917786,8640.269144578546,10821.374823991475,2.7869369006477327,88.0606835561927,28.11767460178342,-1.8809903321660932,49.328133747548215,1.090387132669618,False
785,12.10127718829303,284.9634454487347,9280.643852262298,171.83551140980202,0.4278482340531429,0.5721517659468571,0.520263326598056,0.008669520318277705,0.13420019670268402,0.2849781900200441,COMPLETE,11.10284313879393,250.6422675718486,310.5890625309466,2029.8519599021479,157.65796445875674,8617.68157415403,8514.930392501425,2.782841780801852,69.69719316608439,47.091837562487086,7.559574241168459,60.6344727391865,1.0899259799510739,False
786,12.115033456094043,284.9236327843843,10819.544044618673,172.21774184404308,0.13113202214991254,0.8688679778500874,0.520263326598056,0.005696440550890356,0.0035506044270680152,0.12188483730924703,COMPLETE,11.112371231534851,250.67700796374947,310.6321118771601,2030.458734444332,157.96468800216118,8632.983258774411,9924.09888222528,2.7856159717036024,80.9216485365346,43.28554338151889,6.080023643253066,26.519456335440942,1.0902293672221661,False
787,12.102818621139402,284.9546343192435,7578.062416710915,171.87646353432794,0.4812236474710556,0.5187763525289444,0.520263326598056,0.017023070454538998,0.24611703437102816,0.21808317616714187,COMPLETE,11.103700462628543,250.6470887917557,310.59503685517257,2029.9612952228972,157.68762859319835,8619.162078340381,6952.474278618852,2.7831101957735154,56.88062701047275,40.50693916958645,8.482059887697764,35.836255124509236,1.0899806476114486,False
788,12.104810646392998,284.9530875225735,8509.537372772142,171.93357999032023,0.4879260397312673,0.5120739602687328,0.520263326598056,0.16906848652485557,0.10538077442746502,0.21347262769968836,COMPLETE,11.105285820659688,250.6511951286794,310.60012531590155,2030.0088429734687,157.73658950466256,8621.605366493328,7806.883352973357,2.783553163193928,63.83809109196842,59.154722318189684,6.121799788592243,35.15313863576966,1.0900044214867344,False
789,12.108767113447687,284.9432143278508,10071.357570750395,172.04422528916444,0.24818312360061817,0.7518168763993818,0.520263326598056,0.011462524515680783,0.022974882158440107,0.2137454701574409,COMPLETE,11.108099657741498,250.6609211407081,310.6121775247625,2030.1689733686899,157.8265055513841,8626.091469435843,9239.06146154225,2.7843664923322677,75.47176313958211,40.05770790107683,4.875215733080319,36.81091634782247,1.0900844866843449,False
790,12.104584701158453,284.9469971304235,7320.89831298945,171.92442920723497,0.4879260397312673,0.5120739602687328,0.520263326598056,0.013436806205994845,0.30415555251384335,0.17033317140399545,COMPLETE,11.104802258468954,250.6520736419356,310.60121394557007,2030.0630789129136,157.72427033897102,8620.990640036529,6716.226134741027,2.783441713468893,54.9195018509662,61.13462734108168,8.445720433115163,34.30295074022342,1.0900315394564568,False
791,12.111368892557586,284.926767824901,7931.282561350991,172.1127013355835,0.38545610187291096,0.614543898127089,0.520263326598056,0.04644560049222031,0.26471151865038933,0.07429854702334432,COMPLETE,11.109470506376685,250.66937404534832,310.6226521336675,2030.3683416965418,157.87488567336547,8628.504741301727,7275.176776030118,2.7848040178087023,59.3769391791142,48.75964466857802,-2.547312932991956,40.34317511696562,1.090184170848271,False
792,12.094548812894121,284.98827853436165,8705.38742206516,171.65097740006777,0.4812236474710556,0.5187763525289444,0.520263326598056,0.02630456228984023,0.042550030112845416,0.41236848877496696,COMPLETE,11.098440933482665,250.62410998215398,310.56656214098564,2029.5041097000062,157.51379099137773,8610.484101543465,7988.411109959685,2.7815368811435994,65.50750168100105,58.70834729313935,3.328168271746574,42.458969442239216,1.089752054850003,False
793,12.101749946832154,284.95850839830166,7794.295633872787,171.8471421996309,0.48132420733896253,0.5186757926610375,0.520263326598056,0.00740504010566004,0.2335028406162187,0.2404160473008239,COMPLETE,11.102996260340259,250.64426008663727,310.5915316009334,2029.9070562708243,157.66465061460966,8618.015284658204,7151.0348218299905,2.782902282417685,58.522698434248575,23.677522464128828,10.787802892814552,39.737953590343245,1.0899535281354122,False
794,12.101695975622926,284.960519342553,8023.656400453576,171.84639050704013,0.46974947078209456,0.5302505292179054,0.520263326598056,0.03349543107250133,0.1792040172403738,0.25704972750496013,COMPLETE,11.103051559187094,250.64366270945942,310.59079134742615,2029.8864773548698,157.66544936373285,8618.055150299233,7361.536010067538,2.7829095100466277,60.24761735941906,56.3076629500283,1.6563543097683584,41.86040307372024,1.089943238677435,False
795,12.107616742298166,284.93659678586647,7520.397262056725,172.00797474508929,0.46974947078209456,0.5302505292179054,0.520263326598056,0.030626065918418457,0.32669138600789815,0.11243135952760139,COMPLETE,11.106823309970219,250.66008820256894,310.6111453705361,2030.2123621485125,157.7901104785795,8624.27579187869,6898.77499331824,2.784037310527484,56.36358795497137,37.27293462353161,8.510292063036532,45.905960068748996,1.0901061810742563,False
796,12.100532543715898,284.9630808628888,8421.234930220358,171.81378583273406,0.49525257100033665,0.5047474289996634,0.520263326598056,0.01758451572908273,0.21393982903348316,0.2637278476724428,COMPLETE,11.102203335836615,250.64096702272207,310.5874509259372,2029.8434378618872,157.63864766476868,8616.717421315248,7726.458500597986,2.78266698017698,63.25318819542541,26.07432998943827,10.615029339829247,58.89775663226382,1.0899217189309436,False
797,12.09665072981815,284.9794977250314,7640.197430275277,171.7082008401963,0.4812236474710556,0.5187763525289444,0.520263326598056,0.018595356444297696,0.10017899985248976,0.36244889084722365,COMPLETE,11.0997654017773,250.63003295862484,310.57390173189856,2029.6227743482268,157.55772316293792,8612.677637035975,7010.5685444215715,2.7819345684804486,57.455496952980575,18.989247639774263,3.7691451954034005,28.65407201734721,1.0898113871741133,False
798,12.105068026731477,284.9464752079434,7589.113672799838,171.9382418260476,0.46484882617128653,0.5351511738287135,0.520263326598056,0.01626580249725232,0.27492626302230744,0.1736563612831824,COMPLETE,11.105178754831766,250.65312471304736,310.60251640422723,2030.0762138051437,157.73599173942966,8621.575538544028,6962.246204735811,2.7835477553955306,56.92444236810307,21.33332718586682,10.741811076542717,33.87379340061176,1.0900381069025717,False
799,12.103147217602984,284.9544511867824,8510.99550527675,171.88593229151556,0.4812236474710556,0.5187763525289444,0.520263326598056,0.04176083455534644,0.22152557838887202,0.21793633548564223,COMPLETE,11.103964372585363,250.64777554093877,310.59588785603137,2029.9686691150614,157.69578226212866,8619.568995169062,7808.36497868725,2.783183969674357,63.87762578228977,33.428317647673204,18.421278539509363,55.78299450925589,1.0899843345575306,False
800,12.101214864057779,284.9609574720259,7264.817340734096,171.83267579642134,0.4812236474710556,0.5187763525289444,0.520263326598056,0.013652613813402846,0.21249307782373003,0.2550774380417197,COMPLETE,11.102668544433573,250.64272980268254,310.5896353147902,2029.8750121428843,157.65369559193627,8617.468508552363,6665.3521878693,2.7828031520712067,54.556406486511165,39.66537090657454,-0.1878774279430777,30.369256170069256,1.0899375060714422,False
801,12.100686174621726,284.9633016807336,7616.780945687814,171.8183273811859,0.49525257100033665,0.5047474289996634,0.520263326598056,0.036056898760962866,0.1932772685662028,0.2659180985324664,COMPLETE,11.102342565771348,250.64120020911713,310.58773988415857,2029.8437767410064,157.64279001503888,8616.924181942904,6988.373228356158,2.7827044658176994,57.20876142861318,52.95617726637468,11.333141698299386,30.266132508468132,1.0899218883705033,False
802,12.09907255738973,284.9737542938856,9010.007767162582,171.77593730396023,0.40955115883709986,0.5904488411629001,0.520263326598056,0.01787362004617054,0.04085765851834062,0.35081944142786387,COMPLETE,11.101507725171684,250.63581638948259,310.5810684016934,2029.7170000532733,157.61306380577108,8615.440373870955,8267.135382200877,2.7824354518525527,67.71236511803627,18.831566608211265,6.302706040875309,41.126658602165136,1.0898585000266365,False
803,12.111553964952982,284.92941528821694,9204.519838794818,172.11920794968347,0.3473482354272134,0.6526517645727866,0.520263326598056,0.07727067399122282,0.16758528887740112,0.10249198862673317,COMPLETE,11.10975279235605,250.66916430715355,310.62239223181643,2030.3462581608856,157.88245312454674,8628.882184333976,8443.172550545984,2.7848724481189566,68.90882463437202,50.509064845008126,12.727304159639624,45.94579176917924,1.0901731290804428,False
804,12.102758634950044,284.95519077384944,8251.774162395457,171.8749784033851,0.4812236474710556,0.5187763525289444,0.520263326598056,0.02357232426540662,0.23610748554179117,0.2215435802737005,COMPLETE,11.103676316075157,250.6468810128654,310.5947793812382,2029.9552311207922,157.68670470816784,8619.11597030688,7570.590482404474,2.7831018364006614,61.93885989568547,49.35951239540218,8.289316489538642,56.7532154481049,1.0899776155603962,False
805,12.1210236093261,284.9038478250384,11408.652976762281,172.38328245544906,0.0684093154594807,0.9315906845405193,0.520263326598056,0.041106633404094206,0.019293911917242713,0.008008726878811526,COMPLETE,11.11639831577536,250.6926869779227,310.65154088393007,2030.7465448813705,158.0956602775005,8639.512732153902,10463.07100982512,2.7867997632985797,85.16098181187331,38.709194499758894,8.884014354412402,59.05386619765882,1.0903732724406852,False
806,12.093441603894581,284.99176713155583,7810.950058726375,171.6203538174618,0.4812236474710556,0.5187763525289444,0.520263326598056,0.006185772951618168,0.04429441400258752,0.4307429847585557,COMPLETE,11.097688127981193,250.62123357432554,310.5629977748492,2029.452416472714,157.4894248851892,8609.267372115935,7167.809675209915,2.7813162884577944,58.79552138275832,16.289600487706217,10.101067104404075,27.58707699396147,1.089726208236357,False
807,12.093918165654092,284.9899565271416,7436.430542828608,171.63342469319196,0.4849571989073016,0.5150428010926984,0.520263326598056,0.01237038632746955,0.05283776416177712,0.41974858181017793,COMPLETE,11.097995772131034,250.62256978295412,310.564653568141,2029.477883028932,157.4995791695433,8609.774440752597,6824.047723295837,2.7814082198518397,55.96843673561042,34.6742845040619,1.591067581457644,22.42149061173955,1.089738941514466,False
808,12.09886385212196,284.96937232491524,8769.43752702382,171.7680615330766,0.49525257100033665,0.5047474289996634,0.520263326598056,0.009060628777929316,0.1862164094373146,0.29997518914958093,COMPLETE,11.10111870490514,250.6364219315791,310.58181877294527,2029.7557838519388,157.6030331522167,8614.939654812437,8046.256917393724,2.78234467163515,65.90191498164425,62.83527462835521,14.06095247400255,59.071361342405055,1.0898778919259693,False
809,12.105581034176023,284.94964045583686,7899.410563818823,171.95451434390455,0.4849571989073016,0.5150428010926984,0.520263326598056,0.15676190576757223,0.13560530628478887,0.19258977276510458,COMPLETE,11.105757073684327,250.65347855364402,310.6029548738448,2030.055074833364,157.75244976969051,8622.396759381105,7246.982569394609,2.783696642490715,59.24600281886091,50.53097917792984,2.705332714354346,25.929848399129984,1.090027537416682,False
810,12.093891079004216,284.99023871352784,7253.562151491049,171.63269520867664,0.4812236474710556,0.5187763525289444,0.520263326598056,0.012873181860377052,0.04545568403362738,0.4228942933457654,COMPLETE,11.097991035191978,250.62236359488546,310.5643980655094,2029.473931931323,157.4991952820337,8609.755271073394,6656.250432932102,2.781404744394663,54.592866324179724,15.436180970604465,4.0093909235782785,18.495206805453886,1.0897369659656615,True
811,12.094255940289536,284.9891320471589,8707.17314887602,171.64284233733562,0.4812236474710556,0.5187763525289444,0.520263326598056,0.019599491981854067,0.044802863015940594,0.4168208112538079,COMPLETE,11.098238774151692,250.62335676439594,310.56562877408135,2029.4910321190082,157.507271016808,8610.158533484464,7990.097706812289,2.7814778557506714,65.52638111986644,38.506696471872075,8.03173096122898,43.42994608660082,1.0897455160595042,False
812,12.104862483946187,284.94640793239034,7235.377306737283,171.93227995253457,0.4812236474710556,0.5187763525289444,0.520263326598056,0.015880874209140926,0.2969194431713687,0.16842298820178161,COMPLETE,11.105002323153062,250.65279167585706,310.60210371362353,2030.0738318997905,157.73069465515022,8621.311216379578,6637.736026061218,2.7834998338651933,54.2736333731078,32.42594799275935,13.185662652123801,21.019529355160433,1.0900369159498953,False
813,12.112608145339042,284.92557196122027,8204.038830209474,172.14811709249443,0.46974947078209456,0.5302505292179054,0.520263326598056,0.23909770971580108,0.18010114053276033,0.05055032409263674,COMPLETE,11.110447759862662,250.67192015175357,310.62580719928815,2030.3996395350978,157.90510507440706,8630.011946745908,7525.261590997813,2.7850772737105225,61.39537833700613,41.598734226845,13.68777951518133,34.08952129475246,1.0901998197675489,False
814,12.10781757927465,284.94262374917156,9161.454460740446,172.01645035569544,0.3293916833553587,0.6706083166446413,0.520263326598056,0.010101081696563272,0.1321163758086661,0.18717400839066872,COMPLETE,11.107277921188047,250.65928841577139,310.61015429654816,2030.1592910857107,157.80172674450031,8624.855326379005,8404.389989483821,2.784142379961204,68.66802809652384,16.797344374203643,8.61870286410354,40.42461868938003,1.0900796455428554,False
815,12.110155640645988,284.9388090670199,9705.132669765097,172.0826575215591,0.34613828225892623,0.6538617177410737,0.520263326598056,0.1600692470859884,0.02134482048489871,0.16472402619290635,COMPLETE,11.109041843631541,250.66452774535716,310.61664673088535,2030.2340491837026,157.8570498758959,8627.615107357009,8902.835613817497,2.784642727437312,72.69339352042527,27.4011834184481,9.381115083417262,59.87016619624431,1.0901170245918512,False
816,12.094138561166512,284.9897534174209,7811.079542295223,171.63972749909433,0.48132420733896253,0.5186757926610375,0.520263326598056,0.02239924190937633,0.038690185363988855,0.4202342978472359,COMPLETE,11.098169557119585,250.62303388568958,310.5652286715939,2029.4834722826886,157.5049590252932,8610.043085047271,7167.826360357085,2.78145692498311,58.78490086462927,25.11271295715698,7.980924345009573,27.51326697615727,1.0897417361413444,False
817,12.094102683210592,284.98967411882967,8776.102878683345,171.6386214274997,0.4812236474710556,0.5187763525289444,0.520263326598056,0.01822891683889573,0.043171463539373504,0.41982280339590017,COMPLETE,11.09813790670907,250.62293540343768,310.56510663507316,2029.4832222979385,157.50396210578072,8609.993303987016,8053.379616687536,2.7814478996915906,66.04807858079585,27.45608804708382,9.74674571372048,44.832914377530116,1.0897416111489693,False
818,12.119219974918156,284.9098049504448,11427.869517193505,172.33343045999285,0.12483400442959297,0.875165995570407,0.520263326598056,0.0760158968571972,0.014460419717808167,0.03435753253783324,COMPLETE,11.115185872070791,250.687966425675,310.6456913043222,2030.6598853862101,158.05622106857933,8637.546812868362,10481.111331279018,2.7864433427128197,85.3542312562322,63.65661068525135,0.601253237224507,75.76371843180308,1.090329942693105,False
819,12.093819327587621,284.99093764438175,9756.508954967994,171.63098866675398,0.48132420733896253,0.5186757926610375,0.520263326598056,0.020063395301944023,0.034655480145435465,0.42660489996010764,COMPLETE,11.097960195214949,250.62218777609164,310.564180195655,2029.467057883673,157.49812601747945,8609.70187651364,8953.1144044378,2.7813950639767513,73.43272509709928,64.32701456613545,-2.9404194408685833,60.93905244170156,1.0897335289418366,False
820,12.108908528372956,284.93142307641904,7017.695265703087,172.04330595429914,0.4812236474710556,0.5187763525289444,0.520263326598056,0.043993408923836796,0.36003068948899264,0.07719909634165648,COMPLETE,11.107645143933725,250.6637322961871,310.6156610319671,2030.2836463471385,157.81736128007162,8625.635299182293,6437.414945950339,2.784283788800046,52.57386267941708,29.918715119321092,0.9740536164745719,60.330541534799835,1.0901418231735693,False
821,12.10540318058035,284.9440078193216,7182.73116171685,171.9469070063067,0.49525257100033665,0.5047474289996634,0.520263326598056,0.028883250230071107,0.31563632545749715,0.15073237350451005,COMPLETE,11.10533874590909,250.65428291675335,310.60395161867353,2030.1051651917696,157.74184635829863,8621.867676405273,6589.343740291566,2.7836007199034802,53.869185034163735,62.81762628565266,10.072898976959085,25.425474200899686,1.090052582595885,False
822,12.111491963885008,284.9216870062261,7026.653300466866,172.11414248183812,0.49525257100033665,0.5047474289996634,0.520263326598056,0.07584025631278413,0.40652962654029984,0.012882046329735213,COMPLETE,11.109324148638517,250.6707536427065,310.6243616930897,2030.419222958637,157.8725234758244,8628.386919772938,6445.23147336072,2.7847826568003358,52.597057422365516,32.752343609116686,11.354384935624031,38.2467691222814,1.0902096114793185,False
823,12.104700526264358,284.9467158719383,8180.58679174005,171.927691565104,0.4849571989073016,0.5150428010926984,0.520263326598056,0.013355048448548564,0.3023048838722675,0.16929676007981556,COMPLETE,11.10488368939874,250.65238662513,310.60160178580895,2030.0679529530044,157.72691060590097,8621.122391345396,7504.891561438772,2.783465599942273,61.36660337885471,57.66714775684477,13.403107017036469,62.868182189775474,1.0900339764765021,False
824,12.094145990686034,284.9902236673937,10245.915689826705,171.6401269206189,0.47202966984330663,0.5279703301566934,0.520263326598056,0.021957441932516385,0.02437798969256247,0.4256936991048563,COMPLETE,11.098199568651042,250.6229236570138,310.565092079225,2029.478917435983,157.50565472093896,8610.0778244377,9402.170039690373,2.7814632232243333,77.10971759816768,30.537229354742195,15.675057567799506,68.13962099285098,1.0897394587179916,False
825,12.09417914221137,284.98959212828964,8283.470771288672,171.64082042651484,0.4812236474710556,0.5187763525289444,0.520263326598056,0.022637918450208912,0.03910245108459714,0.4194827905795798,COMPLETE,11.098196516295058,250.6231241916251,310.5653405762464,2029.4854910802756,157.5058160551828,8610.085880612682,7601.308478711568,2.7814646838064774,62.339318285337534,47.60009549241901,14.780440474587293,34.1917201147901,1.0897427455401378,False
826,12.093271327882924,284.9930455655255,8908.006153176715,171.6159993309376,0.4849394133538195,0.5150605866461805,0.520263326598056,0.022557965504667824,0.025044713871865392,0.4373361801194702,COMPLETE,11.097605761021905,250.6206891615683,310.5623231534075,2029.4379054909473,157.4864774982234,8609.1201871707,8174.590458148492,2.7812896038707007,67.05717568708091,39.007988727128776,6.074570949881776,45.84596310229548,1.0897189527454736,False
827,12.12162857524322,284.9024786826795,11762.672317604185,172.400272784416,0.01971340568425295,0.980286594315747,0.520263326598056,0.00806837385632803,0.0010646462162756916,0.010580374176476665,COMPLETE,11.116835573141138,250.69413345524933,310.65333331918526,2030.7696075904396,158.109570295143,8640.206045332743,10787.634123900794,2.7869254607731078,87.78793559002045,33.34171621625588,13.739956083359356,23.45585920335445,1.0903848037952197,False
828,12.103786398287125,284.9526058062737,7373.8504245922,171.9037140917013,0.4879260397312673,0.5120739602687328,0.520263326598056,0.0654382074671937,0.21667134475352093,0.20581612512327654,COMPLETE,11.104405700298514,250.64942715864518,310.59793449565075,2029.9971515741263,157.71003550860013,8620.280292757416,6765.009228812717,2.783312927717017,55.33228517202176,27.099185983054735,2.2211594579248017,35.91727458845329,1.0899985757870632,False
829,12.102811536784499,284.95501367248625,7821.647306122163,171.87642564263106,0.46974947078209456,0.5302505292179054,0.520263326598056,0.0104984601330133,0.23598085009221312,0.22326990279185827,COMPLETE,11.103712567319123,250.64700251370297,310.59492994176253,2029.9576427087932,157.68785803476362,8619.173528986483,7175.962645221917,2.7831122717722714,58.709591354372336,47.066474378713025,5.158311554939154,43.4539575019131,1.0899788213543966,False
830,12.09797465549803,284.975038972229,8928.39282676661,171.74464447257236,0.4812236474710556,0.5187763525289444,0.520263326598056,0.03817372428620216,0.10469809787694644,0.3383507007645627,COMPLETE,11.100655398783752,250.6334453763752,310.5781303069123,2029.686553790968,157.5865522259332,8614.11691159597,8192.363999528387,2.782195508533032,67.11697133865891,36.42218996859115,13.045245121717638,53.490529040906736,1.089843276895484,False
831,12.101144123131158,284.9610277115977,7976.644304309101,171.83066870457515,0.4879260397312673,0.5120739602687328,0.520263326598056,0.01689137326316308,0.21742221704280754,0.2536120857821712,COMPLETE,11.102612060328461,250.64260151089198,310.5894763391021,2029.8733590576626,157.6519736714025,8617.382564097514,7318.44744206363,2.7827875703669296,59.902953533779474,59.963277494673775,13.079746334584978,40.84878639038535,1.0899366795288312,False
832,12.092017105155035,284.99748228441086,7913.428561633259,171.58151152521543,0.4879260397312673,0.5120739602687328,0.520263326598056,0.014009237110198145,0.013414782918831733,0.460501491277319,COMPLETE,11.096776935712892,250.61731525734828,310.5581423033102,2029.3746373758581,157.45940012572905,8607.767949817666,7262.109438110799,2.781044443638029,59.59180377258273,64.49309275583217,4.136780573265419,27.918553345943067,1.089687318687929,True
833,12.111657304669015,284.92232341657996,6919.35499030181,172.11917425432264,0.46484882617128653,0.5351511738287135,0.520263326598056,0.06911632408940621,0.3704870577444011,0.025244859422953583,COMPLETE,11.109495266338666,250.6708745029643,310.62451145982516,2030.41540399533,157.87741541261948,8628.63091851201,6346.822699585578,2.7848268936996554,51.792610318431834,19.122295139040297,4.637331858246414,41.05196462243015,1.090207701997665,False
834,12.11668528924885,284.9157883437729,10529.699628587257,172.2623554130063,0.14867450368627538,0.8513254963137247,0.520263326598056,0.0017365267876821486,0.08114321770729346,0.06579462563207787,COMPLETE,11.113366445097542,250.68183336188176,310.6380913789288,2030.5607417172682,157.99821772205587,8634.655095893591,9657.790702307837,2.78591907527947,78.70845800502096,26.064005358519637,9.95422463159,30.68644906814489,1.0902803708586342,False
835,12.1052048278687,284.95477430519685,8920.557474359748,171.94574113351118,0.46974947078209456,0.5302505292179054,0.520263326598056,0.21978893573109376,0.019076765630248637,0.2308835316558881,COMPLETE,11.105695623622466,250.65159167537445,310.6006167057516,2029.9993873630424,157.74843069245,8622.196219796218,8183.999982816673,2.7836602847232115,66.9163402676252,33.15471315320116,1.9515490088892027,53.4249094288632,1.0899996936815213,False
836,12.09908700732187,284.9694976162009,8404.734870237295,171.7745375775435,0.4812236474710556,0.5187763525289444,0.520263326598056,0.015022541449586374,0.1608152835054857,0.3053854991056935,COMPLETE,11.101313843631608,250.63674917940492,310.58222428952644,2029.757671523294,157.60883865361163,8615.229460872044,7711.6231588842265,2.782397213388151,63.15816118568863,38.82986115335165,17.079365615853487,44.352228153986644,1.089878835761647,False
837,12.116948871979373,284.91093248054324,9335.59032307925,172.26798553413263,0.23710710832873189,0.7628928916712681,0.520263326598056,0.020464755215302236,0.20631265280035732,0.01032946098308956,COMPLETE,11.113347090460193,250.6834506987335,310.6400955386479,2030.611974655355,157.99966939222145,8634.727474223435,8562.358119265797,2.785932197449291,69.77055429255724,29.229819456834825,2.8271849926581614,60.583662450883025,1.0903059873276775,False
838,12.09417914221137,284.98959212828964,9806.888060613466,171.64082042651484,0.4812236474710556,0.5187763525289444,0.520263326598056,0.022637918450208912,0.03910245108459714,0.4194827905795798,COMPLETE,11.098196516295058,250.6231241916251,310.5653405762464,2029.4854910802756,157.5058160551828,8610.085880612682,8999.26895659454,2.7814646838064774,73.80417376714544,37.333563098546804,12.589051021033317,62.50171013549611,1.0897427455401378,False
839,12.10659298973234,284.93956254776805,7566.731161415292,171.9795568989605,0.4812236474710556,0.5187763525289444,0.520263326598056,0.018472038102926407,0.33585382251785867,0.12689738917806445,COMPLETE,11.106112815503728,250.6575369164631,310.6079838863717,2030.1674790898896,157.7672894843412,8623.137193901402,6941.421917341894,2.7838308830505296,56.72820325996535,35.0495730390119,7.082499871594996,58.771625633875146,1.0900837395449448,False
840,12.101899192548624,284.9581233002966,8113.190665757918,171.8512726288725,0.48132420733896253,0.5186757926610375,0.520263326598056,0.012878141042037695,0.22981260580800492,0.23863318324399815,COMPLETE,11.103104153761322,250.6445768060992,310.59192407105314,2029.9127568210638,157.6680278521612,8618.183842218341,7443.592079886051,2.7829328418535484,60.91451326187919,25.21937037100367,1.8616323602525289,58.36947377984711,1.089956378410532,False
841,12.107113110627571,284.9409175676286,7061.927346634302,171.99521339656005,0.4812236474710556,0.5187763525289444,0.520263326598056,0.096059656471373,0.24689657470321882,0.1382670026254696,COMPLETE,11.106612663029097,250.6582164019785,310.60882588629164,2030.1630214275629,157.78197474786836,8623.869888597495,6478.347974189726,2.783963720382502,52.937376838274055,29.302567823864187,2.1381601693180596,23.91705338875581,1.0900815107137813,False
842,12.110179520355889,284.92556975421695,7147.078544529759,172.0776199210159,0.4812236474710556,0.5187763525289444,0.520263326598056,0.028847856443092245,0.41188499518262894,0.04048970175482946,COMPLETE,11.108424829624736,250.6672976626078,310.62007913680196,2030.3594489939928,157.8433500957025,8626.931741064003,6555.871829140269,2.7845188333302473,53.52077847418618,31.896077772051633,12.14373445518801,33.03753769702308,1.0901797244969964,False
843,12.110500257494673,284.9367460534819,9356.717534817588,172.09174278881,0.4812236474710556,0.5187763525289444,0.520263326598056,0.3120998832654447,0.04873189810943223,0.12039134267566971,COMPLETE,11.109231222614044,250.66557278792928,310.6179417191406,2030.2589242795552,157.86358296473983,8627.940977787477,8583.125087227354,2.784701807650097,70.07200063054034,63.022371910745264,7.925600483152959,31.256915583595926,1.0901294621397777,False
844,12.109327093293276,284.9371772812983,7769.348567487431,172.05789337059156,0.46484882617128653,0.5351511738287135,0.520263326598056,0.19284506183340602,0.1489165859982214,0.12308557885352672,COMPLETE,11.108273848770637,250.66327143975383,310.6150899512433,2030.2356078273,157.8342200750081,8626.476305414446,7127.072449963263,2.784436262981513,58.20337805024112,32.07933487544523,-0.7180095844403827,35.80176807919219,1.09011780391365,False
845,12.100479338275118,284.96328133866166,7456.246445052858,171.81231124409496,0.49525257100033665,0.5047474289996634,0.520263326598056,0.017680347889018448,0.21254453555769942,0.26502730692518395,COMPLETE,11.102169817975831,250.64079798725703,310.58724146179884,2029.8404341974478,157.6375119469248,8616.660732808781,6841.093804921575,2.7826567025675026,56.00594663489033,42.935775890084855,18.005679876102214,23.93902459315424,1.0899202170987239,False
846,12.101588728065112,284.9627690418636,7978.234290606152,171.84429830337956,0.4812236474710556,0.5187763525289444,0.520263326598056,0.08616707577760471,0.12611727252636817,0.26893892809746606,COMPLETE,11.103067386249393,250.64306293093694,310.59004811823803,2029.8640514516446,157.6651518143461,8618.040299593913,7319.937484443746,2.78290681761814,59.90966633400481,27.135566835343035,9.64594906191811,37.43016956791619,1.0899320257258223,False
847,12.111726409314596,284.9231433117178,7326.101739223423,172.12149441692378,0.48132420733896253,0.5186757926610375,0.520263326598056,0.11537976494234234,0.3381539816408138,0.02779003554785863,COMPLETE,11.109594902508363,250.6707779196084,310.6243917763645,2030.4082895191736,157.88005874338353,8628.762760336476,6719.935687677084,2.784850796583487,54.83649173488353,23.08090543338384,14.264664202203218,39.99493087214846,1.090204144759587,False
848,12.116836970230956,284.9163411264898,10521.125484016624,172.26696897127107,0.15764516891530517,0.8423548310846949,0.520263326598056,0.0410371056677236,0.04818067919466496,0.0684273079866181,COMPLETE,11.113521363334325,250.68196339636035,310.6382525141084,2030.5576421901283,158.00267384653773,8634.877271261497,9649.940254227191,2.7859593556080435,78.64140389243349,35.908846600351346,8.88642209951138,24.855230682195696,1.090278821095064,False
849,12.099799696536175,284.9659103686894,7342.632511848386,171.79367851580295,0.49525257100033665,0.5047474289996634,0.520263326598056,0.016483974873851174,0.1981623215617615,0.28060591969220705,COMPLETE,11.101733715021284,250.63887792796888,310.58486217669224,2029.803624755375,157.62307812024326,8615.940261808868,6736.966971208152,2.782526081388036,55.16406097769738,32.71095796273405,7.359528534837901,28.865136564943306,1.0899018123776876,False
850,12.092631782240886,284.99505740912076,7745.0367128468,171.59829137791382,0.4879260397312673,0.5120739602687328,0.520263326598056,0.01501778826797039,0.02561489415424471,0.4472927908418365,COMPLETE,11.097171984479331,250.6190003827654,310.5602304647708,2029.4078345643052,157.47240021482145,8608.4171852263,7107.468909686785,2.781162149825839,58.31321490589865,21.48408118197017,5.375564810673541,27.00768831709211,1.0897039172821525,True
851,12.105393997868408,284.9445978962339,7188.070674428177,171.9469339143503,0.4812236474710556,0.5187763525289444,0.520263326598056,0.02297924991657591,0.3005554562351999,0.1576884466143122,COMPLETE,11.105357011408167,250.6541995838953,310.60384835486843,2030.0999257264648,157.74225014667914,8621.887824725098,6594.257987539658,2.7836043727879134,53.90997803626176,24.380912792986358,10.505355497364667,24.718546206643875,1.0900499628632323,False
852,12.09337561494506,284.9924165560707,8020.9938869136795,171.6187685558062,0.4812236474710556,0.5187763525289444,0.520263326598056,0.01322232106238238,0.03363703028786463,0.43436379464798835,COMPLETE,11.097661289342401,250.62104323837445,310.56276191572937,2029.4457948647055,157.48844863238259,8609.218620703476,7360.581213639775,2.7813074498411163,60.37799114389585,20.57751534016706,11.057773768542766,30.802130847329956,1.0897228974323527,False
853,12.104519387731296,284.95353791641924,7264.049382285384,171.92536157891905,0.4879260397312673,0.5120739602687328,0.520263326598056,0.1520013283241978,0.12075966573166556,0.21516480281964,COMPLETE,11.105062459999415,250.65060161432214,310.5993898490962,2030.0002352678225,157.729672499597,8621.26021077129,6664.264769120966,2.7834905865634774,54.4986914964059,22.944373387756343,5.859727893061494,21.352731099017785,1.0900001176339114,False
854,12.113070027060141,284.9254714426126,8966.741296756423,172.16153818165137,0.3079315940911523,0.6920684059088478,0.520263326598056,0.07959598658260204,0.14021680667943504,0.08811845915601235,COMPLETE,11.110824022456239,250.67290121124086,310.62702290144966,2030.4089422311522,157.91674199013625,8630.592305364566,8224.825282161066,2.7851824925566544,67.09817279368103,25.08902059141762,7.249234972649337,27.203633123731443,1.090204471115576,False
855,12.113910808156797,284.92451932075477,8676.603229528873,172.18555814664575,0.4812236474710556,0.5187763525289444,0.520263326598056,0.34967969158512047,0.0878037212296781,0.043736636258352196,COMPLETE,11.11147704193276,250.67472999062076,310.62928907498326,2030.4321356091596,157.93709451868935,8631.607280690723,7958.608835220493,2.785366507283476,64.90739956114531,48.80704142296872,3.674037233398765,29.458171678891063,1.0902160678045798,False
856,12.101916138721105,284.95783336604916,7504.05318267993,171.85167093659587,0.4812236474710556,0.5187763525289444,0.520263326598056,0.0071985147771209575,0.2375479068326527,0.23647695284873832,COMPLETE,11.1031022584868,250.64471554390565,310.5920959911593,2029.9161814385434,157.66814559190036,8618.189718564221,6884.7171708482365,2.7829339072333203,56.34054411794519,43.68673334923055,9.266029040304765,31.817080304845533,1.0899580907192716,False
857,12.122057368284331,284.90106480958224,11845.114182408912,172.41213088097075,0.010634705425193569,0.9893652945748064,0.520263326598056,0.005225649143225379,0.0022490702053250553,0.003159980102435807,COMPLETE,11.117123663170315,250.69526070412408,310.65473017524886,2030.790235957029,158.11894976254655,8640.673526763792,10863.13941350782,2.787010215018469,88.39067577196226,28.475237236065745,17.639866187621507,46.02435907618858,1.0903951179785145,False
858,12.105819480370004,284.9425347414757,7807.6658952889875,171.95836560680806,0.4812236474710556,0.5187763525289444,0.520263326598056,0.015842481386490536,0.3202805241801475,0.1451003008421867,COMPLETE,11.10561357553929,250.65540385853473,310.605340659159,2030.1261853795668,157.75083732308786,8622.316303557316,7162.581641052716,2.783682055873627,58.54878820456827,48.38713932872924,10.91904221239849,55.397365318485356,1.0900630926897834,False
859,12.10849396336545,284.9320830255064,7153.894923570697,172.03152556914088,0.4812236474710556,0.5187763525289444,0.520263326598056,0.022006245624301726,0.37842979335772536,0.08078713473122245,COMPLETE,11.107333831344047,250.6627563346405,310.6144516470346,2030.2701075205296,157.80753492490933,8625.145088199692,6562.393254757161,2.784194913693702,53.60069178909938,53.680767468436386,1.953149116973044,67.2821439202828,1.0901350537602648,False
860,12.110834645331021,284.93222205940333,7564.985166057498,172.09955065987208,0.49525257100033665,0.5047474289996634,0.520263326598056,0.25620727617062194,0.15323204108253785,0.08581299700950898,COMPLETE,11.109288212044614,250.66722813856796,310.6199929845078,2030.307939477263,157.86719622837643,8628.121204532266,6939.37313081677,2.7847344827056912,56.64485029419209,23.894749678033264,12.528293832387947,42.11389879095309,1.0901539697386315,False
861,12.097010261595988,284.9794205963436,7785.386030982487,171.71858687592436,0.4812236474710556,0.5187763525289444,0.520263326598056,0.04814977428241049,0.06953043163212938,0.36354240497209245,COMPLETE,11.10006159018029,250.63072636791216,310.574760985777,2029.629394542757,157.56677470570406,8613.12954397744,7143.770450586813,2.7820164990754486,58.54211260442191,21.600377529756624,-1.6804698820479333,31.052096123788573,1.0898146972713785,False
862,12.108219290516843,284.93829969646856,8842.0297962618,172.0262197781526,0.38359414446556345,0.6164058555344365,0.520263326598056,0.01687437040616385,0.22070712118622768,0.14601228959608964,COMPLETE,11.107405664946343,250.66091799859575,310.6121736311426,2030.2065497128547,157.80726812403108,8625.131777999022,8111.185426377464,2.784192500558253,66.26171989437057,45.218153209826966,13.142405038562087,52.43727719666993,1.0901032748564274,False
863,12.093523958192744,284.99222546377007,9599.194929101803,171.6229611406082,0.4812236474710556,0.5187763525289444,0.520263326598056,0.022385118925696005,0.024852813005930285,0.43398516592545466,COMPLETE,11.097777332809244,250.62132879129493,310.56311576512087,2029.4497394428154,157.4920109738197,8609.396513643333,8808.824315036394,2.7813397017785655,72.25516623098973,26.632694513387552,10.511931230958615,57.91127604229467,1.0897248697214077,False
864,12.093891079004216,284.99023871352784,9117.799258032139,171.63269520867664,0.4812236474710556,0.5187763525289444,0.520263326598056,0.012873181860377052,0.04545568403362738,0.4228942933457654,COMPLETE,11.097991035191978,250.62236359488546,310.5643980655094,2029.473931931323,157.4991952820337,8609.755271073394,8366.9725289648,2.781404744394663,68.62377210928456,28.675024964215993,14.063166408763788,50.43143787475842,1.0897369659656615,False
865,12.0939929524266,284.9896704681027,9527.82209499703,171.635473433406,0.4849571989073016,0.5150428010926984,0.520263326598056,0.012616579503695984,0.05418432851831207,0.4181558123859684,COMPLETE,11.098044066422402,250.62277741104216,310.5649108552053,2029.481876273583,157.50117062396822,8609.853910849415,8743.199196762702,2.7814226277569185,71.70718835422711,18.12364267376543,6.663399858999782,60.254965758987304,1.0897409381367915,False
866,12.094255940289536,284.9891320471589,8023.134584513156,171.64284233733562,0.4812236474710556,0.5187763525289444,0.520263326598056,0.019599491981854067,0.044802863015940594,0.4168208112538079,COMPLETE,11.098238774151692,250.62335676439594,310.56562877408135,2029.4910321190082,157.507271016808,8610.158533484464,7362.392839683006,2.7814778557506714,60.37860572792844,46.41710905054025,7.96239702752753,30.614905287834254,1.0897455160595042,False
867,12.115072073926756,284.9181826365183,9751.968858011825,172.21655572927884,0.23993781015195442,0.7600621898480455,0.520263326598056,0.015604641749114388,0.1670466275834082,0.0572862048774921,COMPLETE,11.112137647929787,250.67828123523933,310.6336896804661,2030.5115195245658,157.95977612338282,8632.738331341885,8944.661627046231,2.785571566432434,72.92804322790946,22.011158878871043,14.425733910794811,42.93775284006798,1.0902557597622828,False
868,12.109564433755658,284.9366553951964,9432.716693864248,172.06454235669372,0.31375273160918504,0.686247268390815,0.520263326598056,0.017263468635246224,0.141279765941294,0.1552093193819809,COMPLETE,11.108447311830446,250.66381099008802,310.61575854730296,2030.2442940624164,157.83969055695906,8626.749192701334,8652.898869684377,2.784485737366018,70.6630166072093,30.261030719155215,10.153587771501275,48.59984090375675,1.0901221470312081,False
869,12.101876110889998,284.9597072433714,7885.875273983647,171.85129340752331,0.46484882617128653,0.5351511738287135,0.520263326598056,0.024993676741078122,0.186749813410344,0.25310507882107314,COMPLETE,11.10316071348957,250.64421517267374,310.59147594477474,2029.8974946272838,157.6691508028053,8618.23988817347,7235.088157511705,2.7829430029686577,59.2097363596839,33.817176484280424,5.024622109554029,38.23769109247169,1.0899487473136418,False
870,12.09399564079793,284.9896810383737,7572.083419304875,171.6355735150776,0.4849571989073016,0.5150428010926984,0.520263326598056,0.012683837847302674,0.05417661300955446,0.41809626961925456,COMPLETE,11.0980456772055,250.6228060418476,310.56494633371864,2029.4820444176098,157.5012503128386,8609.857890143936,6948.5164502268235,2.7814233492018396,56.98807613067747,46.91472489927846,7.17449725733521,23.832696312747657,1.0897410222088049,False
871,12.10754128407162,284.93587747999874,7471.90526837602,172.00556551571805,0.48132420733896253,0.5186757926610375,0.520263326598056,0.019876322789558178,0.3577193344032608,0.10372812224202761,COMPLETE,11.106719939020321,250.66022613132438,310.6113162880883,2030.2190656730609,157.7874152408788,8624.14132373152,6854.27018414716,2.7840129314921227,56.00034086809717,45.72456725663967,16.73139779096073,27.37564250796469,1.0901095328365304,False
872,12.11155610682944,284.9330698912468,9108.52100477787,172.12079397293243,0.3841367069322591,0.6158632930677409,0.520263326598056,0.2074946046852751,0.05624258452326946,0.12039902104802476,COMPLETE,11.109934178578467,250.66833120604966,310.6213598756486,2030.3110463394542,157.8864577711586,8629.081921197523,8355.2491467401,2.7849086603533184,68.19268886505486,34.69308848955236,11.198299504752105,45.55679174876932,1.090155523169727,False
873,12.101212138846124,284.9610921762726,8301.14206853761,171.83262199827013,0.4812236474710556,0.5187763525289444,0.520263326598056,0.017086402562371733,0.20787959698801203,0.2562572800788905,COMPLETE,11.102674880570193,250.64264880094296,310.58953493964356,2029.8732772087887,157.65377170758532,8617.472307624188,7616.1693941831145,2.7828038408418063,62.339074244543184,31.626707421328696,1.9196243161166389,59.15645047239761,1.0899366386043945,False
874,12.100443791994115,284.96354572824316,7842.900887823721,171.81136953898462,0.4849571989073016,0.5150428010926984,0.520263326598056,0.008191445239966847,0.2075021922319285,0.26926325245614147,COMPLETE,11.102154530708574,250.64063937373862,310.58704491225245,2029.8370322668939,157.6368939473531,8616.629885738905,7195.859847988356,2.782651110002846,58.91120612139212,29.19552437247237,4.585365076248081,43.72841403176897,1.089918516133447,False
875,12.104791942888289,284.94630961894035,6695.508449934911,171.93015975180614,0.49525257100033665,0.5047474289996634,0.520263326598056,0.025398943870775514,0.3053337390506381,0.16451934128197584,COMPLETE,11.104940843246698,250.65263218844635,310.6019060811737,2030.0731969229055,157.72879552345245,8621.216449493666,6142.462059884392,2.78348265265677,50.224666669313606,24.111433313739703,-1.921179221214016,31.366466726017876,1.0900365984614528,True
876,12.093441603894581,284.99176713155583,8778.661338325663,171.6203538174618,0.4812236474710556,0.5187763525289444,0.520263326598056,0.006185772951618168,0.04429441400258752,0.4307429847585557,COMPLETE,11.097688127981193,250.62123357432554,310.5629977748492,2029.452416472714,157.4894248851892,8609.267372115935,8055.841248907182,2.7813162884577944,66.0797939493779,47.311883813362364,5.428074094206684,44.66144705252004,1.089726208236357,False
877,12.10147566471075,284.9601924447389,8284.548703718301,171.83987279896752,0.4812236474710556,0.5187763525289444,0.520263326598056,0.02076812245242468,0.20925935241700575,0.2511956626891979,COMPLETE,11.102851414130841,250.6433303551973,310.59037950308834,2029.8860875160299,157.65949769859606,8617.758099787889,7600.900571055533,2.782855654876666,62.20955736596577,47.781746590989314,13.92369471199481,47.91916626796787,1.0899430437580149,False
878,12.113155063435606,284.9270057251362,9939.849694124969,172.16461999318932,0.2106785011385351,0.789321498861465,0.520263326598056,0.0043686116315396675,0.08410341523417036,0.12220630858784548,COMPLETE,11.11097199114287,250.67267249635455,310.6267394842,2030.3952117045437,157.92056327127784,8630.782876525971,9117.475254730909,2.7852170430519254,74.38236615800133,39.40446306510245,5.621755988560114,27.687418165662486,1.0901976058522718,False
879,12.119184418645688,284.90733132260607,10853.420822961281,172.3313243394838,0.11938857288415117,0.8806114271158488,0.520263326598056,0.007346927800220666,0.09456811508990881,0.017473371826906045,COMPLETE,11.115037247609102,250.68840646543103,310.64623658958726,2030.6826461607375,158.05263974827938,8637.368283588065,9954.149763212523,2.7864109754070365,81.06200115328359,36.34434194698087,13.735390618453085,62.23911501807659,1.0903413230803687,False
880,12.099102172543823,284.9706847539542,8576.819477248526,171.77554222079024,0.4812236474710556,0.5187763525289444,0.520263326598056,0.040791962059926405,0.1273867587352654,0.3130445674575917,COMPLETE,11.101380183493875,250.63660967797034,310.58205142315313,2029.7473778140516,157.6105047485406,8615.312630058614,7869.553659791297,2.782412291937109,64.45197915761622,66.94578293417158,9.246427245425991,45.552559033195564,1.0898736889070257,False
881,12.115732847100233,284.9214075817883,10998.4133628255,172.2371119929531,0.14361949582704087,0.8563805041729591,0.520263326598056,0.03566643465273462,0.0030557407398669406,0.10489720006502588,COMPLETE,11.11284496865264,250.67883467130895,310.6343754833504,2030.4916529073448,157.98007001155156,8633.75024800618,10088.012350940058,2.785755026624763,82.24047399806426,60.35447666148786,4.716480913404066,36.100716457326676,1.0902458264536725,False
882,12.101574112115223,284.9599675729432,8074.051724046003,171.8426751293084,0.4812236474710556,0.5187763525289444,0.520263326598056,0.023542908830901498,0.20799831857311366,0.24968191322743552,COMPLETE,11.102919772979899,250.64362840418596,310.5907488372668,2029.8903999226677,157.66175688044183,8617.870857299768,7407.7593298566135,2.7828760977802625,60.62712838384742,31.649275566707907,6.630480606023363,49.02177874873591,1.0899451999613339,False
883,12.098342062494323,284.9744451890326,9369.351626805232,171.75506030436014,0.46484882617128653,0.5351511738287135,0.520263326598056,0.036811672792712,0.08849354159428836,0.3395432329717631,COMPLETE,11.1009317839827,250.63429437727433,310.5791823656728,2029.6984789962885,157.59524719533707,8614.550977806373,8596.924498584453,2.782274204608761,70.42506664382992,32.84220772002307,10.780165256929687,60.55476943493565,1.0898492394981443,False
884,12.121686340165704,284.90222138252784,11773.331639311413,172.40184664853626,0.02104659481818094,0.9789534051818191,0.520263326598056,0.009095414767346236,0.003499879557687658,0.008451104684019965,COMPLETE,11.11687081732305,250.6943069296468,310.6535482839277,2030.7730861236387,158.1107614960376,8640.265416649063,10797.392644127602,2.7869362247752187,87.86565496735274,32.94701736240998,7.704215647753914,47.94148804180872,1.0903865430618194,False
885,12.101236726338417,284.96135921414424,8206.812429315543,171.8334443436526,0.4879260397312673,0.5120739602687328,0.520263326598056,0.03344679534922216,0.1978024612879111,0.256676488558166,COMPLETE,11.102708603863544,250.6426316377027,310.5895136714243,2029.8710851741894,157.654684730975,8617.517878228582,7529.630981512608,2.7828121027789225,61.63038206097461,52.609421358093385,9.537784018867635,47.97662482531627,1.0899355425870947,False
886,12.101412998764403,284.9600605310915,8535.127503504476,171.83802630733604,0.4812236474710556,0.5187763525289444,0.520263326598056,0.011748421216205925,0.21965633879592694,0.24981863453498673,COMPLETE,11.102791047241043,250.64327916662884,310.59031607161035,2029.886651432841,157.65776279641582,8617.671508944759,7830.799365548965,2.7828399559823844,64.09202134926333,44.21411313342534,9.011693437609656,61.47537935032163,1.0899433257164206,False
887,12.110795624558211,284.92461286143947,7069.8171620736175,172.09515954289876,0.46484882617128653,0.5351511738287135,0.520263326598056,0.04173380061428249,0.3843367071697388,0.03877741992806603,COMPLETE,11.10888734326851,250.6687715354532,310.62190551983696,2030.3795916423283,157.85798051179836,8627.66152787142,6484.94160298796,2.784651143462862,52.93287760759921,27.67151798584716,7.438354144687169,30.878309277072105,1.0901897958211642,False
888,12.094871134732635,284.98701720378597,8928.367855937875,171.6597480689201,0.4812236474710556,0.5187763525289444,0.520263326598056,0.027830756131883905,0.04772901723952535,0.40566281858392406,COMPLETE,11.098650763387324,250.6249415128845,310.5675925511896,2029.5209872954438,157.52061950266585,8610.825069017248,8192.963415339294,2.781598698445879,67.1790912428298,45.57936007389519,9.668495040554289,47.21645234925855,1.0897604936477219,False
889,12.100159409079382,284.96551348102366,7340.749184983067,171.80400786149931,0.49525257100033665,0.5047474289996634,0.520263326598056,0.037803795434000295,0.17864706826365273,0.2788013873784203,COMPLETE,11.102009888893969,250.6397449569137,310.5859365753153,2029.8142012436729,157.63179060259185,8616.375153159912,6735.206313267315,2.7826049270615183,55.14449409088815,19.87840657571055,3.8285981604274837,31.027203353019992,1.0899071006218364,False
890,12.107655011009959,284.93488089109337,7217.824258042424,172.0084071289737,0.49525257100033665,0.5047474289996634,0.520263326598056,0.025657038649415296,0.3754054179268664,0.09418956207075715,COMPLETE,11.106768503849862,250.66060785526346,310.61178930998335,2030.2300114228842,157.78922978563696,8624.231853336156,6621.158520180036,2.7840293444827013,54.09349568906894,37.337038841649,14.062074018222516,30.089512415857172,1.0901150057114422,False
891,12.108484194688408,284.9321160741396,7011.407230930037,172.03124687431676,0.4812236474710556,0.5187763525289444,0.520263326598056,0.022082682109257228,0.3780727492250008,0.0810677407334413,COMPLETE,11.10732789787092,250.6627170857191,310.61440301084167,2030.2695132479867,157.80732228653576,8625.134480066752,6431.688548894139,2.784192990442334,52.53327573465226,31.651365017786127,9.620911988918909,23.675894112599913,1.0901347566239934,False
892,12.117186125191983,284.91580167050887,11358.144300704975,172.27688476192202,0.10912694393253208,0.8908730560674679,0.520263326598056,0.002126968691625301,0.030368512510865187,0.0766313820621329,COMPLETE,11.11378554921193,250.68275319487236,310.6392312108853,2030.5686409076347,158.01097156952042,8635.290974559855,10417.598499423792,2.786034359893833,84.89020909183886,57.242906508705936,12.96099149468478,65.99648474309186,1.0902843204538173,False
893,12.107817481256143,284.9389864274181,7827.447082753844,172.01483936077884,0.393172507207776,0.6068274927922239,0.520263326598056,0.007887911363939596,0.2379111819311351,0.14737311475394255,COMPLETE,11.107105106655528,250.65998663250758,310.6110195076861,2030.1931943546615,157.79779499008606,8624.659173819637,7180.507766946565,2.7841068175601316,58.665131166310296,48.373128220321874,-0.8810510218641636,29.603862770515505,1.0900965971773307,False
894,12.109976900334546,284.9272047963287,6724.413188115426,172.07252593291227,0.49525257100033665,0.5047474289996634,0.520263326598056,0.06267905125119193,0.38514604417793924,0.04742694513374353,COMPLETE,11.108329611541574,250.6666907196466,310.6193270296368,2030.3416578046545,157.83996541731804,8626.762903601584,6168.219704508249,2.7844882231481836,50.35910785307572,30.434523824848505,5.278209641043411,29.54152023944347,1.0901708289023273,False
895,12.096611070662206,284.98165982171065,7841.307424812907,171.70791467804773,0.46484882617128653,0.5351511738287135,0.520263326598056,0.0427583937647028,0.040965923465185024,0.3811240689338197,COMPLETE,11.099840791304517,250.62941047517313,310.5731303673814,2029.6008245701232,157.5590472736339,8612.74374532064,7195.17751729556,2.7819465538929307,58.97060975171131,44.458980649723344,5.652313323776815,23.654083916552192,1.0898004122850615,False
896,12.104150343150591,284.95296187949424,9108.010256503889,171.9143869762764,0.48132420733896253,0.5186757926610375,0.520263326598056,0.09852492954474024,0.17131559124962406,0.21148345060239193,COMPLETE,11.104728549976663,250.64998967151794,310.59863154626197,2029.999319870998,157.71967028544714,8620.761091332517,8355.975319334371,2.783400096356661,68.33927270715563,48.497078578055195,4.450165261672678,78.54923562593163,1.089999659935499,False
897,12.10818406988779,284.94019016566574,8096.824640846618,172.02600392083338,0.46484882617128653,0.5351511738287135,0.520263326598056,0.15636574967217187,0.1680362354351919,0.14044666319736224,COMPLETE,11.107468018798121,250.660444779418,310.611587230843,2030.1879689225434,157.80841502932358,8625.188994897788,7427.639044213329,2.7842028739650977,60.67757458444135,41.03106933444429,18.30608178771316,24.55660257995307,1.0900939844612716,False
898,12.100695834355431,284.9629433421737,8637.438170917552,171.81847044817022,0.4812236474710556,0.5187763525289444,0.520263326598056,0.01146010731157833,0.20315078156106423,0.26661232395972095,COMPLETE,11.102332239023724,250.64131824367453,310.5878861493631,2029.8475444326095,157.64264880541697,8616.917133671373,7924.809414289367,2.7827031879681527,64.87462484680185,19.82643214894184,15.35846416972097,57.319207269324515,1.0899237722163049,False
899,12.118844612671868,284.91038046404594,11338.834298049971,172.32275075979769,0.08351697304603761,0.9164830269539623,0.520263326598056,0.0027797769579474916,0.033417125397623884,0.047320010846499415,COMPLETE,11.11490269652463,250.68709498783102,310.6446114423116,2030.6479001316216,158.047294796557,8637.101833386334,10399.509519501586,2.786362668064169,84.70030002965709,30.734632943130975,3.0168520101301213,61.69750857904408,1.0903239500658108,False
900,12.102356131966676,284.96371968468645,8966.003029911366,171.86692416756966,0.4812236474710556,0.5187763525289444,0.520263326598056,0.17611981747385036,0.026198223988368834,0.27890532461844814,COMPLETE,11.103755305990617,250.6442639606512,310.59153640150583,2029.8672248184903,157.68568122939726,8619.064891726872,8226.191877955258,2.7830925758691936,67.31468146552258,55.38636241901484,4.629839394236816,39.98387531431462,1.0899336124092451,False
901,12.117838112303831,284.91280247787205,11014.230771968912,172.29457587044988,0.1158358506917217,0.8841641493082784,0.520263326598056,0.0016731646293260225,0.05949707604791113,0.054665546903133404,COMPLETE,11.114180561814873,250.6846926759342,310.6416345629242,2030.6084658975642,158.0243116221521,8635.956053357573,10101.979281672948,2.7861549384834032,82.30092398285771,59.423862856365744,5.9709724017934604,57.003555740980346,1.0903042329487822,False
902,12.102509353485019,284.956566296807,7673.724648668613,171.8683680244692,0.48132420733896253,0.5186757926610375,0.520263326598056,0.03115435379774053,0.22040755245465124,0.2297620374349037,COMPLETE,11.103533100958373,250.64616113789685,310.59388733180936,2029.9384472390007,157.68185403780456,8618.873887298689,7040.313141307052,2.783057946822784,57.604643184760036,46.80982601619681,11.981281392622765,31.402544923254702,1.0899692236195002,False
903,12.114979346084708,284.9156827626761,8536.292360333375,172.2127847871109,0.32482332449618423,0.6751766755038158,0.520263326598056,0.0533292939251938,0.25201496048034155,0.019478618777893638,COMPLETE,11.111939827557338,250.67862575502048,310.63411659998326,2030.5336483266146,157.95471436019386,8632.485926143658,7829.544264895244,2.7855258054445526,63.834489796938406,34.01630167471779,5.370973727894345,25.438403698275224,1.0902668241633073,False
904,12.102625622772235,284.9563985811367,7432.658638512151,171.87165441321434,0.46484882617128653,0.5351511738287135,0.520263326598056,0.01780682346938224,0.21406496341672984,0.23297665593393116,COMPLETE,11.10362278852643,250.64639701362677,310.5941796225811,2029.9417817539866,157.68462795820722,8619.01232613298,6819.134988579205,2.783083045742549,55.79358495255051,62.751087334786206,6.378868778659788,23.748963601573887,1.0899708908769932,False
905,12.10540318058035,284.9440078193216,6831.304441749342,171.9469070063067,0.49525257100033665,0.5047474289996634,0.520263326598056,0.028883250230071107,0.31563632545749715,0.15073237350451005,COMPLETE,11.10533874590909,250.65428291675335,310.60395161867353,2030.1051651917696,157.74184635829863,8621.867676405273,6266.949458053723,2.7836007199034802,51.23354817436041,42.93658261311559,1.7556143995610802,29.191735107830148,1.090052582595885,False
906,12.099187371246858,284.9689953522048,8494.049465666185,171.77727930684992,0.49525257100033665,0.5047474289996634,0.520263326598056,0.02912447200780335,0.16735764287639893,0.2987701564091695,COMPLETE,11.101370203322544,250.63711405036526,310.5826764276698,2029.7646866376326,157.6108470422307,8615.329716839731,7793.547182167235,2.782415389765479,63.826881220571494,34.616764717283615,13.406369835871438,52.09557481890522,1.0898823433188163,False
907,12.11381261217489,284.9221438708966,9845.600724756268,172.1816751068622,0.2563442555082543,0.7436557444917458,0.520263326598056,0.008960818350044778,0.1689899437114873,0.0783931535966438,COMPLETE,11.111281156953545,250.67502728707748,310.62965747664464,2030.452900265952,157.93202878710295,8631.354659927469,9030.785047964477,2.7853207072137196,73.65758487979035,25.40877245461455,14.27967397845596,60.86322945469861,1.090226450132976,False
908,12.096800138518084,284.9799253720016,7911.458661148801,171.7126928849199,0.4879260397312673,0.5120739602687328,0.520263326598056,0.049440874993972705,0.07386039093850298,0.3646243553927736,COMPLETE,11.099912035975715,250.63019369057326,310.57410090654565,2029.6209013749612,157.5619804128315,8612.890185890108,7259.481367753492,2.781973103524919,59.493467179300374,43.85061618052828,-2.2466975668412257,32.25018723167951,1.0898104506874806,False
909,12.107117271084801,284.9408932063254,7855.31328459906,171.9953201183464,0.4812236474710556,0.5187763525289444,0.520263326598056,0.09597244311221755,0.24710932219688947,0.13814146886652973,COMPLETE,11.106615180746271,250.65822428645538,310.60883565652034,2030.163276399985,157.7820541976611,8623.873852510995,7206.169711811878,2.783964439038849,58.88465152239276,43.227698109912915,5.89083018018785,50.899860050706344,1.0900816381999925,False
910,12.110450097828227,284.9324146377899,8063.341601750062,172.08843872013813,0.4879260397312673,0.5120739602687328,0.520263326598056,0.21675006481502504,0.18327906119019954,0.08789593067106741,COMPLETE,11.108979334571778,250.66640769030212,310.6189763073918,2030.2993295954411,157.8576265966834,8627.643874450756,7396.545503911366,2.7846479429029105,60.38313416000314,46.79053061426394,-2.3541148844501514,57.29019789341335,1.0901496647977205,False
911,12.11176629424269,284.9203800336068,6878.127741705167,172.12149655000604,0.4879260397312673,0.5120739602687328,0.520263326598056,0.06336453869177049,0.4180432666223499,0.006517698178572587,COMPLETE,11.10949254186596,250.6714819196256,310.62526415398656,2030.4355596981009,157.87808613233005,8628.664372206411,6308.948421899247,2.7848329588445684,51.48073535604633,33.23821924126914,8.429267655477055,29.148329164695813,1.0902177798490504,False
912,12.098744967762372,284.9755293779903,9922.096480180538,171.76719959426077,0.4879260397312673,0.5120739602687328,0.520263326598056,0.12405690114374003,0.020494902953852506,0.34337388131219154,COMPLETE,11.101320412151168,250.6348203276665,310.57983410905524,2029.6947603673261,157.60665458067555,8615.120434280803,9104.115549195934,2.7823774468993645,74.57277142516506,46.26912591508772,13.235569183255297,66.79865819802608,1.089847380183663,False
913,12.109573827217783,284.9374745956111,7723.419609770213,172.0651800132566,0.4879260397312673,0.5120739602687328,0.520263326598056,0.2507679578795023,0.11644323507443735,0.12071456303444143,COMPLETE,11.108493868120249,250.66367554793175,310.61559071107666,2030.2368477639416,157.84081457913825,8626.805262393711,7084.93631569559,2.7844959027846836,57.855161291994996,31.813732328973913,7.01125484230613,28.130889596335763,1.0901184238819708,False
914,12.113251941765933,284.92820554197624,8922.994973467725,172.16792462747276,0.4812236474710556,0.5187763525289444,0.520263326598056,0.3747387669813856,0.037606176823383464,0.06887829974513894,COMPLETE,11.111112191579101,250.67256986649775,310.6266123080803,2030.3851374925966,157.9243241636317,8630.970433843038,8184.787925796456,2.7852510471381073,66.76603712680863,41.456490864112055,1.1909498103515506,72.40844419087216,1.0901925687462983,False
915,12.100472144438205,284.96382359224435,7459.442051391989,171.8123554711785,0.4812236474710556,0.5187763525289444,0.520263326598056,0.011125243024703397,0.19833489044270738,0.27176324084945447,COMPLETE,11.102188694517595,250.6406997670033,310.587119749939,2029.835431983529,157.6379142666186,8616.680814318059,6844.041473905498,2.7826603433392028,56.03069347049817,64.01658343412939,4.1632279767986,30.097261757055108,1.0899177159917643,False
916,12.104769891398988,284.9488530872826,8215.57869466984,171.9306057436015,0.49525257100033665,0.5047474289996634,0.520263326598056,0.07990923441739169,0.2332597177039583,0.1820831593538715,COMPLETE,11.105045700489816,250.6520461692489,310.60117990216594,2030.0486405679671,157.7309813590292,8621.325522887164,7537.0599919545275,2.7835024276307925,61.62954939997803,60.92467616393863,10.817216413992725,50.715379274133,1.0900243202839837,False
917,12.104266387437148,284.9510855575743,7993.891328775277,171.91699234674425,0.4812236474710556,0.5187763525289444,0.520263326598056,0.06626032799509954,0.2163582403059069,0.1986047938267869,COMPLETE,11.104731756977921,250.65066983936615,310.5994743917101,2030.0195902672112,157.72059399307682,8620.807185816528,7333.779351767607,2.783408453272997,59.9764189322878,45.84581448815809,11.352990387210465,41.34368408520318,1.0900097951336056,False
918,12.102407337552606,284.9571239328217,7405.460752937174,171.86556300867537,0.4812236474710556,0.5187763525289444,0.520263326598056,0.03617116741932772,0.21111995970369044,0.23393114851193914,COMPLETE,11.103480537834155,250.64572538458881,310.5933473581938,2029.9303914326133,157.67986325079696,8618.774531793855,6794.21763377539,2.7830399336991065,55.5929336976911,25.948789860259964,5.65943196050161,30.601149056371177,1.0899651957163066,False
919,12.09337561494506,284.9924165560707,8874.02227398804,171.6187685558062,0.4812236474710556,0.5187763525289444,0.520263326598056,0.01322232106238238,0.03363703028786463,0.43436379464798835,COMPLETE,11.097661289342401,250.62104323837445,310.56276191572937,2029.4457948647055,157.48844863238259,8609.218620703476,8143.375068007981,2.7813074498411163,66.79915803747707,32.38205292103144,6.571412531380178,45.68479538348569,1.0897228974323527,False
920,12.101586026582076,284.9592622411694,8819.770569444292,171.8426947191075,0.49525257100033665,0.5047474289996634,0.520263326598056,0.02696984302095511,0.22642195101415416,0.2418604994305894,COMPLETE,11.102897154061319,250.64376539241147,310.59091858934,2029.8969870049546,157.66129844072026,8617.84797628265,8091.9150051784045,2.782871949458618,66.22552532358924,59.05536574324842,4.264907858752551,77.38871674888858,1.0899484935024772,False
921,12.119902962690432,284.90474810772133,10752.24958202021,172.3511303884638,0.11222028591833033,0.8877797140816697,0.520263326598056,0.006104745530039896,0.10451800711715499,0.0015974018461346192,COMPLETE,11.115507735717408,250.69038517349813,310.64868855066123,2030.719630781346,158.06812389423104,8638.14015610301,9861.193919887543,2.786550915665995,80.28702185504413,32.32464582374583,9.085274421539937,58.10196473835277,1.090359815390673,False
922,12.097278649987736,284.9779048564516,8670.335222720809,171.7257383381604,0.4812236474710556,0.5187763525289444,0.520263326598056,0.03841488435002902,0.08847744403283597,0.3543309237777318,COMPLETE,11.100210805361044,250.63158469608786,310.5758246026442,2029.6484521077996,157.5719590671563,8613.388372489751,7955.718927367649,2.782063424608276,65.19073607345288,44.10998077236462,6.754648690039527,46.88832638965103,1.0898242260538997,False
923,12.108178498614548,284.93414308550393,7315.88642126556,172.02321911558732,0.46974947078209456,0.5302505292179054,0.520263326598056,0.026463938432846435,0.3461331905236354,0.09715177210110684,COMPLETE,11.107172933221754,250.6616690422621,310.6131043039717,2030.244887049299,157.8017406552896,8624.856020374611,6711.068526955005,2.7841425057824027,54.8208311867698,23.764735336744796,7.244048850351728,45.321713089106375,1.0901224435246495,False
924,12.093915546947553,284.9906251561975,9418.798294457432,171.633585496122,0.4812236474710556,0.5187763525289444,0.520263326598056,0.02281611202662687,0.032947488145503405,0.42545955610604475,COMPLETE,11.09802907383548,250.62235147200485,310.5643830431664,2029.4708711765688,157.50023344286961,8609.807112275677,8643.197226465132,2.781414143189324,70.8891086520934,60.012698884547135,11.72985724581999,53.714706351732985,1.0897354355882845,False
925,12.09979689540561,284.96646174651255,7681.626681290957,171.79389394366365,0.4812236474710556,0.5187763525289444,0.520263326598056,0.009586314015575546,0.18455331263515096,0.2870836572475568,COMPLETE,11.10175411119158,250.63884438801884,310.5848206149008,2029.7991153862636,157.623601854909,8615.96640482421,7048.013394509302,2.782530821108995,57.7115179402207,33.717793184453,13.701879387322968,29.754007025523983,1.0898995576931318,False
926,12.104107918643164,284.9490579840167,7633.289821897424,171.91144893532862,0.4812236474710556,0.5187763525289444,0.520263326598056,0.00906753909696223,0.2874915522756563,0.1846642122008429,COMPLETE,11.104506725720213,250.65068413882773,310.59949211121295,2030.0352267080316,157.7143771157533,8620.49695118525,7002.905025001908,2.7833522078259856,57.271841034157994,38.05476981867911,14.771497131972092,34.637502170027034,1.0900176133540158,False
927,12.10340965206927,284.9513839207179,7110.485695391492,171.8922081035021,0.49525257100033665,0.5047474289996634,0.520263326598056,0.015256520263988518,0.2852461043302491,0.194749617958635,COMPLETE,11.104036224212317,250.6488904300159,310.5972693961709,2030.0018313481046,157.6991410114593,8619.73661386005,6523.375891839867,2.7832143588935208,53.360307000538555,53.103348065649186,4.85793429973303,31.430248595906882,1.0900009156740522,False
928,12.092948925039995,284.9932523331001,8497.627947753675,171.60669420539173,0.49525257100033665,0.5047474289996634,0.520263326598056,0.013248468662775141,0.04678083569363028,0.435222764179431,COMPLETE,11.09735022008033,250.61996046103982,310.5614201675855,2029.4299873780965,157.47851061904353,8608.72233494027,7798.027921948999,2.781217473378844,63.97297783178643,70.73679680518796,2.8241531729368483,40.97255664893412,1.0897149936890482,False
929,12.106008658013021,284.95190353509633,9757.495807375564,171.96782122526508,0.2900431039189056,0.7099568960810945,0.520263326598056,0.0077522999552285445,0.026752106590473716,0.25553840495838875,COMPLETE,11.10622726944616,250.65371135399386,310.60324335368944,2030.0397856646268,157.7657640526385,8623.0610833366,8951.66764527722,2.7838170842276133,73.18092246945861,35.90200927532498,8.105268129527122,36.644209721990535,1.0900198928323135,False
930,12.101289116905251,284.9665239268085,8664.163841638447,171.8371635735177,0.4387304313151902,0.5612695686848098,0.520263326598056,0.09076258643616156,0.04425868732222496,0.30370881583025294,COMPLETE,11.10300264989315,250.64162145442936,310.58826187986136,2029.822791814196,157.66158994099072,8617.862525249695,7949.420360384013,2.782874587182045,65.0697252825183,56.00321502165483,5.143048541424113,31.78925760885982,1.089911395907098,False
931,12.101884203553881,284.95733916342067,7717.969974983395,171.85053203455894,0.49525257100033665,0.5047474289996634,0.520263326598056,0.010853348008659523,0.2546605275562802,0.22973842895694946,COMPLETE,11.103051827622952,250.64475787878726,310.5921484513901,2029.9203302727929,157.6668006147305,8618.122591134725,7080.965178225185,2.7829217370501813,57.946440699770655,20.669420182925617,7.45383068485452,47.045104902120556,1.0899601651363964,False
932,12.114034032405678,284.91913913293405,7110.832955828535,172.18685805603982,0.4879260397312673,0.5120739602687328,0.520263326598056,0.24427885425918724,0.23997916018769763,0.0036677235252674844,COMPLETE,11.111317378696587,250.67614840400762,310.63104673416973,2030.4856471171584,157.93441088107116,8631.473452026452,6522.246973035421,2.785342244186175,53.18825410119017,30.629743061524152,-0.4007572143000817,42.61058948820808,1.0902428235585793,False
933,12.106317124546562,284.94051650918186,7628.7750454474435,171.97202280085722,0.4812236474710556,0.5187763525289444,0.520263326598056,0.013577154166797164,0.335567016716379,0.13207896446102155,COMPLETE,11.105925174064025,250.65689944262658,310.6071939461785,2030.1546354406887,157.76130739101944,8622.838718633924,6998.379767594228,2.783776769572701,57.19813902353068,19.555170543851983,16.030038609286223,40.034422429978385,1.0900773177203444,False
934,12.108695699001899,284.9303536021441,6860.191611215517,172.0365962750096,0.49525257100033665,0.5047474289996634,0.520263326598056,0.01958835872035594,0.4092389052967934,0.06642456407054395,COMPLETE,11.107420964372784,250.66344473240989,310.61530469077667,2030.289328700284,157.81079511824626,8625.30773230895,6292.91857820083,2.784224401022668,51.395977761750885,51.84273287997082,7.591800062042912,33.932982493634114,1.090144664350142,False
935,12.121616313713881,284.9020100103873,11603.01904659511,172.39969837044623,0.04349337995570507,0.9565066200442949,0.520263326598056,0.025264030122845716,0.016487164813701174,0.0017421446542784619,COMPLETE,11.116803760221119,250.69418487818433,310.65339704108396,2030.7736423464175,158.10875097055157,8640.165208786675,10641.195235751991,2.786918057119368,86.59549357730812,53.39900407091443,3.0438223389200725,33.13538818482334,1.0903868211732088,False
936,12.10862632125047,284.9379698999954,8580.08173667768,172.0379044529161,0.4879260397312673,0.5120739602687328,0.520263326598056,0.1746866019852438,0.1923547280516221,0.1208842409742933,COMPLETE,11.107727874321283,250.6617827739767,310.6132452372108,2030.2165948344941,157.81725986355585,8625.630239855358,7870.85260887028,2.7842828715455674,64.28905654919696,42.694543582192594,13.043141959015012,72.02622668035048,1.0901082974172471,False
937,12.107426382859947,284.93627992628194,7305.243411675556,172.00237701213683,0.4812236474710556,0.5187763525289444,0.520263326598056,0.01902915428841998,0.35578179267282073,0.10641229084382545,COMPLETE,11.10664541987613,250.65988315512095,310.61089128133057,2030.2130031436582,157.78492905429508,8624.017284364436,6701.403396037081,2.78399044319151,54.75325682432584,50.5176686026452,9.214225797526915,39.914871280528864,1.090106501571829,False
938,12.104426951947787,284.957404989403,8893.377233872205,171.92424718787933,0.48132420733896253,0.5186757926610375,0.520263326598056,0.2234544146079526,0.013967418470587818,0.24390206537432627,COMPLETE,11.105178187005311,250.64947701033927,310.5979962705105,2029.9608701662696,157.7314983408545,8621.35132021941,8159.20813587254,2.783507104679509,66.72817425690954,48.78468271398478,1.1492958549164372,39.1303624815101,1.0899804350831348,False
939,12.113167303042143,284.9232249086602,8313.091224802702,172.1633901568706,0.4812236474710556,0.5187763525289444,0.520263326598056,0.2504075019915086,0.19839066137345143,0.03242508402468949,COMPLETE,11.110796892235976,250.67354989046083,310.62782672704844,2030.4317765013966,157.91678695227486,8630.594547685028,7625.178934184714,2.785182899088692,62.19960642102245,39.83993079867461,19.707482295243757,64.5361865887866,1.0902158882506983,False
940,12.098209175936478,284.972817933348,8311.152107037491,171.75054303677783,0.4812236474710556,0.5187763525289444,0.520263326598056,0.009545946711755095,0.14776687514418,0.3239104655443992,COMPLETE,11.100740325598144,250.6344329984259,310.5793541412234,2029.7121310978123,157.59011530598366,8614.294787429188,7625.917191965691,2.782227757369052,62.47136436093332,31.576974620736664,11.149422539339646,43.946086382330535,1.0898560655489062,False
941,12.118615973546724,284.91135157662524,11014.024204757505,172.3165416617857,0.11009160097490567,0.8899083990250943,0.520263326598056,0.035883589811609266,0.026658834956273476,0.04754912368872134,COMPLETE,11.114758343841135,250.68647561143172,310.64384392796904,2030.635079711264,158.04252922923902,8636.864262266332,10101.666534884747,2.786319596490288,82.27966035664355,39.37179877189149,13.77906229308006,26.281736479464772,1.090317539855632,False
942,12.102482293653404,284.9591429989216,8181.398409252016,171.86864107711753,0.4812236474710556,0.5187763525289444,0.520263326598056,0.08628236701342629,0.14716639088195776,0.24777163502637728,COMPLETE,11.103638056991933,250.6454979449613,310.59306552121006,2029.91296753995,157.68394760371808,8618.978371597887,7506.169770148937,2.7830768897953657,61.41843765164633,53.78986980673251,5.365143230814477,39.15910499358603,1.089956483769975,False
943,12.108908528372956,284.93142307641904,6953.27661626237,172.04330595429914,0.4812236474710556,0.5187763525289444,0.520263326598056,0.043993408923836796,0.36003068948899264,0.07719909634165648,COMPLETE,11.107645143933725,250.6637322961871,310.6156610319671,2030.2836463471385,157.81736128007162,8625.635299182293,6378.322956200616,2.784283788800046,52.09126303644862,23.265715370352282,5.810849062595068,35.080897752762574,1.0901418231735693,False
944,12.112655686382311,284.9180312565949,7078.873149719915,172.1463680844861,0.42560345702438435,0.5743965429756157,0.520263326598056,0.013530212346654481,0.40586962251165876,0.006203111809846884,COMPLETE,11.110115734850602,250.67376097319695,310.6280882950185,2030.4733587764358,157.89816224224393,8629.665682486058,6492.969172246339,2.785014496102494,52.96972508377655,37.466154421069575,2.628445172350095,28.93849711672355,1.0902366793882179,False
945,12.10291887378772,284.9538405102221,7917.210609785609,171.87902776453473,0.4879260397312673,0.5120739602687328,0.520263326598056,0.016774610898936275,0.25966328004355516,0.21148751605465008,COMPLETE,11.10374585889707,250.64744201747777,310.59547456285424,2029.9704401717813,157.6893196322338,8619.246472141404,7263.594463383398,2.783125496344712,59.423976954210936,70.84739517506951,16.52088286033548,39.06799013814083,1.0899852200858906,False
946,12.103902752895372,284.95535751748264,8222.974723803414,171.90824283273946,0.4812236474710556,0.5187763525289444,0.520263326598056,0.12899355897247822,0.12520046010949165,0.22702936787315373,COMPLETE,11.104637307967268,250.64902929196262,310.5974414701082,2029.9726397567547,157.71596367550862,8620.576124261424,7544.1081909366985,2.7833665618813086,61.70459580409526,20.293529675393536,7.476105890018266,52.4524902387268,1.0899863198783772,False
947,12.102383937601141,284.95643700819875,7167.479236513387,171.86463823137842,0.4812236474710556,0.5187763525289444,0.520263326598056,0.01793402151457115,0.23456675209209796,0.2287224877747812,COMPLETE,11.103424726342967,250.64589641875008,310.59355929906206,2029.9371339705913,157.6785271035224,8618.707847478046,6575.858656491037,2.7830278438523477,53.80609799340957,25.465577782798263,6.156159265669421,24.444645038110117,1.0899685669852957,False
948,12.093441603894581,284.99176713155583,9200.997458886613,171.6203538174618,0.4812236474710556,0.5187763525289444,0.520263326598056,0.006185772951618168,0.04429441400258752,0.4307429847585557,COMPLETE,11.097688127981193,250.62123357432554,310.5629977748492,2029.452416472714,157.4894248851892,8609.267372115935,8443.402929418171,2.7813162884577944,69.25885311893578,37.240915408561214,6.718160033082329,52.11059942910204,1.089726208236357,False
949,12.106114578378886,284.9413667817526,7658.832038712677,171.96643242186303,0.4812236474710556,0.5187763525289444,0.520263326598056,0.016155077557591015,0.327109667022655,0.13795850624085587,COMPLETE,11.105802591028773,250.65622040363235,310.6063524995754,2030.1422236981166,157.75707708661412,8622.62764517055,7025.9930342720545,2.78373850201614,57.427342547420935,58.48719769522305,6.722997594096361,58.268240622452424,1.0900711118490582,False
950,12.10027935731612,284.9642699618812,7364.36570303478,171.80695645929092,0.4812236474710556,0.5187763525289444,0.520263326598056,0.003935218842304607,0.20326127061901897,0.2740268553453733,COMPLETE,11.102049577045905,250.64023979033203,310.58654975939237,2029.8280170418457,157.63349687783443,8616.460322043415,6756.831865138292,2.78262036815494,55.319570691142616,33.79221445801293,9.962817708233459,24.943434612789112,1.089914008520923,False
951,12.10034037712754,284.963808677416,7370.304352992321,171.80849854667122,0.4879260397312673,0.5120739602687328,0.520263326598056,0.008163960132213469,0.20993295378147592,0.2698288161893294,COMPLETE,11.102080067047696,250.64040966133908,310.5867602589116,2029.8330230103097,157.63454974125204,8616.512875592256,6762.265068187714,2.7826298960978213,55.36290365699379,27.161651547547194,10.86319495899356,26.45003784753223,1.0899165115051548,False
952,12.109976900334546,284.9272047963287,6918.86773201987,172.07252593291227,0.49525257100033665,0.5047474289996634,0.520263326598056,0.06267905125119193,0.38514604417793924,0.04742694513374353,COMPLETE,11.108329611541574,250.6666907196466,310.6193270296368,2030.3416578046545,157.83996541731804,8626.762903601584,6346.590413711903,2.7844882231481836,51.81537728136006,28.40364191042869,6.860950387233471,50.335165511823675,1.0901708289023273,False
953,12.098664307347324,284.9741186686087,9677.493597252767,171.76424998073267,0.46484882617128653,0.5351511738287135,0.520263326598056,0.05820076577046838,0.06782032080546052,0.3388271406772087,COMPLETE,11.101185471108094,250.6349552494769,310.58000130048316,2029.7067239053458,157.60308310925922,8614.942148650867,8879.629072221016,2.7823451237673202,72.73509286158492,46.16733974738556,2.3740342599656965,65.52074769591167,1.089853361952673,False
954,12.097058476617983,284.97780571518655,7886.847581543196,171.71923425324815,0.4812236474710556,0.5187763525289444,0.520263326598056,0.018948778527176083,0.10893034648445536,0.353344114523791,COMPLETE,11.100027587473175,250.6310728173005,310.5751902964107,2029.6447587697885,157.56625804488257,8613.10374953158,7236.819256725674,2.7820118225500337,59.303128534097766,45.523231289497474,13.004898942532844,30.25280462069106,1.0898223793848942,False
955,12.093523958192744,284.99222546377007,7685.788612530957,171.6229611406082,0.4812236474710556,0.5187763525289444,0.520263326598056,0.022385118925696005,0.024852813005930285,0.43398516592545466,COMPLETE,11.097777332809244,250.62132879129493,310.56311576512087,2029.4497394428154,157.4920109738197,8609.396513643333,7052.962473450622,2.7813397017785655,57.85255304390773,29.72475277870391,11.522701363839396,24.251083862781474,1.0897248697214077,True
956,12.09684402392599,284.9808198624087,9664.199611809512,171.7143474899527,0.439314993177579,0.560685006822421,0.520263326598056,0.012633273098245612,0.044608557269893,0.3820726836769901,COMPLETE,11.099991858670874,250.6300872630127,310.5739690244151,2029.6131344864752,157.56406012887166,8612.994017457475,8867.811868904371,2.781991928157412,72.67524924396588,34.81367405411232,-0.6988002572225436,58.30031343861425,1.0898065672432375,False
957,12.103500165699579,284.9599886882289,8586.434178969224,171.89852576539312,0.4812236474710556,0.5187763525289444,0.520263326598056,0.19586843980975796,0.027695106782672393,0.25765980341048944,COMPLETE,11.10452721337713,250.6472509384352,310.5952377829158,2029.921744190789,157.7107308769047,8620.314993790254,7877.745338199378,2.7833192190040204,64.44273527214047,51.83382011498378,1.7225752342461864,30.815609858149877,1.0899608720953946,False
958,12.107956499941237,284.93742834855135,7634.633262493896,172.01821470597523,0.42529086454712095,0.574709135452879,0.520263326598056,0.0248030665170831,0.27104805425877165,0.12943920980256568,COMPLETE,11.107144977945998,250.66059419060838,310.6117723771154,2030.2104004192652,157.79964600929827,8624.75152020862,7003.574756845228,2.784123559933176,57.216070990636986,19.252054997481483,7.876412000497604,25.775625075162335,1.0901052002096325,False
959,12.10796132194299,284.94217332858335,8188.661076666023,172.02039526222984,0.46974947078209456,0.5302505292179054,0.520263326598056,0.1866115914983494,0.1307225525023557,0.1524151116161188,COMPLETE,11.107378031314177,250.65960878260597,310.6105512863926,2030.1655238181224,157.80489452100926,8625.013362866604,7511.962726871515,2.784171031929724,61.37096112597159,22.96092214997539,12.377572093798525,53.899221500853855,1.0900827619090612,False
960,12.094118161019825,284.98916030793185,8407.942676198616,171.63885379128578,0.4849571989073016,0.5150428010926984,0.520263326598056,0.013162703630785795,0.05622199758066037,0.415572001201968,COMPLETE,11.098125760276526,250.62307859085564,310.5652840690165,2029.4883969162165,157.5038013821405,8609.985278256303,7715.519557796327,2.7814464446289833,63.276581211494985,29.01364473640343,11.091897599924382,39.178905483426014,1.0897441984581082,False
961,12.093866313446906,284.9905534418823,8753.714533475797,171.6321754117053,0.4812236474710556,0.5187763525289444,0.520263326598056,0.016042680925855663,0.04081190750516579,0.4243684506015905,COMPLETE,11.097981496236466,250.62234256573888,310.5643720067645,2029.4713421622055,157.49890543771298,8609.740797488554,8032.878766638362,2.781402120338007,65.88410035222215,37.47850251821485,6.94737526956046,44.04220615395945,1.0897356710811028,False
962,12.105863952228763,284.94820792228194,6920.6392634029435,171.96205835889273,0.49525257100033665,0.5047474289996634,0.520263326598056,0.16419518706785363,0.14934115875079748,0.1817159837681519,COMPLETE,11.105926777286962,250.65424623106065,310.6039061587636,2030.0727116239955,157.75809443602782,8622.678406654668,6348.998569178522,2.7837477050582162,51.90021175483519,19.27889174662955,-1.5194651289305823,21.548629738658608,1.0900363558119976,True
963,12.093891079004216,284.99023871352784,10474.938042585685,171.63269520867664,0.4812236474710556,0.5187763525289444,0.520263326598056,0.012873181860377052,0.04545568403362738,0.4228942933457654,COMPLETE,11.097991035191978,250.62236359488546,310.5643980655094,2029.473931931323,157.4991952820337,8609.755271073394,9612.354512818976,2.781404744394663,78.83807712261674,23.996469678573177,14.68529340895461,74.84782450109921,1.0897369659656615,False
964,12.119825922301096,284.9078149592378,11488.020718747473,172.35023760236638,0.07930255264653685,0.9206974473534631,0.520263326598056,0.03045311155120645,0.017548902974921978,0.031300503548808395,COMPLETE,11.11559023221289,250.68962963470187,310.64775230758977,2030.6895844681176,158.06948300200514,8638.207904798963,10536.135725662638,2.786563198484559,85.78739063274209,56.313067606835496,10.741134156873613,61.453995834993236,1.0903447922340588,False
965,12.098355664030615,284.9722090214592,7541.150684134331,171.75450458745263,0.4812236474710556,0.5187763525289444,0.520263326598056,0.009696214040990785,0.15091457159544894,0.32061249409374976,COMPLETE,11.10083460919156,250.63480344113015,310.5798131837199,2029.7200102437528,157.59318057390843,8614.447809951911,6919.375560800603,2.7822555003072216,56.681100735087114,31.0594467253637,7.942768142303663,27.60147486793927,1.0898600051218763,False
966,12.093441603894581,284.99176713155583,7972.431506001933,171.6203538174618,0.4812236474710556,0.5187763525289444,0.520263326598056,0.006185772951618168,0.04429441400258752,0.4307429847585557,COMPLETE,11.097688127981193,250.62123357432554,310.5629977748492,2029.452416472714,157.4894248851892,8609.267372115935,7315.995013926237,2.7813162884577944,60.0110439267287,40.660963557053485,8.827557255008786,30.208688419843753,1.089726208236357,False
967,12.093796734064469,284.99064777765307,8148.1758150198375,171.63018295876594,0.4812236474710556,0.5187763525289444,0.520263326598056,0.012451273212664316,0.043965908903477596,0.4248059931250334,COMPLETE,11.0979290994045,250.6221668854198,310.5641543085042,2029.4690929704002,157.49723959136398,8609.657612000037,7477.211621216139,2.781387038833511,61.32769859129385,26.376471051422683,17.138093269027042,32.71968652093128,1.0897345464852002,False
968,12.093523958192744,284.99222546377007,9413.302513065677,171.6229611406082,0.4812236474710556,0.5187763525289444,0.520263326598056,0.022385118925696005,0.024852813005930285,0.43398516592545466,COMPLETE,11.097777332809244,250.62132879129493,310.56311576512087,2029.4497394428154,157.4920109738197,8609.396513643333,8638.23775580365,2.7813397017785655,70.85591478115721,51.47141187997707,-0.2996999584296458,53.99136953152518,1.0897248697214077,False
969,12.121845803725527,284.9017588383622,11811.006963160426,172.4062559084663,0.014623641517279573,0.9853763584827204,0.520263326598056,0.006492471117859504,0.0010131592656137456,0.007118003271927628,COMPLETE,11.116982809906919,250.69467233254062,310.65400108122856,2030.7798052765042,158.11431809054804,8640.442681586981,10831.911534198098,2.7869683628561015,88.14241194857254,29.56237473376811,5.68844800665185,33.67561486942619,1.0903899026382522,False
970,12.106895812063,284.9428048559101,8046.18645452436,171.98971512611445,0.4812236474710556,0.5187763525289444,0.520263326598056,0.11871351382012317,0.21180189206171718,0.1507078873461988,COMPLETE,11.106523026098465,250.657400728854,310.6078151264005,2030.1414868746642,157.77848929673812,8623.695991317505,7381.343369653452,2.783932192857007,60.32054143729509,22.143309752256215,12.740230296364441,58.137993071259196,1.090070743437332,False
971,12.102445074756591,284.96325498788957,9353.144810389196,171.8692943621753,0.3717541281458039,0.6282458718541961,0.520263326598056,0.03933930951858596,0.03099567505383522,0.3014188106544397,COMPLETE,11.103807639033848,250.6445159532031,310.5918486638039,2029.872971180116,157.68744017146153,8619.152674847965,8581.366835633264,2.7831084909231176,70.22193221570312,43.10979135230765,17.18301727259981,39.62650326555619,1.089936485590058,False
972,12.096448651126053,284.9811142154968,8281.122830705473,171.70302085657985,0.49525257100033665,0.5047474289996634,0.520263326598056,0.0533520116706002,0.07258389846423233,0.36931620936049425,COMPLETE,11.099675943824415,250.62928765726102,310.57297817477416,2029.6039294023208,157.55433227142635,8612.508340272007,7598.740962975121,2.781903875027149,62.279535677589394,41.36191989450896,16.544570123589725,37.38449339459809,1.0898019647011603,False
973,12.093523958192744,284.99222546377007,7830.599629916875,171.6229611406082,0.4812236474710556,0.5187763525289444,0.520263326598056,0.022385118925696005,0.024852813005930285,0.43398516592545466,COMPLETE,11.097777332809244,250.62132879129493,310.56311576512087,2029.4497394428154,157.4920109738197,8609.396513643333,7185.850160434346,2.7813397017785655,58.9425761354877,64.42139428551685,12.81653485801102,24.896923394088503,1.0897248697214077,False
974,12.100654284733123,284.9641576700305,7938.905009920835,171.8177209869401,0.46484882617128653,0.5351511738287135,0.520263326598056,0.015576744057333879,0.17022274909109725,0.27904899768150654,COMPLETE,11.102360470044959,250.640888365417,310.5873534559499,2029.8345167014959,157.6429033217925,8616.929837481393,7283.952014792305,2.782705491165157,59.630087887908,47.47079021630579,14.177852878740374,31.19635267947254,1.089917258350748,False
975,12.108685260902787,284.93121649097725,7075.786765327699,172.03667261747904,0.4812236474710556,0.5187763525289444,0.520263326598056,0.020593459523454278,0.38502908934047486,0.07560065526425146,COMPLETE,11.107453398593789,250.66325581659032,310.61507059144515,2030.2810826891705,157.8114620022186,8625.341001529743,6490.710598287066,2.7842304327225706,53.012189446132886,53.8673105436313,1.6999447816159692,66.15266051601,1.0901405413445853,False
976,12.10283719317114,284.9543297667622,8533.691600070453,171.87690528481352,0.4812236474710556,0.5187763525289444,0.520263326598056,0.011211461991803727,0.2542321603124911,0.21577959995824889,COMPLETE,11.10369905091253,250.64723739629122,310.5952210018603,2029.9649175787954,157.6877718525037,8619.169227924736,7829.200856634429,2.7831114919910465,64.05291185605455,37.508547006118526,9.095884459829975,69.988937255139,1.0899824587893976,False
977,12.096280628706282,284.98071241796174,8554.518587461165,171.69793881314584,0.4812236474710556,0.5187763525289444,0.520263326598056,0.013834408262385882,0.09796212186381931,0.36942495093611627,COMPLETE,11.099519025479703,250.62899619223276,310.57261699925994,2029.6044677140417,157.5496300879047,8612.27357180025,7849.606398020557,2.7818613115725674,64.33847689142682,59.40171416443455,1.2803993288948212,46.29125695892688,1.0898022338570208,False
978,12.10228309724774,284.95732394893577,8012.348263454716,171.86207795632097,0.49525257100033665,0.5047474289996634,0.520263326598056,0.046097655094551424,0.2178408501561194,0.23131367563649913,COMPLETE,11.103384564861873,250.64549470365415,310.59306150467063,2029.9268550144639,157.6769216462363,8618.627722098596,7351.02487042076,2.783013317144722,60.150512927017076,27.27499774801292,6.4128970748268,54.029990998893226,1.0899634275072319,False
979,12.103347113342837,284.95244429894404,7396.278396341815,171.8909005995392,0.4849571989073016,0.5150428010926984,0.520263326598056,0.019212657602438832,0.2619862512587358,0.20375787642961685,COMPLETE,11.104031996787683,250.64862346823466,310.59693858441204,2029.9913971509177,157.6986962647536,8619.71441883517,6785.603288167271,2.783210334942066,55.50682707327688,33.94723813359722,8.090521976482812,33.261173605384975,1.0899956985754589,False
980,12.114636963827648,284.92447650651695,11014.523664515398,172.20655347322128,0.1435190665874564,0.8564809334125436,0.520263326598056,0.0036609133817271638,0.015636898699829226,0.12422111641716325,COMPLETE,11.112084277052372,250.6760194700323,310.6308869627037,2030.443679471664,157.9555162048011,8632.525910447452,10103.011390034428,2.7855330545870194,82.38972906994766,33.771905816965266,3.8282026047281295,47.614036164142355,1.0902218397358319,False
981,12.100488736645538,284.96387824253253,7879.484103858501,171.8128224880033,0.4812236474710556,0.5187763525289444,0.520263326598056,0.01461408362609316,0.19409561828176342,0.27251363094632547,COMPLETE,11.102207588743308,250.64066496218672,310.5870766207595,2029.8347112360611,157.63839487680966,8616.704803610626,7229.432638395312,2.7826646925908585,59.18565217565968,66.26604474523461,15.637852106538515,32.56379737940383,1.0899173556180306,False
982,12.094663083483892,284.9873621339276,8331.104049803276,171.6539088950196,0.4849394133538195,0.5150605866461805,0.520263326598056,0.020931851142883363,0.05819670072020979,0.4058103475583259,COMPLETE,11.098491179854367,250.62453733645071,310.56709170677544,2029.514834491691,157.51570595302044,8610.579721887234,7644.916123497059,2.78155421708368,62.688419871602015,48.19692912373881,15.945590402683337,36.35377842298515,1.0897574172458455,False
983,12.092900342098371,284.99341796064283,8381.347913532818,171.6053716821967,0.49059308901371174,0.5094069109862882,0.520263326598056,0.006560498792544293,0.04697771028023501,0.4370543753618379,COMPLETE,11.09731677570937,250.61985455530984,310.56128893209313,2029.4277998025987,157.47745504369524,8608.669620588737,7691.328810518024,2.781207916282482,63.09853923045674,47.27797449676844,1.9656993987696718,39.364417195851495,1.0897138999012994,False
984,12.100812123692805,284.96258976362134,7543.278819434008,171.82168215578372,0.4812236474710556,0.5187763525289444,0.520263326598056,0.014169769732244842,0.20231366408169166,0.26473967625114053,COMPLETE,11.102412657190614,250.64160045840302,310.5882358621582,2029.85270361133,157.64522242363373,8617.045591573627,6920.906909845026,2.782726477347887,56.654623704759274,31.407531133921722,9.197306791147438,30.36443450533475,1.089926351805665,False
985,12.09337561494506,284.9924165560707,8768.63429566188,171.6187685558062,0.4812236474710556,0.5187763525289444,0.520263326598056,0.01322232106238238,0.03363703028786463,0.43436379464798835,COMPLETE,11.097661289342401,250.62104323837445,310.56276191572937,2029.4457948647055,157.48844863238259,8609.218620703476,8046.664263293792,2.7813074498411163,66.00585056065285,65.41019026872941,10.817696287506882,42.495709114153534,1.0897228974323527,False
986,12.115183663166126,284.91677715391876,9127.969903434663,172.21920634050744,0.3159067635083342,0.6840932364916659,0.520263326598056,0.08665648809770626,0.1994272449411173,0.029822696923345663,COMPLETE,11.112161696162252,250.67881108213558,310.63434625229013,2030.5268847645157,157.96109421426016,8632.804057394733,8372.260821191783,2.7855834825464005,68.2563347990789,49.648158735869416,10.825473772543948,28.129725420016104,1.090263442382258,False
987,12.110442046287229,284.9325034287734,8292.561310815445,172.08825063693814,0.49525257100033665,0.5047474289996634,0.520263326598056,0.2268691265715452,0.18164051630415723,0.08674257029011409,COMPLETE,11.108976436174968,250.66638454986315,310.6189476323909,2030.2984488923958,157.85751783143263,8627.63844919477,7606.813016840069,2.784646959305603,62.099665766624746,52.9956669990671,15.151433907853038,26.708943775876126,1.0901492244461979,False
988,12.1042038651657,284.9488060766349,7454.892682504822,171.91419736875605,0.4879260397312673,0.5120739602687328,0.520263326598056,0.018617724334284328,0.2881938303495041,0.1811137827915755,COMPLETE,11.104569767958493,250.6510264121869,310.5999162470252,2030.040130882258,157.71654377681818,8620.605072588938,6839.225183884887,2.783371810204536,55.93152733188955,48.80358500776591,10.3704074182698,35.05147853129254,1.090020065441129,False
989,12.103515001942549,284.95981686365405,9665.059329035847,171.89887165049367,0.46974947078209456,0.5302505292179054,0.520263326598056,0.17952554678983074,0.030953292303572952,0.25927029922497324,COMPLETE,11.104531971669463,250.64729963976325,310.59529813227334,2029.9234822001954,157.71092247421112,8620.324555076359,8867.338150127094,2.783320952462367,72.53788385462705,67.21922469108962,11.857502697975049,49.44188239603186,1.0899617411000977,False
990,12.104501428171046,284.94703023942384,8291.365149321142,171.9220692618765,0.49525257100033665,0.5047474289996634,0.520263326598056,0.014822613168814459,0.31220675313886465,0.1682226455873977,COMPLETE,11.104731793158631,250.6519689226375,310.60108418027176,2030.0619148007431,157.7221895347776,8620.886805582351,7606.540982189463,2.783422888313022,62.20083527689546,56.6746804276966,14.899347302069746,69.76882731992522,1.0900309574003715,False
991,12.100569551644632,284.96613787053286,8238.607348953366,171.81612909884393,0.4812236474710556,0.5187763525289444,0.520263326598056,0.0710567546114318,0.12186047155033504,0.2883037263943064,COMPLETE,11.102384433023497,250.64033399241504,310.58666649204457,2029.81454788254,157.64288688296458,8616.929016961813,7558.998408333685,2.782705342405199,61.88391941639917,54.41673123389778,10.45791876953274,36.21621052693013,1.08990727394127,False
992,12.107486972346978,284.94364097128386,7440.3446138581985,172.00721441646704,0.4879260397312673,0.5120739602687328,0.520263326598056,0.19974401200701203,0.13096766402652507,0.15721404456246246,COMPLETE,11.107056756816519,250.65832993550802,310.60896657394517,2030.1431715772019,157.79442071414988,8624.490831583953,6825.555964267758,2.7840762971625286,55.77046403552797,20.71226493611638,1.4876006940024706,36.733648128546776,1.090071585788601,False
993,12.098145092416162,284.9750733476072,8806.805617409571,171.7496718703691,0.48132420733896253,0.5186757926610375,0.520263326598056,0.05229096905127904,0.0903221320454466,0.3387099805047894,COMPLETE,11.100794510019401,250.6338656527286,310.57865110190784,2029.6899458856874,157.59091993295493,8614.33495568932,8080.787484507156,2.7822350398627496,66.2000431637335,47.015874246701244,10.318243386971922,48.83877502826593,1.0898449729428437,False
994,12.104638051625777,284.9531543189846,8253.373692320389,171.92861441773152,0.4849571989073016,0.5150428010926984,0.520263326598056,0.1510764591594481,0.12002488997403214,0.21385560839574064,COMPLETE,11.10514441581309,250.65087157369058,310.59972437538335,2030.0055178732237,157.7322745361325,8621.390052195067,7571.883304563595,2.783514126775254,61.919000633712265,48.90718251668155,9.220834702244813,34.944583755855724,1.090002758936612,False
995,12.093918165654092,284.9899565271416,9187.435074106841,171.63342469319196,0.4849571989073016,0.5150428010926984,0.520263326598056,0.01237038632746955,0.05283776416177712,0.41974858181017793,COMPLETE,11.097995772131034,250.62256978295412,310.564653568141,2029.477883028932,157.4995791695433,8609.774440752597,8430.858735155956,2.7814082198518397,69.14693490999613,50.03465098669779,-2.2150764318254037,54.08603846723325,1.089738941514466,False
996,12.10510870817552,284.95173935701047,7529.825864302664,171.94162206129684,0.4849571989073016,0.5150428010926984,0.520263326598056,0.16292234973506364,0.11587541342577197,0.20615922166449974,COMPLETE,11.105470746657497,250.65200723622982,310.60113165743047,2030.0262202876706,157.74271012080567,8621.910776582794,6908.01403600462,2.7836085339529335,56.48281784524448,25.20293895165659,1.5021448469485779,30.316225362855242,1.0900131101438353,False
997,12.105740024912139,284.94553000152837,7781.312396006096,171.95729059984978,0.49525257100033665,0.5047474289996634,0.520263326598056,0.09389166856151115,0.2385157829434586,0.1628448448556686,COMPLETE,11.105695645169138,250.65454120971356,310.6042716882657,2030.09576557737,157.75205228593168,8622.376926275816,7138.50512337041,2.783693046754584,58.35453297624706,24.124127893990774,13.755355183264669,47.944263212086206,1.090047882788685,False
998,12.11723606267303,284.9158168566705,9435.838134891428,172.2783773634275,0.31631094656697406,0.683689053433026,0.520263326598056,0.26144006388137925,0.026115943734752414,0.028754658444211413,COMPLETE,11.113825561509502,250.68289715433056,310.6394096015199,2030.5697769161752,158.01225825212396,8635.355124323632,8654.470253399424,2.786045990227057,70.51683506509657,31.5666304651522,5.1264110061592945,43.13310405748166,1.0902848884580876,False
999,12.09911897994376,284.96908198809024,8101.418843907455,171.77528652865084,0.4812236474710556,0.5187763525289444,0.520263326598056,0.008815312871559745,0.16971019202149099,0.30269780824640113,COMPLETE,11.10132041745428,250.63689752981855,310.5824081213132,2029.7621408928385,157.6092026796016,8615.24763258957,7433.305397798206,2.7824005079151712,60.878038161377255,46.76208392568562,8.793850593822642,41.902439900591226,1.0898810704464192,False
