Trial,TSFC,SpecThrust,Lifecycle_CO2e,NOx_correlation,SAF_Total,JetA_Frac,Phi,HEFA_Frac,FT_Frac,ATJ_Frac,State,Raw_TSFC,Raw_Thrust_kN,Raw_SpecThrust_Ns_kg,Raw_T4_K,Raw_NOx_g_s,Raw_CO2_combustion_g_s,Raw_Lifecycle_CO2e_g_s,Fuel_Flow_kg_s,LCEF_blend_gCO2e_MJ,LCEF_draw_HEFA,LCEF_draw_FT,LCEF_draw_ATJ,TIT_Penalty,ParetoOptimal
0,7.936308624269637,265.4278595390387,5950.100761368304,60.279630030638344,0.18727005942368125,0.8127299405763188,0.3968055921327309,0.07804104622256479,0.06008700264883848,0.04914192846552941,COMPLETE,7.936308624269637,214.19762836940885,265.4278595390387,1656.615549168294,60.279630030638344,5268.966213794442,5950.100761368304,1.699938485326242,79.4581412551363,39.22912396312118,13.359922675866624,65.65824515265692,1.0,True
1,10.232820418462593,291.8266901391191,9183.051572670493,123.74600928404193,0.07799726016810132,0.9220027398318986,0.5624217733388136,0.0029699977538765474,0.04429031031960264,0.030736900961477298,COMPLETE,9.846115422591954,244.75050271809485,303.28814820269747,1928.549758818253,119.06956642153902,7470.265504359149,8836.018030082148,2.4098416994997676,83.19579420048618,36.35460965424951,5.688677663051298,23.976755388514153,1.0392748794091264,False
2,8.022943081203383,267.77824730866985,6765.626919702356,62.63784007545921,0.010292247147901223,0.9897077528520988,0.40454749016213015,0.00495487594067522,0.004252611728502429,0.0010847543701292758,COMPLETE,8.022943081203383,216.09436779562347,267.77824730866985,1670.0272417716328,62.63784007545921,5375.117932160221,6765.626919702356,1.7337128129929165,88.49362078137985,59.65791278896558,15.136732260533801,43.56776213059177,1.0,True
3,8.38858393383605,276.8306104357344,6972.160516724058,72.90483120481937,0.09170225492671691,0.9082977450732831,0.43736874205941256,0.02212602969270484,0.038162933177155446,0.0314132193318153,COMPLETE,8.38858393383605,223.3995343155333,276.8306104357344,1725.6446866680694,72.90483120481937,5809.194746778884,6972.160516724058,1.8740057443857383,84.4190696713769,30.431968370001535,18.516466447891208,69.39908847345166,1.0,True
4,8.95402475639221,288.4919288224879,6525.690646639576,89.73708153581786,0.30592644736118974,0.6940735526388102,0.4868209952651108,0.053477179061541334,0.11199827439402249,0.14045061053980026,COMPLETE,8.95402475639221,232.81010164045952,288.4919288224879,1807.3972430506483,89.73708153581786,6458.813543122236,6525.690646639576,2.084587413626861,71.16599019268874,26.19401496044032,7.106387653137233,50.691237975422354,1.0,False
5,7.58981130583956,254.36906089547162,4481.6495810135875,50.85107860586436,0.3925879806965068,0.6074120193034932,0.3639351238159993,0.060007731291143514,0.15454228225367522,0.17803766662284226,COMPLETE,7.58981130583956,205.27328845203664,254.36906089547162,1599.4005678786748,50.85107860586436,4826.242583851999,4481.6495810135875,1.557985525480133,65.4415827179387,38.19103276094525,5.084139728593954,46.122910760854495,1.0,True
6,11.795031734550145,287.6926914579941,9599.514900128388,167.67842531696851,0.3037724259507192,0.6962275740492808,0.6396896099223678,0.043733370619381096,0.016683419119182263,0.243355379747735,COMPLETE,10.747269353829878,254.79914272315673,315.74014885333986,2044.9820640434375,152.78341273375457,8482.657897193441,8746.782087544583,2.7383950179707077,72.68256348512335,32.90615560543596,14.603482361658475,36.60393246338957,1.0974910320217188,False
7,8.895230125333384,287.42459227430646,6173.238933147921,87.95305309189726,0.40419867405823057,0.5958013259417694,0.4820457481218804,0.11332004181558805,0.03633521909878224,0.25454304113164916,COMPLETE,8.895230125333384,231.94877171944256,287.42459227430646,1799.3300512454296,87.95305309189726,6390.4840940924405,6173.238933147921,2.0632377017328616,68.11078383916686,24.41712714906528,2.3566752150887083,47.689677807706325,1.0,True
8,8.278678975356666,274.27143849851024,7021.90975440489,69.77756658293946,0.06101911742238941,0.9389808825776106,0.42763399448000505,0.020999051018854638,0.001458319834014804,0.03856170416235076,COMPLETE,8.278678975356666,221.3343081539128,274.27143849851024,1709.2324838912916,69.77756658293946,5680.231101237467,7021.90975440489,1.832355683438911,86.94775441264457,34.9545941524446,13.162083536597446,67.74087872100819,1.0,True
9,8.027337227040908,268.0123558926204,5452.152269617384,62.81175692196739,0.331261142176991,0.668738857823009,0.4054563366576581,0.07490641127904889,0.12497608226231902,0.13137840832843792,COMPLETE,8.027337227040908,216.28329108178576,268.0123558926204,1671.2617806036474,62.81175692196739,5379.312580725185,5452.152269617384,1.7361789140877435,71.38921453456459,58.91840156072174,5.414610775754733,51.03951481159578,1.0,True
10,9.571951786686757,293.3632235224827,6093.00987917376,106.97672750754933,0.4847923138822793,0.5152076861177207,0.5293699936433256,0.14400619990028526,0.1745425665221368,0.16624336167724602,COMPLETE,9.449354381205422,239.8127050433249,297.1693639863256,1875.9483136171036,105.60657129159863,7019.415874176713,6014.970706034819,2.2660752350698656,60.39361930460957,37.60095848419447,14.584109945648343,39.02573979208715,1.0129741568085517,False
11,8.500468112052417,279.39947233731766,4959.938924866962,76.17379923793222,0.4609371175115584,0.5390628824884416,0.4475990992289793,0.12371558033658558,0.2739908240585659,0.06322931508179985,COMPLETE,8.500468112052417,225.47258018149196,279.39947233731766,1742.5745215399127,76.17379923793222,5938.36011824434,4959.938924866962,1.9166224779749543,58.821771187541195,47.38512730907317,12.881751270889048,21.524090680890634,1.0,True
12,8.352023633235477,276.0229588815356,6173.1907398101785,71.8755004230432,0.194338644844741,0.8056613551552589,0.4342803529062142,0.036197229420837224,0.11055134986964571,0.04758993215695357,COMPLETE,8.352023633235477,222.74776758781044,276.0229588815356,1720.3727331591792,71.8755004230432,5766.088156102277,6173.1907398101785,1.8603946191438363,75.33573064774878,33.23661950303812,3.9228918705250755,40.625647167404914,1.0,True
13,11.937017653845784,287.29018870651646,9289.815507956917,171.9365533726559,0.27134804157912423,0.7286519584208757,0.6460660809801552,0.03757544723747016,0.21389445519235187,0.01987787251347546,COMPLETE,10.82816125304075,255.58188517149753,316.71010194859605,2054.8097317526826,155.96498046657058,8577.08862350612,8426.863664622986,2.76748186599312,69.13832191826191,36.493982638668896,10.14748395175515,34.05891029588333,1.1024048658763412,False
14,10.211056049550143,291.89971472102684,8186.192349001495,123.21568842970137,0.3861223846483287,0.6138776153516713,0.5620572031542851,0.07524620548360349,0.0020910194735469655,0.3087847810285338,COMPLETE,9.831360905450508,244.65767514946413,303.17311881121714,1927.2416245830486,118.6339489556817,7449.087224726619,7881.791171640571,2.405317902682852,74.63129108404148,28.306580699908167,16.320651756956373,57.48854894965712,1.0386208122915244,False
15,7.80567809865744,261.5951069056804,5586.807869358817,56.72683228182987,0.36450358402049365,0.6354964159795063,0.3847607178575389,0.23353968524236557,0.022420626871191424,0.10854296910820176,COMPLETE,7.80567809865744,211.104635321815,261.5951069056804,1635.7156281177965,56.72683228182987,5106.145750000663,5586.807869358817,1.6478148284565572,77.04302766091764,60.84099970754286,6.931476988237408,55.94803360301786,1.0,True
16,8.453474525443658,278.32997791712893,5629.886625540487,74.79288383783322,0.43155171293779676,0.5684482870622032,0.44329469651469866,0.2642927243170803,0.14030836400001354,0.02695020059773068,COMPLETE,8.453474525443658,224.60950887934385,278.32997791712893,1735.4614893440398,74.79288383783322,5884.230206155994,5629.886625540487,1.8987307614839444,67.34328263514655,56.798694863390494,6.723263424129515,27.346210257111586,1.0,True
17,9.01403988621352,289.55335228122334,7298.6309923290255,91.5676887623533,0.16259166101337352,0.8374083389866265,0.4916644775485848,0.052621127601965675,0.04598233135880091,0.06398812992996164,COMPLETE,9.01403988621352,233.6666597574244,289.55335228122334,1815.5207238377043,91.5676887623533,6528.331136392785,7298.6309923290255,2.1062805911317075,78.66968540889508,34.01420955466117,15.84977156117698,24.315658411132787,1.0,True
18,10.611906854515059,290.8662393751431,9847.739446504043,133.85284602860074,0.05979712296915085,0.9402028770308491,0.5812901539863683,0.02095505228131751,0.02235177985763173,0.016490261450313168,COMPLETE,10.069091015442684,247.3800265881676,306.54658247087025,1957.8182406415583,127.00606100444396,7722.005693908245,9344.011980375195,2.49089200311889,85.0946074497746,33.837822307992674,3.3871930954352654,37.00722809683753,1.053909120320779,False
19,7.7827357317143635,260.83132951182824,5384.118426922296,56.08127482967523,0.24689779818219537,0.7531022018178046,0.3823674280979913,0.13227670559319976,0.10818857021337623,0.006432269327220351,COMPLETE,7.7827357317143635,210.48827460275027,260.83132951182824,1631.7489679464666,56.08127482967523,5077.746489707957,5384.118426922296,1.6381746158577293,74.59289437989402,46.58177225614384,8.960324418636619,61.2409760409203,1.0,True
20,11.449176157564441,288.6265802667791,11251.449392187416,157.4077913814957,0.015714592843367126,0.9842854071566329,0.6222699421778279,0.006853059347475852,0.0033850800622071296,0.005476442665382391,COMPLETE,10.552562357798031,252.70904536054948,313.1501572021332,2019.9329071680565,145.08079108024222,8267.677155527579,10370.320073049168,2.6667279595468094,88.19026329239772,23.787630678371606,7.950287945683247,72.21989619272529,1.0849664535840282,False
21,7.687285209640955,257.68763927173114,5704.517664710193,53.46768861237029,0.12464611457443747,0.8753538854255625,0.3730939729486379,0.03667557053296855,0.0675229584796696,0.020447496192655346,COMPLETE,7.687285209640955,207.9513480158943,257.68763927173114,1615.6809592951226,53.46768861237029,4955.352460475964,5704.517664710193,1.5985813219274834,80.97215003351934,31.323750961594335,4.441603485500455,77.6838823153518,1.0,True
22,9.788128523990425,292.88011974581343,8464.176436489925,112.33294423309268,0.144875726456884,0.8551242735431159,0.5400211269531271,0.012299397161592191,0.0709256256485891,0.061650627357787216,COMPLETE,9.580911644996503,241.46315709528088,299.2145591584541,1893.2561924526542,109.95483057682756,7170.398950889729,8284.987920511152,2.3134371736517965,81.30401756124135,24.983815914446375,7.826399509244121,69.75895941841662,1.021628096226327,False
23,9.243708210254205,293.7065733941599,6385.44255415259,98.88292290502251,0.43573029509385885,0.5642697049061411,0.5118026725746952,0.1859910103409593,0.043177254441231556,0.20656179888517495,COMPLETE,9.243708210254205,237.01826766335307,293.7065733941599,1847.7722661382804,98.88292290502251,6786.766200975546,6385.44255415259,2.1909277067799655,66.31560770311403,29.06708750258685,1.3550443822059317,51.12142539532195,1.0,True
24,8.172458461840922,271.730916030422,5355.701883207546,66.81783672360861,0.40372007758203127,0.5962799224179687,0.4183805487625825,0.2732097403358619,0.09695624411305243,0.0335537882425993,COMPLETE,8.172458461840922,219.28413192739026,271.730916030422,1693.4217715984933,66.81783672360861,5553.923765800132,5355.701883207546,1.7920904595174416,67.86983455331386,48.77563191128454,2.7570770036124537,34.32801065320063,1.0,False
25,9.149975693132173,291.9927211175872,6971.497142646968,95.8361500786489,0.21355389431312816,0.7864461056868719,0.5032241907732697,0.10363077440660708,0.10904225768799505,0.0008807355328245655,COMPLETE,9.149975693132173,235.63520601468173,291.9927211175872,1834.3949988242848,95.8361500786489,6683.223571400055,6971.497142646968,2.15605640748053,73.37524215198478,29.577335222270065,2.1061526340100705,46.425345177661015,1.0,True
26,11.661453645388306,288.05169658165244,10150.027530929574,163.67098088036963,0.2087055015743895,0.7912944984256105,0.6328729111737558,0.06821048923427524,0.036811291465835574,0.10368341376896308,COMPLETE,10.672471240541258,253.99565519255555,314.7444890179005,2035.3333464306234,149.79040259253702,8400.799287871188,9289.225872572664,2.7107613252649827,77.83998731388138,49.61231410580501,7.2891028372496045,35.555918625168765,1.0926666732153116,False
27,11.844717827911138,287.5443742834395,10420.020271183274,169.13948431984633,0.16160146601037761,0.8383985339896224,0.6415346248162882,0.05287952577723962,0.07165763527848715,0.03706420302619734,COMPLETE,10.77656053087369,255.04544685229237,316.04536221302914,2048.2371451405656,153.8864764374917,8519.36605757942,9480.342277190452,2.7485126961274573,78.28889005975823,35.19532452964959,8.424559969133263,31.16159514753444,1.0991185725702828,False
28,8.36040650854488,276.3021154723182,4630.934771967929,72.15842997869375,0.4812236474710556,0.5187763525289444,0.43545214831324025,0.11540377927080706,0.22791259658917862,0.13790681326359602,COMPLETE,8.36040650854488,222.97304416500606,276.3021154723182,1722.0681150095313,72.15842997869375,5774.646291627682,4630.934771967929,1.8641452896671817,56.51062465304328,36.07098943143918,6.014238955108926,34.128231421315945,1.0,True
29,8.347079803278087,275.8572411738652,7190.969563990352,71.70847923460792,0.018443473677266398,0.9815565263227336,0.43359393927098344,0.009660789294842109,0.007966798343735168,0.0008158701900103927,COMPLETE,8.347079803278087,222.61403505489744,275.8572411738652,1719.3659709690794,71.70847923460792,5760.96224815408,7190.969563990352,1.8581771159329745,87.7590246285873,34.86471067385023,2.6616403662356247,46.298348541188375,1.0,True
30,11.91673543213942,287.36003125870747,8922.22865821707,171.35699770549323,0.45413294298332685,0.5458670570166732,0.6456951362331802,0.1244898002341489,0.07529550560554057,0.25434711748752725,COMPLETE,10.815531046137462,255.50768349384742,316.6181532532589,2053.6339004167958,155.52220146284984,8558.696764196955,8097.741332196349,2.7634512833543714,66.71924647371686,73.75610215024341,3.7142603406879773,33.58124036151169,1.1018169502083979,False
31,10.353445806156053,291.5264543215996,9111.518284721864,126.92539155649101,0.1210276357557502,0.8789723642442497,0.5684649045835579,0.04867014628721322,0.05514979565702933,0.017207621400300608,COMPLETE,9.917291460165309,245.60542834451545,304.3475487236712,1937.9583599499201,121.5784701372448,7550.562954374999,8727.68198781551,2.4357406170913056,81.29945277309459,39.2574294310428,8.640745338984608,37.81540605401946,1.04397917997496,False
32,7.72733923969033,259.0536860472763,5530.558674801686,54.57239617767953,0.1838915663596266,0.8161084336403734,0.37708693101632246,0.06453984520354852,0.06466476740531292,0.05468685168014983,COMPLETE,7.72733923969033,209.0537341032915,259.0536860472763,1622.5541003885392,54.57239617767953,5006.948257843656,5530.558674801686,1.615429122740153,77.72431604723224,27.398718528639343,5.6409101607052285,53.227588329316184,1.0,True
33,9.5374768240282,293.4258443508645,6377.687952328106,106.1112261429513,0.417651247794619,0.582348752205381,0.5272678829564725,0.24444512812855557,0.14213333729780547,0.03107202033484369,COMPLETE,9.42946924306683,239.50399579731527,296.78681990770053,1872.9085175797745,104.90956483776506,6998.816350956394,6305.463541137715,2.2583955619623914,63.413772589908504,38.548402928229685,6.662106827009472,37.11787324361176,1.0114542587898874,False
34,9.852378135178189,292.73985894818145,7116.451453621967,113.96877297387364,0.3387821809211412,0.6612178190788588,0.543551837122835,0.007441508323855457,0.2297313754859905,0.10160884849873983,COMPLETE,9.61847640911792,241.9829684181483,299.85869517360595,1898.6359203082393,111.26308178441566,7211.459647254222,6947.502367869465,2.3275074731382857,67.85169627821462,47.341159225337705,19.630778397714593,39.8776941053963,1.0243179601541197,False
35,7.8776263039436145,263.704516823526,6296.490230110702,58.66310926378313,0.08718321450249572,0.9128167854975042,0.39125628324379796,0.02990371883778345,0.016737868584461406,0.04054158380034705,COMPLETE,7.8776263039436145,212.80690803141724,263.704516823526,1647.11690253031,58.66310926378313,5196.649929052217,6296.490230110702,1.676413296369202,85.22773326908352,51.541032219030384,2.0493022409340456,58.91116928367987,1.0,False
36,8.273702492787463,274.1935337926878,6300.984942988147,69.65716004721658,0.17053317552512925,0.8294668244748707,0.42738248831454667,0.010102283591633409,0.08232332146825302,0.07810748143756942,COMPLETE,8.273702492787463,221.27143983536112,274.1935337926878,1708.6952836921234,69.65716004721658,5673.890087526441,6300.984942988147,1.8307340633484983,78.15894746825748,31.818245856875826,6.610949593186129,43.609545660143354,1.0,False
37,8.218145561932547,272.87704201458007,5416.861747055878,68.10528175389734,0.3299920230170895,0.6700079769829105,0.4225556872701355,0.14178035314412216,0.096322110577874,0.09188938580451382,COMPLETE,8.218145561932547,220.20904413534595,272.87704201458007,1700.4415464640945,68.10528175389734,5607.890357650517,5416.861747055878,1.8097099787583018,68.0101019922033,33.92433094702333,4.703641454624412,33.01963580657906,1.0,True
38,8.553287988531045,280.43493544758013,7349.402625670599,77.65816238716953,0.046551383902949606,0.9534486160970503,0.4517089373146102,0.017182709480529468,0.01724403717847443,0.012124618092800257,COMPLETE,8.553287988531045,226.30818855684268,280.43493544758013,1749.7220474038775,77.65816238716953,6000.929380273254,7349.402625670599,1.9356791108894613,86.11972605182793,15.152053875375826,10.770929879448817,66.37697075283405,1.0,True
39,10.66238069126676,290.7386421416,9319.733372082985,135.23496575926512,0.17460478730633044,0.8253952126936696,0.5839626637572872,0.05049704881259898,0.06240246051605862,0.06170520841826271,COMPLETE,10.098054764306733,247.73500329107245,306.986459920287,1961.769234794553,128.07740877276458,7753.633908158629,8826.469501048177,2.501641630268958,80.10524278222124,32.51477733695862,14.043393175596318,66.30049834482251,1.0558846173972765,False
40,9.621080661409245,293.2611375430344,7048.498052194229,108.19021117872217,0.3210158230771439,0.6789841769228562,0.531928717897877,0.023603685006432097,0.04534151227313238,0.2520703452687605,COMPLETE,9.47914024987354,240.20252848146473,297.6524225597154,1879.9479505090346,106.5940741501201,7052.710569058151,6944.511114609349,2.2769134558500475,69.4163257761945,41.415172892603145,14.30838354274664,28.593472137715167,1.0149739752545173,False
41,7.954259698149739,265.883106530738,6671.018293173685,60.74860765738446,0.004598525808314824,0.9954014741916852,0.3982424154252496,0.0006059711127906453,0.003962321790019437,3.022693367169681e-05,COMPLETE,7.954259698149739,214.56500813924026,265.883106530738,1659.2203321649981,60.74860765738446,5291.419953473828,6671.018293173685,1.7067057968751296,88.63463502125185,50.58673801301529,2.7038175880004895,30.282968209644793,1.0,True
42,10.254457736909457,291.7761177577562,7973.97750080436,124.32236616145707,0.27436689468329306,0.7256331053167069,0.5636537664042608,0.12105726454887357,0.11407023336831668,0.0392392218013611,COMPLETE,9.858408260453295,244.9197428000151,303.497865896746,1930.3475502317958,119.5207657947393,7483.310541303508,7666.005134493884,2.4145188155677655,72.09018232104539,34.28026871889933,16.698853895371382,35.56574170763876,1.040173775115898,False
43,11.086396052194104,289.613357500461,10060.880389892123,147.00171114627008,0.11862454374840004,0.8813754562516,0.6047670231482534,0.022422207448564296,0.05143823193079343,0.044764035462378976,COMPLETE,10.34407824311925,250.48708224216395,310.3967611025712,1993.5251728821047,137.15883816621292,8031.47912813791,9387.228586977251,2.5910579776035902,82.22611478349761,53.76534873943204,3.631702773516898,52.57586199695088,1.0717625864410523,False
44,8.296814615087468,274.7631908478782,6076.899016413715,70.32133977587158,0.3288064461501717,0.6711935538498284,0.42956071030451765,0.18147373075886827,0.029912462165736328,0.11741993390305516,COMPLETE,8.296814615087468,221.73114738232923,274.7631908478782,1712.2615811119308,70.32133977587158,5700.58808361984,6076.899016413715,1.8396622242218228,75.06507372623085,49.400185743804016,0.19341130928781514,53.68188340855497,1.0,False
45,9.776023571025043,292.9060637654874,8517.694956576628,112.02496966900945,0.12199482168954179,0.8780051783104582,0.5393415877991788,0.05256601307601368,0.02123674818742476,0.04819200640200994,COMPLETE,9.573890098385794,241.36279031259224,299.09018737852045,1892.2259855841312,109.70869086945567,7162.781349203512,8341.579253914291,2.3107808282924935,81.92745676012767,43.87823484240575,5.96988914543946,27.055892785794235,1.0211129927920657,False
46,8.06120862715988,268.92384176263687,5122.582378369607,63.75058769591213,0.3974056517708242,0.6025943482291758,0.40857289633941335,0.12706312947565201,0.1458372531450733,0.1245050163571173,COMPLETE,8.06120862715988,217.01885106403034,268.92384176263687,1676.570780875021,63.75058769591213,5420.165048053316,5122.582378369607,1.7494342344536868,66.57365681438213,31.68128383624537,13.536917065399681,55.24851633981117,1.0,False
47,7.9998822513134185,267.30179448136926,5447.354045331933,62.071119376127164,0.36122605763075266,0.6387739423692473,0.40313320382211465,0.10669723133385728,0.009240390588620181,0.24528805569497755,COMPLETE,7.9998822513134185,215.7098751285202,267.30179448136926,1667.1115079622916,62.071119376127164,5345.3051370195,5447.354045331933,1.7256536014736825,71.84044865728934,40.534104394092516,-0.5230468449647896,43.0630532996559,1.0,True
48,7.501266736832006,250.86332791536404,4307.81733424349,48.37291329048822,0.47022929217645715,0.5297707078235429,0.3546369849586602,0.20034597696788203,0.19214163876688672,0.07774146641969953,COMPLETE,7.501266736832006,202.44419699441963,250.86332791536404,1583.2318645750786,48.37291329048822,4705.183431640971,4307.81733424349,1.518587920978906,64.47853656371908,69.51608729425396,0.06086312911263825,42.615587472900856,1.0,False
49,11.097406273512957,289.59458103515027,7579.508091245266,147.34866408732967,0.4641592812938627,0.5358407187061374,0.605902836640208,0.08426924824908037,0.19024355580952954,0.18964628042916223,COMPLETE,10.348682679023895,250.6080397165841,310.54664830615513,1994.6993047736746,137.40729412217445,8032.987931678903,7068.131252129179,2.5934630798391463,62.02505704833196,54.22496481921257,11.790228539967224,39.1190057748051,1.0723496523868372,False
50,8.029414903252267,268.0263334195803,5583.414729322332,62.849866203916314,0.24689779818219537,0.7531022018178046,0.4054563366576581,0.0744516111599559,0.10211737758279686,0.07032857059130126,COMPLETE,8.029414903252267,216.2945708062671,268.0263334195803,1671.388789887687,62.849866203916314,5382.290722569399,5583.414729322332,1.7367188503243938,73.01673967431947,48.959707543122775,0.8439180314898533,31.020802485762324,1.0,False
51,7.727548720615711,259.05578283938297,5734.633307986428,54.576143677613906,0.1838915663596266,0.8161084336403734,0.37708693101632246,0.07043024772224811,0.07056657128466955,0.04289463596634447,COMPLETE,7.727548720615711,209.05542619355367,259.05578283938297,1622.569658596941,54.576143677613906,5007.261928953801,5734.633307986428,1.6154859912197679,80.57975862577744,61.62778849870043,3.216496299633414,78.0848262849448,1.0,True
52,8.022942903624045,267.7782488407233,6767.835899025783,62.63783807010319,0.010292247147901223,0.9897077528520988,0.40454749016213015,0.004909323067716362,0.0043081373861115655,0.0010747816324450845,COMPLETE,8.022942903624045,216.09436903197528,267.7782488407233,1670.0272492959018,62.63783807010319,5375.11777521173,6767.835899025783,1.7337127845382017,88.52251656180069,68.89765280704329,8.606994196980356,56.71871734332056,1.0,True
53,9.150715372438786,291.9942693710731,7618.455786081476,95.85225435252059,0.15846100257813883,0.8415389974218612,0.5032241907732697,0.10198733021403117,0.05330437644386974,0.003169171243600729,COMPLETE,9.150715372438786,235.63645543976224,291.9942693710731,1834.4229541467125,95.85225435252059,6684.247994575405,7618.455786081476,2.1562421350996193,80.15951777933617,39.7765492647229,18.87155601841236,55.11263777654648,1.0,True
54,9.344105427216544,293.80839233336917,8242.456279829137,101.39608186808262,0.08474637334304624,0.9152536266569538,0.5170403787375051,0.05191569641759171,0.0066655011332679105,0.026165104636407022,COMPLETE,9.312856789227414,237.89600841296857,294.7942457935892,1856.7108597708225,101.05699221627037,6868.036385768176,8214.891786423552,2.2154914570788162,84.12249053335024,19.37225417304196,13.313154215467542,59.31001919991034,1.0033554298854113,False
55,8.16888013684318,271.7050518583259,5060.460742618792,66.74838523300639,0.4680773870803905,0.5319226129196095,0.4183805487625825,0.2195876964826109,0.07792693729812925,0.1705625082490663,COMPLETE,8.16888013684318,219.2632597991504,271.7050518583259,1693.1804121779783,66.74838523300639,5548.655297179527,5060.460742618792,1.7911352877127653,64.26920441979046,19.84421856068742,19.760733149360863,64.45268674661109,1.0,False
56,11.84462005719272,287.544924028327,10828.79716413107,169.13672811632532,0.16160146601037761,0.8383985339896224,0.6415346248162882,0.05964916205011113,0.059862058962383585,0.0420901785153657,COMPLETE,10.776513859102172,255.04493378330548,316.0447264319329,2048.2285202906123,153.8845725593306,8519.269904538754,9852.294303505327,2.748495263609587,81.3634543018829,58.53528295910548,7.766246730413226,65.51050543103594,1.099114260145306,False
57,9.680429181954183,293.11804783932615,7147.091569303082,109.63820001302652,0.2850305850446825,0.7149694149553175,0.5345021680097509,0.17482461529270882,0.09268989037025122,0.01751589913340879,COMPLETE,9.516166207420387,240.62641801136803,298.1776949049778,1884.5229309689255,107.77779728519668,7097.376906098777,7025.815694197496,2.2898409876923926,69.6484384217512,25.063460271301057,6.865123761853631,54.25792671346767,1.0172614654844627,False
58,11.957782105690113,287.23451383463487,10841.325658675898,172.56311356446054,0.144875726456884,0.8551242735431159,0.647016155031279,0.008582351614015897,0.06993742399583286,0.06635587521395787,COMPLETE,10.840215539480383,255.69220841322507,316.846811501041,2056.188993593258,156.43547680237856,8590.8437565711,9828.102388470756,2.771758650965099,80.5034178684248,35.55379938778928,17.932610436487472,41.9331918667847,1.1030944967966292,False
59,7.7841582384241255,260.8393796783126,6112.889771755402,56.10464893941487,0.07004200761826201,0.929957992381738,0.3823674280979913,0.0244765756097758,0.044365042157308444,0.0012003426291531385,COMPLETE,7.7841582384241255,210.49477100660147,260.8393796783126,1631.8193541468684,56.10464893941487,5079.676939728574,6112.889771755402,1.6385246058762366,84.62011712565403,48.10727183264066,13.925570010402552,34.55173277380303,1.0,True
60,11.2576130980299,289.1531988963418,10058.389893866679,151.8826263610174,0.1838915663596266,0.8161084336403734,0.6132119215783867,0.09215385825234201,0.013652398663076217,0.0780851637016677,COMPLETE,10.442350511211462,251.56151775330903,311.7281722862849,2006.1454168662751,140.88347211920652,8141.72314552803,9329.9735863692,2.626893543512398,80.6452571028789,43.292252471577484,5.036505673600304,50.05172786458485,1.0780727084331376,False
61,7.500945452620053,250.8611808293458,4001.4922707756045,48.36806442505861,0.47022929217645715,0.5297707078235429,0.3546369849586602,0.1761824471967024,0.20600904170142886,0.08803756544097292,COMPLETE,7.500945452620053,202.4424643174738,250.8611808293458,1583.216083944322,48.36806442505861,4704.75299056706,4001.4922707756045,1.5185098821393523,59.90550288823986,34.23209230976132,14.432663810726863,41.7671194022525,1.0,False
62,8.952531187126795,288.48483970728677,5880.327199131816,89.70358568064292,0.348507870497634,0.651492129502366,0.4868209952651108,0.03479488455674008,0.1384874434983166,0.175225293005904,COMPLETE,8.952531187126795,232.80438079538337,288.48483970728677,1807.3077063735877,89.70358568064292,6456.613131062536,5880.327199131816,2.0841884795704115,64.17568223953606,44.00330581958688,-0.34313278387553137,26.117529082664113,1.0,True
63,10.608592459801747,290.8781710478674,9173.467537396247,133.7725033277473,0.1838915663596266,0.8161084336403734,0.5812901539863683,0.06363901005673325,0.06376218861765667,0.056490267039304,COMPLETE,10.066661796460226,247.37258743311318,306.53736407280536,1957.6683957997043,126.93885204554725,7718.278011527865,8704.848974988396,2.490216175404438,79.36115939445484,59.47038827784043,11.185522448827536,38.51410333533693,1.0538341978998522,False
64,9.147811586916951,291.98023762439095,7353.883139112286,95.78395201870364,0.21355389431312816,0.7864461056868719,0.5032241907732697,0.03877122974739668,0.0875286864841997,0.08725388753350494,COMPLETE,9.147811586916951,235.62513196050728,291.98023762439095,1834.2400152927369,95.78395201870364,6679.902577774321,7353.883139112286,2.1554543123171643,77.49364703523221,53.23097365460808,15.362515534280163,46.15782286828783,1.0,False
65,8.896983297032529,287.4420140019667,5763.495867935317,87.99727360307271,0.40419867405823057,0.5958013259417694,0.4820457481218804,0.06384976271194945,0.19692735705870115,0.14342134467866152,COMPLETE,8.896983297032529,231.9628308794471,287.4420140019667,1799.5132100616986,87.99727360307271,6393.41697329981,5763.495867935317,2.063769431866822,63.51648337170748,56.767045286859094,9.476025703226732,34.115494262115156,1.0,True
66,7.8776263039436145,263.704516823526,6164.322216269618,58.66310926378313,0.08718321450249572,0.9128167854975042,0.39125628324379796,0.02990371883778345,0.016737868584461406,0.04054158380034705,COMPLETE,7.8776263039436145,212.80690803141724,263.704516823526,1647.11690253031,58.66310926378313,5196.649929052217,6164.322216269618,1.676413296369202,83.43873974750468,25.765602276763207,1.1265677540709356,33.82135587876979,1.0,True
67,8.495380230206045,279.3596413464286,5418.10574665574,76.06373215636438,0.4609371175115584,0.5390628824884416,0.4475990992289793,0.04972804227377802,0.11013186248929072,0.3010766508020974,COMPLETE,8.495380230206045,225.4404369701544,279.3596413464286,1742.1749494321482,76.06373215636438,5930.526422912475,5418.10574665574,1.915202231325262,64.45315807109215,26.045070515637676,13.451872510834757,45.141207957526646,1.0,True
68,7.780720636492189,260.8152047544807,5405.630191701168,56.046194817078536,0.24689779818219537,0.7531022018178046,0.3823674280979913,0.03689823344533039,0.11309105812333209,0.0969082420984261,COMPLETE,7.780720636492189,210.47526208481838,260.8152047544807,1631.6204941595645,56.046194817078536,5074.848522033916,5405.630191701168,1.6376492151744484,74.99278144437686,19.29805137320573,1.4812472228260627,72.66307927170841,1.0,True
69,9.851274179611144,292.7443873708757,6942.229733557476,113.9435833080034,0.3387821809211412,0.6612178190788588,0.543551837122835,0.006327213974827188,0.19533131002104961,0.13712327548812744,COMPLETE,9.617712582670668,241.97881327198817,299.8535462298023,1898.56905317826,111.24212106126001,7210.219733526568,6777.638003255909,2.3272826771457167,66.22068309671266,29.5277885365865,13.665414768689773,32.12782544373119,1.02428452658913,False
70,9.14932277882073,291.99247438591976,6826.913301276662,95.82265297518609,0.21355389431312816,0.7864461056868719,0.5032241907732697,0.028072160697946928,0.18355814605444917,0.0019233109101568556,COMPLETE,9.14932277882073,235.6350069046934,291.99247438591976,1834.380631343287,95.82265297518609,6682.364930619745,6826.913301276662,2.1559007361606914,71.87169483539894,64.37702638561726,-0.4155177586912999,44.54421128530476,1.0,True
71,10.836668506876874,290.2853422433093,7411.900748592451,140.0346238572211,0.40419867405823057,0.5958013259417694,0.5928083466435541,0.1698637947948635,0.13893089495584918,0.09540365935414741,COMPLETE,10.198743935788908,248.910009109301,308.44249508581396,1975.0986543253418,131.79117456236693,7865.753859480878,6975.5827415414915,2.5385694459606456,62.45378985507043,37.589206808102574,0.9638336770619289,29.531850231266638,1.062549327162671,False
72,7.5021600284191425,250.86903095177908,4569.1892526109905,48.386296247394725,0.3925879806965068,0.6074120193034932,0.3546369849586602,0.17547586936065135,0.14902095989063982,0.06809096749447383,COMPLETE,7.5021600284191425,202.4487992877762,250.86903095177908,1583.2743422335702,48.386296247394725,4706.371347747944,4569.1892526109905,1.5188032898182044,68.35473901621282,52.1910251474087,15.855022084228558,39.73559346047784,1.0,False
73,11.193077433158024,289.32917494699456,9137.775212073933,150.03956380753738,0.27436689468329306,0.7256331053167069,0.6101216955740312,0.1757885547201066,0.016876316286524442,0.08170179575586164,COMPLETE,10.405160665841876,251.16614468390645,311.23823676118224,2001.4473043943908,139.4777957155422,8099.416987288753,8494.537787107101,2.6134240892561333,73.82118829632437,29.11545996037578,0.8423877890920548,49.65838347443264,1.0757236521971953,False
74,9.536833500513302,293.4269576171413,6388.934346348964,106.09823839516035,0.417651247794619,0.582348752205381,0.5272678829564725,0.14275960764458587,0.2567446709169821,0.01814652419414979,COMPLETE,9.428816480686654,239.505329300473,296.7884723484467,1872.9121056811111,104.89653811176066,6998.023377563995,6316.571370952195,2.258251796120584,63.53672069736505,55.70472336739139,9.825078568575305,64.3571829226569,1.0114560528405556,False
75,11.481780553686871,288.53902772497844,10443.379695356196,158.3672569950683,0.12464611457443747,0.8753538854255625,0.6239721657669414,0.0354886774300099,0.06937157539285885,0.019785775274584833,COMPLETE,10.570749925143232,252.91591609932868,313.4065057799089,2022.368211336963,145.80148629370956,8287.46988196877,9614.741774304382,2.673510901174511,81.60292041828656,57.07868172656214,8.59828067214026,52.641687835490856,1.0861841056684816,False
76,8.954548580135848,288.4991884520564,6270.1051456809055,89.7517276075206,0.30592644736118974,0.6940735526388102,0.4868209952651108,0.00671981684023617,0.20745159429205037,0.0917546311236378,COMPLETE,8.954548580135848,232.815960088925,288.4991884520564,1807.470760049293,89.7517276075206,6459.775548111482,6270.1051456809055,2.0847618248472473,68.3499797926541,23.413902301842885,6.2307640182720885,55.05732849165459,1.0,True
77,7.8715365193253435,263.66269793870924,4404.3438867153645,58.55656331585558,0.43573029509385885,0.5642697049061411,0.39125628324379796,0.12301950414670769,0.12065552559566266,0.19205502477002212,COMPLETE,7.8715365193253435,212.77316060955894,263.66269793870924,1646.7583433202553,58.55656331585558,5188.036609454599,4404.3438867153645,1.6748517040704198,59.83599959346508,25.480497858187274,5.977926608149872,29.374199374796376,1.0,True
78,8.454231021073026,278.3348283336391,6001.463329865191,74.80848330300213,0.3387821809211412,0.6612178190788588,0.44329469651469866,0.1796616044653915,0.1415516402264725,0.017568659811469985,COMPLETE,8.454231021073026,224.61342311696342,278.3348283336391,1735.5118691357404,74.80848330300213,5885.349943120389,6001.463329865191,1.898933769464833,71.75774262458611,65.33216357109586,1.736086981648246,49.694580066958,1.0,False
79,8.278708893223223,274.2724585488699,6881.236554959566,69.77856468701484,0.06101911742238941,0.9389808825776106,0.42763399448000505,0.0109243175571448,0.018226456005152245,0.031868308813799845,COMPLETE,8.278708893223223,221.33513132435255,274.2724585488699,1709.2404743190657,69.77856468701484,5680.305214092559,6881.236554959566,1.8323691200776475,85.2020358662497,33.54795768808722,12.021525705165983,31.90310055927626,1.0,True
80,10.184661226124739,291.9602592174233,8170.883125226981,122.51870555503426,0.3210158230771439,0.6789841769228562,0.560590063177311,0.023603685006432097,0.04534151227313238,0.2520703452687605,COMPLETE,9.816037432116126,244.45688609579238,302.9243064917686,1925.106436086429,118.08426153416961,7432.724217455483,7875.146048543855,2.399597944454846,74.69415257658147,27.129587543325812,13.09260847204976,51.31564662352663,1.0375532180432145,False
81,8.060844249606715,268.92699178591175,4998.600395870298,63.7464233203439,0.3978963347180505,0.6021036652819495,0.40857289633941335,0.03976331044860999,0.2536997581269189,0.10443298108832458,COMPLETE,8.060844249606715,217.02139310131295,268.92699178591175,1676.5865560463449,63.7464233203439,5419.841904496877,4998.600395870298,1.7493756486223573,64.965731290144,31.12492970952784,19.9273018351969,47.9373347579503,1.0,True
82,8.672241896511435,283.0332517540602,4960.537904431168,81.22703882486215,0.4812236474710556,0.5187763525289444,0.4626748857919832,0.07922931132179985,0.2956357748811663,0.10635824659421193,COMPLETE,8.672241896511435,228.40500383300903,283.0332517540602,1767.5892316561522,81.22703882486215,6136.20138522361,4960.537904431168,1.980783443613476,56.956591391181945,46.83672560961183,9.196908203159683,40.104684537320395,1.0,True
83,8.21910089872435,272.88199108157545,5630.308835709775,68.12313594222202,0.3299920230170895,0.6700079769829105,0.4225556872701355,0.20255174064038273,0.06494669219223347,0.06249292523836408,COMPLETE,8.21910089872435,220.21303798292055,272.88199108157545,1700.4927711433372,68.12313594222202,5609.231780894752,5630.308835709775,1.8099531783962417,70.6518897997718,43.161200593972225,11.127032825865042,23.779986441094508,1.0,False
84,9.149570530579796,291.9896591971149,7360.753204372716,95.82591227626939,0.21355389431312816,0.7864461056868719,0.5032241907732697,0.1028087489315091,0.08823746481919331,0.022507574564173738,COMPLETE,9.149570530579796,235.6327350754798,291.9896591971149,1834.3593098745218,95.82591227626939,6682.572281899851,7360.753204372716,2.155938328886526,77.49177354450003,60.572130609706036,8.560812969926097,20.722797180694236,1.0,False
85,7.591032066508231,254.37899050326178,4403.6612856218135,50.87090748916787,0.3925879806965068,0.6074120193034932,0.3639351238159993,0.12583008211505878,0.13785203723241854,0.1289056437553873,COMPLETE,7.591032066508231,205.2813015462272,254.37899050326178,1599.4731067562136,50.87090748916787,4827.960276732355,4403.6612856218135,1.5582969426919566,64.25158422549863,25.36135323871786,6.294353222082902,46.97513507579753,1.0,True
86,10.355530709538073,291.51922483542546,9877.904042119273,126.97448366708106,0.017971136898371043,0.982028863101629,0.5684649045835579,0.009963859861396192,0.006902109882925471,0.0011051523298671192,COMPLETE,9.918868841772728,245.60972956280796,304.3528786760777,1938.0467066821911,121.62034810881944,7552.935140840365,9461.382267463548,2.436170693796762,88.07207526992977,56.68918588740195,8.229096373035953,41.583957610677274,1.0440233533410956,False
87,9.143419294471547,291.963641687194,5723.990782434729,95.6836521290742,0.4812236474710556,0.5187763525289444,0.5032241907732697,0.11062074724145901,0.23841134175516399,0.13219111912365586,COMPLETE,9.143419294471547,235.6117392051487,291.963641687194,1834.0059583010932,95.6836521290742,6673.518728074827,5723.990782434729,2.154296922252355,60.43892027992318,31.032998011094172,15.931750193326724,52.70541209014223,1.0,True
88,8.958054568541938,288.51565776870626,6948.005036319849,89.83028935529734,0.21355389431312816,0.7864461056868719,0.4868209952651108,0.06879969060403356,0.1413248540084031,0.0034288564912392417,COMPLETE,8.958054568541938,232.82925066276826,288.51565776870626,1807.679482370017,89.83028935529734,6464.934451952822,6948.005036319849,2.085697132589807,75.60265127986726,51.878785820330705,12.634867476469616,61.04283953488128,1.0,True
89,11.661453645388306,288.05169658165244,10338.911930521912,163.67098088036963,0.2087055015743895,0.7912944984256105,0.6328729111737558,0.06821048923427524,0.036811291465835574,0.10368341376896308,COMPLETE,10.672471240541258,253.99565519255555,314.7444890179005,2035.3333464306234,149.79040259253702,8400.799287871188,9462.091398924376,2.7107613252649827,79.28853109597999,35.198904688207264,6.030104930875643,59.73719316654059,1.0926666732153116,False
90,8.030016844713288,268.03329637984444,5130.517764890472,62.862242735451396,0.331261142176991,0.668738857823009,0.4054563366576581,0.1714733367930806,0.15093564445720226,0.008851870703817436,COMPLETE,8.030016844713288,216.30018984557066,268.03329637984444,1671.4452658103799,62.862242735451396,5383.257727179778,5130.517764890472,1.7368941679746146,67.06070830389122,35.84488065469415,5.592243467791905,56.133973176646066,1.0,True
91,7.567078540304003,253.38974431724168,5348.733278923809,50.175438311564854,0.18727005942368125,0.8127299405763188,0.3612044566247643,0.040223793922183546,0.09080794884140252,0.05623822271968643,COMPLETE,7.567078540304003,204.48298976657085,253.38974431724168,1594.8694349652976,50.175438311564854,4795.78419038143,5348.733278923809,1.5473388437198214,78.4834489641689,46.22885760195636,13.644504624903272,53.39980817691094,1.0,False
92,8.217184125777642,272.86985319470597,5988.511016555074,68.08624168024333,0.3299920230170895,0.6700079769829105,0.4225556872701355,0.1108480297593152,0.08435087025545601,0.1347929710737395,COMPLETE,8.217184125777642,220.20324282959578,272.86985319470597,1700.3740677059782,68.08624168024333,5606.459647464076,5988.511016555074,1.8094505914241135,75.23270633465286,49.98339568687102,15.150884570199663,64.80290302095531,1.0,True
93,8.025469893536043,267.99470153820715,4840.176940556816,62.77519162471214,0.4113002803298291,0.5886997196701709,0.4054563366576581,0.14675303098239095,0.051768461492451935,0.21277838042343725,COMPLETE,8.025469893536043,216.26904419431781,267.99470153820715,1671.1132886957112,62.77519162471214,5376.454269380789,4840.176940556816,1.7356607030853133,63.45478068166572,32.336037652420885,3.672477670022643,28.191174854770793,1.0,True
94,7.707235832471867,258.5082699068699,5167.734584673585,54.07303056498128,0.3849967765493054,0.6150032234506946,0.3756042394981304,0.0734755930595087,0.09945973086705306,0.21206111217587476,COMPLETE,7.707235832471867,208.6135887321449,258.5082699068699,1619.6812687105644,54.07303056498128,4980.404025741986,5167.734584673585,1.6078341262169367,73.13823248379778,47.42190426732237,12.964121101373525,63.99740146795807,1.0,False
95,8.956277001829147,288.51059228194794,6057.8607220238355,89.79244674813818,0.30592644736118974,0.6940735526388102,0.4868209952651108,0.04184162332464859,0.24858242886716586,0.015502095216222318,COMPLETE,8.956277001829147,232.82516286560917,288.51059228194794,1807.6026350559066,89.79244674813818,6462.449721101282,6057.8607220238355,2.085246651620381,65.9699641514847,38.01957154683271,8.641086464914016,24.67953964802086,1.0,True
96,8.903149081015908,287.4686752945344,7727.926434359889,88.13221394584853,0.08718321450249572,0.9128167854975042,0.4820457481218804,0.024975566728513962,0.018177943456140246,0.04402965731426754,COMPLETE,8.903149081015908,231.9843462759363,287.4686752945344,1799.8561237734243,88.13221394584853,6402.362313245741,7727.926434359889,2.0653912193566786,84.90685645271982,30.703460194460142,6.114351351089743,62.80702467506746,1.0,False
97,9.247033625888916,293.72875359745075,5749.687670705887,98.96690214808221,0.43573029509385885,0.5642697049061411,0.5118026725746952,0.2249605733804446,0.15133235363393518,0.05943708816360312,COMPLETE,9.247033625888916,237.0361668656068,293.72875359745075,1848.0429706742534,98.96690214808221,6792.026544781148,5749.687670705887,2.191881405558082,59.601942025293546,34.1645414867903,-1.8685682163437378,31.992322300226625,1.0,True
98,9.150363839089794,291.99272614045645,7184.585730274651,95.84408361771082,0.21355389431312816,0.7864461056868719,0.5032241907732697,0.15113365282969798,0.06113560450674248,0.0012844522200559805,COMPLETE,9.150363839089794,235.635210068087,291.99272614045645,1834.402236283588,95.84408361771082,6683.728249237317,7184.585730274651,2.1561479054233503,75.60692909560214,33.39832711518926,7.365779982318919,63.60197547631191,1.0,True
99,7.5910967184083145,254.3781649429312,4497.512417557851,50.87143058203484,0.3925879806965068,0.6074120193034932,0.3639351238159993,0.14366024618407539,0.11541255697531434,0.1335149521629295,COMPLETE,7.5910967184083145,205.28063532729604,254.3781649429312,1599.4694568162813,50.87143058203484,4828.005585652587,4497.512417557851,1.5583051571858109,65.62066357058305,32.90005844185321,13.269725259660879,39.07255248732347,1.0,False
100,9.14760983853792,291.9842604024134,6111.925952274367,95.78240554594116,0.43573029509385885,0.5642697049061411,0.5032241907732697,0.22517231105666052,0.2034357897357536,0.0071219141221060215,COMPLETE,9.14760983853792,235.6283783021436,291.9842604024134,1834.2732991006803,95.78240554594116,6679.8041731918165,6111.925952274367,2.1554364715954235,64.39756014299954,45.73393420409107,17.2298344546725,44.84982272993427,1.0,True
101,8.347079803278087,275.8572411738652,7201.657305199886,71.70847923460792,0.018443473677266398,0.9815565263227336,0.43359393927098344,0.009660789294842109,0.007966798343735168,0.0008158701900103927,COMPLETE,8.347079803278087,222.61403505489744,275.8572411738652,1719.3659709690794,71.70847923460792,5760.96224815408,7201.657305199886,1.8581771159329745,87.88945846448173,45.74427312290119,6.500565056725161,40.22549855185678,1.0,False
102,9.247098359849558,293.72811276218596,5747.799212827575,98.96783240926527,0.43573029509385885,0.5642697049061411,0.5118026725746952,0.2425849423394828,0.1290514082390994,0.06409364266959944,COMPLETE,9.247098359849558,237.03564971795643,293.72811276218596,1848.0381633811978,98.96783240926527,6792.084802872247,5747.799212827575,2.1918919677327895,59.582215867495385,23.507448354369615,9.910528685145387,36.06046849706202,1.0,True
103,8.172693970646167,271.73790387947963,5119.138876304383,66.82494476713404,0.331261142176991,0.668738857823009,0.4183805487625825,0.12254053594066901,0.2023945583242735,0.006325840509141281,COMPLETE,8.172693970646167,219.28977105170128,271.73790387947963,1693.475214083524,66.82494476713404,5554.462818973908,5119.138876304383,1.7921881896986176,64.85326537408439,35.56283031971188,3.255659659801109,39.81187699399181,1.0,True
104,8.36259835415725,276.31721102135765,4923.210365999379,72.20303054116123,0.4812236474710556,0.5187763525289444,0.43545214831324025,0.18749018392041855,0.2464038678142699,0.04732885108439187,COMPLETE,8.36259835415725,222.9852261221254,276.31721102135765,1722.2185759826834,72.20303054116123,5777.903855143014,4923.210365999379,1.8647358849702682,59.99892210393245,51.47571728540794,10.357577549948529,32.70245112524736,1.0,True
105,8.360467047253021,276.2986298382407,5165.76715078605,72.15767352355533,0.3925879806965068,0.6074120193034932,0.43545214831324025,0.06079828224642519,0.15140623211054227,0.18038316185148093,COMPLETE,8.360467047253021,222.97023129316185,276.2986298382407,1722.0427958772582,72.15767352355533,5774.591032727294,5165.76715078605,1.8641352712448638,63.044210346445986,53.506323490930185,2.9439006654270323,28.597920632364406,1.0,True
106,8.386270640153098,276.81800757190007,6047.184029169194,72.85914857052485,0.25815017415059766,0.7418498258494024,0.43736874205941256,0.09725394929881953,0.08825244337160934,0.07264361330225227,COMPLETE,8.386270640153098,223.38936393044764,276.81800757190007,1725.5102377526205,72.85914857052485,5805.873834951495,6047.184029169194,1.8734036640523883,73.31328794804385,39.84056311929209,8.238416569010035,36.020275238376364,1.0,False
107,8.277078338260186,274.2646107683922,6305.216245602304,69.7478656339351,0.16147823647062298,0.838521763529377,0.42763399448000505,0.021956018862746486,0.0818575328657241,0.057664527344409154,COMPLETE,8.277078338260186,221.32879824398478,274.2646107683922,1709.1560447706968,69.7478656339351,5678.025461347873,6305.216245602304,1.8319558015784456,78.13945240943706,36.12820340389417,2.6526973260353084,42.35601223721121,1.0,True
108,8.953238885459706,288.488166688472,5973.639841411511,89.7194366454638,0.348507870497634,0.651492129502366,0.4868209952651108,0.0687545039178128,0.1253146122707349,0.1544385285986593,COMPLETE,8.953238885459706,232.80706563593006,288.488166688472,1807.3498475376546,89.7194366454638,6457.65446365252,5973.639841411511,2.084377272861379,65.1707952065836,20.933642424050028,11.970897364304992,26.746576090582312,1.0,True
109,7.804666864686869,261.5936647184042,5068.059364305153,56.7118879674674,0.3849967765493054,0.6150032234506946,0.3847607178575389,0.13562786499878782,0.13983346609448324,0.10953526960606731,COMPLETE,7.804666864686869,211.103471491105,261.5936647184042,1635.691524555483,56.7118879674674,5104.918172217033,5068.059364305153,1.6475922689669964,69.92152955578055,63.52727497147372,1.9858533142371217,56.85799392797445,1.0,True
110,9.246692457802697,293.7267371167465,6260.848772680492,98.95845455129236,0.43573029509385885,0.5642697049061411,0.5118026725746952,0.21681351072318936,0.14585177475471744,0.07306473983737327,COMPLETE,9.246692457802697,237.03453958584328,293.7267371167465,1848.017628088244,98.95845455129236,6791.497497416534,6260.848772680492,2.1917854894271516,64.91277933138814,48.61854905205308,5.011116459211685,45.90713722126696,1.0,True
111,8.896256853633309,287.37491532240233,6277.96428536183,87.94320037089858,0.36122605763075266,0.6387739423692473,0.4816914262116908,0.25414581686931115,0.022010005179873605,0.08506933041478207,COMPLETE,8.896256853633309,231.90868291602547,287.37491532240233,1799.0897363083698,87.94320037089858,6393.4981990395245,6277.96428536183,2.0631192098087654,69.12789624291193,35.57853343616146,14.217286577841605,33.57175250438545,1.0,True
112,7.5669929356148025,253.38930023147057,5357.808496412969,50.17415955815217,0.17053317552512925,0.8294668244748707,0.3612044566247643,0.01182226610613291,0.09633942705235912,0.062371378181396674,COMPLETE,7.5669929356148025,204.48263139379443,253.38930023147057,1594.8657903773453,50.17415955815217,4795.672681611482,5357.808496412969,1.5473186272127681,78.62111390635772,65.45475398355333,17.035617274240725,37.21475703642641,1.0,False
113,9.246636653547782,293.72207590190044,6792.863770590911,98.95422637630683,0.43573029509385885,0.5642697049061411,0.5118026725746952,0.28322386459767807,0.04668401921746279,0.10582191291592188,COMPLETE,9.246636653547782,237.03077803207464,293.72207590190044,1847.9727893645552,98.95422637630683,6791.232691376589,6792.863770590911,2.1917374801703295,70.44063869634151,45.44755270548703,10.329525154683433,64.53544816162028,1.0,True
114,9.147745423411601,291.9815583117633,7011.2552757480435,95.78344576853512,0.21355389431312816,0.7864461056868719,0.5032241907732697,0.01019282429507948,0.1255849754466818,0.07777596465428278,COMPLETE,9.147745423411601,235.62619774200988,291.9815583117633,1834.250943573394,95.78344576853512,6679.870364336197,7011.2552757480435,2.155448472030348,73.88174476618732,18.850318151282202,5.544168299196064,37.55656059799781,1.0,False
115,8.958999198270648,288.5181980312327,7390.453993534913,89.85031112348592,0.12464611457443747,0.8753538854255625,0.4868209952651108,0.03804756805695078,0.07968374626424807,0.006914527498811455,COMPLETE,8.958999198270648,232.8313006292245,288.5181980312327,1807.7189851021765,89.85031112348592,6466.248867109961,7390.453993534913,2.0859354356695348,80.38353819098519,15.896657906058428,18.707693458284716,50.74123606762025,1.0,True
116,8.956465052975002,288.5029612582091,6962.815504513515,89.79149151941539,0.30592644736118974,0.6940735526388102,0.4868209952651108,0.1816602637527123,0.05513027715794581,0.06913571774169364,COMPLETE,8.956465052975002,232.81900470576215,288.5029612582091,1807.5387007117185,89.79149151941539,6462.386994552309,6962.815504513515,2.085235279315581,75.83817329769656,56.608950276768724,8.250480922074244,47.37892039242074,1.0,True
117,8.553256726828485,280.43480032479744,7350.800479623295,77.65753573759356,0.046551383902949606,0.9534486160970503,0.4517089373146102,0.015007634090576703,0.01852114898647953,0.013022580256393633,COMPLETE,8.553256726828485,226.30807951410827,280.43480032479744,1749.7204354092075,77.65753573759356,6000.885213351989,7350.800479623295,1.9356711034396823,86.13758917597272,53.726043793767886,4.6990410615878915,28.346556716246177,1.0,True
118,9.244475554068206,293.7096775294546,6380.883856457706,98.90097434215605,0.40419867405823057,0.5958013259417694,0.5118026725746952,0.1869789070160761,0.022723976168647894,0.19449555821778491,COMPLETE,9.244475554068206,237.02077266949456,293.7096775294546,1847.815806336336,98.90097434215605,6787.8971017123795,6380.883856457706,2.1911327387495,66.24513308384238,42.061257370210356,3.5683857922373092,26.48501478259419,1.0,False
119,8.361521500387122,276.3057503440417,5320.380041870402,72.17905529097406,0.347987103046849,0.652012896953151,0.43545214831324025,0.04266057928835498,0.15667489761619116,0.14865145670791446,COMPLETE,8.361521500387122,222.97597747013822,276.3057503440417,1722.1141022721424,72.17905529097406,5776.152857894833,5320.380041870402,1.8644184296863953,64.89204175738513,53.99821588570606,4.80209301414342,24.769507661224345,1.0,True
120,7.991554225869813,266.9946390104122,5956.90253416959,61.80636406232627,0.20447647220713494,0.7955235277928651,0.40198829602125374,0.034839679836768986,0.08766292410527354,0.08197372989285412,COMPLETE,7.991554225869813,215.46200373501253,266.9946390104122,1665.450739991697,61.80636406232627,5336.321717425496,5956.90253416959,1.7218762864629167,78.57274115149536,32.92929532128818,8.946753975610221,70.74924399541429,1.0,True
121,9.01575250617284,289.561883585055,7764.300542393713,91.60689258763428,0.07821852133554302,0.9217814786644569,0.4916644775485848,0.028530562122769772,0.024931084170325676,0.024756835938389832,COMPLETE,9.01575250617284,233.67354443430352,289.561883585055,1815.628174891654,91.60689258763428,6530.880797072833,7764.300542393713,2.1067428438598625,83.6133797791837,22.50557321041415,10.354845940925218,25.96931872178534,1.0,True
122,8.22166769931145,272.89718733002564,6560.612957113601,68.17204607638755,0.12512144908229766,0.8748785509177024,0.4225556872701355,0.09275439579862763,0.01649504385568091,0.01587184054617447,COMPLETE,8.22166769931145,220.22530120345738,272.89718733002564,1700.6441292331874,68.17204607638755,5612.905626259155,6560.612957113601,1.8106192454756003,82.20466030854455,38.7420815071829,11.71781926488478,33.310465468112284,1.0,False
123,8.45524279486623,278.34154315566326,6101.875318037824,74.82946934823089,0.21355389431312816,0.7864461056868719,0.44329469651469866,0.06240655327755033,0.14803665997110502,0.0031102336859789703,COMPLETE,8.45524279486623,224.6188419111887,278.34154315566326,1735.5810215785634,74.82946934823089,5886.856151839954,6101.875318037824,1.8992068446607748,72.91623452930413,30.839723880625755,5.800665836156945,27.734560319240884,1.0,True
124,8.061642432752263,268.92574855690526,5167.378863234801,63.75816170768147,0.35729796135003117,0.6427020386499689,0.40857289633941335,0.11103017563644418,0.12295742537261568,0.12331022218738995,COMPLETE,8.061642432752263,217.02038982793698,268.92574855690526,1676.5906734431476,63.75816170768147,5420.7527431953185,5167.378863234801,1.7495407834093344,67.14121235154782,43.992414262545644,12.153237906603591,28.05805326919362,1.0,False
125,8.272173359386905,274.2279002779536,5416.071465617893,69.64907495183567,0.33009868835886563,0.6699013116411343,0.42763399448000505,0.08196088596795606,0.009042070923789067,0.23909546852848199,COMPLETE,8.272173359386905,221.2991732453058,274.2279002779536,1708.805853259596,69.64907495183567,5670.685812300327,5416.071465617893,1.8306251253741657,67.32252741622118,30.265724275739124,13.453194017469883,20.653389596148383,1.0,True
126,8.363488380830795,276.3193555165333,4878.432566610396,72.21911437172216,0.4609371175115584,0.5390628824884416,0.43545214831324025,0.2475931105533548,0.17334094602654235,0.04000217646174437,COMPLETE,8.363488380830795,222.98695670828718,276.3193555165333,1722.2495734567653,72.21911437172216,5779.078355326377,4878.432566610396,1.8649488215065793,59.42888251426507,32.32300724562298,10.778316927624047,37.8922097274946,1.0,True
127,7.5034957576227646,250.88092667780327,4475.825984249245,48.40757960137966,0.3925879806965068,0.6074120193034932,0.3546369849586602,0.24892085704359543,0.135708040070799,0.007958822639246146,COMPLETE,7.5034957576227646,202.45839901972047,250.88092667780327,1583.3555691105578,48.40757960137966,4708.26019981252,4475.825984249245,1.5191457381395694,66.89522059692989,44.524823194217966,8.675611721570156,66.15136330401836,1.0,True
128,8.825119615895854,286.0640498357046,5417.2107695517125,85.8080025872668,0.47743264033159705,0.522567359668403,0.47588001872833696,0.18503210175935197,0.1390076217072596,0.153392666108955,COMPLETE,8.825119615895854,230.8508275769153,286.0640498357046,1789.3448079521809,85.8080025872668,6311.16546501005,5417.2107695517125,2.0372861667948268,60.48528429870768,52.904262043301834,-2.2171477327302056,28.59804398158426,1.0,True
129,8.027351873643966,268.0111112135038,5489.567418700854,62.81141146452683,0.331261142176991,0.668738857823009,0.4054563366576581,0.0925126142864921,0.09982868665205555,0.1389196846585409,COMPLETE,8.027351873643966,216.2822866381854,268.0111112135038,1671.2536084297917,62.81141146452683,5379.285580092644,5489.567418700854,1.736174018881039,71.88136869468134,67.38192165184725,12.88905897419473,34.151092274513395,1.0,True
130,8.240809081529738,273.3772539338295,6277.6534539507875,68.71717638945638,0.1838915663596266,0.8161084336403734,0.42431929685034725,0.08826718270027017,0.0884380311237779,0.007186212939866431,COMPLETE,8.240809081529738,220.61271015206108,273.3772539338295,1703.6159082511967,68.71717638945638,5635.510472327305,6277.6534539507875,1.818027225321993,78.35416841290602,45.433015577944985,16.34219887388759,31.864397589267227,1.0,True
131,10.519165689310615,291.1191806070883,6927.464609390682,131.38634527396002,0.43155171293779676,0.5684482870622032,0.5773538331393108,0.04925310011606866,0.18417101074523626,0.19812704549713228,COMPLETE,10.012805441860788,246.81098861126125,305.84144612852856,1951.1425320086366,125.06181115505586,7654.524143826757,6593.997792970485,2.4712704098778775,60.72604567889331,31.108757762636195,0.720646265092864,42.22487982753075,1.0505712660043183,False
132,8.45751643471887,278.34915550126993,7422.244952116942,74.87271907622551,0.007196744314877934,0.9928032556851221,0.44329469651469866,0.002731984086918162,0.002776830242051205,0.0016879256027988328,COMPLETE,8.45751643471887,224.62498499796982,278.34915550126993,1735.6784210166754,74.87271907622551,5889.9596186064155,7422.244952116942,1.8997695022688095,88.59595983040569,38.63015262018227,16.006120610057756,49.9880619882952,1.0,False
133,7.589458288462638,254.36650152115936,4441.011972252545,50.845467133069356,0.3978963347180505,0.6021036652819495,0.3639351238159993,0.044540680492550014,0.1641961281491803,0.1891592067742357,COMPLETE,7.589458288462638,205.2712230625604,254.36650152115936,1599.3813229120203,50.845467133069356,4825.756426274913,4441.011972252545,1.5578973852550122,64.86227095683381,56.03725252925243,0.777477265543641,45.211880668053844,1.0,True
134,7.809846487291307,261.6277026663794,6421.56470495031,56.79974167578139,0.018443473677266398,0.9815565263227336,0.3847607178575389,0.014058682006745309,0.0017077282166973204,0.002677040390331986,COMPLETE,7.809846487291307,211.1309397747415,261.6277026663794,1635.9793653786537,56.79974167578139,5112.13252148515,6421.56470495031,1.6489002283582774,88.3163136244185,54.67693735736204,8.992140566248542,63.93787552505182,1.0,True
135,8.95402475639221,288.4919288224879,6440.919548281019,89.73708153581786,0.30592644736118974,0.6940735526388102,0.4868209952651108,0.053477179061541334,0.11199827439402249,0.14045061053980026,COMPLETE,8.95402475639221,232.81010164045952,288.4919288224879,1807.3972430506483,89.73708153581786,6458.813543122236,6440.919548281019,2.084587413626861,70.24151805922727,54.69254360224711,6.0327951590341335,33.92353072075016,1.0,True
136,8.904336671802477,287.4749012562462,7968.836354990839,88.15887136840087,0.023001321010876374,0.9769986789891236,0.4820457481218804,0.0006867171938045991,0.006520638875571785,0.01579394808077356,COMPLETE,8.904336671802477,231.9893705647781,287.4749012562462,1799.9316931236954,88.15887136840087,6404.128672613691,7968.836354990839,2.0657114597883277,87.49707252023181,31.013545467518313,4.773368752088638,30.196274800909215,1.0,False
137,9.015674234617952,289.6553763809124,5765.200385908023,91.66304470810297,0.4277302920055036,0.5722697079944964,0.49225214872619755,0.11426855077941267,0.1569772067541144,0.15648437207977237,COMPLETE,9.015674234617952,233.74899218563252,289.6553763809124,1816.1720733765276,91.66304470810297,6528.448650668493,5765.200385908023,2.1074047662159203,62.22664169540928,38.87005371484622,17.071223279080332,25.93061157181927,1.0,True
138,7.568865928068939,253.40288776017354,5651.021740064435,50.203638642334845,0.08718321450249572,0.9128167854975042,0.3612044566247643,0.040898690829816814,0.036939642496028,0.009344785660058356,COMPLETE,7.568865928068939,204.49359639358244,253.40288776017354,1594.9666865332301,50.203638642334845,4798.242939736805,5651.021740064435,1.5477846142516674,82.82209014136444,19.887491306619783,4.843019924871477,60.719014026727486,1.0,True
139,7.727259499398897,259.0530232700391,5599.900825191117,54.57102534215559,0.17053317552512925,0.8294668244748707,0.37708693101632246,0.04429501628917022,0.06477770234332646,0.06146038683948083,COMPLETE,7.727259499398897,209.05319924868886,259.0530232700391,1622.548982648237,54.57102534215559,5006.833514325256,5599.900825191117,1.615408319774161,78.70351928333137,37.76292879296208,1.2841846085020454,50.019679861265985,1.0,True
140,7.68791101107554,257.69072204502976,5991.940780164348,53.477427352942684,0.06101911742238941,0.9389808825776106,0.3730939729486379,0.015107350980583781,0.02781396494112528,0.01809776468786449,COMPLETE,7.68791101107554,207.95383578311856,257.69072204502976,1615.7080868916394,53.477427352942684,4956.1757491033095,5991.940780164348,1.5987305839124317,85.0217983957076,42.80975618883288,10.449738493561819,27.074345976857032,1.0,True
141,7.706748422509299,258.5055717891824,4946.99818410909,54.06525958045017,0.3849967765493054,0.6150032234506946,0.3756042394981304,0.03717683422814722,0.12273371096301318,0.22508581124532906,COMPLETE,7.706748422509299,208.61141137815233,258.5055717891824,1619.6581842100277,54.06525958045017,4979.750628864282,4946.99818410909,1.6077156655560139,70.03343256179063,31.303663191502267,7.057041342976429,58.62183324540014,1.0,True
142,7.727748362334042,259.0587229485133,5491.726810967356,54.58010237470831,0.18727005942368125,0.8127299405763188,0.37708693101632246,0.06926010409899229,0.09267360046569666,0.025336208577612134,COMPLETE,7.727748362334042,209.05779883222078,259.0587229485133,1622.590083411159,54.58010237470831,5007.593266168136,5491.726810967356,1.6155460625588538,77.15279793103043,27.00081904223311,18.345171400115383,47.63385050800931,1.0,True
143,8.957408418143801,288.50780963231557,7006.858884594742,89.81288482084346,0.21692582461898652,0.7830741753810135,0.4868209952651108,0.11401834394733236,0.04565455996402879,0.05725276443380626,COMPLETE,8.957408418143801,232.82291729518232,288.50780963231557,1807.5985404605085,89.81288482084346,6463.791740366029,7006.858884594742,2.0854899593166643,76.2812114538806,37.12998919700788,8.03931542182105,33.70403776759715,1.0,False
144,7.505427452577082,250.89327287099954,5593.317549232081,48.43654077822331,0.08474637334304624,0.9152536266569538,0.3546369849586602,0.030691228331058414,0.038484202472309915,0.015570900474205816,COMPLETE,7.505427452577082,202.4683622741679,250.89327287099954,1583.4475277746346,48.43654077822331,4710.829792257736,5593.317549232081,1.5196116044908616,83.50190360934177,45.64072305141606,4.960072846740214,27.256909092146458,1.0,True
145,9.680659527499104,293.12400652202143,6494.696816137428,109.65746243108218,0.3925879806965068,0.6074120193034932,0.534755029415665,0.14098219925495126,0.15445180559471267,0.09715373205116454,COMPLETE,9.51553994760953,240.6528728161595,298.21047697760747,1884.7052465332886,107.78707394391941,7095.31676798591,6383.919073490404,2.289942024789161,63.36401663505801,38.402464899483576,11.132128503154439,21.31406942494596,1.0173526232666443,False
146,7.502568933808429,250.8734464909363,4534.362959869768,48.393102249004734,0.3175468254338219,0.6824531745661782,0.3546369849586602,0.0975015331468769,0.15695817403510498,0.06308694668742493,COMPLETE,7.502568933808429,202.45236258372069,250.8734464909363,1583.3032737980109,48.393102249004734,4706.975409838239,4534.362959869768,1.5189128060967427,67.81465369355507,43.34733304744387,-0.6454724029514045,45.619551944180216,1.0,False
147,8.165033380832574,271.6825915553624,5153.4388030961145,66.67633347998388,0.4680773870803905,0.5319226129196095,0.4183805487625825,0.019002492517043605,0.15712899237944003,0.2919454827399634,COMPLETE,8.165033380832574,219.24513455926194,271.6825915553624,1692.9589888344847,66.67633347998388,5543.186752962198,5153.4388030961145,1.7901438422615028,65.58867962233262,20.173362473394,7.150140839505152,57.076720258027834,1.0,True
148,8.494251291994361,279.35080096104673,5482.481174176131,76.03932231453173,0.4609371175115584,0.5390628824884416,0.4475990992289793,0.03416785834919103,0.0756709837187963,0.35109788933336333,COMPLETE,8.494251291994361,225.43330286755508,279.35080096104673,1742.086302734802,76.03932231453173,5928.788377146492,5482.481174176131,1.914887124141286,65.26174483569014,35.67422011638762,10.866998193986992,43.055975080809574,1.0,True
149,7.498360179813535,250.83426044435973,3590.823613379901,48.3254341119118,0.47022929217645715,0.5297707078235429,0.3546369849586602,0.08180873764106138,0.17133359700234171,0.21708637106468004,COMPLETE,7.498360179813535,202.42073983599386,250.83426044435973,1583.0384726322595,48.3254341119118,4700.967728003021,3590.823613379901,1.5178236151546116,53.85654718245677,14.432252755652506,5.234444911764161,20.665863947834822,1.0,True
150,9.747984000086818,292.96440136096555,9190.3038012227,111.31333053419651,0.004598525808314824,0.9954014741916852,0.5377579747142709,0.0016618160281008116,0.0023287932726363705,0.0006079129977252474,COMPLETE,9.557494971357883,241.1313814459059,298.80343182183907,1889.861706294337,109.1381147954496,7145.147948810737,9010.712611413284,2.304611965605825,88.66098534044248,21.359376073916803,6.349512009263854,30.210564244921997,1.0199308531471685,False
151,7.711274688278586,258.54903526629164,4615.498278138855,54.14496940068704,0.331261142176991,0.668738857823009,0.3756042394981304,0.11041446924503162,0.21415309983739753,0.00669335364214244,COMPLETE,7.711274688278586,208.64648596954467,258.54903526629164,1619.9811571865991,54.14496940068704,4986.450587376649,4615.498278138855,1.6089303660552228,65.13483301705185,45.34073039788815,0.6845658898048979,59.176941306041975,1.0,True
152,8.959107236681163,288.5186634368803,7414.087976495464,89.85270742835536,0.12464611457443747,0.8753538854255625,0.4868209952651108,0.04438765718962558,0.07655974518450007,0.0036985663045389075,COMPLETE,8.959107236681163,232.83167620692805,288.5186634368803,1807.7250465535335,89.85270742835536,6466.406173293225,7414.087976495464,2.085963955234094,80.63597123079474,46.19913983367634,6.006854780837227,50.83897121088755,1.0,True
153,11.118266822158061,289.539854907391,7985.892137372131,147.94040134970098,0.4277302920055036,0.5722697079944964,0.6069469523564966,0.076577009567888,0.1277633580856856,0.22338967868530016,COMPLETE,10.360743875010355,250.7394448768561,310.7094819971203,1996.2294515309497,137.86075039103767,8046.361469872178,7441.7878588662825,2.5978471677313837,65.20416657714345,30.31031468850233,8.996604345578906,47.94561492879227,1.073114725765475,False
154,8.38140178383533,276.7925714536105,5062.32320630863,72.76361493404296,0.4812236474710556,0.5187763525289444,0.43736874205941256,0.10026075641977554,0.20896019157789528,0.17200230126922958,COMPLETE,8.38140178383533,223.36883723734914,276.7925714536105,1725.2356286324048,72.76361493404296,5798.925709025205,5062.32320630863,1.8721439708743413,61.53206968460374,57.67264770008045,12.651486963738494,39.74837533226858,1.0,True
155,7.711134602615004,258.53826456755286,5741.815531497459,54.13865113894182,0.18727005942368125,0.8127299405763188,0.3756042394981304,0.03652258966879672,0.04943855214730027,0.10130874838130408,COMPLETE,7.711134602615004,208.63779412336947,258.53826456755286,1619.915567278943,54.13865113894182,4985.919685368565,5741.815531497459,1.6088341136779793,81.06474515814207,45.34755132270895,13.617446260561838,62.76882657649459,1.0,False
156,7.503133109034863,250.87945357671452,4775.306679217994,48.40246165756651,0.3293468158094725,0.6706531841905274,0.3546369849586602,0.13294936069163565,0.166707244826803,0.029690028070317235,COMPLETE,7.503133109034863,202.45721024187284,250.87945357671452,1583.342747229798,48.40246165756651,4707.80603023118,4775.306679217994,1.5190633973286283,71.38747596208955,63.42629330377193,9.243228522705031,56.26259026542728,1.0,True
157,8.00330920417233,267.32791309541363,5521.583128193526,62.13483828556705,0.36122605763075266,0.6387739423692473,0.40313320382211465,0.24081541295306208,0.02085554093229826,0.09955424605622787,COMPLETE,8.00330920417233,215.73095258886786,267.32791309541363,1667.3397007467122,62.13483828556705,5350.312960984842,5521.583128193526,1.7265615184793508,72.66255766892539,45.93839362805376,7.523070541212949,45.54867581377944,1.0,True
158,8.449744653959005,278.30522935915087,5230.736335550218,74.71556449451816,0.4277302920055036,0.5722697079944964,0.44329469651469866,0.130813049189562,0.11777592207927896,0.17914113483232366,COMPLETE,8.449744653959005,224.5895370405412,278.30522935915087,1735.206683312081,74.71556449451816,5878.678506319228,5230.736335550218,1.8977242399434409,62.70653994987064,40.514160112759264,3.734307793867257,33.072375860705165,1.0,True
159,9.344135490173533,293.80817199974155,8229.04283110543,101.39682038940582,0.08474637334304624,0.9152536266569538,0.5170403787375051,0.04450012094619644,0.01781847876235701,0.022427712642518954,COMPLETE,9.31286374411157,237.89641773367507,294.79475301264586,1856.7158173728756,101.05747860417138,6868.066537428704,8201.502933164313,2.2154969235659636,83.98374185203924,31.469890214840547,6.815189899700078,43.71788043644765,1.0033579086864377,False
160,7.668973823936456,257.0221477604922,6167.92811159157,52.95176096917925,0.018443473677266398,0.9815565263227336,0.3711706242201289,0.006372994084633203,0.010992127858820202,0.0010783307867083991,COMPLETE,7.668973823936456,207.4143030212396,257.0221477604922,1612.3978343715764,52.95176096917925,4931.541310740154,6167.92811159157,1.5906548605799107,87.9344527314069,58.66551791665617,15.615921688421771,23.573915173591494,1.0,False
161,8.297001580556232,274.7696419615933,5583.671172990727,70.32765172943571,0.3288064461501717,0.6711935538498284,0.42956071030451765,0.11838459339264927,0.13382261783772473,0.07659902660939613,COMPLETE,8.297001580556232,221.7363533665862,274.7696419615933,1712.312399156268,70.32765172943571,5701.054990765108,5583.671172990727,1.8397468743493413,68.95358128690354,51.42039410472804,1.1398202632803875,37.848319564568065,1.0,False
162,9.252447224237216,293.7506910948135,8534.226214899449,99.09438762011844,0.013255655270810907,0.986744344729189,0.5118026725746952,0.004668345424279443,0.003402635021293492,0.005184669016468999,COMPLETE,9.252447224237216,237.05387020660353,293.7506910948135,1848.3506461851414,99.09438762011844,6800.007902681254,8534.226214899449,2.1933284233877783,88.23966141062186,20.665654620207224,12.203745436917586,53.44054169759075,1.0,False
163,11.638128420442152,288.11909959809753,7919.494952530153,163.00033586512694,0.4812236474710556,0.5187763525289444,0.6320690724274873,0.12767401272745696,0.22744086121303925,0.12610835439647672,COMPLETE,10.65812157122377,253.88829401322687,314.6114499723997,2033.8986058977475,149.2746370412389,8382.70507536353,7252.6214643327185,2.705972303103576,60.96128409263165,43.92905951480902,12.829694215640822,49.07361718845214,1.0919493029488738,False
164,7.499500006105323,250.83552006325053,4165.648651016976,48.34023799043886,0.47022929217645715,0.5297707078235429,0.3546369849586602,0.22765357042227788,0.027653404896382443,0.2149219433884882,COMPLETE,7.499500006105323,202.42175633584253,250.83552006325053,1583.0610444245308,48.34023799043886,4702.28238939422,4165.648651016976,1.5180619628765013,62.44620652090913,40.54129098811038,3.8494258752267894,27.167800201421088,1.0,False
165,9.143933894783245,291.96324464102435,5812.78021743418,95.69390309523949,0.4812236474710556,0.5187763525289444,0.5032241907732697,0.17561647774954414,0.16948285650096012,0.13612386079890337,COMPLETE,9.143933894783245,235.61141879286026,291.96324464102435,1834.0118355465597,95.69390309523949,6674.171327293911,5812.78021743418,2.154415238298005,61.36619038459398,26.047003629856153,6.878284259422369,69.15400559583904,1.0,False
166,8.966355113314327,288.6576506027088,7371.647177553912,90.0791401165493,0.12464611457443747,0.8753538854255625,0.487475867147455,0.045389656323360957,0.05331079527032603,0.02594559242193249,COMPLETE,8.966355113314327,232.94383745987997,288.6576506027088,1808.7612260842377,90.0791401165493,6474.482463343059,7371.647177553912,2.0886571681234565,80.08698298147578,22.13065583982531,8.306390696819976,26.631452886384494,1.0,True
167,7.780926346008024,260.8150228479587,5318.448808660661,56.04900900213122,0.24689779818219537,0.7531022018178046,0.3823674280979913,0.06788695497714166,0.08058082172948033,0.09842983300050721,COMPLETE,7.780926346008024,210.4751152880742,260.8150228479587,1631.6224636591617,56.04900900213122,5075.081035096715,5318.448808660661,1.6376913697240525,73.77722763970775,29.01407512718405,1.1966258907452478,46.892252068822835,1.0,True
168,8.96035163209412,288.5226388912104,8076.4363377032,89.87946932115821,0.018443473677266398,0.9815565263227336,0.4868209952651108,0.009317020204695244,0.008339599885850878,0.0007868383020002109,COMPLETE,8.96035163209412,232.83488435881787,288.5226388912104,1807.782640552924,89.87946932115821,6468.162827224714,8076.4363377032,2.0862824360729797,87.78864395680658,31.766433904415635,10.76357299984422,50.69079395108949,1.0,True
169,8.175908655796423,271.750652642713,6940.456750249723,66.8823477977724,0.018443473677266398,0.9815565263227336,0.4183805487625825,0.006822632845395134,0.01126862838286433,0.0003522009015310232,COMPLETE,8.175908655796423,219.30005917614298,271.750652642713,1693.6176120150187,66.8823477977724,5558.815072817693,6940.456750249723,1.7929772520348948,87.78204292695793,55.001617397676895,2.845775977112201,31.429233230000598,1.0,False
170,8.50073693210989,279.39914181154404,4788.776101369871,76.17832248400755,0.4707324043882626,0.5292675956117374,0.4475990992289793,0.17409603772773297,0.23294950033543943,0.06368649862410257,COMPLETE,8.50073693210989,225.47231345049792,279.39914181154404,1742.5764861123625,76.17832248400755,5938.681928707715,4788.776101369871,1.9166808221169054,56.78636193129366,36.69559074244138,-2.278032400663448,58.963685561850355,1.0,True
171,8.382579989152253,276.79753586544547,5168.8001449837675,72.78611512504497,0.4277302920055036,0.5722697079944964,0.43736874205941256,0.11426855077941267,0.1569772067541144,0.15648437207977237,COMPLETE,8.382579989152253,223.37284346805583,276.79753586544547,1725.2930174446842,72.78611512504497,5800.562539607232,5168.8001449837675,1.8724407277753634,62.79015792506243,39.96583271560561,16.327371214526735,29.51376157584899,1.0,True
172,11.780458861787409,287.72028882428816,11351.44929840584,167.20369331005028,0.06101911742238941,0.9389808825776106,0.6383571691471743,0.01607911307918033,0.007769646669872835,0.037170316028676244,COMPLETE,10.740549357580607,254.66798524969929,315.57762208912044,2043.641771865764,152.44393633864664,8479.235995124185,10349.41023096133,2.7352740653700054,85.84737571524963,19.694073166328344,8.831030167322528,50.300729289556415,1.096820885932882,False
173,7.878268045337728,263.7110746767514,6175.37281072418,58.67527775900473,0.08718321450249572,0.9128167854975042,0.39125628324379796,0.04078096221159455,0.04513496804207001,0.0012672343952540555,COMPLETE,7.878268045337728,212.81220015339164,263.7110746767514,1647.1683714787032,58.67527775900473,5197.6331615272,6175.37281072418,1.676591556126482,83.54758607859972,48.36626694653842,5.744225800202393,43.66421832935509,1.0,True
174,7.953285063933757,265.8758040784648,6301.367131500833,60.73083512579951,0.09789556739464822,0.9021044326053518,0.3982424154252496,0.06887584219859852,0.00596491282931034,0.023054567058256727,COMPLETE,7.953285063933757,214.5591151332803,265.8758040784648,1659.1573836952373,60.73083512579951,5290.007975691981,6301.367131500833,1.7064498057203614,83.77581025266709,38.75446366370482,3.969062486820612,33.42460642124961,1.0,True
175,7.502131737835745,250.8748515188842,3898.6340889385783,48.38813020309096,0.47022929217645715,0.5297707078235429,0.3546369849586602,0.20779671588204846,0.24297540980215268,0.01945688597724648,COMPLETE,7.502131737835745,202.45349642722437,250.8748515188842,1583.3045355285178,48.38813020309096,4706.5341233263935,3898.6340889385783,1.5188328009824954,58.31267175724303,38.65268010160573,7.556965367820885,63.2745805054427,1.0,False
176,8.896031152313054,287.4278593889449,6607.817040465141,87.97045390591038,0.36122605763075266,0.6387739423692473,0.4820457481218804,0.10669723133385728,0.009240390588620181,0.24528805569497755,COMPLETE,8.896031152313054,231.95140824828465,287.4278593889449,1799.3728703564252,87.97045390591038,6391.638270637894,6607.817040465141,2.063446953599623,72.87889115667336,58.592271463340964,13.087903357106075,38.8766415819616,1.0,True
177,8.549222563930758,280.4209787860864,5506.947680552252,77.57864597341316,0.36122605763075266,0.6387739423692473,0.4517089373146102,0.07911444057575368,0.2537146828039018,0.02839665247678051,COMPLETE,8.549222563930758,226.29692567058385,280.4209787860864,1749.5412620525894,77.57864597341316,5995.323591777812,5506.947680552252,1.934662783091117,64.65665924562977,39.73632522759958,14.526053548299293,31.753933134656755,1.0,True
178,7.74262425853904,259.4929505387573,6322.148932395764,54.96450659914458,0.009110912825774864,0.9908890871742251,0.3783328882267785,0.0024638334653105842,0.005822360323536343,0.0008247102617285416,COMPLETE,7.74262425853904,209.40821615527176,259.4929505387573,1624.8504728660073,54.96450659914458,5026.814537696036,6322.148932395764,1.6213691343411942,88.42254343100426,38.395369393554816,12.989613687828017,73.65847961521024,1.0,True
179,8.478063438026576,278.9158502830684,5723.31578428786,75.5269925702785,0.3415033867081784,0.6584966132918215,0.44569268908812837,0.024170643905573296,0.1706743410932167,0.14665806217992097,COMPLETE,8.478063438026576,225.08230201993337,278.9158502830684,1739.3055393518819,75.5269925702785,5911.979909682975,5723.31578428786,1.908262035302052,68.20237877985011,50.07707241704678,3.8591711433152107,52.122731274158745,1.0,True
180,8.503022191529853,279.4066072605914,6214.5855095881225,76.22224752249863,0.4609371175115584,0.5390628824884416,0.4475990992289793,0.3473815495038619,0.09226333500378923,0.02129176223144346,COMPLETE,8.503022191529853,225.47833799322464,279.4066072605914,1742.6740165980061,76.22224752249863,5941.80653141991,6214.5855095881225,1.917247311665658,73.61151579605891,70.99502042260595,4.717949787068038,23.093834264929658,1.0,True
181,8.217899309299725,272.87501364037723,5713.157253284731,68.10031361104298,0.3299920230170895,0.6700079769829105,0.4225556872701355,0.1362969335014687,0.08956607811358948,0.10412885008008034,COMPLETE,8.217899309299725,220.20740725764804,272.87501364037723,1700.4229124461851,68.10031361104298,5607.517060004297,5713.157253284731,1.809642300005309,71.74172487903532,56.488064862867496,13.291133541881589,30.096971244359246,1.0,True
182,7.726793053700125,259.0461104037093,5700.973036748877,54.56175967799433,0.18727005942368125,0.8127299405763188,0.37708693101632246,0.07775434495544563,0.012971854894015943,0.09654330217087168,COMPLETE,7.726793053700125,209.04762063468937,259.0461104037093,1622.5010087619607,54.56175967799433,5006.057910405744,5700.973036748877,1.6152677030126568,80.15658848884317,33.464910936679374,3.8562723046104384,53.06644146479334,1.0,True
183,7.500925804970692,250.86136637290866,3813.923876468558,48.367887074785656,0.47022929217645715,0.5297707078235429,0.3546369849586602,0.17152532358363373,0.2116820048965169,0.08702172860328145,COMPLETE,7.500925804970692,202.44261404927357,250.86136637290866,1583.2167837496004,48.367887074785656,4704.737246518053,3813.923876468558,1.5185070277479187,57.097639978112475,21.263381358959442,6.936999605875068,54.78583222783205,1.0,False
184,7.7774014625976475,260.79856552135266,4278.5970854373345,55.992598250435286,0.47022929217645715,0.5297707078235429,0.3823674280979913,0.049537804826635105,0.28923839758496045,0.13145273463952067,COMPLETE,7.7774014625976475,210.4618343900764,260.79856552135266,1631.4694056902445,55.992598250435286,5070.419190117459,4278.5970854373345,1.6368461786063642,59.46378130171912,69.19419746136505,6.547072866558146,52.58275757608693,1.0,True
185,8.060463197882209,268.9133779432813,5880.791687444572,63.734251316943606,0.3288064461501717,0.6711935538498284,0.40857289633941335,0.07633149045276008,0.05125913508100971,0.2012152734131766,COMPLETE,8.060463197882209,217.0104068664486,268.9133779432813,1676.487471466395,63.734251316943606,5418.897333085302,5880.791687444572,1.7492043981044532,76.47581232359406,20.27780789454035,12.54241396069481,72.12320383957419,1.0,True
186,8.453380549465612,278.3245263104683,5233.926565652479,74.78840444537586,0.43155171293779676,0.5684482870622032,0.44329469651469866,0.32895366717914004,0.039958472576472275,0.06263903352845335,COMPLETE,8.453380549465612,224.60510948728478,278.3245263104683,1735.4176169805346,74.78840444537586,5883.908652220418,5233.926565652479,1.8986724638504073,62.619944721477914,25.835802459879787,6.232936056847553,51.61538427797885,1.0,True
187,7.813294985611724,261.82170935546725,4732.863579111225,56.93093387663889,0.36122605763075266,0.6387739423692473,0.38544944828649685,0.25444910385848246,0.008480158271178364,0.09829644675253217,COMPLETE,7.813294985611724,211.28750123276853,261.82170935546725,1636.9238886169826,56.93093387663889,5115.766394231503,4732.863579111225,1.6508515739044214,65.13680364583318,22.64450768687114,2.0911143641177987,24.6726623832987,1.0,False
188,7.569462450624231,253.40661971250313,6009.574925460065,50.21279947577426,0.018443473677266398,0.9815565263227336,0.3612044566247643,0.005788167154964742,0.00768192296291257,0.004973375251855853,COMPLETE,7.569462450624231,204.4966080417929,253.40661971250313,1594.9955717924693,50.21279947577426,4799.041515779797,6009.574925460065,1.5479293958523725,88.04490726969345,56.80572123945924,11.349932735381136,53.27380518436868,1.0,True
189,8.95482940500517,288.50268717012506,5659.49141593056,89.75934150701507,0.4609371175115584,0.5390628824884416,0.4868209952651108,0.1781951924846014,0.2503565657242532,0.03238408186159173,COMPLETE,8.95482940500517,232.8187835194192,288.50268717012506,1807.5067065771925,89.75934150701507,6460.27562531886,5659.49141593056,2.084852488697228,61.67722526510034,50.12549492591553,12.619681664712573,47.62989634800543,1.0,True
190,8.27904486307523,274.274936951743,6951.527482957991,69.78531864422041,0.06101911742238941,0.9389808825776106,0.42763399448000505,0.022522934433336955,0.02260332220462105,0.015892835681289564,COMPLETE,8.27904486307523,221.33713137068705,274.274936951743,1709.2642057337289,69.78531864422041,5680.806706385892,6951.527482957991,1.8324600404822937,86.0533514434039,45.692040839534286,13.277330422876243,71.8708667379186,1.0,True
191,7.989724201249783,266.9842897792529,5332.837217144542,61.77408791954987,0.314471423389942,0.6855285766100581,0.40198829602125374,0.05132685464906514,0.14785240542193712,0.11529199482079604,COMPLETE,7.989724201249783,215.4536520089593,266.9842897792529,1665.3533113210133,61.77408791954987,5333.778807825775,5332.837217144542,1.721415257703631,70.41389340462237,46.25994887791374,9.212430406020008,48.46039444019588,1.0,True
192,8.503008537489464,279.41154922792555,5977.413391554668,76.22463858358763,0.3675355219019429,0.6324644780980571,0.4475990992289793,0.1600691141369829,0.1975437229593951,0.009922465414448273,COMPLETE,8.503008537489464,225.48232611144363,279.41154922792555,1742.7126639536168,76.22463858358763,5941.976594095945,5977.413391554668,1.9172781439785889,70.79383571668363,62.71940046561898,19.73734460904265,51.885272272557245,1.0,True
193,7.948833084096397,265.86380769085116,3762.255848556167,60.65920137145783,0.47022929217645715,0.5297707078235429,0.3982424154252496,0.06196450326139331,0.40517327690697047,0.003090901349168555,COMPLETE,7.948833084096397,214.54943416843997,265.86380769085116,1659.0098477381205,60.65920137145783,5284.314832229285,3762.255848556167,1.7054176404922574,50.125353615538906,35.45204859931854,1.429536142974912,34.80080129484754,1.0,True
194,10.80829939985878,290.3528280342837,9468.765422842984,139.22944477634636,0.12464611457443747,0.8753538854255625,0.5910442791154545,0.03804756805695078,0.07968374626424807,0.006914527498811455,COMPLETE,10.183307867775886,248.6925103661116,308.172976574817,1972.7482346989866,131.17848127297074,7850.605124704722,8921.232643668352,2.5325123974681607,79.92270003109489,32.768166419513896,5.525656845688372,42.61534035559253,1.0613741173494933,False
195,8.007362751386204,267.3822143568107,5990.695435914136,62.22088651428589,0.14101728628565324,0.8589827137143468,0.40323186313391685,0.06469910448569834,0.07430763198499991,0.0020104707221229416,COMPLETE,8.007362751386204,215.77477316380268,267.3822143568107,1667.721680976743,62.22088651428589,5356.050482996933,5990.695435914136,1.727786881320641,78.66300277340528,21.49721625026018,9.164277732158864,54.33330883397168,1.0,True
196,8.175384541198005,271.7469071347554,6781.337348559335,66.87218679271298,0.046551383902949606,0.9534486160970503,0.4183805487625825,0.01918572346185154,0.0095751036251729,0.0177905312559113,COMPLETE,8.175384541198005,219.29703658867626,271.7469071347554,1693.5825471664118,66.87218679271298,5558.044805830243,6781.337348559335,1.7928376028575972,85.79830642887586,22.593083719259326,3.2298996385464265,25.636607292520765,1.0,False
197,9.143744574885865,291.96749677806054,5841.820519003056,95.69275683239381,0.4812236474710556,0.5187763525289444,0.5032241907732697,0.08912388416446453,0.2855969106429827,0.10650249869160303,COMPLETE,9.143744574885865,235.6148502249271,291.96749677806054,1834.047450184517,95.69275683239381,6674.098355353272,5841.820519003056,2.1544020085067226,61.668657480029594,62.68460066742151,15.97009698812396,49.51279377154192,1.0,True
198,7.728195951233773,259.061026242034,5687.899205004105,54.587215741931445,0.16259166101337352,0.8374083389866265,0.37708693101632246,0.07701276216530402,0.06729666409902724,0.018282129195163414,COMPLETE,7.728195951233773,209.05965756705905,259.061026242034,1622.610391913234,54.587215741931445,5008.188615274973,5687.899205004105,1.6156539991760648,79.88799414776744,53.65413496870791,9.532225454976901,29.89889431888878,1.0,True
199,7.937435372222415,265.437282779012,5981.196739865237,60.30050070721357,0.12512144908229766,0.8748785509177024,0.3968055921327309,0.042063668891943955,0.07585990085018528,0.0071978027530840965,COMPLETE,7.937435372222415,214.2052328298349,265.437282779012,1656.6943093664738,60.30050070721357,5270.630345862791,5981.196739865237,1.7002401919786696,79.81282504188721,28.107551792239562,6.197272337572159,36.355930021875984,1.0,True
200,7.741067963573337,259.4828357367246,5759.766658366977,54.938780372220705,0.12464611457443747,0.8753538854255625,0.3783328882267785,0.035515379987421915,0.05710981077831453,0.03202083773536494,COMPLETE,7.741067963573337,209.4000536111794,259.4828357367246,1624.7668974873911,54.938780372220705,5024.668435130751,5759.766658366977,1.62098004658004,80.6353473358699,29.156593474697694,10.787216560090622,32.290943078985386,1.0,True
201,10.639506867360506,290.79810617298915,7607.518626289348,134.61901660476164,0.36122605763075266,0.6387739423692473,0.5829238882225991,0.1155430678826634,0.22410021368561378,0.021582546416796196,COMPLETE,10.08420186687023,247.5937600938064,306.811435202179,1960.1336541694245,127.59288146394631,7737.601201724527,7210.461395426408,2.496785457763382,65.58833033205241,46.453276487545196,10.178849105244025,47.36791417891362,1.0550668270847123,False
202,9.245391412600357,293.71611428996385,6649.745802706749,98.92431682884329,0.36122605763075266,0.6387739423692473,0.5118026725746952,0.13989135874516778,0.059322044004700286,0.16201248081566222,COMPLETE,9.245391412600357,237.02596707085794,293.71611428996385,1847.8934385068817,98.92431682884329,6789.359331180826,6649.745802706749,2.191397840520205,69.00155748768208,45.959193431483655,2.7208202584885632,33.68242088599089,1.0,True
203,7.5942344418983945,254.40306176839013,5389.728227229326,50.92217587850318,0.17053317552512925,0.8294668244748707,0.3639351238159993,0.05446982549153592,0.05967393714991412,0.05638931869087953,COMPLETE,7.5942344418983945,205.30072681647314,254.40306176839013,1599.652487315821,50.92217587850318,4832.399930101882,5389.728227229326,1.5591018505364338,78.47990895367082,38.74783909751892,11.366387041421946,32.09530389491418,1.0,True
204,8.063361666181162,268.94614481864556,4999.083095789959,63.794124392680814,0.3288064461501717,0.6711935538498284,0.40857289633941335,0.044820953877221285,0.27581771827182605,0.008167452689823135,COMPLETE,8.063361666181162,217.0368494071988,268.94614481864556,1676.7573132825626,63.794124392680814,5423.5427546323845,4999.083095789959,1.7500466116587403,64.86917912911449,33.09946033711949,11.81300758834139,39.018001875242085,1.0,True
205,8.900682869837192,287.39909151986336,8063.027535936611,88.04301336595027,0.007196744314877934,0.9928032556851221,0.4816914262116908,0.004343625019235338,0.00016945252297825416,0.002683659803888355,COMPLETE,8.900682869837192,231.92819286561453,287.39909151986336,1799.379574935046,88.04301336595027,6400.117533941758,8063.027535936611,2.064319293271272,88.57336695828138,29.40975533295503,7.045187042271088,30.62103796750891,1.0,False
206,8.829745348008386,286.08767718960286,6679.091235341822,85.90959734472203,0.21449701368750917,0.7855029863124908,0.47588001872833696,0.07531370896649923,0.07568199769462891,0.06350120672459526,COMPLETE,8.829745348008386,230.86989461523763,286.08767718960286,1789.6293655497313,85.90959734472203,6317.984070599593,6679.091235341822,2.0385223779740804,74.39816164316358,23.880061636740507,11.199063017147243,27.902385143951534,1.0,True
207,7.769589076883735,260.3658562441048,6326.689069416335,55.70221821835426,0.018443473677266398,0.9815565263227336,0.38093716065077976,0.00468890384082771,0.008087412266766252,0.005667142157927522,COMPLETE,7.769589076883735,210.11264233043013,260.3658562441048,1629.3562073744204,55.70221821835426,5061.19062639922,6326.689069416335,1.632488890765689,87.89045435141627,40.758905226204355,14.229614367786956,38.59495627676497,1.0,True
208,9.126589537719045,291.6309008804103,6838.424074673049,95.12857249926245,0.314471423389942,0.6855285766100581,0.5015757117343571,0.050646235594785385,0.15006185463151323,0.113763166899867,COMPLETE,9.126589537719045,235.34322070148232,291.6309008804103,1831.462902094018,95.12857249926245,6655.19392442445,6838.424074673049,2.147880975827253,72.3645943030087,21.587627882452537,19.512630209729608,63.9600413490677,1.0,False
209,7.6872864974279285,257.6878101505682,5615.839333968913,53.46777524570759,0.12464611457443747,0.8753538854255625,0.3730939729486379,0.03490123931380307,0.07028652555506382,0.019458264660025686,COMPLETE,7.6872864974279285,207.95148591340705,257.6878101505682,1615.6819734383735,53.46777524570759,4955.359784562496,5615.839333968913,1.598582649782208,79.71295386312138,24.467315995141597,0.023393493254820097,46.89030390875192,1.0,True
210,8.452871087811454,278.3257876810051,5921.784904042638,74.78027366828928,0.3288064461501717,0.6711935538498284,0.44329469651469866,0.11905509410712543,0.13271827822352192,0.07703286432930476,COMPLETE,8.452871087811454,224.60612740069433,278.3257876810051,1735.4188139941216,74.78027366828928,5883.324959047789,5921.784904042638,1.8985666404506252,70.8635492929362,45.59486481010907,6.18338181331028,62.62222689868067,1.0,True
211,8.065466768279483,268.94804009646555,6512.378842858907,63.82749323429493,0.08474637334304624,0.9152536266569538,0.40857289633941335,0.008723991339739261,0.020016005970634045,0.05600631349234825,COMPLETE,8.065466768279483,217.03837887744675,268.94804009646555,1676.8035579508178,63.82749323429493,5426.130848306122,6512.378842858907,1.7505158322772982,84.43337702647314,63.149964688915084,8.423482084936301,39.54463246755501,1.0,False
212,9.14314512608349,291.96039221022505,5711.74281339146,95.67597843917903,0.4812236474710556,0.5187763525289444,0.5032241907732697,0.12864244394657848,0.19885375568741662,0.15372693690977896,COMPLETE,9.14314512608349,235.60911690972952,291.96039221022505,1833.9709864867227,95.67597843917903,6673.030181673081,5711.74281339146,2.154208348934029,60.32142665353013,47.402322458009635,4.325374036418639,46.24118852765872,1.0,True
213,7.79750490121306,261.5307999588647,4769.992889336167,56.58388331820972,0.47022929217645715,0.5297707078235429,0.3847607178575389,0.007717306656421762,0.05272593280368114,0.4097853406334209,COMPLETE,7.79750490121306,211.05274025880422,261.5307999588647,1635.196466790549,56.58388331820972,5094.396961558696,4769.992889336167,1.6456847765824727,66.11088804774731,49.18843106376734,13.829616650992872,43.222776940043794,1.0,True
214,8.273684801482844,274.25391478725027,4477.250698679291,69.68679422928325,0.45269098820963183,0.5473090117903682,0.42763399448000505,0.08034227957544832,0.3197710538480741,0.05257707883044225,COMPLETE,8.273684801482844,221.32016669416308,274.25391478725027,1709.0217929928317,69.68679422928325,5673.488762619893,4477.250698679291,1.8311332994391467,55.57428918678519,55.513750733801814,-1.279749318498999,51.88150157483773,1.0,True
215,9.02085624841906,289.6787312043911,7341.888344839131,91.78027764033308,0.15965681879520743,0.8403431812047926,0.49225214872619755,0.04882795462669202,0.043961649201146515,0.06686714557575481,COMPLETE,9.02085624841906,233.76783929463159,289.6787312043911,1816.4755413642893,91.78027764033308,6536.06756856707,7341.888344839131,2.1087860737804,79.0436140759701,38.86441716275673,6.9611455460361,29.69556008754666,1.0,True
216,8.346945235050914,275.8563053125084,7189.187813750853,71.70574967523477,0.018443473677266398,0.9815565263227336,0.43359393927098344,0.004478658858919783,0.0069804009323734,0.006984406538662012,COMPLETE,8.346945235050914,222.6132798241412,275.8563053125084,1719.3567126814876,71.70574967523477,5760.762244266148,7189.187813750853,1.858140855287171,87.74493230338399,16.088617404730595,0.03102324941470691,43.87713699991652,1.0,True
217,8.826205685863533,286.06551973177596,6400.604891672754,85.82946289451115,0.47743264033159705,0.522567359668403,0.47588001872833696,0.29375423584739213,0.03729160431343617,0.14638640207419293,COMPLETE,8.826205685863533,230.8520137683459,286.06551973177596,1789.3766994765872,85.82946289451115,6312.606116669979,6400.604891672754,2.0375473565152213,71.43389487685138,68.58160498056847,2.687536275100047,31.325335249542313,1.0,True
218,8.92866514626271,288.00205262220345,6243.331455626257,88.94662817654729,0.36122605763075266,0.6387739423692473,0.48453365659349595,0.139288821915972,0.15347409501285372,0.0684628978006036,COMPLETE,8.92866514626271,232.41477644559197,288.00205262220345,1803.7559825512487,88.94662817654729,6430.456625890335,6243.331455626257,2.075153713926196,68.35533888192613,50.93725294642894,11.37773439196239,37.82584955060337,1.0,True
219,7.687007973432249,257.6842327985656,5635.848988917347,53.46254867915746,0.14660538584903227,0.8533946141509677,0.3730939729486379,0.06216309967957646,0.0497847394424815,0.03465739525113019,COMPLETE,7.687007973432249,207.9485990261144,257.6842327985656,1615.6570561411206,53.46254867915746,4954.917913989282,5635.848988917347,1.5985025387778071,80.015053948155,42.873178719367104,7.0560171971634595,28.873681378827982,1.0,True
220,8.063121392151256,268.9411817469868,4785.78721899935,63.78812014071916,0.3978963347180505,0.6021036652819495,0.40857289633941335,0.16154032012517386,0.21378111861640137,0.022574655774412967,COMPLETE,8.063121392151256,217.03284425800086,268.9411817469868,1676.7195749363434,63.78812014071916,5423.076993682573,4785.78721899935,1.749962169336119,62.115553666214296,40.03408802513403,6.9839529638498465,21.8945637833247,1.0,True
221,10.731872144464274,290.5570077203519,7524.753222105574,137.13943681449078,0.36122605763075266,0.6387739423692473,0.5874737131177545,0.1549849957616374,0.18548114444738087,0.02075971142725998,COMPLETE,10.13817088896738,248.2077798827485,307.5723117792643,1967.1219664768078,129.55270313756208,7798.543787199694,7108.473995598689,2.516372888422504,64.15107953854852,31.735881737853603,6.76987421400319,51.18537799663497,1.058560983238404,False
222,7.931680892656882,265.4014824605727,4632.949795943551,60.199413615968865,0.39480907139727694,0.605190928602723,0.3968055921327309,0.02732878976374306,0.2193330037729828,0.14814697822282025,COMPLETE,7.931680892656882,214.17634233085755,265.4014824605727,1656.372402497649,60.199413615968865,5262.567509483707,4632.949795943551,1.6987784021248022,62.03242134888216,24.460551455861008,11.295036889942521,33.16692590983365,1.0,True
223,9.252401324652176,293.75049017023224,8540.033774527912,99.09329649647988,0.013255655270810907,0.986744344729189,0.5118026725746952,0.0022647054540906484,0.004355053146097587,0.006635889235944127,COMPLETE,9.252401324652176,237.05370806247572,293.75049017023224,1848.3478967858528,99.09329649647988,6799.939613012254,8540.033774527912,2.193316042490961,88.30185103194444,25.318421199857866,15.719413311327248,52.87162567774391,1.0,False
224,7.74262425853904,259.4929505387573,6323.370915686202,54.96450659914458,0.009110912825774864,0.9908890871742251,0.3783328882267785,0.0024638334653105842,0.005822360323536343,0.0008247102617285416,COMPLETE,7.74262425853904,209.40821615527176,259.4929505387573,1624.8504728660073,54.96450659914458,5026.814537696036,6323.370915686202,1.6213691343411942,88.43963427649464,62.79999070518005,11.930102810763175,28.468490026825883,1.0,False
225,8.897808468476931,287.5063100673273,5844.50173949499,88.05160108484532,0.43573029509385885,0.5642697049061411,0.4824591504120131,0.03160060545992067,0.10242970522274829,0.3016994353964882,COMPLETE,8.897808468476931,232.01471716123245,287.5063100673273,1799.885484686337,88.05160108484532,6392.739973689165,5844.50173949499,2.064422515168494,64.49570339314167,23.898166060795763,9.854091142134546,41.056127275362556,1.0,True
226,9.143818872749804,291.96448174943987,5589.794956604622,95.69234596406368,0.4438520913791499,0.5561479086208501,0.5032241907732697,0.09757260849167,0.21028981532979504,0.1359892800300067,COMPLETE,9.143818872749804,235.6124171269805,291.96448174943987,1834.0210869110329,95.69234596406368,6674.0721990677475,5589.794956604622,2.1543972663798834,59.0129685298121,33.048695631301904,4.736528492403295,38.23193891826786,1.0,True
227,7.811109751110152,261.7309455266019,4742.404995843994,56.861408630571546,0.348507870497634,0.651492129502366,0.38512010492828175,0.22430368792538835,0.11723385830211928,0.006970050065188733,COMPLETE,7.811109751110152,211.21425573051243,261.7309455266019,1636.4761667062976,56.861408630571546,5113.473120547104,4742.404995843994,1.649817732510079,65.25555115984129,27.747740212224503,6.591495661248059,31.94241127603653,1.0,True
228,7.895237082923085,264.2220865458939,6163.305868405978,59.144978739329844,0.09170225492671691,0.9082977450732831,0.39289750461585077,0.02212602969270484,0.038162933177155446,0.0314132193318153,COMPLETE,7.895237082923085,213.2245816216709,264.2220865458939,1649.9528973281754,59.144978739329844,5218.521353606215,6163.305868405978,1.683458623810176,83.07213588848633,37.87911351917983,6.530056410390474,35.34812203228669,1.0,True
229,8.825095349117776,286.06393943063586,5372.132998541339,85.80747773509331,0.47743264033159705,0.522567359668403,0.47588001872833696,0.18375329213291686,0.13961556957785895,0.1540635267681128,COMPLETE,8.825095349117776,230.85073848112881,286.06393943063586,1789.343431386502,85.80747773509331,6311.1302289647065,5372.132998541339,2.037279778510214,59.98270206734275,33.67827151011316,10.032412377604684,37.617930925860016,1.0,True
230,8.5512393319577,280.42410159082914,6705.154482447651,77.61603440426565,0.16259166101337352,0.8374083389866265,0.4517089373146102,0.04857134578373184,0.05743126226059319,0.05658898918616251,COMPLETE,8.5512393319577,226.2994457427832,280.42410159082914,1749.6006421002378,77.61603440426565,5997.959768961991,6705.154482447651,1.935140721235915,78.65987958709312,29.720903908902216,11.313110195636641,35.001102832336755,1.0,False
231,7.938450946934177,265.4414253925989,6583.709659284866,60.31738761647518,0.018443473677266398,0.9815565263227336,0.3968055921327309,0.003688916438193518,0.007495851838230156,0.007258693275910953,COMPLETE,7.938450946934177,214.20857587757337,265.4414253925989,1656.7369701020177,60.31738761647518,5271.976625155387,6583.709659284866,1.7004842720167437,87.80530534186943,45.94704190825461,2.36282976305788,34.587046373158145,1.0,True
232,8.960042590220752,288.5213135845099,7949.707842608849,89.87261727794076,0.05056133806139512,0.9494386619386048,0.4868209952651108,0.030231883274681917,0.017654900128374194,0.0026745228592137916,COMPLETE,8.960042590220752,232.83381484956368,288.5213135845099,1807.7653535373702,89.87261727794076,6467.713082546474,7949.707842608849,2.0862008974956634,86.42448901149892,59.819781796013444,0.9708221965402823,32.98929240563512,1.0,True
233,8.367048023640429,276.3364271544839,6830.891792592861,72.28779570284046,0.08474637334304624,0.9152536266569538,0.43545214831324025,0.01702067108893982,0.047386036380972545,0.020339598272387634,COMPLETE,8.367048023640429,223.00073334939697,276.3364271544839,1722.4377532273556,72.28779570284046,5784.092283709774,6830.891792592861,1.8658578452414378,83.05975174247097,21.061716130120118,11.219580077256715,33.45587428963671,1.0,False
234,7.813390519252394,261.8232250565748,5811.736634867355,56.932934625751,0.36122605763075266,0.6387739423692473,0.38544944828649685,0.24989026220409633,0.021641457779100218,0.08969344763737126,COMPLETE,7.813390519252394,211.28872438840534,261.8232250565748,1636.9347034457048,56.932934625751,5115.930443350835,5811.736634867355,1.6508813159612985,79.97814681396765,72.81196995980794,15.969740517610187,50.62149747492556,1.0,False
235,8.896256853633309,287.37491532240233,6434.281729567659,87.94320037089858,0.36122605763075266,0.6387739423692473,0.4816914262116908,0.25414581686931115,0.022010005179873605,0.08506933041478207,COMPLETE,8.896256853633309,231.90868291602547,287.37491532240233,1799.0897363083698,87.94320037089858,6393.4981990395245,6434.281729567659,2.0631192098087654,70.849138284574,39.80340040094744,11.678086095721426,41.94268923385668,1.0,False
236,7.567527114875448,253.3925830836721,5458.047424613505,50.18233707622444,0.17053317552512925,0.8294668244748707,0.3612044566247643,0.05522605736123576,0.06999280477715265,0.04531423769377249,COMPLETE,7.567527114875448,204.48528062269256,253.3925830836721,1594.8913284105204,50.18233707622444,4796.385746713539,5458.047424613505,1.547447905705141,80.06504449218995,67.624137126833,10.874576682653904,37.44826123737597,1.0,True
237,9.345211885626723,293.8043171535258,8603.222857862438,101.41970480677963,0.023001321010876374,0.9769986789891236,0.5170403787375051,0.0045220216034928505,0.010400485644123951,0.008078702735648988,COMPLETE,9.313689083023721,237.89961702167213,294.79871748308176,1856.7691335456882,101.07760091723637,6869.313877267406,8574.202895638238,2.215723065910272,87.76319301456074,35.017933517347856,13.710113495363718,62.202297948056824,1.003384566772844,False
238,7.502330171030461,250.86605186044494,4726.813763728833,48.38731596180602,0.3288064461501717,0.6711935538498284,0.3546369849586602,0.15184590074113824,0.078057884471876,0.09890239374799328,COMPLETE,7.502330171030461,202.44639519086047,250.86605186044494,1583.2610695260494,48.38731596180602,4706.461854451077,4726.813763728833,1.5188196986567484,70.71513517309327,50.7098111285972,-0.055387679365999976,32.35080146628858,1.0,False
239,7.813058589554309,261.83327833497384,4564.465563780439,56.932480786992,0.36122605763075266,0.6387739423692473,0.38544944828649685,0.08427898524861119,0.24669640277698385,0.03025036943677743,COMPLETE,7.813058589554309,211.29683728354055,261.83327833497384,1636.991892411034,56.932480786992,5115.89323161082,4564.465563780439,1.6508745694838256,62.80376404598206,28.70834243439178,9.977401853299924,32.85985973441482,1.0,False
240,7.567182980207446,253.39028512195,5279.579982847994,50.17699806720387,0.17053317552512925,0.8294668244748707,0.3612044566247643,0.02917135557311851,0.08403115913479726,0.05733056505215449,COMPLETE,7.567182980207446,204.48342619056243,253.39028512195,1594.8738760785657,50.17699806720387,4795.920200994137,5279.579982847994,1.5473635024037296,77.4643340847796,37.36271499579562,8.207403825501272,31.34737948224597,1.0,True
241,8.236855158899154,273.3517284507284,5501.56698722537,68.6403742721354,0.3531211135782481,0.6468788864217518,0.42431929685034725,0.11449875568567125,0.11472037748557529,0.12390179932571127,COMPLETE,8.236855158899154,220.59211134245328,273.3517284507284,1703.366093066133,68.6403742721354,5629.763331146484,5501.56698722537,1.816985270323543,68.82855107172733,34.31031788527131,13.169699397525727,46.33637493800196,1.0,True
242,8.45545849822298,278.3377221579533,6834.133670189361,74.83118928649712,0.12464611457443747,0.8753538854255625,0.44329469651469866,0.03620073181612327,0.03887045923691135,0.04957487207490604,COMPLETE,8.45545849822298,224.61575840424675,278.3377221579533,1735.555012315584,74.83118928649712,5886.979585980459,6834.133670189361,1.8992292232339876,81.67193448986282,29.875329106871803,4.341072797231618,49.9426643059044,1.0,False
243,7.700997923962118,258.14268094764014,5958.6647802453,53.83886178034866,0.09170225492671691,0.9082977450732831,0.3744046341925699,0.03417364110034153,0.03155475362232073,0.025973800071864343,COMPLETE,7.700997923962118,208.3185620979361,258.14268094764014,1617.9668152170896,53.83886178034866,4973.112019031302,5958.6647802453,1.6042608142389796,84.27228380228706,45.0409631715622,9.900039782762565,60.057913680507795,1.0,True
244,8.457552862872891,278.34929095450843,7439.074002198439,74.87341921552937,0.007196744314877934,0.9928032556851221,0.44329469651469866,0.005708753707335729,0.0006934504801741103,0.0007945307620667001,COMPLETE,8.457552862872891,224.6250943073788,278.34929095450843,1735.6800863232636,74.87341921552937,5890.009851251166,7439.074002198439,1.8997786094324645,88.79509634345249,64.08612891550403,11.455000570487416,76.92458572565955,1.0,False
245,8.031280594303452,268.0350693462679,6455.470959401722,62.88235352969462,0.08474637334304624,0.9152536266569538,0.4054563366576581,0.020710375054890963,0.007305772469203772,0.056730168320580726,COMPLETE,8.031280594303452,216.30162061174477,268.0350693462679,1671.477096423863,62.88235352969462,5384.828828255134,6455.470959401722,1.737179008135493,84.336377431188,25.22019408925352,2.503944017948952,40.523104262097974,1.0,False
246,8.45397041167402,278.3366665985965,5467.156166066808,74.80494881540535,0.331261142176991,0.668738857823009,0.44329469651469866,0.11041446924503162,0.21415309983739753,0.00669335364214244,COMPLETE,8.45397041167402,224.6149065784014,278.3366665985965,1735.5217372938862,74.80494881540535,5885.096245905594,5467.156166066808,1.8988877742347294,65.37235648224262,44.51490845409015,2.4219196792406907,52.78751970194658,1.0,True
247,9.01585211323016,289.6565491937228,5882.433608632556,91.66729648488615,0.4277302920055036,0.5722697079944964,0.49225214872619755,0.11743688415572559,0.161329726498935,0.14896351445597697,COMPLETE,9.01585211323016,233.7499386338424,289.6565491937228,1816.1858091749796,91.66729648488615,6528.725054778113,5882.433608632556,2.107454878199348,63.48568628049103,46.4573943396213,9.020927068783829,37.223248617639214,1.0,True
248,8.660947196398432,282.70961285227156,6738.032888015856,80.84019031456431,0.18713539787806016,0.8128646021219399,0.4611926441200673,0.06466313258398737,0.11153084589061582,0.010941206865145525,COMPLETE,8.660947196398432,228.14383047565462,282.70961285227156,1765.44377279326,80.84019031456431,6124.838521633108,6738.032888015856,1.9759416689337201,77.3871134993568,54.0713035500719,11.012065491383028,24.92793528425814,1.0,True
249,8.899276352598664,287.3925108337122,7691.381210182692,88.0119452270816,0.07821852133554302,0.9217814786644569,0.4816914262116908,0.014155692870665785,0.03214371839679844,0.03191905965110489,COMPLETE,8.899276352598664,231.92288231769743,287.3925108337122,1799.2970502731896,88.0119452270816,6398.057569003246,7691.381210182692,2.0639458222364073,84.55385453703005,59.10106228723237,13.25974138299449,38.25769370267927,1.0,False
250,8.961515366523331,288.6354957683656,6060.428692094463,89.970849290529,0.4063997836287513,0.5936002163712487,0.487475867147455,0.1398254844609822,0.15910660976213062,0.10746747204508307,COMPLETE,8.961515366523331,232.92595873011336,288.6354957683656,1808.4778000652313,89.970849290529,6467.380357445437,6060.428692094463,2.08736955842209,66.00136843276499,54.24741851402812,9.475086720466974,37.14149469909065,1.0,True
251,11.931159904530224,287.30879433753574,10229.409055329057,171.75870567126685,0.21449701368750917,0.7855029863124908,0.6458003191468613,0.06229742069965368,0.07859024759869557,0.07360926242229203,COMPLETE,10.825053378196833,255.54635603420874,316.6660752106082,2054.360475221534,155.83540677847202,8573.336980117596,9281.067384680828,2.7663029446740017,76.19232088177326,40.49990541338349,5.28415706526831,44.59033860162147,1.1021802376107672,False
252,9.12499905529733,291.62125847972857,6041.201262021683,95.0901043088185,0.3766890926294708,0.6233109073705292,0.5015757117343571,0.08940727201507084,0.12469327780287587,0.1625883051902768,COMPLETE,9.12499905529733,235.33543938055618,291.62125847972857,1831.3451599720333,95.0901043088185,6652.737694268711,6041.201262021683,2.1474356620255572,63.98245929591428,37.83849849761003,7.760276586425741,24.8070023608922,1.0,True
253,7.761611064705769,260.3074391006704,4579.022941327153,55.566375776075304,0.43573029509385885,0.5642697049061411,0.38093716065077976,0.07700438235280611,0.1328170095987528,0.22590865004009564,COMPLETE,7.761611064705769,210.06550027985003,260.3074391006704,1628.883533951675,55.566375776075304,5049.926518247386,4579.022941327153,1.630446711285037,63.92978287306744,30.63422124844623,13.522088641374301,41.8343494262154,1.0,True
254,8.171299000051418,271.73036458534256,4526.050468659114,66.79908197036514,0.47022929217645715,0.5297707078235429,0.4183805487625825,0.20779671588204846,0.24297540980215268,0.01945688597724648,COMPLETE,8.171299000051418,219.2836869167256,271.73036458534256,1693.3991725165,66.79908197036514,5552.5013261565355,4526.050468659114,1.7918325716302281,57.38288742941216,30.45369378060638,13.038197025750538,34.409640499665656,1.0,True
255,7.895034481867711,264.22094821352044,6133.672091362332,59.14152120904,0.09170225492671691,0.9082977450732831,0.39289750461585077,0.007361258119937526,0.04626148967418188,0.03807941897457431,COMPLETE,7.895034481867711,213.22366299882887,264.22094821352044,1649.942507714926,59.14152120904,5218.243073592522,6133.672091362332,1.6834081717258942,82.68296860494198,14.754532772782817,14.355648013580105,26.980680541567125,1.0,True
256,8.828384741581818,286.0833743341665,5797.269203462869,85.88125674905736,0.36122605763075266,0.6387739423692473,0.47588001872833696,0.15175896121362842,0.15250107198701376,0.05696582231956486,COMPLETE,8.828384741581818,230.866422253929,286.0833743341665,1789.5683215935899,85.88125674905736,6316.082366431647,5797.269203462869,2.0381775995701714,64.61451201569454,23.427550657492958,14.693023556874746,33.25806349761093,1.0,False
257,10.642373283002192,290.793467742565,8293.407209531279,134.70076209946419,0.36122605763075266,0.6387739423692473,0.583144074778231,0.13153981306903034,0.1544953765338574,0.07519066354749471,COMPLETE,10.085781850298263,247.61771806552383,306.84112326735624,1960.3714993969395,127.65597160306261,7738.81250855433,7859.665667301899,2.4974182866775325,71.50777911982273,69.6605922001304,7.306035905629269,57.252802218887666,1.0551857496984698,False
258,9.25254560696097,293.75127768490535,8518.75655760161,99.09682899944019,0.013255655270810907,0.986744344729189,0.5118026725746952,0.007282469973723461,0.005059976946805202,0.0009131992887879066,COMPLETE,9.25254560696097,237.05434357894177,293.75127768490535,1848.3580049052223,99.09682899944019,6800.160698873808,8518.75655760161,2.1933561252923544,88.07466589956539,19.616398989682562,14.575757010486413,37.63225296255766,1.0,True
259,8.849112837330415,286.41484164759913,7911.823534542544,86.47011976275337,0.018443473677266398,0.9815565263227336,0.4772666027740929,0.006372994084633203,0.010992127858820202,0.0010783307867083991,COMPLETE,8.849112837330415,231.13391306119604,286.41484164759913,1792.1055602643842,86.47011976275337,6341.180616764469,7911.823534542544,2.045330077212242,87.72207701478685,42.1682315692775,3.1779897230468204,50.49893666778974,1.0,False
260,8.031887905632987,268.0396543113053,6533.177348957869,62.8937278163706,0.08474637334304624,0.9152536266569538,0.4054563366576581,0.04652068606451133,0.009483330634025035,0.028742282008177657,COMPLETE,8.031887905632987,216.30532063268026,268.0396543113053,1671.5176045205399,62.8937278163706,5385.717305037495,6533.177348957869,1.73734008871369,85.31697249305641,47.02158225062421,15.738422465925161,52.282347773803615,1.0,True
261,7.499038619349894,250.8312476359277,3974.119617335141,48.33283104911247,0.47022929217645715,0.5297707078235429,0.3546369849586602,0.20525585138922656,0.030206723871164416,0.23476630896325443,COMPLETE,7.499038619349894,202.4183085297173,250.8312476359277,1583.0321472046503,48.33283104911247,4701.624639019369,3974.119617335141,1.517942712927832,59.593526905324175,30.90590875068748,8.823775029586683,24.282269466859816,1.0,False
262,11.426775544809226,288.7009093624684,8051.259558705448,156.79871870638428,0.43573029509385885,0.5642697049061411,0.6219063155284208,0.12301950414670769,0.12065552559566266,0.19205502477002212,COMPLETE,10.53780451592209,252.63287460898607,313.05576848410277,2018.7203492044182,144.6002189852693,8246.443241403498,7424.894188555942,2.6621958469249525,63.46115272420527,36.137295359512635,7.027034379252049,40.87458859093457,1.0843601746022091,False
263,9.252379892223093,293.75039635004737,8531.538171821707,99.09278700775394,0.013255655270810907,0.986744344729189,0.5118026725746952,0.001142940339077479,0.004799541272673205,0.00731316546557892,COMPLETE,9.252379892223093,237.0536323505247,293.75039635004737,1848.34661297858,99.09278700775394,6799.907725742869,8531.538171821707,2.1933102613384405,88.21500756203288,47.03504755043955,19.839959151365495,32.63345851148719,1.0,False
264,7.668988283552654,257.0218839550683,6191.191701990486,52.951849703102894,0.018443473677266398,0.9815565263227336,0.3711706242201289,0.011574381906371032,0.00423032026952779,0.0026387334580577665,COMPLETE,7.668988283552654,207.41409013290058,257.0218839550683,1612.396523837483,52.951849703102894,4931.548847945141,6191.191701990486,1.5906562270729487,88.2662492263981,65.43818294323641,12.591849611659569,35.277388463622586,1.0,False
265,8.448944697174898,278.30317050223056,5134.952504226726,74.70068927518813,0.4277302920055036,0.5722697079944964,0.44329469651469866,0.060020857526451345,0.17783831495505004,0.1898709224847886,COMPLETE,8.448944697174898,224.58787556359505,278.30317050223056,1735.1772389069604,74.70068927518813,5877.6101115800175,5134.952504226726,1.8975305402928122,61.58048979092981,63.47293506268743,3.1829866004962075,32.39293127737841,1.0,True
266,8.217258764696489,272.87083318770283,5782.022409903763,68.0879250460127,0.3288064461501717,0.6711935538498284,0.4225556872701355,0.10618584109284035,0.09349678417742936,0.12912367534133024,COMPLETE,8.217258764696489,220.2040336741443,272.87083318770283,1700.3823499066054,68.0879250460127,5606.586146877399,5782.022409903763,1.809473525730383,72.63433587882069,40.884170186476304,-1.169641381888391,66.7331546289633,1.0,True
267,8.45749416340323,278.3489026382202,7421.281773031166,74.87220180456548,0.007196744314877934,0.9928032556851221,0.44329469651469866,0.0033866861542949443,0.00041138561239330176,0.003398666992277104,COMPLETE,8.45749416340323,224.6247809400173,278.3489026382202,1735.6760833164165,74.87220180456548,5889.922505954199,7421.281773031166,1.899762773755925,88.58601977016798,26.597407245214313,19.721616952225478,36.88029603834893,1.0,True
268,7.506204307285455,250.89901322604,5882.523540898126,48.44848291020054,0.018443473677266398,0.9815565263227336,0.3546369849586602,0.007325673697146879,0.010739618487436785,0.00037816909379766097,COMPLETE,7.506204307285455,202.47299468328205,250.89901322604,1583.4885913955045,48.44848291020054,4711.889144837407,5882.523540898126,1.5198036648006368,87.77446778805856,27.143838163145492,17.40712332276139,67.70884089522599,1.0,False
269,8.29902228540998,274.7825004179228,6167.982451520614,70.36748931615959,0.24631255214542958,0.7536874478545704,0.42956071030451765,0.10810757212529717,0.12220541453315668,0.015999375260096378,COMPLETE,8.29902228540998,221.7467300122595,274.7825004179228,1712.44081745447,70.36748931615959,5704.001381330566,6167.982451520614,1.840281054088532,76.07857813188015,63.40755933773227,12.911725189448273,32.50509799683463,1.0,True
270,8.553696695321259,280.43699427432506,7516.81022371512,77.66651319649557,0.018443473677266398,0.9815565263227336,0.4517089373146102,0.006807721348713349,0.006832019139410472,0.004803725601534702,COMPLETE,8.553696695321259,226.30985000943755,280.43699427432506,1749.7454527777202,77.66651319649557,6001.517937519626,7516.81022371512,1.935785816144376,88.06153341022238,46.96549779745649,15.708282984953447,56.41666355073677,1.0,False
271,7.81564079423605,261.8466814812647,5705.382491827573,56.974878702163274,0.15965681879520743,0.8403431812047926,0.38544944828649685,0.040240343484254544,0.11778912566154114,0.0016272063292390197,COMPLETE,7.81564079423605,211.3076534885658,261.8466814812647,1637.1137330623255,56.974878702163274,5119.368952969833,5705.382491827573,1.6515047167395305,78.3876689958576,42.66763102758445,14.892136711797487,54.27136648271234,1.0,False
272,7.501532575668813,250.85934212028002,4325.770096445883,48.37475804128543,0.3925879806965068,0.6074120193034932,0.3546369849586602,0.18299909010597734,0.09245035592814725,0.11713821820833668,COMPLETE,7.501532575668813,202.44098049764477,250.85934212028002,1583.2146438316574,48.37475804128543,4705.3471874208,4325.770096445883,1.5186176098534172,64.74888309058164,34.712897083161174,12.612377647166861,26.25162276002179,1.0,False
273,7.815285520634331,261.8918102833177,5319.611221957818,56.98898109357954,0.23433032099706314,0.7656696790029369,0.38564537488042155,0.011761286852318267,0.13233909692626877,0.09022972832677824,COMPLETE,7.815285520634331,211.34407198053452,261.8918102833177,1637.3006851339755,56.98898109357954,5118.49668284064,5319.611221957818,1.6517142656213712,73.16655475951445,20.7822748800849,9.019580679189954,38.80977046115088,1.0,True
274,8.032856616696765,268.0463543199058,6795.781247529373,62.911592640250326,0.007196744314877934,0.9928032556851221,0.4054563366576581,0.0009463058656448389,0.0010230745191953348,0.0052273558781694195,COMPLETE,8.032856616696765,216.31072747262078,268.0463543199058,1671.5780810258336,62.911592640250326,5387.112617444558,6795.781247529373,1.737593058440933,88.69243274394576,55.39721636805102,7.170840113052103,51.67058931884381,1.0,True
275,8.553283466359021,280.43481551888135,7335.506454294076,77.65801751498095,0.046551383902949606,0.9534486160970503,0.4517089373146102,0.018347967111802813,0.015256538672388048,0.012946857668864777,COMPLETE,8.553283466359021,226.30809177558206,280.43481551888135,1749.7210138935568,77.65801751498095,6000.9191695444515,7335.506454294076,1.9356772596873457,85.95738817492064,27.799631578228514,14.06270681176282,27.665597043296813,1.0,True
276,7.888954895699326,264.17420476326964,5462.638664652588,59.03234076563933,0.4113002803298291,0.5886997196701709,0.39289750461585077,0.13123099098580288,0.0548059231626443,0.22526293484420237,COMPLETE,7.888954895699326,213.18594150191097,264.17420476326964,1649.550325056575,59.03234076563933,5209.451582048016,5462.638664652588,1.681814276905771,73.91917028594618,45.14254265102326,9.316981713372227,66.78260007829881,1.0,True
277,7.500985459547599,250.8547393028268,4180.370041312031,48.3661449923695,0.43573029509385885,0.5642697049061411,0.3546369849586602,0.20405950913637233,0.10219075333418959,0.1294796828282422,COMPLETE,7.500985459547599,202.4372660699882,250.8547393028268,1583.182799566447,48.3661449923695,4704.582593831618,4180.370041312031,1.51847898926155,62.594528158277384,26.346046496476752,11.5404481130437,44.38144579992519,1.0,False
278,7.71438364323066,258.5630051571053,6288.366989518961,54.193270705459376,0.007196744314877934,0.9928032556851221,0.3756042394981304,0.002352247715184735,0.0003461713599307997,0.0044983205645920555,COMPLETE,7.71438364323066,208.6577595317324,258.5630051571053,1620.1093984667061,54.193270705459376,4990.50818422217,6288.366989518961,1.6096660071647528,88.59171272354996,21.25500319361246,-0.1551166653229923,39.746233657340305,1.0,True
279,8.36545954055071,276.38749261388523,4534.987532580851,72.28707791380614,0.47022929217645715,0.5297707078235429,0.4357136258845582,0.12810062702670152,0.3076905044277915,0.0344378190023574,COMPLETE,8.36545954055071,223.04194266447922,276.38749261388523,1722.6748760282564,72.28707791380614,5781.333275711332,4534.987532580851,1.8658483472055323,55.2329177264542,22.721539451381993,11.295249509782822,47.11866664037041,1.0,True
280,8.171832319192825,271.7237930510738,5211.7515819784985,66.80443507381547,0.4113002803298291,0.5886997196701709,0.4183805487625825,0.2930105937233676,0.04286220771200629,0.07542714155749025,COMPLETE,8.171832319192825,219.27838375428604,271.7237930510738,1693.361080902242,66.80443507381547,5552.90734796209,5211.7515819784985,1.7919061832636416,66.07686449116524,31.150265463295156,5.89159020178321,56.45048589386903,1.0,False
281,8.448674436261065,278.29918665221186,4803.824735074106,74.69394257920034,0.48161126972030566,0.5183887302796943,0.44329469651469866,0.14729150563729332,0.1326120979393984,0.2017074568209954,COMPLETE,8.448674436261065,224.58466063646844,278.29918665221186,1735.1417956179666,74.69394257920034,5877.125504077197,4803.824735074106,1.8974426810956977,57.621030883351764,20.583394595789148,9.930260194800356,34.86378062737194,1.0,True
282,7.667230472621922,257.01486589973626,5368.400805574879,52.92535805767622,0.15846100257813883,0.8415389974218612,0.3711706242201289,0.004140927896634204,0.1456596500513233,0.008660083938542871,COMPLETE,7.667230472621922,207.40842663242816,257.01486589973626,1612.330402424048,52.92535805767622,4929.29833066438,5368.400805574879,1.5902482089547214,76.60971545896926,25.305694404764047,7.370435141848004,56.08676035481433,1.0,True
283,11.834450027623332,287.5717986671153,11239.364403338686,168.82538271596897,0.08474637334304624,0.9152536266569538,0.6409636480122918,0.026743416558005478,0.025680017196062138,0.03232285168725828,COMPLETE,10.771021624113445,254.9797137552207,315.9639075517921,2047.4610098505705,153.65495174583256,8513.57925417072,10229.409625887263,2.7463920105677384,84.51182462535851,43.547694755415975,16.85428628038765,44.2015785236381,1.0987305049252853,False
284,7.585455560869427,254.04780368001275,5441.8100560346975,50.669108066692885,0.17053317552512925,0.8294668244748707,0.36294797358517283,0.10196603283473894,0.05954641031878556,0.00902062511958156,COMPLETE,7.585455560869427,205.01403709173348,254.04780368001275,1597.9895158637578,50.669108066692885,4820.6822091450285,5441.8100560346975,1.5551248677137808,79.39819926202999,44.00872810787159,8.00011979671978,64.58395204662457,1.0,True
285,11.972733445475649,287.1929344502171,7912.147570248574,173.02898953268658,0.44557155684903554,0.5544284431509645,0.6478894388357901,0.15327266023121802,0.2834397003075615,0.008858905856706527,COMPLETE,10.847898743611339,255.79355349605981,316.97239556383573,2057.382964839483,156.77296807014994,8598.703911750486,7168.803688601386,2.774822567593787,58.686096360249145,45.55386106676815,6.781585061468496,41.11269317025229,1.1036914824197415,False
286,8.032968788615781,268.0472799092274,6795.817559762655,62.91373007200153,0.004598525808314824,0.9954014741916852,0.4054563366576581,0.0016100490102258786,0.0029658470926672465,2.2625235430464096e-05,COMPLETE,8.032968788615781,216.31147441394742,268.0472799092274,1671.586095906289,62.91373007200153,5387.279546264617,6795.817559762655,1.7376233225867008,88.68599594020047,49.30198896470753,4.614949380884637,40.17485634576391,1.0,True
287,7.595887609328467,254.41542299493287,5928.448851538417,50.9486297562785,0.05056133806139512,0.9494386619386048,0.3639351238159993,0.01694111862419427,0.016264993629822155,0.01735519651168372,COMPLETE,7.595887609328467,205.31070220268086,254.41542299493287,1599.7447554165503,50.9486297562785,4834.689886328362,5928.448851538417,1.5595170189238705,86.23105014095127,41.30932211046869,15.469785988988395,43.942685226989894,1.0,False
288,8.065466768279483,268.94804009646555,6412.857636532524,63.82749323429493,0.08474637334304624,0.9152536266569538,0.40857289633941335,0.008723991339739261,0.020016005970634045,0.05600631349234825,COMPLETE,8.065466768279483,217.03837887744675,268.94804009646555,1676.8035579508178,63.82749323429493,5426.130848306122,6412.857636532524,1.7505158322772982,83.14307869791399,19.29974133519974,0.9874028163424318,25.79977585026778,1.0,True
289,8.275410757460127,274.2614555789715,5188.405303535959,69.71889311313112,0.314471423389942,0.6855285766100581,0.42763399448000505,0.032219064734265064,0.24239679656604673,0.03985512549661465,COMPLETE,8.275410757460127,221.32625203767418,274.2614555789715,1709.1055130716395,69.71889311313112,5675.873474623023,5188.405303535959,1.8315656470209003,64.34551645013832,36.78236885124588,3.2497727337776925,31.96278943858212,1.0,True
290,9.316906895560926,293.87782006415927,6585.942555169777,100.77037136251167,0.43573029509385885,0.5642697049061411,0.5161562853203963,0.1859910103409593,0.043177254441231556,0.20656179888517495,COMPLETE,9.294712538052634,237.72275551450795,294.5795555267202,1854.7756953036314,100.53032027331075,6844.49734115506,6570.253790085288,2.2095646762611176,67.65941309749942,30.417629768217665,9.756441996298147,54.69183129262627,1.0023878476518158,False
291,8.385642984490481,276.81968000570436,5340.399785655551,72.84937059526705,0.36122605763075266,0.6387739423692473,0.43736874205941256,0.11907087234513,0.20537321009521348,0.036781583821770825,COMPLETE,8.385642984490481,223.39071356780337,276.81968000570436,1725.512485891747,72.84937059526705,5805.162890482551,5340.399785655551,1.8732747700301728,64.7550423052956,37.627956346029656,11.178471047378205,28.6196300450149,1.0,True
292,8.031540716881892,268.036917489401,6472.3315197206175,62.88717224059438,0.08474637334304624,0.9152536266569538,0.4054563366576581,0.03323365320277641,0.0060010486018876145,0.04551162430853499,COMPLETE,8.031540716881892,216.3031120447717,268.036917489401,1671.4936651749383,62.88717224059438,5385.205240563706,6472.3315197206175,1.7372472515758497,84.5423140108662,37.01710784450834,7.353641169061897,39.0347124049869,1.0,True
293,7.668900759519043,257.0213435744052,6157.402804595745,52.950453728809556,0.018443473677266398,0.9815565263227336,0.3711706242201289,0.004679351716366601,0.008070936780989002,0.005693169799562326,COMPLETE,7.668900759519043,207.41365405110923,257.0213435744052,1612.3921301054465,52.950453728809556,4931.430270886105,6157.402804595745,1.5906347290871719,87.78951902198511,46.30947532219898,3.3946668605770927,31.440560765578198,1.0,True
294,9.194034360421663,292.75602288035856,7979.0275273486595,97.23226844729018,0.09170225492671691,0.9082977450732831,0.5069293532510446,0.01697367141272353,0.054077377878477,0.020651149845527295,COMPLETE,9.194034360421663,236.25118290422057,292.75602288035856,1840.4154419416582,97.23226844729018,6733.370854403437,7979.0275273486595,2.1721014933116667,83.34443406340145,36.57447236643566,10.600014563036298,62.28949276767334,1.0,True
295,7.870895222945686,263.65825143086215,4869.526630379833,58.54533192555925,0.47022929217645715,0.5297707078235429,0.39125628324379796,0.13275958777744484,0.13020844094809989,0.20726100382138032,COMPLETE,7.870895222945686,212.76957232219144,263.65825143086215,1646.7203273388661,58.54533192555925,5187.128203719254,4869.526630379833,1.6746870103789333,66.18041271246689,44.85743665501691,9.767642656693052,56.629339172595735,1.0,True
296,8.896805362251294,287.3793827611115,6160.010950554823,87.95644465903179,0.31469931906763127,0.6853006809323687,0.4816914262116908,0.1968780755936393,0.05192024034943866,0.06590030192279017,COMPLETE,8.896805362251294,231.91228809438937,287.3793827611115,1799.1384535902869,87.95644465903179,6394.37673594451,6160.010950554823,2.0632784882901305,67.80651546129343,22.711557806514918,12.6288678378743,24.516846386237546,1.0,True
297,8.953338612754974,288.4145750124517,7624.679357967994,89.67674630476998,0.09170225492671691,0.9082977450732831,0.486362319430332,0.018297904355779195,0.03156019000742007,0.041844100420967506,COMPLETE,8.953338612754974,232.7476778892984,288.4145750124517,1806.9285691765192,89.67674630476998,6459.597575624077,7624.679357967994,2.0838687714753124,83.03098806854197,58.21337827993395,1.7615077707633842,24.51315541070047,1.0,True
298,7.502210158666752,250.86776658265026,4733.854634503361,48.38645123775181,0.3137790400420317,0.6862209599579683,0.3546369849586602,0.09856200818073792,0.12216698606992606,0.09304988409882328,COMPLETE,7.502210158666752,202.44777895453294,250.86776658265026,1583.268399822431,48.38645123775181,4706.385104273465,4733.854634503361,1.518805783872218,70.82108184134512,34.382282512494065,12.025049842245892,51.85197030215055,1.0,False
299,8.827974293154561,286.0788090206702,6469.989172060543,85.87079535317834,0.2921571559615501,0.7078428440384499,0.47588001872833696,0.08447573526479812,0.10433846064652685,0.1033428442675772,COMPLETE,8.827974293154561,230.86273809159064,286.0788090206702,1789.5219290831615,85.87079535317834,6315.38031095612,6469.989172060543,2.0380503171198368,72.13571973080306,49.69848359293388,0.47117638219316715,46.60324869784495,1.0,False
300,9.252353422107582,293.7507425534097,8448.339751287178,99.09246182112554,0.022723190170728935,0.977276809829271,0.5118026725746952,0.003881841760496465,0.016300990617346838,0.0025403299648382735,COMPLETE,9.252353422107582,237.0539117331761,293.7507425534097,1848.349370499683,99.09246182112554,6799.88737331037,8448.339751287178,2.1933065714484403,87.35432170702813,19.11144579553715,9.504548184735675,55.147549364980165,1.0,True
301,8.45749398418972,278.3489422772794,7427.895792801713,74.8722195083063,0.007196744314877934,0.9928032556851221,0.44329469651469866,0.0027857415333053972,0.001284016768938531,0.0031269814425806458,COMPLETE,8.45749398418972,224.6248129283417,278.3489422772794,1735.676387889871,74.8722195083063,5889.92377614527,7427.895792801713,1.899763004041191,88.6648611896221,40.965301875734205,7.793735444358434,57.287788720649075,1.0,True
302,8.553732622182782,280.4372624341646,7486.463601363646,77.66729438806303,0.018443473677266398,0.9815565263227336,0.4517089373146102,0.007654958889834333,0.007807114272388862,0.002981392460680414,COMPLETE,8.553732622182782,226.31006641174653,280.4372624341646,1749.7482053383585,77.66729438806303,6001.572993594609,7486.463601363646,1.935795797794508,87.7039436995695,27.029979804109622,7.391865388547158,24.936954588516638,1.0,False
303,7.933402197521352,265.4051269004441,4681.322533658049,60.22651312749672,0.39480907139727694,0.605190928602723,0.3968055921327309,0.2137164678105255,0.049613636121552875,0.131478701540235,COMPLETE,7.933402197521352,214.17928335738938,265.4051269004441,1656.4226895528047,60.22651312749672,5264.729648286397,4681.322533658049,1.6991703972510614,62.62959128519387,19.07183129039444,8.022158692893836,31.98537918651298,1.0,True
304,7.565664415828693,253.3870710014049,4272.520564908761,50.15611711205138,0.36122605763075266,0.6387739423692473,0.3612044566247643,0.0776441593776501,0.2557126992448931,0.027868922470452348,COMPLETE,7.565664415828693,204.48083242742373,253.3870710014049,1594.83469653736,50.15611711205138,4794.099211879758,4272.520564908761,1.5470333576151898,62.73233274837896,52.669585532238166,4.4362186449927545,20.530844371548923,1.0,True
305,8.379778224917834,276.7744404096614,5624.977668802117,72.72682955443008,0.44513189194545816,0.5548681080545419,0.43736874205941256,0.09789694732608085,0.06003321251421071,0.28720141033214003,COMPLETE,8.379778224917834,223.35420566619266,276.7744404096614,1725.0707487697443,72.72682955443008,5796.2491366060885,5624.977668802117,1.871658709085381,68.44970324164626,43.53946243886591,5.833414177881435,49.99682346750457,1.0,True
306,9.709793379820574,293.0552244362164,8308.57238300425,110.3714889046322,0.15965681879520743,0.8403431812047926,0.536039779340461,0.03543864181912121,0.04927268687266731,0.07494541232855524,COMPLETE,9.533813038887022,240.8579461172695,298.46459821964277,1886.9170950207968,108.37111552005047,7117.057233874279,8157.98777801452,2.296294627212372,80.66628335199115,28.270400819626545,1.4753880440044917,63.536915833723455,1.0184585475103984,False
307,8.849112884964287,286.41484171708584,7901.42193095077,86.47012071162037,0.018443473677266398,0.9815565263227336,0.4772666027740929,0.006378085189618488,0.010987491582646464,0.0010778759667319545,COMPLETE,8.849112884964287,231.1339131172711,286.41484171708584,1792.1055617110271,86.47012071162037,6341.180680228542,7901.42193095077,2.0453300887182597,87.60674771873668,19.304285064010955,5.220220967232125,57.707856127415376,1.0,False
308,8.242452521358794,273.38432106045417,7045.043881277838,68.747377194748,0.018443473677266398,0.9815565263227336,0.42431929685034725,0.013496525396921408,0.004172555093406761,0.0007743781442628472,COMPLETE,8.242452521358794,220.6184132525759,273.38432106045417,1703.6940336030902,68.747377194748,5637.76955626102,7045.043881277838,1.8184367965718706,87.85631725925994,31.686157269373453,10.682787308269246,28.084980588739395,1.0,True
309,7.994982942734632,267.01580397654766,6722.96938464517,61.86766634041176,0.007196744314877934,0.9928032556851221,0.40198829602125374,0.002618784214261818,0.0037697577259449082,0.0008081980785139892,COMPLETE,7.994982942734632,215.4790836510342,267.01580397654766,1665.6451420604362,61.86766634041176,5341.149700157521,6722.96938464517,1.7227515983061075,88.49417075098286,16.05520677072026,14.406381011412279,44.72774485740555,1.0,True
310,8.985526995298152,289.01272092523004,7229.7498120542405,90.6723984669406,0.15846100257813883,0.8415389974218612,0.48910952148199466,0.07606061845206724,0.07620784006213817,0.006192423773063463,COMPLETE,8.985526995298152,233.23037565945143,289.01272092523004,1811.4488232644128,90.6723984669406,6496.406518664744,7229.7498120542405,2.0956978366115298,78.274037689336,23.645468283945327,16.46479572102252,46.89508885199216,1.0,True
311,8.603252445176816,281.4798927252208,7632.0382631971515,79.11743456911114,0.007196744314877934,0.9928032556851221,0.4560056684078158,0.004343625019235338,0.00016945252297825416,0.002683659803888355,COMPLETE,8.603252445176816,227.15145863032592,281.4798927252208,1756.9169573218326,79.11743456911114,6058.8370793859485,7632.0382631971515,1.9542413418868314,88.56134935628022,30.96202403273041,14.824064521402237,23.04443235650396,1.0,True
312,7.98962927423103,266.9840383995519,5180.760350438131,61.772542807002175,0.29182805592543604,0.708171944074564,0.40198829602125374,0.013837126467433026,0.15619409438132575,0.12179665707203212,COMPLETE,7.98962927423103,215.45344914805435,266.9840383995519,1665.350157566246,61.772542807002175,5333.657058282188,5180.760350438131,1.7213931845473416,68.4096069065342,26.956317463624938,6.505582545328057,31.91827559154924,1.0,True
313,11.918922325807568,287.35398294682165,7668.993815508709,171.4276972793952,0.48719740383308324,0.5128025961669167,0.6458632233438809,0.08636811470623584,0.148967557033412,0.2518614482140048,COMPLETE,10.816481527878741,255.52673798787256,316.64176506260617,2053.844622687583,155.57149130626055,8559.43318308915,6959.650182739644,2.7639002413249347,57.34522424405639,50.610889954282136,6.8565795962671015,24.47833465006956,1.1019223113437915,False
314,9.245905777606284,293.7198940399129,6713.5607181682835,98.93753623393042,0.34908085700987257,0.6509191429901274,0.5118026725746952,0.12567439992881452,0.0838321886263229,0.13957411207951256,COMPLETE,9.245905777606284,237.0290172912693,293.7198940399129,1847.9385890544963,98.93753623393042,6790.1873519092815,6713.5607181682835,2.1915479604336867,69.64315542698115,42.10667747379811,14.118888974426428,36.86057399408973,1.0,True
315,7.811832332132122,261.8205008737898,4760.269224526158,56.9096343568342,0.36122605763075266,0.6387739423692473,0.38544944828649685,0.06609130619058447,0.19345851690019092,0.10167599914890958,COMPLETE,7.811832332132122,211.28652600013965,261.8205008737898,1636.8943769977172,56.9096343568342,5114.019790433482,4760.269224526158,1.6505349151517652,65.55660837376143,62.15755136877428,4.739579929892297,35.25852180525732,1.0,True
316,10.867701167992866,290.19928658042494,8963.02900779437,140.88282234682606,0.24631255214542958,0.7536874478545704,0.5941385059120846,0.09746379385381129,0.09576521693305452,0.05308336986055495,COMPLETE,10.21732710290391,249.0949277470096,308.67164121861435,1977.308063750667,132.45173536214108,7887.919529310287,8426.639432740747,2.5450843564654124,75.18174205758574,57.10643010500367,-0.21991403121578923,47.12953891353091,1.0636540318753336,False
317,8.826388563874186,286.06627489955963,6521.56387408279,85.83337389368312,0.34236558627693964,0.6576344137230603,0.47588001872833696,0.13853083027277582,0.03087619087214923,0.17295837526132218,COMPLETE,8.826388563874186,230.85262318119564,286.06627489955963,1789.3864159199152,85.83337389368312,6312.868647001966,6521.56387408279,2.0375949531868622,72.78071413121027,52.954206320708124,7.275943674616839,38.123852841649644,1.0,True
318,11.710497869291611,287.911557663612,11378.046369252263,165.11094113186144,0.05056133806139512,0.9494386619386048,0.6349399739875772,0.028256146492549244,0.004364836352152164,0.017940320864271695,COMPLETE,10.701055696892338,254.25879661037553,315.0705666865457,2038.6621658632096,150.87841669410096,8434.980295794265,10397.261438258338,2.7208375439524493,86.6802649663336,52.91887001188235,6.05190685586958,35.804535413635456,1.0943310829316049,False
319,7.9501259764980725,265.86851403362954,4587.999368513178,60.680543812833534,0.36122605763075266,0.6387739423692473,0.3982424154252496,0.044042061032002096,0.3149866650076742,0.002196897557456804,COMPLETE,7.9501259764980725,214.5532321399987,265.86851403362954,1659.0606993229046,60.680543812833534,5286.01138041851,4587.999368513178,1.705725224177825,61.08761259951343,28.579747128161955,8.98437076805835,31.62646693100212,1.0,True
320,9.017906045198682,289.6643070678548,6537.193201103615,91.71282749679463,0.30670759796789493,0.6932924020321051,0.49225214872619755,0.09380059549130648,0.08445221401089083,0.12845465516143015,COMPLETE,9.017906045198682,233.75619916068814,289.6643070678548,1816.2926650889797,91.71282749679463,6531.684592498462,6537.193201103615,2.1079914415138368,70.48599898176239,32.9748353005784,9.438690119103395,37.3952685026242,1.0,True
321,7.8161620987198255,261.8962819998414,5608.59152720757,57.0033487990311,0.20912151814530944,0.7908784818546906,0.38564537488042155,0.0504570898890576,0.08702829095383148,0.07163597145730499,COMPLETE,7.8161620987198255,211.34768061105203,261.8962819998414,1637.3415876555334,57.0033487990311,5119.674099116814,5608.59152720757,1.6519277308444478,77.10261526960399,55.05867636961106,7.777404644579454,44.64155419666068,1.0,True
322,8.84471689694873,286.40087210197055,5622.231880001832,86.37813022969894,0.36122605763075266,0.6387739423692473,0.4772666027740929,0.08749042423167666,0.25893168890934987,0.01480365692142729,COMPLETE,8.84471689694873,231.12263977756922,286.40087210197055,1791.9070922129479,86.37813022969894,6335.026387740403,5622.231880001832,2.044214317308061,62.46374555912615,35.49630720272264,7.196285708096454,38.42437413194847,1.0,True
323,11.597908739458967,288.22558715287414,9571.011551968268,161.79178361937701,0.23433032099706314,0.7656696790029369,0.629818545006204,0.06131219192638609,0.08063189651516943,0.09238514359236677,COMPLETE,10.636275691904519,253.6242565851024,314.28426199222093,2030.821384366027,148.37692328150982,8359.918100542138,8777.437364271442,2.697617515193479,73.91200769868438,33.63009658295696,4.847032822441895,35.01447829890331,1.0904106921830135,False
324,8.021935287456817,267.96858234765386,4731.223306456923,62.70934863486569,0.4812236474710556,0.5187763525289444,0.4054563366576581,0.09732737211164119,0.04911570829484869,0.3347801805108893,COMPLETE,8.021935287456817,216.24796626873317,267.96858234765386,1670.881550802151,62.70934863486569,5371.305272390495,4731.223306456923,1.734727191451922,62.1555633035041,57.779917510363944,6.38881132259154,29.527078075458462,1.0,True
325,7.537651334819085,252.16320718383233,6003.057615194961,49.326430463343215,0.004598525808314824,0.9954014741916852,0.3579100923491756,0.0030748659560933477,0.0013702496814590394,0.00015337986802071044,COMPLETE,7.537651334819085,203.49318656528087,252.16320718383233,1589.2361959671587,49.326430463343215,4755.543130666817,6003.057615194961,1.5338606893403783,88.74719825937916,43.348721100216984,7.767593035429444,76.17236131548009,1.0,False
326,7.595887609328467,254.41542299493287,5899.945474776784,50.9486297562785,0.05056133806139512,0.9494386619386048,0.3639351238159993,0.01694111862419427,0.016264993629822155,0.01735519651168372,COMPLETE,7.595887609328467,205.31070220268086,254.41542299493287,1599.7447554165503,50.9486297562785,4834.689886328362,5899.945474776784,1.5595170189238705,85.81646005638285,29.715231684893347,13.707095694042629,32.847803390045684,1.0,True
327,9.01365145319127,289.55158780234353,7595.126133329504,91.55890365387792,0.16259166101337352,0.8374083389866265,0.4916644775485848,0.032194766889483244,0.05452327098689156,0.07587353761800877,COMPLETE,9.01365145319127,233.6652358406132,289.55158780234353,1815.4978788076269,91.55890365387792,6527.759714961597,7595.126133329504,2.106176992595024,81.88217771768421,35.234835983942645,4.215409742266775,78.58603541621493,1.0,True
328,7.569383852402857,253.4059025469915,6002.343647378523,50.2115052425851,0.018443473677266398,0.9815565263227336,0.3612044566247643,0.0016920234253316885,0.00782473448614208,0.008926700854618582,COMPLETE,7.569383852402857,204.49602929639667,253.4059025469915,1594.990534058443,50.2115052425851,4798.928698079571,6002.343647378523,1.5479089420366465,87.9440968536372,40.24246812621519,0.5525801478275252,56.691697636535764,1.0,True
329,11.93789543107806,287.2884334804573,7780.963506759587,171.96810569478353,0.40527666539091645,0.5947233346090836,0.6461828387944833,0.13508498948127604,0.2620025204732778,0.00818888695046603,COMPLETE,10.828394628836541,255.59360880118504,316.72462955078134,2054.924338329315,155.9854936565169,8576.909240154206,7057.8054507351235,2.7676684607077005,57.91821392633889,16.367477515978873,9.40577937951383,29.174868583025024,1.1024621691646574,False
330,7.9151184599251385,264.889347324674,5055.101531502282,59.728985931916355,0.314471423389942,0.6855285766100581,0.39512506733105845,0.059044411794110754,0.12279940341331165,0.1326274143488267,COMPLETE,7.9151184599251385,213.7630543975387,264.889347324674,1653.5509187273708,59.728985931916355,5242.354019919305,5055.101531502282,1.69195989791194,67.91822734349084,52.095682646673204,7.682532419470041,20.857054932907886,1.0,True
331,8.827638812874998,286.08352224920736,4691.21775148551,85.86718949823639,0.47743264033159705,0.522567359668403,0.47588001872833696,0.20125788807418102,0.24837541395459825,0.02779906245826763,COMPLETE,8.827638812874998,230.86654161988784,286.08352224920736,1789.556324670833,85.86718949823639,6315.138315405232,4691.21775148551,2.038006443397943,52.299081238765936,18.238771877598424,1.0767417416627532,64.16347408816519,1.0,True
332,7.506201300060813,250.89901725661824,5872.55498307932,48.448446566418184,0.018443473677266398,0.9815565263227336,0.3546369849586602,0.006822632845395134,0.01126862838286433,0.0003522009015310232,COMPLETE,7.506201300060813,202.47299793591836,250.89901725661824,1583.4885704633746,48.448446566418184,4711.885921076856,5872.55498307932,1.5198030803338007,87.62583761942102,28.736158704140074,4.674697137819937,37.425361089299045,1.0,True
333,8.953381137626636,288.4150032987371,7656.260313694106,89.67783690686069,0.09170225492671691,0.9082977450732831,0.486362319430332,0.016987036833970234,0.03586878612117841,0.03884637613764899,COMPLETE,8.953381137626636,232.74802351204784,288.4150032987371,1806.9331127597009,89.67783690686069,6459.669236288751,7656.260313694106,2.08388176353265,83.37235656730701,29.071412789479957,3.885038427740158,48.060568185018994,1.0,True
334,7.777435766697604,260.79998757575424,4197.2864120321965,55.993675557366494,0.47022929217645715,0.5297707078235429,0.3823674280979913,0.03788791924342822,0.30874795063396554,0.1235930884069023,COMPLETE,7.777435766697604,210.46298197375793,260.79998757575424,1631.4785856131227,55.993675557366494,5070.508241350104,4197.2864120321965,1.6368623235685378,58.330526155282165,30.705303707665486,11.478425078642655,51.73875535933368,1.0,True
335,8.275259558129102,274.2580070721747,5282.471954241162,69.71469842972583,0.45269098820963183,0.5473090117903682,0.42763399448000505,0.22931755645238766,0.19362336687023238,0.029749738993463646,COMPLETE,8.275259558129102,221.32346912717423,274.2580070721747,1709.0776852950423,69.71469842972583,5675.561870761994,5282.471954241162,1.8315091533329397,65.51991706895365,52.78921766623058,17.338252183869262,43.32461703919931,1.0,False
336,9.323267873268538,293.85415018450664,7439.296477232784,100.90605624299795,0.19044542831551076,0.8095545716844892,0.5161562853203963,0.013250305539966336,0.09213066480906687,0.08506436297802801,COMPLETE,9.299464572525213,237.74434742197528,294.60631162960544,1855.1192841389277,100.64843228150463,6851.835797169149,7420.303157103686,2.210895136168785,76.22767093805838,26.690588123205032,6.434538730246315,37.08818254486327,1.0025596420694638,False
337,11.014888706602893,289.8094272035214,8916.893974598266,145.00016773844422,0.23433032099706314,0.7656696790029369,0.6014986114133414,0.0071375009696186716,0.12043825388316476,0.10675443937543933,COMPLETE,10.302126929559448,250.05404174811392,309.8601491321007,1988.3717715607536,135.61736052343375,7982.74356778173,8339.89121366862,2.576088477338427,73.55919861463197,44.40702270935389,5.584631609281887,40.65059716760549,1.0691858857803769,False
338,8.456745540027516,278.34460787527996,6992.835496895259,74.85702164425602,0.09170225492671691,0.9082977450732831,0.44329469651469866,0.06848602181201585,0.010819495714301332,0.012396591279167991,COMPLETE,8.456745540027516,224.62131510927216,278.34460787527996,1735.6301357971727,74.85702164425602,5888.833320448383,6992.835496895259,1.8995653047454526,83.50694399107769,26.453790852119628,19.328621882647948,50.826097665712126,1.0,True
339,8.33878787816419,275.8119379359012,5127.693762553418,71.54666610824476,0.43573029509385885,0.5642697049061411,0.43359393927098344,0.061749393268510984,0.19282578731408265,0.18115491154999105,COMPLETE,8.33878787816419,222.57747579489293,275.8119379359012,1718.888497717799,71.54666610824476,5749.099245802619,5127.693762553418,1.8560263571108364,62.86560148660536,53.81131906707414,11.732370672015985,38.38787185766765,1.0,False
340,8.173501759886413,271.73512843773966,5932.6651593068045,66.83649770528326,0.2074097511688326,0.7925902488311674,0.4183805487625825,0.11661900561934663,0.03682530452784335,0.05396524364107283,COMPLETE,8.173501759886413,219.28753129797153,271.73512843773966,1693.4685103565341,66.83649770528326,5555.338900304757,5932.6651593068045,1.7923470229851173,75.14425356717781,16.26556874445776,-1.8982543011662243,50.593179855881345,1.0,False
341,9.151914382262435,291.9988972845215,8281.495492652006,95.87971902279213,0.028187748325463557,0.9718122516745364,0.5032241907732697,0.016327037222088413,0.011344287343646653,0.0005164034441822754,COMPLETE,9.151914382262435,235.64019011963597,291.9988972845215,1834.487770188599,95.87971902279213,6685.994880462552,8281.495492652006,2.156558844994951,87.08640277964183,32.31260725927276,3.6459586946181974,37.78746145180905,1.0,True
342,8.966401795359857,288.65740771341365,7589.584575046841,90.07990708571576,0.12464611457443747,0.8753538854255625,0.487475867147455,0.05503253610310414,0.04187753560203932,0.027735967441566367,COMPLETE,8.966401795359857,232.94364145064768,288.65740771341365,1808.759923904202,90.07990708571576,6474.532749124348,7589.584575046841,2.08866628492075,82.4538727218504,54.24893352233773,7.66869347874839,43.566930939693975,1.0,False
343,8.946760701359638,288.38098701560085,5816.6400670078965,89.52793295898057,0.4323611881275266,0.5676388118724733,0.486362319430332,0.14823420437538296,0.1018261863987604,0.18230061500128536,COMPLETE,8.946760701359638,232.7205727117197,288.38098701560085,1806.5137432939882,89.52793295898057,6449.815446392374,5816.6400670078965,2.082095274335122,63.55637648313737,50.45969232667953,9.40478060766415,24.5353701202167,1.0,True
344,9.013572822582391,289.5510832034426,7339.97272228292,91.55703441773368,0.18713539787806016,0.8128646021219399,0.4916644775485848,0.060564456929781046,0.05292351293146723,0.07364734500702012,COMPLETE,9.013572822582391,233.66482863434618,289.5510832034426,1815.491936894548,91.55703441773368,6527.638128315019,7339.97272228292,2.1061549489719145,79.13434890704544,58.682830700063015,5.939157774971736,38.83673989195208,1.0,True
345,12.004299650297545,287.1025806892437,11888.894196793293,173.96342788734003,0.018443473677266398,0.9815565263227336,0.6489910511221716,0.008716636903663873,0.008747747903691521,0.000979079154703904,COMPLETE,10.867110261959139,255.9340112815972,317.1464470211492,2059.2901168619214,157.48355234978186,8622.825191270691,10762.637379359026,2.781263120382611,87.75455041499399,30.25968659503978,9.572680004323866,44.63806922882432,1.1046450584309606,False
346,8.452701355362306,278.32251945255314,6236.218502819871,74.77563186579438,0.2777158528013137,0.7222841471986863,0.44329469651469866,0.08021165271477944,0.08765872599339876,0.10984536010072905,COMPLETE,8.452701355362306,224.60348997301585,278.32251945255314,1735.3906027292917,74.77563186579438,5882.99171892068,6236.218502819871,1.8985062241140152,74.64013016864361,54.00789884289071,11.002320985907588,45.405446253035485,1.0,False
347,7.954259698149739,265.883106530738,6674.427074523588,60.74860765738446,0.004598525808314824,0.9954014741916852,0.3982424154252496,0.0006059711127906453,0.003962321790019437,3.022693367169681e-05,COMPLETE,7.954259698149739,214.56500813924026,265.883106530738,1659.2203321649981,60.74860765738446,5291.419953473828,6674.427074523588,1.7067057968751296,88.67992587154453,50.8626274866106,14.1702518987315,26.778079764718544,1.0,False
348,11.088825683406416,289.6074743631819,10323.302178994396,147.07062302520657,0.09170225492671691,0.9082977450732831,0.6048942172032234,0.009293703051342285,0.019463979266426117,0.06294450598448914,COMPLETE,10.345508687810755,250.50224707115103,310.4155529450812,1993.6984913987749,137.2120413531123,8033.00419105768,9631.300502766493,2.5915731733907093,84.35338456048272,25.384398383513297,8.378420675012284,48.89339305497064,1.0718492456993873,False
349,7.817124469543911,261.8525630915909,6422.511109587055,56.99847564439993,0.013255655270810907,0.986744344729189,0.38544944828649685,0.004105270117200686,0.007477742348266943,0.0016726262082071427,COMPLETE,7.817124469543911,211.31239988928294,261.8525630915909,1637.1724913357139,56.99847564439993,5121.30285106294,6422.511109587055,1.6518553318925617,88.17042363249448,37.70976909785941,8.57323448578046,76.41980196891853,1.0,False
350,8.175023783281631,271.74422829133886,6747.8232289804255,66.86514500079242,0.06457970757574749,0.9354202924242525,0.4183805487625825,0.027565779094955258,0.0063993128252368735,0.030614581355770804,COMPLETE,8.175023783281631,219.2948747888275,271.74422829133886,1693.5576966729536,66.86514500079242,5557.510961015814,6747.8232289804255,1.7927408169504324,85.39418874242934,49.41788931831147,10.019707657493381,22.366102478564102,1.0,True
351,8.024896222156668,267.9902008677986,5140.5344664801605,62.76438275266696,0.4770255136293612,0.5229744863706388,0.4054563366576581,0.20828919122051573,0.04656859189003469,0.22216736401161732,COMPLETE,8.024896222156668,216.26541219830477,267.9902008677986,1671.0739063493745,62.76438275266696,5375.6091838782495,5140.5344664801605,1.7355074893333307,67.41490428320391,36.78242176566579,8.630105186863027,57.387751569027074,1.0,True
352,8.61810502282932,281.8174843649077,7142.342003442081,79.5699112654915,0.11432140275173136,0.8856785972482686,0.45744881540985216,0.03591546198373932,0.04083121585267024,0.037574664127508414,COMPLETE,8.61810502282932,227.42389170763687,281.8174843649077,1759.2163838580775,79.5699112654915,6075.457728659605,7142.342003442081,1.9599629834369767,82.69745632416142,47.35291738503056,7.49883470019498,48.729623207552926,1.0,True
353,7.710737396581824,258.5484995734955,4679.0990102577425,54.13739182823308,0.331261142176991,0.668738857823009,0.3756042394981304,0.04032727575490307,0.28211604238731197,0.008817534937638908,COMPLETE,7.710737396581824,208.64605367081512,258.5484995734955,1619.970077965664,54.13739182823308,4985.813866171301,4679.0990102577425,1.6088149286887725,66.04890689934841,41.456683020950344,15.30295056657063,53.69175687931594,1.0,False
354,7.79472794521592,261.3450759944782,4646.972880954442,56.4662807561688,0.48161126972030566,0.5183887302796943,0.3840672776598887,0.14729150563729332,0.1326120979393984,0.2017074568209954,COMPLETE,7.79472794521592,210.90286287678396,261.3450759944782,1634.3199628280547,56.4662807561688,5091.898483251053,4646.972880954442,1.643930438991709,64.33528605445402,29.26580206042717,10.551500678177316,61.660662782470126,1.0,True
355,8.931644818432977,288.01423459917226,7213.177829555883,89.01188255988399,0.15846100257813883,0.8415389974218612,0.48453365659349595,0.07083340043425854,0.052811620548084345,0.03481585807169351,COMPLETE,8.931644818432977,232.424607179186,288.01423459917226,1803.9165155170103,89.01188255988399,6434.760683989978,7213.177829555883,2.0759340383882967,78.8595349767518,31.903244805278483,1.238774050654412,45.827908175153574,1.0,True
356,9.175464401052407,292.5470969462884,5258.513596082685,96.71477665603415,0.47022929217645715,0.5297707078235429,0.506092310271138,0.03747020219132832,0.2523639042922556,0.1803949170774517,COMPLETE,9.175464401052407,236.08258176468524,292.5470969462884,1838.5515206705415,96.71477665603415,6709.3040298857795,5258.513596082685,2.1661673246904134,55.2503899930976,33.504423393764064,4.3408798307284435,31.213598420021746,1.0,True
357,7.566310007022243,253.39012585745814,4193.981114499956,50.16564575012734,0.36122605763075266,0.6387739423692473,0.3612044566247643,0.13822769784051353,0.21048371779305713,0.012514149684845299,COMPLETE,7.566310007022243,204.48329766571015,253.39012585745814,1594.8605744192914,50.16564575012734,4794.930232438247,4193.981114499956,1.5471840213969708,61.556115924541125,30.011744195487942,0.8771965303719509,23.80322744021687,1.0,True
358,7.537602741786688,252.16277049870902,5997.86609127957,49.325643550289854,0.004598525808314824,0.9954014741916852,0.3579100923491756,0.00033364583849277346,0.0017254374447382452,0.002539439237010824,COMPLETE,7.537602741786688,203.49283416475322,252.16277049870902,1589.233168412926,49.325643550289854,4755.473938021316,5997.86609127957,1.5338481447341876,88.6736416366219,26.62116768189832,5.170712803868925,24.48902903527894,1.0,False
359,11.09333655952469,289.6053384439419,7594.890089256782,147.23018855864694,0.43573029509385885,0.5642697049061411,0.6056544500955621,0.11076390482309431,0.1349041684687789,0.19006200886143026,COMPLETE,10.34655679085882,250.57691587332695,310.50808048839133,1994.3532923582175,137.31896612682974,8030.844256786812,7083.61827906112,2.59260829056163,62.16989796506369,41.704568780871014,10.791843988637956,30.282883337469116,1.0721766461791087,False
360,8.242415218744652,273.3841308667093,7062.480585869251,68.74667700310866,0.018443473677266398,0.9815565263227336,0.42431929685034725,0.010944457764937259,0.00550054181003869,0.0019984542720274485,COMPLETE,8.242415218744652,220.61825976812574,273.3841308667093,1703.6920438154903,68.74667700310866,5637.717185926879,7062.480585869251,1.8184273018457604,88.07571235256975,56.20777512353633,8.194682662639146,26.25858291876117,1.0,True
361,7.986024175720688,266.9626889562795,4481.81541207003,61.70855727382602,0.47022929217645715,0.5297707078235429,0.40198829602125374,0.022296081724916938,0.25167915473431984,0.19625376889422108,COMPLETE,7.986024175720688,215.436220360828,266.9626889562795,1665.1518765140706,61.70855727382602,5328.61391482074,4481.81541207003,1.7204788641274622,59.29890673883668,27.05809121869791,5.610236034179934,51.20671261585163,1.0,True
362,9.244178669438941,293.7119991434849,6158.663661159191,98.89630367331516,0.43573029509385885,0.5642697049061411,0.5118026725746952,0.15624405223863003,0.1090534612890476,0.1704325871534888,COMPLETE,9.244178669438941,237.02264618880088,293.7119991434849,1847.8320482184401,98.89630367331516,6787.604499597406,6158.663661159191,2.191079690072486,63.93927359200111,47.604039810107636,6.285605430283061,32.2006791344116,1.0,True
363,8.849112884964287,286.41484171708584,7914.3907941192965,86.47012071162037,0.018443473677266398,0.9815565263227336,0.4772666027740929,0.006378085189618488,0.010987491582646464,0.0010778759667319545,COMPLETE,8.849112884964287,231.1339131172711,286.41484171708584,1792.1055617110271,86.47012071162037,6341.180680228542,7914.3907941192965,2.0453300887182597,87.75053954933789,46.94192751930085,4.445298589733504,35.49287878312276,1.0,False
364,8.659020302393225,282.69367336529524,6916.537688913725,80.79622430974227,0.18713539787806016,0.8128646021219399,0.4611926441200673,0.05299733232507099,0.017602853041794646,0.11653508116154684,COMPLETE,8.659020302393225,228.13096746905964,282.69367336529524,1765.2794810499663,80.79622430974227,6121.799410148056,6916.537688913725,1.9753906789191957,79.53775875481558,66.14738944680386,2.1910179041744144,30.576047033616724,1.0,True
365,10.51585432291831,291.11431102692023,9828.71590351736,131.25973369049206,0.05056133806139512,0.9494386619386048,0.5765411767020857,0.0009891879873282542,0.0190808515306329,0.030491264175956236,COMPLETE,10.012830521293354,246.7285489605213,305.73928916160213,1950.4758445786576,124.98095041585393,7658.417312755623,9358.561231623153,2.4704511455063294,85.94349647395526,46.550802379004104,2.071752808761372,43.71779834305805,1.0502379222893288,False
366,7.566186571059681,253.38817185180653,4295.416209765615,50.16329478380405,0.36122605763075266,0.6387739423692473,0.3612044566247643,0.14116862421059537,0.19712237955434592,0.0229348262881062,COMPLETE,7.566186571059681,204.48172080268935,253.38817185180653,1594.848144455636,50.16329478380405,4794.725204897981,4295.416209765615,1.5471468499644832,63.05194948482281,26.28429166922752,6.176436254209776,52.634242704938075,1.0,True
367,7.668973823936456,257.0221477604922,6152.999458196794,52.95176096917925,0.018443473677266398,0.9815565263227336,0.3711706242201289,0.006372994084633203,0.010992127858820202,0.0010783307867083991,COMPLETE,7.668973823936456,207.4143030212396,257.0221477604922,1612.3978343715764,52.95176096917925,4931.541310740154,6152.999458196794,1.5906548605799107,87.72161903060234,27.80574577910493,11.472746804129173,50.59577611928181,1.0,True
368,8.02696101587368,268.0061457145049,4974.172396389776,62.80317611908694,0.4113002803298291,0.5886997196701709,0.4054563366576581,0.2012023777264436,0.06085801298024607,0.14923960385668683,COMPLETE,8.02696101587368,216.27827953014832,268.0061457145049,1671.2139503772369,62.80317611908694,5378.641891717324,4974.172396389776,1.7360573183687311,65.15080695481865,30.633118547074517,17.938361534112826,36.276948354580924,1.0,True
369,7.913924831582846,264.8738375043324,5468.36093347241,59.70459738252393,0.314471423389942,0.6855285766100581,0.39512506733105845,0.0855125226788915,0.009120316748279815,0.21983795690698563,COMPLETE,7.913924831582846,213.75053812762124,264.8738375043324,1653.4323525458517,59.70459738252393,5240.400313153376,5468.36093347241,1.6916056914523774,73.53991614466166,38.89471874307754,19.6785912927027,40.551469882148396,1.0,True
370,8.553839521814655,280.4377359411316,7554.620167548403,77.66944358298177,0.007196744314877934,0.9928032556851221,0.4517089373146102,0.001140893520225406,0.0036587686835736475,0.00239707804766783,COMPLETE,8.553839521814655,226.3104485271338,280.4377359411316,1749.7538091153253,77.66944358298177,6001.724461113815,7554.620167548403,1.935823258810998,88.49746622940962,36.291927602897346,7.884322383713464,26.798921394891014,1.0,False
371,8.89724798308335,287.38305495513305,7133.930591723989,87.967173241353,0.19612202254986616,0.8038779774501339,0.4816914262116908,0.049907864754921025,0.07776206693644597,0.06845191310644297,COMPLETE,8.89724798308335,231.91525151824283,287.38305495513305,1799.1783531063345,87.967173241353,6395.088350599916,7133.930591723989,2.0634075038169537,78.50775545856682,52.28446626857961,6.794952687072779,55.14513126172108,1.0,False
372,8.955016725314001,288.4229170207759,8076.781476954449,89.71459707009927,0.018443473677266398,0.9815565263227336,0.486362319430332,0.0105375852693956,0.007238559591260572,0.0006673158536723692,COMPLETE,8.955016725314001,232.75440980659596,288.4229170207759,1807.032432637241,89.71459707009927,6462.084403908257,8076.781476954449,2.084319632708656,87.87473090144415,36.108396846523846,13.118315747291273,55.0820531855404,1.0,False
373,8.545029966156022,280.3869841089362,5953.0579618573865,77.48612437869883,0.36122605763075266,0.6387739423692473,0.4517089373146102,0.036949989533141915,0.08477670166191827,0.239499101549558,COMPLETE,8.545029966156022,226.2694923060704,280.3869841089362,1749.1986931938611,77.48612437869883,5988.797431620165,5953.0579618573865,1.9334795921822812,70.07830295024777,30.366883378740646,6.93213603337032,47.67050385453095,1.0,False
374,7.535149908265115,252.14285270146388,5335.591108257761,49.28674339649547,0.17412773351165017,0.8258722664883498,0.3579100923491756,0.05194478608775523,0.05303291441595047,0.06914993194598273,COMPLETE,7.535149908265115,203.47676070155433,252.14285270146388,1589.0917610295355,49.28674339649547,4752.0528072416855,5335.591108257761,1.5332278947343998,79.01359980263264,30.02655927691781,16.961804804747707,43.347159060751686,1.0,False
375,10.685393298780882,290.67875873597245,9348.036724835536,135.86214788671833,0.15965681879520743,0.8403431812047926,0.5850959038223429,0.04882795462669202,0.043961649201146515,0.06686714557575481,COMPLETE,10.111521320110283,247.88797521767637,307.1760185599281,1963.5085335832216,128.56550681286248,7768.836299385622,8845.989099449687,2.5065245464125043,80.12461880034029,49.13850078060412,7.886544628124588,37.862400750573826,1.0567542667916108,False
376,8.27359499689522,274.25312761888694,4511.01417623781,69.68492862474598,0.45269098820963183,0.5473090117903682,0.42763399448000505,0.0793836624908926,0.3159556530779567,0.057351103557224864,COMPLETE,8.27359499689522,221.31953145716557,274.25312761888694,1709.0145353791984,69.68492862474598,5673.350145405922,4511.01417623781,1.8311081681791996,55.99670205911035,36.37269850743579,7.562075705020186,33.46003191286959,1.0,True
377,7.666608418418083,257.0029277708548,5666.360551103817,52.912188011252255,0.15846100257813883,0.8415389974218612,0.3711706242201289,0.0485946166454634,0.03408367374727331,0.07578263246515946,COMPLETE,7.666608418418083,207.39879268180212,257.0029277708548,1612.252489858902,52.912188011252255,4928.17930506473,5666.360551103817,1.590045329944051,80.91318158380307,37.406535782615386,6.228867031741993,51.99062297311695,1.0,False
378,8.7434600059516,284.4795407907193,5294.978203551289,83.3579627197478,0.47022929217645715,0.5297707078235429,0.46896283469638106,0.13841296248474316,0.11572914561079524,0.21608691339543915,COMPLETE,8.7434600059516,229.57214462270255,284.4795407907193,1777.8291390737909,83.3579627197478,6217.1224423258445,5294.978203551289,2.007254864989137,60.04368655992118,22.18533864454571,2.487886440984919,43.710695228037274,1.0,True
379,8.900456723342675,287.3981045623887,7986.347045218858,88.0380601338532,0.018443473677266398,0.9815565263227336,0.4816914262116908,0.004478658858919783,0.0069804009323734,0.006984406538662012,COMPLETE,8.900456723342675,231.92739640080208,287.3981045623887,1799.3669247204023,88.0380601338532,6399.789134904822,7986.347045218858,2.0642597546228805,87.74142410790094,32.18280673588757,4.5008178406132835,28.420869590291815,1.0,False
380,8.028140820252027,268.0197617156289,5383.621807508239,62.82740926794686,0.31104335011393675,0.6889566498860633,0.4054563366576581,0.0642107938007711,0.15373264021144,0.09309973783281353,COMPLETE,8.028140820252027,216.28926750689536,268.0197617156289,1671.3244016997578,62.82740926794686,5380.535877626011,5383.621807508239,1.7364006974545168,70.4535980343552,42.07636601259037,9.653548346506616,52.430551103312695,1.0,False
381,7.712476333775409,258.55413066870506,5229.097898919292,54.16351108399999,0.20912151814530944,0.7908784818546906,0.3756042394981304,0.07402397361042563,0.12767640637007785,0.007420894858771623,COMPLETE,7.712476333775409,208.6505979083383,258.55413066870506,1620.0289262381816,54.16351108399999,4988.008407570172,5229.097898919292,1.609212798396148,73.74680065783677,16.785219501016492,13.902279029121125,39.54097982679959,1.0,True
382,7.954267785693685,265.8830517074548,6675.285042515268,60.748703708160214,0.004598525808314824,0.9954014741916852,0.3982424154252496,0.002480769756866317,0.001733501180932791,0.0003842522578607667,COMPLETE,7.954267785693685,214.56496389739897,265.8830517074548,1659.2200981234646,60.748703708160214,5291.427583891551,6675.285042515268,1.706707180267609,88.6911608440266,25.004486016095797,7.78624598742997,61.852472199721774,1.0,False
383,8.273665647709024,274.21890009448896,4521.929336746756,69.66912563135179,0.4632938125807472,0.5367061874192528,0.4274733164896875,0.21664655460371893,0.24441853406948946,0.002228283673070513,COMPLETE,8.273665647709024,221.29191018725163,274.21890009448896,1708.8388203713248,69.66912563135179,5673.839104614242,4521.929336746756,1.8308952754321743,56.095803105072704,26.91649541813033,9.663884269519421,30.94923778431051,1.0,True
384,7.506201300060813,250.89901725661824,5877.239830728929,48.448446566418184,0.018443473677266398,0.9815565263227336,0.3546369849586602,0.006822632845395134,0.01126862838286433,0.0003522009015310232,COMPLETE,7.506201300060813,202.47299793591836,250.89901725661824,1583.4885704633746,48.448446566418184,4711.885921076856,5877.239830728929,1.5198030803338007,87.69574138372789,36.09649125529526,6.874761643880689,23.368511323154884,1.0,False
385,9.127476292352926,291.63359491741124,7113.559576470725,95.14831734802749,0.22956787811913065,0.7704321218808694,0.5015757117343571,0.009221271564486436,0.10409012047762445,0.11625636745201649,COMPLETE,9.127476292352926,235.3453947624017,291.63359491741124,1831.5039763131904,95.14831734802749,6656.454463604571,7113.559576470725,2.1481095112082618,75.24783013347856,32.660385611882255,17.678337154836655,38.29062455734772,1.0,True
386,7.499411087337055,250.84232833819547,4165.245935450313,48.34167933399408,0.47022929217645715,0.5297707078235429,0.3546369849586602,0.1480152284205822,0.1421296939706756,0.1800838832806726,COMPLETE,7.499411087337055,202.42725054564036,250.84232833819547,1583.0955592370046,48.34167933399408,4702.410377714332,4165.245935450313,1.5180851671211313,62.43073842117643,61.660931070448186,2.718048319846337,31.392298520676263,1.0,True
387,9.241003293551442,293.69643123368854,6731.81238953219,98.81983148343528,0.47022929217645715,0.5297707078235429,0.5118026725746952,0.07961550642263901,0.13090163730814186,0.2597114468237864,COMPLETE,9.241003293551442,237.01008304127433,293.69643123368854,1847.626315746367,98.81983148343528,6782.812809037152,6731.81238953219,2.1902109579893168,69.99751404245677,45.3142293593029,13.02700643458448,67.33322281828237,1.0,True
388,7.915538863581091,264.8918593256814,5238.0731721317225,59.73627940204136,0.314471423389942,0.6855285766100581,0.39512506733105845,0.08556996680487734,0.11004694504887184,0.11885433783171899,COMPLETE,7.915538863581091,213.76508155723167,264.8918593256814,1653.573617325575,59.73627940204136,5242.938206369776,5238.0731721317225,1.6920658107428488,70.35909688566389,33.190496499624054,16.992673720331286,38.292586833393415,1.0,True
389,8.457298376877127,278.3479651367705,7355.623851907008,74.86832900585324,0.018443473677266398,0.9815565263227336,0.44329469651469866,0.004306600199045307,0.007113013163146481,0.007023853026046575,COMPLETE,8.457298376877127,224.6240243857224,278.3479651367705,1735.6655074289688,74.86832900585324,5889.644640576236,7355.623851907008,1.8997123968449783,87.81178928474681,17.036492880588998,10.406189229111591,42.476481676750296,1.0,True
390,9.150408335533267,291.993051139289,7391.57551070008,95.84520085076177,0.1643758051437541,0.835624194856246,0.5032241907732697,0.09089549789377381,0.06315564987845995,0.010324544271288911,COMPLETE,9.150408335533267,235.63547233889483,291.993051139289,1834.4060521400218,95.84520085076177,6683.799318375674,7391.57551070008,2.156160790237142,77.78436845803822,26.518090648657193,11.83045067889545,21.198584070778494,1.0,True
391,8.06041389897479,268.91514546602053,5533.532468490537,63.734308089498754,0.3766890926294708,0.6233109073705292,0.40857289633941335,0.10658923443485066,0.09066570864074186,0.17943386626744914,COMPLETE,8.06041389897479,217.01183323962394,268.91514546602053,1676.4987736945372,63.734308089498754,5418.901738951336,5533.532468490537,1.749205196886664,71.95634521382358,26.878611578041053,8.023243563694745,71.62108683550471,1.0,True
392,7.678250976729745,257.52846217450764,4636.561155382602,53.28092743611635,0.4113002803298291,0.5886997196701709,0.37275899843259913,0.07023926608753216,0.1621408793512657,0.17891984240488712,COMPLETE,7.678250976729745,207.82289369020594,257.52846217450764,1614.7693889535433,53.28092743611635,4943.017382248165,4636.561155382602,1.5957163364636255,66.10738360096656,41.13411025824055,7.624891044505503,53.14682543548662,1.0,True
393,7.925297686208554,265.0619848907511,6608.866831264508,59.955062603973886,0.013255655270810907,0.986744344729189,0.39557080805368827,0.010044516014630488,0.001610774428903225,0.0016003523290004688,COMPLETE,7.925297686208554,213.90237118698724,265.0619848907511,1654.6244208038372,59.955062603973886,5255.832020716524,6608.866831264508,1.6952399674427532,88.40559573502496,50.80682135490856,0.36923883630711085,44.97644830011818,1.0,False
394,7.915639739243957,264.89377950972965,5202.257336569819,59.73860909455429,0.314471423389942,0.6855285766100581,0.39512506733105845,0.07587604096533332,0.1308708485581509,0.10772428447294746,COMPLETE,7.915639739243957,213.76663112655672,264.89377950972965,1653.5875774857805,59.73860909455429,5243.124800864785,5202.257336569819,1.6920996402696766,69.87108735885256,54.58324088845602,4.567483859751972,37.4173878421113,1.0,True
395,9.194063724112688,292.7564798564065,7822.260257140064,97.23317025630794,0.09170225492671691,0.9082977450732831,0.5069293532510446,0.013239382094458059,0.06111761450739384,0.01734516295893742,COMPLETE,9.194063724112688,236.25155167932147,292.7564798564065,1840.4202336047708,97.23317025630794,6733.427819463247,7822.260257140064,2.1721118210601835,81.70478689685277,19.484379898601034,0.39703728434533003,31.58344496870977,1.0,True
396,11.377253608177751,288.8279365279194,10354.078054712894,155.3325238061867,0.1728336416619316,0.8271663583380684,0.6190365229718036,0.07377385505565007,0.017126378877177675,0.08193331593313735,COMPLETE,10.510835490423213,252.29436507822976,312.6362967053244,2014.8618929568372,143.5034025140778,8218.94400827374,9565.578375598792,2.651824566498048,81.90658259659733,70.70691799606543,15.747634430854177,33.462983130884766,1.0824309464784185,False
397,8.67069019227011,283.01897805582183,5281.334928123984,81.1907034745967,0.4812236474710556,0.5187763525289444,0.4626748857919832,0.0959502413508452,0.19019503380474115,0.19507816987241644,COMPLETE,8.67069019227011,228.39348510126766,283.01897805582183,1767.4446030890288,81.1907034745967,6133.695631733853,5281.334928123984,1.980329151245951,60.70055098292407,36.98355217604901,15.968381820033752,40.21796913157983,1.0,True
398,7.7142508462193735,258.5623320646595,6243.277340278158,54.191175797736484,0.018443473677266398,0.9815565263227336,0.3756042394981304,0.004323026707644158,0.008384676179236479,0.005735762198226808,COMPLETE,7.7142508462193735,208.65721635285956,258.5623320646595,1620.1034694706107,54.191175797736484,4990.332236087037,6243.277340278158,1.609634107819826,87.96330575817018,37.64650907351114,13.400301415466664,56.46741884116643,1.0,True
399,9.252467134052191,293.75081564380525,8534.970828188567,99.09488552460707,0.013255655270810907,0.986744344729189,0.5118026725746952,0.005101809322669708,0.0038763496762111334,0.0042774892793778175,COMPLETE,9.252467134052191,237.05397071639442,293.75081564380525,1848.352190264076,99.09488552460707,6800.039064685867,8534.970828188567,2.19333407305001,88.24632019409682,35.678179793752456,9.497587028583947,47.42630583175392,1.0,True
400,8.953214097690022,288.41369748684747,7692.607527378464,89.67378137262435,0.08615993560081492,0.9138400643991851,0.486362319430332,0.009464977404103125,0.027486143716628227,0.04920876525742145,COMPLETE,8.953214097690022,232.74696973491106,288.41369748684747,1806.9185841725769,89.67378137262435,6459.402755394505,7692.607527378464,2.0838334506252383,83.77730149692437,38.680666630271006,10.119865116428013,35.74477546744316,1.0,True
401,7.685031611048005,257.577698614964,6189.733460701807,53.39265458818003,0.018443473677266398,0.9815565263227336,0.37275899843259913,0.0004628712866438919,0.011052341597516425,0.006928249467269072,COMPLETE,7.685031611048005,207.86262700528977,257.577698614964,1615.154857322567,53.39265458818003,4952.474225165646,6189.733460701807,1.5974308592911326,87.87684575802594,62.37538405473474,7.0732092306585255,58.37093077986458,1.0,True
402,8.344154892089893,275.8399877876269,6164.054087526757,71.65073035598648,0.24631255214542958,0.7536874478545704,0.4335771017095876,0.10146060788225737,0.11469164833955191,0.03016011739278816,COMPLETE,8.344154892089893,222.60011174473703,275.8399877876269,1719.195820906132,71.65073035598648,5756.904294210547,6164.054087526757,1.8574098113946047,75.3398079682757,69.54023090345588,3.801537508592332,23.54819151528178,1.0,False
403,8.448674436261065,278.29918665221186,5200.319888866938,74.69394257920034,0.48161126972030566,0.5183887302796943,0.44329469651469866,0.14729150563729332,0.1326120979393984,0.2017074568209954,COMPLETE,8.448674436261065,224.58466063646844,278.29918665221186,1735.1417956179666,74.69394257920034,5877.125504077197,5200.319888866938,1.8974426810956977,62.376920359291105,56.05397705394182,10.41813861097195,32.156316346962505,1.0,False
404,7.721005699379258,258.8869064351795,4548.276576427238,54.41677663288086,0.3766890926294708,0.6233109073705292,0.37661076012711664,0.15142642243682639,0.19215228715118035,0.03310929749962214,COMPLETE,7.721005699379258,208.91914462412552,258.8869064351795,1621.6801432231168,54.41677663288086,4998.842360548217,4548.276576427238,1.6130659063523127,64.04429652493643,41.09422614472499,3.67458925868088,47.502776901709495,1.0,True
405,8.893909436049974,287.37102783361297,5857.552719163405,87.89562161449605,0.36122605763075266,0.6387739423692473,0.4816914262116908,0.027982870001192543,0.22636005054600647,0.10688290512211675,COMPLETE,8.893909436049974,231.90554575144733,287.37102783361297,1799.0137960602083,87.89562161449605,6390.341612662994,5857.552719163405,2.062546921631116,64.56248357651052,26.131107444969935,13.282342828207526,36.2785877400855,1.0,True
406,7.761279855201686,260.30552368129474,4524.811337839665,55.56095306479273,0.43573029509385885,0.5642697049061411,0.38093716065077976,0.05438135388563566,0.1461056590288852,0.23524301861914867,COMPLETE,7.761279855201686,210.06395455556805,260.30552368129474,1628.8670048979504,55.56095306479273,5049.4765865220215,4524.811337839665,1.6303651387961327,63.18469599767423,38.93818410719923,11.403806838318008,38.5337935360629,1.0,True
407,8.45754462474824,278.34932159096,7421.828477161079,74.87329302865467,0.007196744314877934,0.9928032556851221,0.44329469651469866,0.004143752633471093,0.002476267248375284,0.0005767176351393543,COMPLETE,8.45754462474824,224.62511903068884,278.34932159096,1735.6801851611724,74.87329302865467,5890.000797783415,7421.828477161079,1.8997769680414356,88.58946408374895,39.972870089866376,11.281578249402317,60.43498704580679,1.0,True
408,8.84327908354757,286.3883116429023,6019.085970315826,86.34335488072038,0.314471423389942,0.6855285766100581,0.4772666027740929,0.04238829106540694,0.16310983119280406,0.10897299030213209,COMPLETE,8.84327908354757,231.11250361270575,286.3883116429023,1791.7734919264678,86.34335488072038,6332.699036107867,6019.085970315826,2.0437923691445525,66.93655968189837,47.62005199161334,4.515071688990586,28.116352159691335,1.0,False
409,10.129424020672326,292.07699837675904,9574.700519248869,121.04272805310123,0.018443473677266398,0.9815565263227336,0.5571184485888095,0.006065502945052125,0.011757708772812037,0.0006202499107434102,COMPLETE,9.78519830107107,243.9948331919311,302.35174313427814,1920.3564115943523,116.9293628625884,7402.139428137789,9249.325831657678,2.3875378272198033,87.85248102305012,43.932034873992535,17.259146693207036,31.776999472390294,1.0351782057971761,False
410,9.328340599298306,293.8365135206258,8585.392784407843,101.01321910066777,0.019656069920549468,0.9803439300794505,0.5161562853203963,0.007080747997522877,0.007043200509235467,0.00553211260329714,COMPLETE,9.303431332559043,237.75800812792914,294.6232396038726,1855.3548558266,100.74348568002493,6857.738543771554,8562.46739519722,2.2119653023842036,87.78808419518167,43.44616319489667,7.010221430305332,31.257658823403574,1.0026774279133,False
411,8.946184612814994,288.37388647024716,5909.165918655544,89.51238896076065,0.4323611881275266,0.5676388118724733,0.486362319430332,0.18553145866366186,0.01866017176265538,0.22816932946744348,COMPLETE,8.946184612814994,232.71484264262475,288.37388647024716,1806.4407883412025,89.51238896076065,6448.793216861412,5909.165918655544,2.081909944423112,64.59460605778625,41.055610915508645,1.5948065344269797,27.601414491038675,1.0,True
412,11.232863100147023,289.2208627598508,9849.150374441282,151.17775653704777,0.17412773351165017,0.8258722664883498,0.6120735872320332,0.006230739383808882,0.07217066617126598,0.09572619042483331,COMPLETE,10.427886750713828,251.41543143502474,311.5471461046912,2004.389162191101,140.34396309652232,8125.034703037628,9143.334498047972,2.621731646386295,79.21224755849411,25.03084723353936,3.254445190110555,54.9647069764395,1.0771945810955506,False
413,7.874330353524766,263.6844217398029,5290.0102784277515,58.60652912787959,0.331261142176991,0.668738857823009,0.39125628324379796,0.11318994612717602,0.11994782799296315,0.09812324514085817,COMPLETE,7.874330353524766,212.7906914998035,263.6844217398029,1646.938936039503,58.60652912787959,5192.07686399099,5290.0102784277515,1.6755842010244273,71.74311335370159,40.252062008235,16.32806602160882,57.61750055496236,1.0,True
414,8.44599027913764,278.2796938372361,6336.969088440497,74.63746144764126,0.47022929217645715,0.5297707078235429,0.44329469651469866,0.0697100922665312,0.08450936338561374,0.3160086951945686,COMPLETE,8.44599027913764,224.56893012971116,278.2796938372361,1734.9454609669372,74.63746144764126,5873.067691487873,6336.969088440497,1.8967070008718803,76.12909657865835,61.6482655786419,13.686073626845989,74.33778461247095,1.0,True
415,9.316906895560926,293.87782006415927,6327.262405345166,100.77037136251167,0.43573029509385885,0.5642697049061411,0.5161562853203963,0.1859910103409593,0.043177254441231556,0.20656179888517495,COMPLETE,9.294712538052634,237.72275551450795,294.5795555267202,1854.7756953036314,100.53032027331075,6844.49734115506,6312.189857615843,2.2095646762611176,65.00191237220572,33.07039029668896,8.81997816256622,39.47519907601104,1.0023878476518158,False
416,10.463892910487438,291.2563775754834,6481.051063145881,129.89687280659737,0.47022929217645715,0.5297707078235429,0.5744779071150975,0.08481169747288718,0.2715651583838468,0.11385209947436559,COMPLETE,9.980570433234398,246.42315828191914,305.3608573612054,1946.8526760040927,123.89699504701285,7619.060577299998,6181.694248063835,2.4594436876127626,57.16434575977848,53.91096519267094,10.86618265234552,20.88439789591623,1.0484263380020464,False
417,8.388988001268508,276.83388714025506,6851.035270845494,72.91336494729633,0.09170225492671691,0.9082977450732831,0.43736874205941256,0.03000685050248057,0.05175575765229249,0.009939548143790798,COMPLETE,8.388988001268508,223.40217858331442,276.83388714025506,1725.676353907997,72.91336494729633,5809.814997138204,6851.035270845494,1.8741181955926691,82.92986146860174,43.64869057043771,3.8927232568366166,55.8615441635307,1.0,True
418,8.370237831349597,276.4059160202113,6813.883839323504,72.37705148448684,0.09226050967818866,0.9077394903218113,0.4357136258845582,0.03386247972616641,0.05015191176278779,0.008246027858113333,COMPLETE,8.370237831349597,223.0568101691503,276.4059160202113,1722.8936946623,72.37705148448684,5787.898117143357,6813.883839323504,1.867038551017987,82.79112380398394,37.33291121800024,2.9492755088234763,68.75798618339431,1.0,True
419,8.104967972373036,270.12361848579695,4606.349807177496,64.98924815459428,0.47022929217645715,0.5297707078235429,0.4128047970010131,0.08180873764106138,0.17133359700234171,0.21708637106468004,COMPLETE,8.104967972373036,217.9870588818533,270.12361848579695,1683.6039067712293,64.98924815459428,5472.023818646024,4606.349807177496,1.7667781306292163,59.35272188327953,41.58991123024378,4.981521470445868,36.08195010634776,1.0,True
420,8.603255924896708,281.480018738767,7641.888520004579,79.11756608101211,0.007196744314877934,0.9928032556851221,0.4560056684078158,0.002925811325309254,0.002463248716168917,0.0018076795793196764,COMPLETE,8.603255924896708,227.15156032199758,281.480018738767,1756.9180355476963,79.11756608101211,6058.846264745239,7641.888520004579,1.9542430071897579,88.67515542011255,62.384668128803355,18.56497628697331,47.26121917846372,1.0,True
421,8.658524194662617,282.68336784534523,6921.286583553438,80.78145011314577,0.15965681879520743,0.8403431812047926,0.4611416308374146,0.005227970725980709,0.04322936960116017,0.11119936307053879,COMPLETE,8.658524194662617,228.12265101751515,282.68336784534523,1765.2108133320526,80.78145011314577,6121.30602705004,6921.286583553438,1.9752054931857315,79.59467168841458,66.35055272188092,6.95046488672306,36.667769173590024,1.0,True
422,8.599778358558083,281.46305399998676,6441.5000789416445,79.0459016747667,0.24226149259551066,0.7577385074044893,0.4560056684078158,0.08760107544436413,0.0952999524673624,0.05936031054028724,COMPLETE,8.599778358558083,227.1378699474493,281.46305399998676,1756.7210648128266,79.0459016747667,6053.839809778079,6441.5000789416445,1.953335338383055,74.88534826399919,21.54907245822652,10.20617876874032,76.63544125668435,1.0,True
423,7.914834085481911,264.8806238721822,5150.542409251406,59.72096340940647,0.314471423389942,0.6855285766100581,0.39512506733105845,0.12627897874893404,0.005099203909320063,0.1830928901424048,COMPLETE,7.914834085481911,213.7560146586123,264.8806238721822,1653.4901796582983,59.72096340940647,5241.711398270069,5150.542409251406,1.6918433907967558,69.2264934195155,25.84072141534257,11.05180857117062,26.072351795446952,1.0,False
424,9.249686119761947,293.73986116159,7539.563329029457,99.02958994518154,0.1844568197848862,0.8155431802151138,0.5118026725746952,0.053706925589308285,0.08870525496041279,0.04204454833485678,COMPLETE,9.249686119761947,237.0451305587915,293.73986116159,1848.1970808612753,99.02958994518154,6795.951803954907,7539.563329029457,2.1925930538868124,78.05952520788418,44.403451981816374,15.973564516069429,38.59748876681025,1.0,True
425,8.216882370044596,272.8681131798871,5331.657319630335,68.08051773608724,0.3299920230170895,0.6700079769829105,0.4225556872701355,0.0944367469533519,0.09066774878866352,0.14488736396884885,COMPLETE,8.216882370044596,220.20183865503708,272.8681131798871,1700.3566148941727,68.08051773608724,5606.02950044149,5331.657319630335,1.809372605895979,66.9922941970371,31.212540387769998,1.4603732365286706,28.792322369671364,1.0,True
426,8.061616747223834,268.9248149446471,5157.1970518485705,63.75733368821201,0.3766890926294708,0.6233109073705292,0.40857289633941335,0.1433400041762062,0.108909593368688,0.12443929862241875,COMPLETE,8.061616747223834,217.01963641218074,268.9248149446471,1676.5838848518915,63.75733368821201,5420.688495807297,5157.1970518485705,1.7495291353768638,67.01104116339229,45.26881207547169,1.0584793638145746,38.935214828032834,1.0,False
427,10.453278484225445,291.2925279931942,6826.654971802742,129.6278644575818,0.47022929217645715,0.5297707078235429,0.574241281440127,0.06286812154912401,0.1316659040633511,0.2756948158766095,COMPLETE,9.973791661887411,246.3710792725508,305.29632247307995,1946.149355950613,123.68189708389839,7609.431211634334,6513.5196138796355,2.4572538161787696,60.37845044742901,45.59908136002484,13.29505351007585,30.72287833962936,1.0480746779753065,False
428,7.563082489345644,253.29652694437289,4650.278254645895,50.08780266915484,0.31104335011393675,0.6889566498860633,0.36100496086717937,0.09278866703106887,0.09473238428810811,0.12352211826836965,COMPLETE,7.563082489345644,204.4077642788395,253.29652694437289,1594.3900002696464,50.08780266915484,4790.204083962634,4650.278254645895,1.5459527827035828,68.36805115698235,30.915697572698093,11.891382190361682,23.873056890974677,1.0,True
429,10.264592972989236,291.7482342549927,9084.764655310913,124.57920410522547,0.12621847217201038,0.8737815278279897,0.5640048757653657,0.08758425930850729,0.01800475979186254,0.02062920991079949,COMPLETE,9.864963357173744,244.97549600861112,303.5669537523527,1931.019989906984,119.72898358443335,7491.565141753692,8731.069090515539,2.4166742915304114,81.96991694761584,34.601742469350974,9.098040633204446,47.69879050896118,1.040509994953492,False
430,7.680225218619251,257.5425646489035,4663.021768799593,53.313348249120295,0.4113002803298291,0.5886997196701709,0.37275899843259913,0.18773783353582332,0.1162560700487627,0.1073061670307664,COMPLETE,7.680225218619251,207.83427424601865,257.5425646489035,1614.880235004313,53.313348249120295,4945.762548850283,4663.021768799593,1.5962140343577018,66.4028918546088,42.836656550463914,1.3812403986449566,53.518257016029736,1.0,True
431,9.150138847252055,291.99019756706474,7024.282377968307,95.83786779059714,0.2660567426326578,0.7339432573673421,0.5032241907732697,0.22837824142246746,0.03045490341523867,0.007223313626510379,COMPLETE,9.150138847252055,235.6331695346456,291.99019756706474,1834.3747940326032,95.83786779059714,6683.332842287187,7024.282377968307,2.15607621826009,73.9310851202643,35.88243536666756,4.506977417178151,33.89859476139259,1.0,False
432,8.670295975760137,283.01627009682426,5750.494651467494,81.18198788998522,0.4812236474710556,0.5187763525289444,0.4626748857919832,0.08722027136367445,0.18266707512130248,0.2113356757236409,COMPLETE,8.670295975760137,228.39129980543623,283.01627009682426,1767.415430365384,81.18198788998522,6133.094507509835,5750.494651467494,1.9802201676017008,66.10756010006996,31.395288910345954,8.76803361141945,73.64488835657994,1.0,True
433,8.275480491223682,274.2545194124154,6177.92155276353,69.71659969341066,0.22370618341172732,0.7762938165882727,0.42763399448000505,0.0237698589077598,0.09460663641758472,0.10532951768562972,COMPLETE,8.275480491223682,221.3206546206251,274.2545194124154,1709.0556710024655,69.71659969341066,5675.703108084761,6177.92155276353,1.8315347596178377,76.63402199514533,38.22597531129274,5.726080924658602,57.28004061972843,1.0,False
434,8.274693502694285,274.2558047153382,4621.251679132046,69.7043047985445,0.47743264033159705,0.522567359668403,0.42763399448000505,0.21566247706440206,0.22480679812474225,0.03696296023166475,COMPLETE,8.274693502694285,221.32169184723077,274.2558047153382,1709.0522182212053,69.7043047985445,5674.789736027128,4621.251679132046,1.8313691655335875,57.33499197510388,33.386626541658316,8.197705501229755,46.42584174967598,1.0,False
435,8.652810380310841,282.6573782089188,5682.715172405302,80.6630294466695,0.47022929217645715,0.5297707078235429,0.4611926441200673,0.15689199145993263,0.04111905471640139,0.27221793917637493,COMPLETE,8.652810380310841,228.10167764081538,282.6573782089188,1764.8738829333483,80.6630294466695,6112.587509521966,5682.715172405302,1.9737205640567648,65.56614652483435,40.782642145667324,11.548788312621049,42.01438962952373,1.0,True
436,8.22064680155239,272.9342506782944,5304.3654012157995,68.17359208190321,0.43573029509385885,0.5642697049061411,0.4227411510904189,0.24147965377695524,0.16682139844775595,0.027428942398768367,COMPLETE,8.22064680155239,220.2552109548768,272.9342506782944,1700.8093965838225,68.17359208190321,5611.10195011643,5304.3654012157995,1.8106402954614547,66.54138774851201,56.25353806608396,5.773510489466641,62.747972384215444,1.0,True
437,7.818107744798621,261.9110809657752,5847.0713978546955,57.03731734768089,0.13462161547469048,0.8653783845253096,0.38564537488042155,0.058377513892668036,0.07239268044724781,0.003851229256377585,COMPLETE,7.818107744798621,211.35962322857097,261.9110809657752,1637.4625704499408,57.03731734768089,5122.457206004053,5847.0713978546955,1.6524323073010092,80.27847250838799,39.92971843015762,10.264367520570069,40.324002206386076,1.0,True
438,8.545029966156022,280.3869841089362,5617.0923149881655,77.48612437869883,0.36122605763075266,0.6387739423692473,0.4517089373146102,0.036949989533141915,0.08477670166191827,0.239499101549558,COMPLETE,8.545029966156022,226.2694923060704,280.3869841089362,1749.1986931938611,77.48612437869883,5988.797431620165,5617.0923149881655,1.9334795921822812,66.12337717377652,28.00144428393486,3.023069062345781,32.75737749240215,1.0,True
439,7.954261014980267,265.88310697356553,6673.837647694075,60.748627472264495,0.004598525808314824,0.9954014741916852,0.3982424154252496,0.0007906948686962747,0.0037789968216778293,2.8828422406815288e-05,COMPLETE,7.954261014980267,214.56500849659764,265.88310697356553,1659.2203554609455,60.748627472264495,5291.421527598105,6673.837647694075,1.7067060822633962,88.67204131888208,44.76070869915951,11.51841209208096,33.538670858422094,1.0,True
440,7.714376401933382,258.5629815974759,6288.273785119802,54.19316184443944,0.007196744314877934,0.9928032556851221,0.3756042394981304,0.0015497227294358387,0.001017407574138251,0.004629609199683303,COMPLETE,7.714376401933382,208.6577405193471,258.5629815974759,1620.1091527094957,54.19316184443944,4990.499041231197,6288.273785119802,1.6096643495431902,88.59075761453542,25.46564705877924,16.689141511657382,36.93964006122222,1.0,True
441,8.45751823659719,278.34906189050434,7426.700179182108,74.87270107462336,0.007196744314877934,0.9928032556851221,0.44329469651469866,0.004338687388293073,0.0005270265642868888,0.0023310232446121988,COMPLETE,8.45751823659719,224.62490945501813,278.34906189050434,1735.67772498507,74.87270107462336,5889.958327048873,7426.700179182108,1.8997692681098084,88.64934514556579,39.95404818099457,2.727001464000042,48.52480670069791,1.0,False
442,8.553355453799778,280.4350117994077,7461.383964210534,77.65939848137789,0.028187748325463557,0.9718122516745364,0.4517089373146102,0.002454354533916238,0.009824962874286233,0.015908413322547436,COMPLETE,8.553355453799778,226.308250172004,280.4350117994077,1749.7238100511686,77.65939848137789,6001.016500984054,7461.383964210534,1.935694905848595,87.42983992202987,47.31114316874698,5.9660172999004555,47.22397132000901,1.0,True
443,7.925134606660544,265.0608103035062,6588.113348814477,59.95213788843917,0.013255655270810907,0.986744344729189,0.39557080805368827,0.001364568384737992,0.003130815686604112,0.008760261417186069,COMPLETE,7.925134606660544,213.90142330682644,265.0608103035062,1654.6142999088142,59.95213788843917,5255.598180402402,6588.113348814477,1.6951975722628765,88.13764299864535,24.420260416799557,13.583316011098738,26.59216452352704,1.0,False
444,7.506167755433337,250.89897565696836,5866.42277827857,48.44800856010801,0.018443473677266398,0.9815565263227336,0.3546369849586602,0.002122261282052478,0.015780710812480364,0.0005404838620964084,COMPLETE,7.506167755433337,202.4729643654169,250.89897565696836,1583.4878818345308,48.44800856010801,4711.847069016284,5866.42277827857,1.5197960364666954,87.53582628492491,29.559776185063242,5.61442646831825,35.96689692925881,1.0,True
445,7.815676192292166,261.89246612638937,5307.179971961312,56.99481657695426,0.29679622677702433,0.7032037732229757,0.38564537488042155,0.13549777976661623,0.08847306438562008,0.07282521402644596,COMPLETE,7.815676192292166,211.34460123933493,261.89246612638937,1637.3106349187244,56.99481657695426,5118.9749111674055,5307.179971961312,1.6518009682757513,72.98039522883273,47.658308691542544,3.8023100002814627,48.631335460400244,1.0,True
446,8.172911439227851,271.73726973954695,5042.294834570222,66.82810914776893,0.3395511595722448,0.6604488404277552,0.4183805487625825,0.17051601849121836,0.16023240087374127,0.00880245160467954,COMPLETE,8.172911439227851,219.289259307117,271.73726973954695,1693.474212538699,66.82810914776893,5554.702787331355,5042.294834570222,1.7922316958909392,63.87508280059061,21.131744932297465,6.79364630735337,38.88169330307546,1.0,False
447,10.723424863795092,290.5746573904082,10394.746216293106,136.88921308502248,0.007196744314877934,0.9928032556851221,0.5867513715822015,0.002352247715184735,0.0003461713599307997,0.0044983205645920555,COMPLETE,10.134332494899992,248.12141647518882,307.46529259989444,1966.2567676147505,129.36919109235632,7795.938421507446,9823.709840284746,2.51454493366512,88.59457255347913,31.670394882827836,8.204470111673556,34.23249434621655,1.0581283838073752,False
448,8.614372767726492,281.7972911538254,6363.803087504044,79.49159528756162,0.24922109946452864,0.7507789005354714,0.45744881540985216,0.019126391105893578,0.09407834362804884,0.13601614468539855,COMPLETE,8.614372767726492,227.4075959882256,281.7972911538254,1758.988100027811,79.49159528756162,6070.001672435065,6363.803087504044,1.9589738020551186,73.83437476565938,47.836003229598376,7.085209365454395,39.259694482160945,1.0,True
449,9.241239072902768,293.59776289029384,7790.627782210772,98.75999777081506,0.18713539787806016,0.8128646021219399,0.5111319625455644,0.0928849221664821,0.0055977262940316306,0.08865251920969884,COMPLETE,9.241239072902768,236.93045867483823,293.59776289029384,1847.042404921938,98.75999777081506,6786.005099255599,7790.627782210772,2.1895310122666896,80.79968025219394,65.41906273659366,8.708157055750332,25.466981369730895,1.0,False
450,9.244482712313463,293.61461500073517,8511.581208326617,98.83869231505703,0.018443473677266398,0.9815565263227336,0.5111319625455644,0.009154444516738315,0.0005516942210141764,0.008737312250955646,COMPLETE,9.244482712313463,236.94405815944327,293.61461500073517,1847.2612966714385,98.83869231505703,6790.937468977823,8511.581208326617,2.190425249440369,88.12618370418551,48.03214018558175,-2.994517985076686,36.90449627088485,1.0,False
451,8.172722049253139,271.7302357278076,6387.245685773808,66.82171425530429,0.18713539787806016,0.8128646021219399,0.4183805487625825,0.05122079964070655,0.047555817813991104,0.08835865347670896,COMPLETE,8.172722049253139,219.28358292998348,271.7302357278076,1693.4211854177465,66.82171425530429,5554.217829895701,6387.245685773808,1.7921437732511052,80.94107153434175,28.808657080204682,8.085650079773929,75.91995959355644,1.0,False
452,9.510437747763344,293.4870473157491,6643.150766208831,105.4583212826981,0.36122605763075266,0.6387739423692473,0.5260523354062637,0.05561666997060063,0.18316752882881301,0.1224416607467787,COMPLETE,9.412528427602222,239.30473858242698,296.5399058010966,1870.8040423812167,104.37263492251446,6978.674479118304,6574.759973639865,2.252462654767012,66.36274040736302,18.58202585831584,12.385077449811083,50.07970155597818,1.0104020211906084,False
453,7.722342516769328,258.89102451771555,4742.715504883334,54.43684564711625,0.3766890926294708,0.6233109073705292,0.37661076012711664,0.2946624304219182,0.06996991883776925,0.012056348082921513,COMPLETE,7.722342516769328,208.92246787555126,258.89102451771555,1621.7243039932132,54.43684564711625,5000.524382215503,4742.715504883334,1.6133708563837434,66.73504660022122,34.893686750720654,5.568719549355864,45.17340778344016,1.0,True
454,8.632924201565816,282.1593075671554,6554.513525934735,80.0260252067582,0.2158297731148397,0.7841702268851602,0.45892468891959054,0.03764748624696377,0.09444297190965102,0.08373901986967736,COMPLETE,8.632924201565816,227.69973961361873,282.1593075671554,1761.545418952954,80.0260252067582,6091.904912039928,6554.513525934735,1.9657145928006436,75.7355909664497,57.516750325294595,9.786408235041165,33.15643031566965,1.0,True
455,7.592436993994171,254.38860742950493,4626.74284646871,50.89302739462908,0.331261142176991,0.668738857823009,0.3639351238159993,0.14747444898054843,0.08891344090332022,0.09487309214666886,COMPLETE,7.592436993994171,205.28906230953618,254.38860742950493,1599.5465635911623,50.89302739462908,4829.876046259297,4626.74284646871,1.5586442711412969,67.44840244657702,32.040328249147294,10.13178524777596,23.323181659957484,1.0,True
456,8.55091838071542,280.42067692550955,6836.108182234187,77.60850317787344,0.15846100257813883,0.8415389974218612,0.4517089373146102,0.05137274815869223,0.0269730800105798,0.08011509013105511,COMPLETE,8.55091838071542,226.29668207211694,280.42067692550955,1749.567855097541,77.60850317787344,5997.428808303546,6836.108182234187,1.9350444582253783,80.21524408226887,30.4074313464478,9.73912895898212,42.918027121796484,1.0,False
457,9.857388553358334,292.72688676798884,6068.071490538231,114.09429892001977,0.43573029509385885,0.5642697049061411,0.5437751723994804,0.10436369097474782,0.2803925382332215,0.05097356008542324,COMPLETE,9.621486732160154,242.01955462244615,299.9040318002034,1899.0364592843368,111.363854364865,7215.107375782018,5922.853605696811,2.3285879337231754,57.803916710468904,46.12600537729115,3.616457965123804,32.70120856099178,1.0245182296421684,False
458,8.897237610199038,287.380276701238,6502.888494357741,87.96531434385652,0.28538915233445594,0.7146108476655441,0.4816914262116908,0.20078966540066617,0.01738915725615236,0.06720961454433992,COMPLETE,8.897237610199038,231.91300949513206,287.380276701238,1799.1539886212377,87.96531434385652,6394.96505507406,6502.888494357741,2.0633851503745357,71.56773888185225,28.220465224100206,1.913049491456475,32.838065671625756,1.0,False
459,8.268414976330122,274.2057441475248,5903.013620216018,69.57639475133715,0.45269098820963183,0.5473090117903682,0.42763399448000505,0.05181878731703648,0.06930652113255531,0.3315653082828505,COMPLETE,8.268414976330122,221.28129346961103,274.2057441475248,1708.5815203330167,69.57639475133715,5665.282800362572,5903.013620216018,1.8296455609058329,73.52252158041696,46.432175017609715,15.301581696729503,64.18594528292789,1.0,True
460,11.940988414637705,287.27672954169833,11869.221519618377,172.0370625533455,0.013255655270810907,0.986744344729189,0.645954574637894,0.008451246328677517,0.0037446381850293363,0.0010597602413146292,COMPLETE,10.831470395000435,255.57681934795212,316.7038245182123,2054.8693259872452,156.051935165196,8582.605168411994,10766.37184773193,2.768272752415718,88.19498139755734,33.605570445128606,7.167530264797119,57.580403142723796,1.1024346629936226,False
461,7.7655420663404575,260.2325062854746,6376.92996249784,55.59005699831647,0.007196744314877934,0.9928032556851221,0.3805347417861211,0.003042462650258703,0.0011914553567342126,0.0029628212854533285,COMPLETE,7.7655420663404575,210.00503024731512,260.2325062854746,1628.6667285254614,55.59005699831647,5056.056677257757,6376.92996249784,1.6308028965286259,88.67361947813652,29.622259164237335,17.41391811447642,68.05443953228058,1.0,False
462,8.977801306715964,288.9702413387029,6521.065027919506,90.49443844735738,0.36122605763075266,0.6387739423692473,0.48910952148199466,0.040097284077292364,0.083953892713429,0.2371746185247763,COMPLETE,8.977801306715964,233.19609505791985,288.9702413387029,1810.9316083811984,90.49443844735738,6484.770373509492,6521.065027919506,2.0935882069320533,70.89212956410009,27.439250196077193,8.769871102297323,51.07278366466291,1.0,True
463,9.021216757403932,289.68086615528404,7496.3805400365545,91.78875211427693,0.15965681879520743,0.8403431812047926,0.49225214872619755,0.06008544311143949,0.04733637014317887,0.052234920150449116,COMPLETE,9.021216757403932,233.76956217865268,289.68086615528404,1816.501224343881,91.78875211427693,6536.618137123458,7496.3805400365545,2.108885891697042,80.69029158118894,47.02984275128539,2.955650872167744,55.41865010369865,1.0,True
464,8.231608138382418,273.21217424402124,5601.914640644229,68.48685324260327,0.331261142176991,0.668738857823009,0.42378731851535245,0.11318994612717602,0.11994782799296315,0.09812324514085817,COMPLETE,8.231608138382418,220.47949249318268,273.21217424402124,1702.5144421508805,68.48685324260327,5623.772514204655,5601.914640644229,1.8149007847533078,70.14125928901775,44.503359608307086,-0.7987831571212203,57.27103118571524,1.0,False
465,8.105149433204106,270.1246624033965,4642.6436544508815,64.99257637503847,0.47022929217645715,0.5297707078235429,0.4128047970010131,0.09180850455771516,0.16692266659454016,0.2114975496542745,COMPLETE,8.105149433204106,217.98790131291696,270.1246624033965,1683.6140530694743,64.99257637503847,5472.279660996262,4642.6436544508815,1.7668245147717416,59.81439031154552,31.313931300453817,12.869255311852253,35.60597145128305,1.0,True
466,9.18742431380347,292.7325205750667,5227.274692980786,97.08075090218836,0.4680773870803905,0.5319226129196095,0.5069293532510446,0.06725021387745385,0.31045048915254964,0.09037619963359311,COMPLETE,9.18742431380347,236.23221677887307,292.7325205750667,1840.074085010018,97.08075090218836,6723.796204640681,5227.274692980786,2.1703656121379105,54.76680905388494,56.46476815135789,3.79783768772258,25.918183290721494,1.0,True
467,9.194319888560033,292.7566098923786,7993.189740329558,97.23853907104267,0.09170225492671691,0.9082977450732831,0.5069293532510446,0.042641253546742225,0.03239878226037969,0.016662160675389323,COMPLETE,9.194319888560033,236.2516566170506,292.7566098923786,1840.426212833799,97.23853907104267,6733.766948969011,7993.189740329558,2.172173305139404,83.4817207187822,35.54410907241995,10.563176865719962,45.69768990130677,1.0,True
468,8.552392641236974,280.42979799162373,7129.185336627835,77.6395315750686,0.08668679764737741,0.9133132023526226,0.4517089373146102,0.023294312878302106,0.02633202379439833,0.037060419985832635,COMPLETE,8.552392641236974,226.30404268126046,280.42979799162373,1749.665776046754,77.6395315750686,5999.616186848144,7129.185336627835,1.9354410293093895,83.58248409623793,35.357426653208975,9.368656240585702,32.10752152747142,1.0,True
469,11.367522996958469,288.86258102049266,7896.13242513678,155.07872680246217,0.43573029509385885,0.5642697049061411,0.6190296273879276,0.12287936268621953,0.11986211765109185,0.19298859853711675,COMPLETE,10.503948119881162,252.27412813112926,312.6112196323737,2014.4286257360295,143.29761208894243,8208.25854228511,7296.274251087067,2.6498743538776344,62.65235139946139,49.03330805353026,7.9948344056252605,27.58343367656635,1.0822143128680148,False
470,8.17544443927732,271.74764043528523,6834.114835973706,66.87349451363016,0.040116872830821104,0.9598831271691789,0.4183805487625825,0.00963807165035273,0.015918758962465432,0.014560025905326773,COMPLETE,8.17544443927732,219.29762835487082,271.74764043528523,1693.5887236862334,66.87349451363016,5558.143942356547,6834.114835973706,1.7928555762805327,86.4620002993582,35.076221871615935,11.770741360827863,33.65249603304952,1.0,True
471,8.549510082426405,280.4198092239296,5440.93715495656,77.58310417557622,0.3766890926294708,0.6233109073705292,0.4517089373146102,0.15142642243682639,0.19215228715118035,0.03310929749962214,COMPLETE,8.549510082426405,226.2959818456189,280.4198092239296,1749.536856450229,77.58310417557622,5995.637962453188,5440.93715495656,1.9347197784017018,63.87653417792621,34.178048179735086,3.7459817520686376,73.95131900517798,1.0,True
472,8.954954684995068,288.4223832279825,8106.363658209657,89.71306079227904,0.013255655270810907,0.986744344729189,0.486362319430332,0.004610582468172769,0.0029749046808263775,0.0056701624500480165,COMPLETE,8.954954684995068,232.7539790411496,288.4223832279825,1807.0266056579308,89.71306079227904,6461.983479072727,8106.363658209657,2.084301335065786,88.20046903798013,24.130419970831603,4.839488181326352,43.978193545455376,1.0,False
473,7.567741521173275,253.39744919921793,5053.326986290165,50.18699045513857,0.20519841349483076,0.7948015865051692,0.3612044566247643,0.07725396318564191,0.11719230073399609,0.010752022838835546,COMPLETE,7.567741521173275,204.48920752927688,253.39744919921793,1594.9209622874534,50.18699045513857,4796.791487837848,5053.326986290165,1.5475214664511272,74.10931071888965,27.13107474995736,8.32336981562955,23.242822773837997,1.0,True
474,8.274031654646967,274.2604427819384,4241.582073692473,69.69572893298536,0.4911893084543032,0.5088106915456968,0.42763399448000505,0.0844576896906914,0.40365171641195313,0.0030792939859614035,COMPLETE,8.274031654646967,221.32543472059646,274.2604427819384,1709.0754613564584,69.69572893298536,5674.152599429922,4241.582073692473,1.831253652856716,52.630605815479484,22.211571319502458,12.984002397780932,49.0093333099194,1.0,False
475,8.175562680066296,271.74873706418765,6737.20841274444,66.8759075879437,0.05601945108402617,0.9439805489159738,0.4183805487625825,0.030776296013236174,0.02138386411436255,0.0038592526618333014,COMPLETE,8.175562680066296,219.2985133234288,271.74873706418765,1693.5984225729503,66.8759075879437,5558.326871725265,6737.20841274444,1.7928887413210461,85.22819857297242,32.673273762699864,0.6800160250574616,46.622656556392236,1.0,True
476,8.677411440729374,283.0530047207993,6964.964704582199,81.33258610994669,0.15846100257813883,0.8415389974218612,0.4626748857919832,0.037039007632707815,0.06289439450207256,0.058527453336082676,COMPLETE,8.677411440729374,228.42094427963787,283.0530047207993,1767.8420545897425,81.33258610994669,6143.477026315684,6964.964704582199,1.9821025151943363,79.77388709067091,61.57650307982432,13.351550468548748,28.969392290112182,1.0,True
477,9.12499905529733,291.62125847972857,6497.446086363724,95.0901043088185,0.3766890926294708,0.6233109073705292,0.5015757117343571,0.08940727201507084,0.12469327780287587,0.1625883051902768,COMPLETE,9.12499905529733,235.33543938055618,291.62125847972857,1831.3451599720333,95.0901043088185,6652.737694268711,6497.446086363724,2.1474356620255572,68.81455553577159,55.87728760056385,3.152547687240846,48.37969436594253,1.0,False
478,8.175908655796423,271.750652642713,6934.8573607194385,66.8823477977724,0.018443473677266398,0.9815565263227336,0.4183805487625825,0.006822632845395134,0.01126862838286433,0.0003522009015310232,COMPLETE,8.175908655796423,219.30005917614298,271.750652642713,1693.6176120150187,66.8823477977724,5558.815072817693,6934.8573607194385,1.7929772520348948,87.71122253720556,25.30710017377295,14.29706829192121,39.67575038827677,1.0,True
479,11.834227182041577,287.57037924531784,11658.05117465014,168.8118585340011,0.018443473677266398,0.9815565263227336,0.6408411299826107,0.004119841886783907,0.013568256746880761,0.0007553603703559346,COMPLETE,10.771182336646055,254.9698495371333,315.9516840817523,2047.386844298197,153.64782853054382,8514.487452444251,10610.831865950755,2.7463267397116726,87.61811189152421,37.704071836863214,5.541012554149344,30.393619756253145,1.0986934221490985,False
480,7.7149110036014195,258.8278607267377,5032.995460391921,54.308848986062266,0.43275356294699013,0.5672464370530099,0.37661076012711664,0.04715668393406821,0.059839389497409516,0.3257571514598897,COMPLETE,7.7149110036014195,208.87149532787004,258.8278607267377,1621.2403094991002,54.308848986062266,4989.791553145349,5032.995460391921,1.611424997643667,71.1659356268983,50.79234160205361,8.966620326937008,54.19667971307523,1.0,True
481,9.128000905750177,291.63963186220406,6262.619890729446,95.16282773410892,0.31104335011393675,0.6889566498860633,0.5015757117343571,0.07806404393364504,0.17708386257240621,0.05589522687809039,COMPLETE,9.128000905750177,235.35026651648005,291.63963186220406,1831.5689977477998,95.16282773410892,6657.3807459891605,6262.619890729446,2.1482774459309755,66.21917703368054,35.621406255876174,1.6544709880914117,31.208324477912356,1.0,True
482,8.545055145674516,280.3948049951611,5133.974038913244,77.4907858354322,0.47743264033159705,0.522567359668403,0.4517089373146102,0.07476656853939259,0.23977134999955688,0.1628944555037298,COMPLETE,8.545055145674516,226.2758036830451,280.3948049951611,1749.2614316150655,77.4907858354322,5989.126325819345,5133.974038913244,1.9335392206034412,60.41895659360798,58.89345752195342,13.61434752073692,37.701415921977016,1.0,True
483,7.7116696878446716,258.5453142963549,5453.9880572455195,54.14885948323213,0.17412773351165017,0.8258722664883498,0.3756042394981304,0.01625160884907281,0.09280467079086031,0.06507135877055088,COMPLETE,7.7116696878446716,208.64348318401542,258.5453142963549,1619.9650319085904,54.14885948323213,4986.777442742494,5453.9880572455195,1.6089896248365014,76.96726707694117,45.36837831627139,7.893381883027422,29.54534760585537,1.0,False
484,11.57117200076133,288.30593262525093,9043.40849547656,161.01984059262648,0.314471423389942,0.6855285766100581,0.6288127967382757,0.09689333102061548,0.004632102010008158,0.21294567188503258,COMPLETE,10.620506628677775,253.48592347744605,314.1128433777941,2029.0244863680123,147.79075829571204,8340.165621495174,8300.419340904307,2.692148930568723,70.13381027049414,29.787565754548652,1.0697597911349983,28.646078303222225,1.089512243184006,False
485,9.334637913264501,293.8395386948963,5750.149622630667,101.19638757676793,0.4812236474710556,0.5187763525289444,0.5170288679041789,0.07922931132179985,0.2956357748811663,0.10635824659421193,COMPLETE,9.305288860695214,237.8734677474473,294.76631401559786,1856.3080368613282,100.87821582480397,6857.068219736057,5732.070566418316,2.213481329685264,58.89628215246996,36.92523616105211,6.356557576046232,73.97461641822945,1.0031540184306642,False
486,7.764749728527177,260.34331266766367,3956.082102799373,55.625165583586025,0.43573029509385885,0.5642697049061411,0.38093716065077976,0.0936585602374269,0.3084544083891102,0.03361699289260871,COMPLETE,7.764749728527177,210.09444988967792,260.34331266766367,1629.1474835135818,55.625165583586025,5054.803037284169,3956.082102799373,1.6313308227459433,55.10412854070102,17.31542950796475,4.240758696274405,55.78793826566957,1.0,True
487,9.244635192823267,293.61540535332216,8555.810299191784,98.84239140157423,0.013255655270810907,0.986744344729189,0.5111319625455644,0.008781894460179747,0.0002657056989241484,0.0042080441844958875,COMPLETE,9.244635192823267,236.94469596607746,293.61540535332216,1847.2715705987907,98.84239140157423,6791.1692710126335,8555.810299191784,2.190467275080809,88.57676809024244,64.8568624244264,1.2727526309403037,43.59827548440381,1.0,False
488,8.553841344806399,280.43770911677666,7559.558323760839,77.66946138000021,0.007196744314877934,0.9928032556851221,0.4517089373146102,0.0017827476672755598,0.0028291717540046787,0.002584819944141873,COMPLETE,8.553841344806399,226.3104268801476,280.43770911677666,1749.753626421637,77.66946138000021,6001.725715375065,7559.558323760839,1.9358234862081922,88.55532510803778,41.57121341607013,12.80322265554487,31.85738160352171,1.0,False
489,10.60265276470988,290.89039209994,9641.064616692001,133.60299500854674,0.09170225492671691,0.9082977450732831,0.5808478799575811,0.04072946855022389,0.037481316134897524,0.013491336369756546,COMPLETE,10.06361592127634,247.31930373065092,306.47133636185197,1957.1258775474366,126.81064423550464,7715.742504674932,9150.91473122014,2.4889264826627575,83.40797970697977,30.51146514826135,8.113488921841343,74.36664826219823,1.0535629387737182,False
490,8.038569733036079,268.23046588461085,6394.503084363992,63.08333666842844,0.08474637334304624,0.9152536266569538,0.406113124567257,0.006959941466929253,0.033104922715668506,0.044681459266199146,COMPLETE,8.038569733036079,216.4593036642221,268.23046588461085,1672.6148211249538,63.08333666842844,5393.71808199875,6394.503084363992,1.7400232068692811,83.39680111849258,34.721507744912394,8.20607760900936,30.928939562815188,1.0,True
491,7.765350090364235,260.34504433087864,4479.174982164931,55.63427718921459,0.43573029509385885,0.5642697049061411,0.38093716065077976,0.15672233875712668,0.2540819613790041,0.024925510767452225,COMPLETE,7.765350090364235,210.09584732457574,260.34504433087864,1629.1669242985472,55.63427718921459,5055.558605316636,4479.174982164931,1.6314678070070447,62.371176851875475,41.55206446152538,18.64457667434404,33.466456835030556,1.0,True
492,7.8721820209830335,263.6710840149666,4298.9164966809,58.56956409574469,0.47022929217645715,0.5297707078235429,0.39125628324379796,0.1524731927100835,0.17973963606825302,0.13801610500570557,COMPLETE,7.8721820209830335,212.7799280892379,263.6710840149666,1646.8214453417888,58.56956409574469,5189.0880191088445,4298.9164966809,1.6750423243301613,58.37359939172934,26.063236223480274,3.308132504859002,47.67039648254688,1.0,True
493,9.13098622387232,291.75657085853095,6208.435918773104,95.29804048906576,0.43573029509385885,0.5642697049061411,0.5022831136053365,0.075528185982979,0.138623945240046,0.22157791562067222,COMPLETE,9.13098622387232,235.44463511712587,291.75657085853095,1832.3434161974367,95.29804048906576,6658.686363264511,6208.435918773104,2.1498417197391215,65.73506058295507,26.82829641794207,9.32362176135297,54.70257862451649,1.0,True
494,8.291741346073122,274.73466120276146,4965.070386998352,70.22326211516683,0.4680773870803905,0.5319226129196095,0.42956071030451765,0.08641425877900623,0.13354196260891618,0.248120809212314,COMPLETE,8.291741346073122,221.7081242440165,274.73466120276146,1711.9670702170142,70.22326211516683,5693.330467452146,4965.070386998352,1.838346420554428,61.500356501995796,51.29500569818913,5.921916125066188,35.516578147044044,1.0,True
495,8.062775775364646,268.9360387960072,5089.61240116249,63.78040758194261,0.3766890926294708,0.6233109073705292,0.40857289633941335,0.15505362494378244,0.16310966655674922,0.05852529149022679,COMPLETE,8.062775775364646,217.02869394798986,268.9360387960072,1676.6789440412313,63.78040758194261,5422.478684857576,5089.61240116249,1.7498536961228803,66.07925610033521,42.338212055688004,-1.4729410224652753,72.2197408499562,1.0,True
496,8.165370691083776,271.68301212192017,4697.313069371735,66.68190798871562,0.47022929217645715,0.5297707078235429,0.4183805487625825,0.0581678502876486,0.12182203646025155,0.2902389884363682,COMPLETE,8.165370691083776,219.24547395226836,271.68301212192017,1692.9674061296998,66.68190798871562,5543.609946708074,4697.313069371735,1.7902205671626237,59.77525123441419,34.14357770860184,6.753588817206433,33.35120681538603,1.0,True
497,7.817360571054873,261.9028547550056,5988.4376685476,57.02319103216146,0.13462161547469048,0.8653783845253096,0.38564537488042155,0.05038132009901362,0.03217163869778835,0.05206857140625021,COMPLETE,7.817360571054873,211.35298475874194,261.9028547550056,1637.4003574392175,57.02319103216146,5121.299908623414,5988.4376685476,1.6522224896277506,82.26731000616832,29.57572006664781,9.94389493357774,65.49435399844089,1.0,False
498,7.5943641690116035,254.40318534959565,5441.065920478458,50.92392094850499,0.15846100257813883,0.8415389974218612,0.3639351238159993,0.05733496752732173,0.042389576723070775,0.05873635918035482,COMPLETE,7.5943641690116035,205.30082654527018,254.40318534959565,1599.6550326559432,50.92392094850499,4832.551008381302,5441.065920478458,1.5591292409838662,79.22287713052856,16.486396773304392,0.6891538094885559,56.35193658826691,1.0,True
499,9.19174122508634,292.7440699527618,7713.49158488645,97.17722863273677,0.15965681879520743,0.8403431812047926,0.5069293532510446,0.012714055908364838,0.05869252524694229,0.08825014605800273,COMPLETE,9.19174122508634,236.24153701117922,292.7440699527618,1840.2617167718374,97.17722863273677,6729.893636999263,7713.49158488645,2.1714710748234163,80.66933346740551,29.206614359452296,11.294991885883793,54.31060342644391,1.0,True
500,9.151471863688903,291.99611007342986,8310.474828363032,95.86889094418075,0.028187748325463557,0.9718122516745364,0.5032241907732697,0.00593810404648587,0.0016820590647873633,0.02056756464081727,COMPLETE,9.151471863688903,235.63794086815716,291.99611007342986,1834.4539138716766,95.86889094418075,6685.306191406561,8310.474828363032,2.1564339858725297,87.41416219433677,28.413546958612212,7.5229548540712425,35.273938673719876,1.0,True
501,8.826417429356843,286.06969563451105,6408.880791710588,85.83592357978421,0.29061911071130614,0.7093808892886939,0.47588001872833696,0.028015616028897447,0.10061089072989494,0.16199242246039644,COMPLETE,8.826417429356843,230.85538368009406,286.06969563451105,1789.4162160659962,85.83592357978421,6313.039794484239,6408.880791710588,2.0376259821748435,71.51608877808502,34.110217416496205,4.780903345610518,42.269016983538826,1.0,True
502,7.875697003998111,263.70045220779383,5049.2346282437,58.63332450601968,0.331261142176991,0.668738857823009,0.39125628324379796,0.1075159851418166,0.21806475342968584,0.005680180144619819,COMPLETE,7.875697003998111,212.80362792716755,263.70045220779383,1647.061633970721,58.63332450601968,5194.242856938049,5049.2346282437,1.6759768949059222,68.40507882101464,39.66068246578158,19.557566331089166,53.13849309557899,1.0,True
503,8.985526995298152,289.01272092523004,7267.835472957948,90.6723984669406,0.15846100257813883,0.8415389974218612,0.48910952148199466,0.07606061845206724,0.07620784006213817,0.006192423773063463,COMPLETE,8.985526995298152,233.23037565945143,289.01272092523004,1811.4488232644128,90.6723984669406,6496.406518664744,7267.835472957948,2.0956978366115298,78.68637816231193,41.10054228299112,5.493190704255683,33.76337918249713,1.0,False
504,8.98428783056202,289.00629415812665,7225.289849867611,90.64407664113625,0.15846100257813883,0.8415389974218612,0.48910952148199466,0.021867374075497457,0.0862180282139599,0.050375464197150596,COMPLETE,8.98428783056202,233.2251893226666,289.00629415812665,1811.3692754931071,90.64407664113625,6494.555404786262,7225.289849867611,2.0953622302121566,78.27929646902737,37.10027189856225,5.438749324424672,40.610452612666975,1.0,True
505,7.7669868715040025,260.3548338410806,5038.847005961633,55.66123630139524,0.26629471627579293,0.7337052837242071,0.38093716065077976,0.06378339965088155,0.19229890639870098,0.010212213168776784,COMPLETE,7.7669868715040025,210.10374736141367,260.3548338410806,1629.2506224783517,55.66123630139524,5057.793801472718,5038.847005961633,1.6318730474098935,70.0984627602879,33.15589226623482,11.864974677843637,33.39462546731915,1.0,True
506,8.065782719039182,268.95131752956155,6249.308193174221,63.83388793132358,0.1683021390969603,0.8316978609030397,0.40857289633941335,0.11268853988915079,0.03916495076996167,0.016448526066344667,COMPLETE,8.065782719039182,217.04102373318085,268.95131752956155,1676.830969039206,63.83388793132358,5426.626746920832,6249.308193174221,1.7506057385496632,81.00101430634635,56.423435626701696,0.33993298819466844,35.10518255463892,1.0,True
507,7.64662268736861,256.2535621153613,5995.264387225527,52.34445789268651,0.05056133806139512,0.9494386619386048,0.3690124911418303,0.016205634489434087,0.017753940007522902,0.016601735540590627,COMPLETE,7.64662268736861,206.79406209147544,256.2535621153613,1608.6072867904666,52.34445789268651,4902.1503520100205,5995.264387225527,1.581276166801789,86.00250200143189,35.887613859325356,11.07833709186207,42.55611348795609,1.0,True
508,8.219257195861799,272.9307770427565,4573.8891500165655,68.14942286481413,0.43573029509385885,0.5642697049061411,0.4227411510904189,0.10542156535419733,0.28366734771689633,0.0466408710952921,COMPLETE,8.219257195861799,220.25240776573406,272.9307770427565,1700.7617408200524,68.14942286481413,5609.286679497202,4573.8891500165655,1.810311187434397,57.416030552494306,53.214686319169694,-2.467004967965919,47.19688189436092,1.0,True
509,8.168563565620426,271.70877950683393,4291.330739262133,66.74512573932475,0.4949801161949726,0.5050198838050274,0.4183805487625825,0.16384406757497216,0.19040583973834546,0.14072970060768794,COMPLETE,8.168563565620426,219.26626797421991,271.70877950683393,1693.2017852343727,66.74512573932475,5548.407972071727,4291.330739262133,1.7910904477437777,54.501213721257464,15.23635906768156,10.723880693861435,35.00627424767854,1.0,True
510,7.662803365116862,256.9773158652577,4652.443232420415,52.850698715761766,0.40493722292731743,0.5950627770726826,0.3711706242201289,0.0973315844229736,0.1558182192786799,0.15178725955164926,COMPLETE,7.662803365116862,207.3781241301043,256.9773158652577,1612.049354703121,52.850698715761766,4922.9529175739735,4652.443232420415,1.5890977874357857,66.58762324486916,42.68957524220673,9.910353679062622,51.728690623276506,1.0,True
511,8.457512055133119,278.34921626439836,7417.260740639624,74.87267532911454,0.007196744314877934,0.9928032556851221,0.44329469651469866,0.0012531877155424194,0.004676137090869837,0.0012674145311986635,COMPLETE,8.457512055133119,224.62503403320684,278.34921626439836,1735.678818692156,74.87267532911454,5889.95647989046,7417.260740639624,1.8997689332205339,88.53645133235051,62.80657692066807,7.441549366403558,48.10175331508502,1.0,True
512,9.244629213926807,293.61559536070223,8513.780907946793,98.842391476276,0.013255655270810907,0.986744344729189,0.5111319625455644,0.004945051570461842,0.005516289003495838,0.0027943074407537163,COMPLETE,9.244629213926807,236.9448493001331,293.61559536070223,1847.2732416149263,98.842391476276,6791.1692756937555,8513.780907946793,2.1904672759294948,88.14128158428232,30.372527444760898,3.3468473105503365,53.063487374320275,1.0,False
513,7.915534656257518,264.88613307035604,5996.282567958649,59.73369855437383,0.24226149259551066,0.7577385074044893,0.39512506733105845,0.06587686460180377,0.00702608054036865,0.16935806438410167,COMPLETE,7.915534656257518,213.76046052644662,264.88613307035604,1653.536550675149,59.73369855437383,5242.731491702073,5996.282567958649,1.6920283334346553,80.55951351244788,63.41978496415945,2.1140477969295444,52.30236649420914,1.0,False
514,8.633147368369498,282.159580736621,6238.551523613874,80.03021173647619,0.29781937030392214,0.7021806296960779,0.45892468891959054,0.16295599696899174,0.07148240155294538,0.06338074843409985,COMPLETE,8.633147368369498,227.6999600586458,282.159580736621,1761.5515076412391,80.03021173647619,6092.195691098871,6238.551523613874,1.9657673109581375,72.0757985448518,32.56403407949458,6.008534822709477,59.94275355213319,1.0,True
515,9.018319936971228,289.6673034500961,6830.4122367223545,91.72288930255091,0.29679622677702433,0.7032037732229757,0.49225214872619755,0.08546506491326201,0.10046712754619386,0.11086385308478579,COMPLETE,9.018319936971228,233.75861721119304,289.6673034500961,1816.3270245203555,91.72288930255091,6532.338518112647,6830.4122367223545,2.1081099980345277,73.62973930827495,40.05953017009555,15.25751298568651,54.35354877006825,1.0,True
516,8.898447089957688,287.3868492307372,7042.739259362115,87.99256683983972,0.20592045707363427,0.7940795429263657,0.4816914262116908,0.15377602940739954,0.010718122362017002,0.04142586451884356,COMPLETE,8.898447089957688,231.91831346071262,287.3868492307372,1799.232891548636,87.99256683983972,6396.772510571784,7042.739259362115,2.0637128415223733,77.45892584211154,36.887766694846185,8.68451854312894,23.472254321991226,1.0,False
517,7.913741582849909,264.881254292399,4804.91469756964,59.70516168264684,0.4647645721239129,0.5352354278760871,0.39512506733105845,0.15692509925355885,0.16629414057584158,0.1415451618853449,COMPLETE,7.913741582849909,213.75652340142307,264.881254292399,1653.4774506646654,59.70516168264684,5240.445522244652,4804.91469756964,1.6916138878472713,64.60503377388731,46.83050780174344,3.0641292829600286,63.98458843065566,1.0,True
518,7.666440417819889,257.00371282300193,5512.826983010892,52.91024156913746,0.15846100257813883,0.8415389974218612,0.3711706242201289,0.01540826059926214,0.0720647417190784,0.07098792558339191,COMPLETE,7.666440417819889,207.39942621103435,257.00371282300193,1612.2545653683467,52.91024156913746,4928.013909278854,5512.826983010892,1.5900153437369273,78.72477652952031,37.06377923316566,4.011045975235307,40.92634154768011,1.0,True
519,8.383930909301496,276.8061854222226,5688.305045782144,72.81343618124453,0.331261142176991,0.668738857823009,0.43736874205941256,0.04849119202282688,0.1555347150704052,0.12723507570026388,COMPLETE,8.383930909301496,223.37982357387943,276.8061854222226,1725.3813107253868,72.81343618124453,5802.549744168702,5688.305045782144,1.8728010073753627,69.04941925456973,30.041260775801085,5.68983080184978,55.945912685049265,1.0,True
520,11.638357460254092,288.1101392367309,11033.716116255144,162.97105748618893,0.062148611742772364,0.9378513882572277,0.6315021370463114,0.012927627084171235,0.020030372372277512,0.029190572346699358,COMPLETE,10.660008664927517,253.8404504137016,314.55216348864496,2033.5549718726663,149.27131176956013,8388.403116505524,10106.194951247211,2.705941400919163,84.73355609649339,30.240026383207628,5.936230397863799,24.74645226710985,1.0917774859363332,False
521,8.751170885444596,284.5196466123447,7487.14408490259,83.52438606224055,0.09061653308283008,0.9093834669171699,0.46896283469638106,0.03513075780816503,0.004568493184240239,0.050917213387422895,COMPLETE,8.751170885444596,229.60450961969605,284.5196466123447,1778.3014586112256,83.52438606224055,6228.448631554437,7487.14408490259,2.0093082997506673,84.56207718851867,58.71213027917413,5.65659326032147,29.392540358307116,1.0,False
522,8.823722375035207,286.0558269980958,5107.84048510248,85.7766941931387,0.47743264033159705,0.522567359668403,0.47588001872833696,0.1391182857080527,0.1344511751052958,0.20386293735150043,COMPLETE,8.823722375035207,230.84419182919336,286.0558269980958,1789.2495795887924,85.7766941931387,6309.063386545729,5107.84048510248,2.036905060590173,57.073884063361405,23.9839098140278,6.939426616374211,30.31712727651754,1.0,True
523,8.078284112488882,269.4514664945791,4492.406500545093,64.25948391562868,0.47743264033159705,0.522567359668403,0.41048819601432335,0.04480470689282514,0.17770085504113434,0.2549267578428329,COMPLETE,8.078284112488882,217.4446389464604,269.4514664945791,1679.5881853223923,64.25948391562868,5439.751049319466,4492.406500545093,1.7565795721470725,58.24750992166794,41.61627534661992,8.803236763432157,32.07881550255557,1.0,True
524,9.02049137744135,289.6777222371223,7460.249812901965,91.77241292287299,0.15965681879520743,0.8403431812047926,0.49225214872619755,0.01964966797228139,0.06655959374403116,0.07344743701195673,COMPLETE,9.02049137744135,233.7670250681353,289.6777222371223,1816.459858175467,91.77241292287299,6535.5565924274915,7460.249812901965,2.1086934339572303,80.33156186316651,44.802479826189185,10.102983310061612,53.62660667698876,1.0,True
525,9.316906895560926,293.87782006415927,6202.287492872412,100.77037136251167,0.43573029509385885,0.5642697049061411,0.5161562853203963,0.1859910103409593,0.043177254441231556,0.20656179888517495,COMPLETE,9.294712538052634,237.72275551450795,294.5795555267202,1854.7756953036314,100.53032027331075,6844.49734115506,6187.512655307855,2.2095646762611176,63.71800666562157,37.31684515107621,7.195142653471594,29.67071350323092,1.0023878476518158,False
526,8.446351661103016,278.2868769223485,4920.397746944665,74.64744945640214,0.47022929217645715,0.5297707078235429,0.44329469651469866,0.017320075774763646,0.1796520810782944,0.2732568517501459,COMPLETE,8.446351661103016,224.574726807566,278.2868769223485,1735.0072278610228,74.64744945640214,5873.785375729218,4920.397746944665,1.896837116812841,59.091058230227844,30.42315680807826,9.741679451181257,34.88690239719338,1.0,True
527,7.962525338099903,266.1836560791848,5627.1489723547975,61.00609878503183,0.2158297731148397,0.7841702268851602,0.3992797393792979,0.031008971601105096,0.1431482495984751,0.04167232855141067,COMPLETE,7.962525338099903,214.80754861934133,266.1836560791848,1660.854741924623,61.00609878503183,5301.11676136603,5627.1489723547975,1.7104105486966323,74.69794027114897,47.79467609531487,10.425173311659167,44.9186043896697,1.0,True
528,9.186170248865658,292.7176886265992,5768.659536528769,97.04531191989517,0.40728736011569106,0.592712639884309,0.5069196274307358,0.05893677051785986,0.15834463620848915,0.1900056677512458,COMPLETE,9.186170248865658,236.22024754477928,292.7176886265992,1839.9179164221205,97.04531191989517,6721.656379169273,5768.659536528769,2.1699594101755326,60.48950317450507,25.542225228909928,2.44235156525404,30.109953489441615,1.0,True
529,11.250633252135843,289.1752115233282,7287.176744420849,151.7008356514865,0.47022929217645715,0.5297707078235429,0.6131601622439325,0.17155931860141088,0.21118301654283048,0.08748671322151105,COMPLETE,10.43729895933085,251.54637289849555,311.70940519522617,2005.851489159057,140.73403146212186,8134.377784345428,6760.369887318529,2.6254646960769175,58.53680653026883,38.00497417682528,5.063868161434657,42.514069229955396,1.0779257445795285,False
530,8.274337717817122,274.2613773048713,4467.644870659118,69.70122125476895,0.4680773870803905,0.5319226129196095,0.42763399448000505,0.08280428093006799,0.3822534983384357,0.003019011356024811,COMPLETE,8.274337717817122,221.32618887125813,274.2613773048713,1709.0873478507422,69.70122125476895,5674.560651178319,4467.644870659118,1.831327632518167,55.42776531108732,38.378991968905396,12.175779381741318,58.423728953535274,1.0,True
531,7.818148548799863,261.9115674058543,5896.2771357433785,57.038104671646,0.13462161547469048,0.8653783845253096,0.38564537488042155,0.05836492494707691,0.07528549953405343,0.0009709991565411229,COMPLETE,7.818148548799863,211.36001578085038,261.9115674058543,1637.4661985955233,57.038104671646,5122.521703353274,5896.2771357433785,1.6524440006513714,80.95136553489513,40.60789196657451,19.65352275469554,58.08611174715371,1.0,True
532,7.666608418418083,257.0029277708548,5630.866558171838,52.912188011252255,0.15846100257813883,0.8415389974218612,0.3711706242201289,0.0485946166454634,0.03408367374727331,0.07578263246515946,COMPLETE,7.666608418418083,207.39879268180212,257.0029277708548,1612.252489858902,52.912188011252255,4928.17930506473,5630.866558171838,1.590045329944051,80.40634269324218,46.54745414729287,10.463234195562654,37.36828904456956,1.0,False
533,9.19191807746362,292.74667438652074,6909.886013645967,97.18256232646374,0.24631255214542958,0.7536874478545704,0.5069293532510446,0.09943574144486966,0.09699414351800786,0.04988249221468977,COMPLETE,9.19191807746362,236.24363876317838,292.74667438652074,1840.2891980091115,97.18256232646374,6730.230642565595,6909.886013645967,2.171532173833045,72.2520544747868,17.43650519914221,15.262854121123603,38.069725647771904,1.0,False
534,7.766313907583344,260.34672594233297,4833.437540840263,55.64844869067779,0.43573029509385885,0.5642697049061411,0.38093716065077976,0.2721949793283308,0.14637570341459863,0.017159279023515488,COMPLETE,7.766313907583344,210.0972043682033,260.34672594233297,1629.1914847837509,55.64844869067779,5056.733638792659,4833.437540840263,1.6316808402291574,67.27298486147122,57.142931725434146,6.447048823722659,29.1218898521104,1.0,True
535,7.498360179813535,250.83426044435973,4312.915751805916,48.3254341119118,0.47022929217645715,0.5297707078235429,0.3546369849586602,0.08180873764106138,0.17133359700234171,0.21708637106468004,COMPLETE,7.498360179813535,202.42073983599386,250.83426044435973,1583.0384726322595,48.3254341119118,4700.967728003021,4312.915751805916,1.5178236151546116,64.6867615038494,61.69701885158015,2.031316690226911,55.57974485239975,1.0,False
536,8.341127923725683,275.8253391574124,5806.153586799788,71.59262039785938,0.331261142176991,0.668738857823009,0.43359393927098344,0.04849119202282688,0.1555347150704052,0.12723507570026388,COMPLETE,8.341127923725683,222.5882904466402,275.8253391574124,1719.027835216401,71.59262039785938,5752.4696198983875,5806.153586799788,1.8566374049388332,71.09355155123819,47.11778371348633,5.6099571972065885,65.70743742200841,1.0,True
537,8.389073748623877,276.83458247575896,6891.550658709023,72.91517597256845,0.09170225492671691,0.9082977450732831,0.43736874205941256,0.03168697710756364,0.05465363676795175,0.005361536900716694,COMPLETE,8.389073748623877,223.40273971211272,276.83458247575896,1725.6830741098386,72.91517597256845,5809.946621714866,6891.550658709023,1.8741420590895377,83.415443957602,52.057031889323724,10.864411228860636,58.10729711410622,1.0,False
538,8.167120134526,271.6951141142051,4787.22480632036,66.71557563902944,0.4680773870803905,0.5319226129196095,0.4183805487625825,0.1218849444819791,0.12113095239438335,0.22506116685412556,COMPLETE,8.167120134526,219.2552401390224,271.6951141142051,1693.0814981915935,66.71557563902944,5546.165489631374,4787.22480632036,1.790683886339743,60.858071080187315,23.664332900049473,13.789959699100994,39.36833212962886,1.0,False
539,8.109851079237398,270.16105185986487,5080.454438508166,65.08323682356406,0.3766890926294708,0.6233109073705292,0.4128047970010131,0.12522968231954554,0.2276877573626596,0.02377087358074811,COMPLETE,8.109851079237398,218.01726724039233,270.16105185986487,1683.9419582180758,65.08323682356406,5479.246331200394,5080.454438508166,1.7680875700218839,65.26395037332568,54.912664290827706,10.036973650881578,23.293069859479004,1.0,False
540,9.020940170198923,289.679565778742,7486.069445328513,91.78245898636219,0.15965681879520743,0.8403431812047926,0.49225214872619755,0.04619304933298152,0.05239066085220512,0.06107300877196702,COMPLETE,9.020940170198923,233.76851278778702,289.679565778742,1816.4845417352321,91.78245898636219,6536.209288349039,7486.069445328513,2.108811767535008,80.59114635167992,31.931514037092462,2.007278720138927,68.55149539992044,1.0,True
541,8.455474152037457,278.34181504454745,6511.889257027237,74.83360598145377,0.15068893708207104,0.849311062917929,0.44329469651469866,0.01168577184431041,0.12291119630296182,0.01609177760928839,COMPLETE,8.455474152037457,224.61906132279935,278.34181504454745,1735.5870314743697,74.83360598145377,5887.1530216511155,6511.889257027237,1.8992606670698464,77.80952085147942,44.78372555683519,9.09157969954272,33.00082219921223,1.0,True
542,9.236137931385445,293.57125482336556,6347.278085136939,98.63631195163455,0.43573029509385885,0.5642697049061411,0.5111319625455644,0.21627535465921813,0.013033872573602582,0.20642053183987646,COMPLETE,9.236137931385445,236.90906692990777,293.57125482336556,1846.6982255275743,98.63631195163455,6778.2489205610955,6347.278085136939,2.188124819360454,65.99907991701947,36.025578699003255,1.145787801193682,38.154778609495615,1.0,True
543,9.022340698473752,289.68827978056,7317.031248020254,91.81564406937923,0.15965681879520743,0.8403431812047926,0.49225214872619755,0.08369809086267879,0.07535654805616931,0.0006020609292179901,COMPLETE,9.022340698473752,233.7755449001141,289.68827978056,1816.5880824419862,91.81564406937923,6538.365086263903,7317.031248020254,2.1092026130601775,78.70685134664728,35.96677162225285,11.296501039822846,38.542638507255745,1.0,True
544,8.175138014101504,271.74749348963854,6566.20104632859,66.86853479007519,0.09170225492671691,0.9082977450732831,0.4183805487625825,0.03246038647249594,0.0559876117432375,0.0032541500184145545,COMPLETE,8.175138014101504,219.29750977120338,271.74749348963854,1693.5827411693742,66.86853479007519,5557.767947523475,6566.20104632859,1.792787408528361,83.08226676174893,45.52182874824305,11.739351032922015,26.258427975775675,1.0,True
545,7.763026382209676,260.31769639297454,4600.0714275379605,55.59041491772108,0.3766890926294708,0.6233109073705292,0.38093716065077976,0.0790225118031417,0.11021000635484356,0.18745636445022673,COMPLETE,7.763026382209676,210.07377781216655,260.31769639297454,1628.966713413431,55.59041491772108,5051.92082972207,4600.0714275379605,1.6308082793663028,64.16939798185098,29.041688300371803,8.3859907617593,28.54268022262529,1.0,True
546,9.244523665809872,293.6149948694759,8518.022190734091,98.83979586436242,0.013255655270810907,0.986744344729189,0.5111319625455644,0.0016543731027760693,0.004444782176057695,0.007156491974028766,COMPLETE,9.244523665809872,236.94436470971834,293.6149948694759,1847.2656287600191,98.83979586436242,6791.006622973055,8518.022190734091,2.190437787039277,88.19052565303114,34.56567589080114,6.997414887345071,38.470357033337784,1.0,False
547,8.172023569798252,271.7373423327709,5005.792365713868,66.81398320059378,0.331261142176991,0.668738857823009,0.4183805487625825,0.04032727575490307,0.28211604238731197,0.008817534937638908,COMPLETE,8.172023569798252,219.28931788912277,271.7373423327709,1693.4604218782729,66.81398320059378,5553.631514234348,5005.792365713868,1.7920374743948926,63.435918350865094,38.0627793472866,6.894066609901477,40.92804377782777,1.0,True
548,10.458119936253377,291.27691574412734,8001.0075674166355,129.74526758121726,0.4323611881275266,0.5676388118724733,0.5742828140528753,0.18553145866366186,0.01866017176265538,0.22816932946744348,COMPLETE,9.977347395131996,246.3841378479058,305.31250430353015,1946.3728177603502,123.78071923278418,7614.5518842044185,7633.1914816225035,2.458260135958646,70.66597048402006,60.215659173286404,9.322096722367007,38.08362165322659,1.0481864088801751,False
549,7.954227383393671,265.88274103130163,6681.4544879091745,60.74796335392727,0.004598525808314824,0.9954014741916852,0.3982424154252496,0.0006347073400367552,0.0016654142712051031,0.002298399625148551,COMPLETE,7.954227383393671,214.56471318485012,265.88274103130163,1659.217436350465,60.74796335392727,5291.368768888579,6681.4544879091745,1.7066965171249437,88.77559894881499,50.761748899756,6.908520417482896,60.734885362195435,1.0,True
550,7.816522396618521,261.90606418409016,5129.056621511631,57.01262819174283,0.26629471627579293,0.7337052837242071,0.38564537488042155,0.05439329885685118,0.21071556220133134,0.0011856209784840302,COMPLETE,7.816522396618521,211.35557473591894,261.90606418409016,1637.4075974712366,57.01262819174283,5120.434457382905,5129.056621511631,1.6520655835734899,70.4770273092086,37.55538563295204,14.282078595143279,56.54106355731766,1.0,True
551,7.963499829636925,266.18597042506065,6081.060957998247,61.02169845868235,0.13462161547469048,0.8653783845253096,0.3992797393792979,0.037903346790390736,0.04889190553597968,0.04782623856553231,COMPLETE,7.963499829636925,214.80941627331973,266.18597042506065,1660.8850945984661,61.02169845868235,5302.353394381155,6081.060957998247,1.7106347498969887,80.6863276138019,31.90957408946155,12.110291863361287,38.03170515263133,1.0,True
552,8.898413524467255,287.3870590615565,6562.960788296583,87.99204471746773,0.2717764305569943,0.7282235694430057,0.4816914262116908,0.2273828368971022,0.01969222818447226,0.024700555627773454,COMPLETE,8.898413524467255,231.91848279208548,287.3870590615565,1799.2341155099982,87.99204471746773,6396.737884639175,6562.960788296583,2.0637065638510195,72.18093108303218,27.764623580130227,16.958166986558364,27.488424709037282,1.0,False
553,8.17134006068166,271.72512849692583,5770.570331547724,66.79722590326698,0.24631255214542958,0.7536874478545704,0.4183805487625825,0.006771998679859076,0.13549855674295985,0.10404184724359736,COMPLETE,8.17134006068166,219.27946144573417,271.72512849692583,1693.3626366956632,66.79722590326698,5552.3605436105545,5770.570331547724,1.7918070477962271,73.17760442342338,32.995201785385866,13.92748665615184,37.49721368541376,1.0,True
554,8.389073748623877,276.83458247575896,6821.202352435534,72.91517597256845,0.09170225492671691,0.9082977450732831,0.43736874205941256,0.03168697710756364,0.05465363676795175,0.005361536900716694,COMPLETE,8.389073748623877,223.40273971211272,276.83458247575896,1725.6830741098386,72.91517597256845,5809.946621714866,6821.202352435534,1.8741420590895377,82.56394688675731,31.687431675532352,8.681117909106826,41.39369159190819,1.0,True
555,8.028140820252027,268.0197617156289,5012.946239195558,62.82740926794686,0.31104335011393675,0.6889566498860633,0.4054563366576581,0.0642107938007711,0.15373264021144,0.09309973783281353,COMPLETE,8.028140820252027,216.28926750689536,268.0197617156289,1671.3244016997578,62.82740926794686,5380.535877626011,5012.946239195558,1.7364006974545168,65.60269497600216,26.612804186894852,2.2988973183487444,22.762905902693007,1.0,True
556,9.731983400799647,293.00871987873853,7232.694226183707,110.93137743221054,0.331261142176991,0.668738857823009,0.5372713987741976,0.17468618258702626,0.0811029935887894,0.0754717763047717,COMPLETE,9.546844828872418,241.0405967830533,298.69093394348545,1888.7852898514316,108.82104945959682,7131.239243728929,7095.101443184104,2.3011771749466137,70.04037403785527,41.87913052746562,4.360604398860563,36.88640501674793,1.0193926449257158,False
557,7.710737396581824,258.5484995734955,4382.521952279709,54.13739182823308,0.331261142176991,0.668738857823009,0.3756042394981304,0.04032727575490307,0.28211604238731197,0.008817534937638908,COMPLETE,7.710737396581824,208.64605367081512,258.5484995734955,1619.970077965664,54.13739182823308,4985.813866171301,4382.521952279709,1.6088149286887725,61.86250467790989,27.241182377454102,2.374206861549984,56.29906537612311,1.0,True
558,8.67812214645529,283.05827545248604,6867.752502989106,81.34853532051652,0.15846100257813883,0.8415389974218612,0.4626748857919832,0.05010870993858312,0.0850875110402295,0.023264582583308113,COMPLETE,8.67812214645529,228.42519770740174,283.05827545248604,1767.8978846976747,81.34853532051652,6144.57604541845,6867.752502989106,1.9823017670330312,78.62504531666337,31.306367208376933,13.065499940338732,43.23087305673228,1.0,True
559,8.383924168123361,276.80340939687585,5623.588377723783,72.81189757152559,0.331261142176991,0.668738857823009,0.43736874205941256,0.08563348558462999,0.10066511184643295,0.14496236315600122,COMPLETE,8.383924168123361,223.37758334918482,276.80340939687585,1725.360091415908,72.81189757152559,5802.437842623222,5623.588377723783,1.8727807196582213,68.2698157359771,34.73764235835295,9.219541105930707,32.737492669224416,1.0,True
560,9.145762951028246,291.9689785754511,6710.210021444297,95.73491247491008,0.331261142176991,0.668738857823009,0.5032241907732697,0.11565412796781702,0.08035834317636079,0.13524852712570068,COMPLETE,9.145762951028246,235.6160460206033,291.9689785754511,1834.0984654537685,95.73491247491008,6676.781734553018,6710.210021444297,2.154888504363,70.78568292927226,65.8348429987288,5.937280768792737,22.648853760747084,1.0,True
561,8.823722375035207,286.0558269980958,5571.117566329284,85.7766941931387,0.47743264033159705,0.522567359668403,0.47588001872833696,0.1391182857080527,0.1344511751052958,0.20386293735150043,COMPLETE,8.823722375035207,230.84419182919336,286.0558269980958,1789.2495795887924,85.7766941931387,6309.063386545729,5571.117566329284,2.036905060590173,62.25044008547466,63.92827857013596,9.345431696047239,26.791295827389728,1.0,False
562,9.753997490946801,292.957520834742,6831.401492651379,111.47789565703027,0.3766890926294708,0.6233109073705292,0.5383124159214253,0.28311700777786936,0.06722836714353007,0.026343337909284757,COMPLETE,9.560329771564874,241.20292573928694,298.89208755906134,1890.5148617274585,109.26447804712909,7146.951804555522,6695.762545799889,2.305979511933856,65.92853516118376,33.10390403615606,5.013194373822994,26.217395333458438,1.0202574308637293,False
563,8.105420893341584,270.12197876734956,5136.034970969865,64.99556292169274,0.3766890926294708,0.6233109073705292,0.4128047970010131,0.04498851614556601,0.08179637733265234,0.2499039191653697,COMPLETE,8.105420893341584,217.98573564546342,270.12197876734956,1683.5997284996545,64.99556292169274,5472.509233236999,5136.034970969865,1.7668661361511746,66.17152712045896,31.765803665701746,4.947332353363379,34.936001173217086,1.0,False
564,8.110428388872833,270.1584609407943,5126.821288468406,65.09105682418797,0.3766890926294708,0.6233109073705292,0.4128047970010131,0.23690912420720464,0.09872458947014745,0.04105508416879726,COMPLETE,8.110428388872833,218.0151763946116,270.1584609407943,1683.9331443484368,65.09105682418797,5479.847026134371,5126.821288468406,1.7681964758359763,65.84913186592998,31.330509589619055,7.375996051001051,52.89987715531926,1.0,False
565,9.021412573469963,289.6820985363645,7309.467625812023,91.79340032793017,0.15965681879520743,0.8403431812047926,0.49225214872619755,0.06509249180632999,0.0508322422638729,0.04373200274713699,COMPLETE,9.021412573469963,233.77055669786077,289.6820985363645,1816.5158260171777,91.79340032793017,6536.92011116268,7309.467625812023,2.108940639501154,78.66936899748403,27.334748389010425,13.583236045540904,31.056323829302087,1.0,True
566,9.124854575162573,291.61947570237834,6594.234790587184,95.08603353314986,0.3766890926294708,0.6233109073705292,0.5015757117343571,0.09980200072195726,0.10242010419099841,0.17446679254005232,COMPLETE,9.124854575162573,235.3340006970623,291.61947570237834,1831.326156144503,95.08603353314986,6652.477743080391,6594.234790587184,2.147388532951901,69.84707271675983,21.70296015122285,12.421301521593794,62.35481750118967,1.0,True
567,7.959708073693504,266.1605582531601,5025.393397650553,60.9536827974247,0.3942986056122654,0.6057013943877346,0.3992797393792979,0.15385255844145693,0.1070726183905042,0.1333732617076909,COMPLETE,7.959708073693504,214.78890890471766,266.1605582531601,1660.659055125198,60.9536827974247,5296.960459238883,5025.393397650553,1.7096570123486998,66.83047636403411,45.05394317706494,2.8520123529444894,42.00460084583941,1.0,True
568,8.895277139904612,287.3755536590474,6438.5870729026465,87.92469059513574,0.29679622677702433,0.7032037732229757,0.4816914262116908,0.04555617315563811,0.15761274975852838,0.09362700350875018,COMPLETE,8.895277139904612,231.90919804731465,287.3755536590474,1799.0777138625526,87.92469059513574,6392.2702771002605,6438.5870729026465,2.0628965879238894,70.92251450648129,34.58967241657488,7.532829973159499,58.84916248250171,1.0,True
569,7.595791445807874,254.41487739401512,5940.943184289988,50.947158463044715,0.05056133806139512,0.9494386619386048,0.3639351238159993,0.008521195135649697,0.021725014999271312,0.020315093634451768,COMPLETE,7.595791445807874,205.31026190819625,254.41487739401512,1599.7403498794893,50.947158463044715,4834.562540367879,5940.943184289988,1.5594939311388514,86.41803508811542,34.170275904074565,1.342945173499833,78.06729136051578,1.0,True
570,10.441461804420161,291.3111134263085,8279.174900067308,129.28601375539404,0.29679622677702433,0.7032037732229757,0.5731838877718031,0.052654483780335486,0.13391305711684737,0.11022843068895856,COMPLETE,9.96808560496678,246.24915639987378,305.1452389743042,1944.9783575729953,123.42467719348679,7605.919031501785,7903.82857191768,2.454632671144795,73.17799789152096,23.46405504602373,12.824805601319277,68.86507809530022,1.0474891787864977,False
571,8.1105402931817,270.1634611170442,4871.166232728533,65.09515877827077,0.3766890926294708,0.6233109073705292,0.4128047970010131,0.18652162230267372,0.1802642346655154,0.009902910978336548,COMPLETE,8.1105402931817,218.0192114868435,270.1634611170442,1683.969699237924,65.09515877827077,5480.162104506355,4871.166232728533,1.7682535994517465,62.552923019060465,29.339321539500503,5.816858863548722,49.99741570973539,1.0,True
572,7.646605085077272,256.25344713135377,5959.1684214739635,52.34417703399178,0.05056133806139512,0.9494386619386048,0.3690124911418303,0.014881908283891965,0.018437999805348177,0.017241400868547856,COMPLETE,7.646605085077272,206.79396930053116,256.25344713135377,1608.6063756242977,52.34417703399178,4902.126360878632,5959.1684214739635,1.581271817216755,85.48569083131774,37.485555767012954,-1.6422843668190585,25.23180918116971,1.0,True
573,7.711695143643004,258.54904337867964,4763.723374098711,54.15073163072244,0.331261142176991,0.668738857823009,0.3756042394981304,0.17042948862184476,0.15344409671890288,0.007387314631191083,COMPLETE,7.711695143643004,208.6464925161607,258.54904337867964,1619.9874024798257,54.15073163072244,4986.93474161169,4763.723374098711,1.6090181430750228,67.21421378572296,36.58020359548857,8.001988198408785,23.938635860816568,1.0,True
574,9.240849664736142,293.5957882207324,7262.543438949936,98.75058464574205,0.26629471627579293,0.7337052837242071,0.5111319625455644,0.1750904527219957,0.007305478624331257,0.08389856706641244,COMPLETE,9.240849664736142,236.92886513624885,293.5957882207324,1847.0165848719346,98.75058464574205,6785.414980775824,7262.543438949936,2.18942402396062,75.3361566105658,37.562180171108864,11.242615555957277,39.565706088337386,1.0,False
575,7.815323992422495,261.8904126559393,4986.51186914806,56.98893506546262,0.29679622677702433,0.7032037732229757,0.38564537488042155,0.11060368953761263,0.10212760656177602,0.08406473605856982,COMPLETE,7.815323992422495,211.34294410921646,261.8904126559393,1637.2926114102454,56.98893506546262,5118.492910659061,4986.51186914806,1.6517135817259654,68.58531745656501,32.10972099294865,4.808391200268606,22.195997339885054,1.0,True
576,8.457524489256729,278.34915504012196,7437.2923726223635,74.8728579253193,0.004598525808314824,0.9954014741916852,0.44329469651469866,0.0006347073400367552,0.0016654142712051031,0.002298399625148551,COMPLETE,8.457524489256729,224.624984625828,278.34915504012196,1735.6785532418844,74.8728579253193,5889.969580580989,7437.2923726223635,1.8997713083718568,88.77535734261484,38.11271261197755,3.0903839834677185,66.95357705351043,1.0,False
577,7.5352058551862475,252.14327408688638,5298.158798138086,49.28761789910844,0.17412773351165017,0.8258722664883498,0.3579100923491756,0.05578430877871375,0.05136638825529673,0.0669769385914869,COMPLETE,7.5352058551862475,203.47710075537645,252.14327408688638,1589.0948094599291,49.28761789910844,4752.129731105765,5298.158798138086,1.5332418410082347,78.45632669124838,51.74130659697447,6.37142841712274,24.95080082573182,1.0,False
578,8.895697521843033,287.37094808552905,7073.707391284664,87.93004724994933,0.20592045707363427,0.7940795429263657,0.4816914262116908,0.054158475699497645,0.004690332287833705,0.1470714561952533,COMPLETE,8.895697521843033,231.9054813955411,287.37094808552905,1799.045180374623,87.93004724994933,6392.625645733535,7073.707391284664,2.062961016152131,77.92021623009853,38.091687364056824,6.117739803188824,34.41847706062382,1.0,False
579,8.94671584649209,288.3791011838605,5714.260752815594,89.52591541096601,0.4323611881275266,0.5676388118724733,0.486362319430332,0.17086686732732456,0.06666597585738107,0.19482815005965018,COMPLETE,8.94671584649209,232.7190508643636,288.3791011838605,1806.4963201163946,89.52591541096601,6449.682770024405,5714.260752815594,2.0820712201488,62.44233932036512,19.528495536150157,5.417895533695969,41.75893934355624,1.0,True
580,8.452005055543518,278.3152531668354,5306.808625118859,74.75980954542912,0.47022929217645715,0.5297707078235429,0.44329469651469866,0.3294537032694124,0.029703583252550046,0.11107160449678034,COMPLETE,8.452005055543518,224.59762615310453,278.3152531668354,1735.3225098338037,74.75980954542912,5881.855741311986,5306.808625118859,1.8983002717091124,63.54342088655499,28.41504465610597,13.923073782720959,59.2352816312858,1.0,True
581,8.224299657635656,272.95241435332116,6783.557509954417,68.24155330818236,0.055315868477603614,0.9446841315223964,0.4227411510904189,0.021576500238604846,0.03054982543585229,0.003189438232258081,COMPLETE,8.224299657635656,220.26986885898665,272.95241435332116,1700.9999262579715,68.24155330818236,5616.204614706739,6783.557509954417,1.811565407044415,84.93080187269861,26.57118279761118,4.43574737196295,40.491364970109764,1.0,True
582,11.072620132400896,289.64748624119403,10621.76462878167,146.60314080999294,0.028187748325463557,0.9718122516745364,0.6039356875203554,0.012456309352891257,0.014565085192968664,0.001166336964218844,COMPLETE,10.336593185390289,250.38649079923354,310.27211092979286,1992.4119018345243,136.85803433453503,8024.007888644734,9915.70726402926,2.5881432945091456,86.88496797514429,23.15741429964398,3.4981224000091626,39.62115333482846,1.0712059509172622,False
583,7.844276893726755,262.7385991261643,5768.158853634147,57.764681296456445,0.17412773351165017,0.8258722664883498,0.3882465986995947,0.056339879554266455,0.05112524546071615,0.06666251107004759,COMPLETE,7.844276893726755,212.02742210882332,262.7385991261643,1641.856852135241,57.764681296456445,5154.932936453236,5768.158853634147,1.663201808084692,78.74158230349481,25.064097962666075,8.147037087166916,50.42424329785547,1.0,True
584,7.498360179813535,250.83426044435973,3893.9917822258944,48.3254341119118,0.47022929217645715,0.5297707078235429,0.3546369849586602,0.08180873764106138,0.17133359700234171,0.21708637106468004,COMPLETE,7.498360179813535,202.42073983599386,250.83426044435973,1583.0384726322595,48.3254341119118,4700.967728003021,3893.9917822258944,1.5178236151546116,58.40357943679374,46.9737580351422,6.913186310243814,28.076030646697753,1.0,False
585,8.549045170404732,280.41323912016657,6232.340740238046,77.57132953537045,0.26629471627579293,0.7337052837242071,0.4517089373146102,0.05049900705944569,0.11445173028567913,0.10134385182112228,COMPLETE,8.549045170404732,226.2906798375832,280.41323912016657,1749.4765414892702,77.57132953537045,5994.8076531654315,6232.340740238046,1.9345692435730941,73.19867644865411,52.026037484605965,10.746962160112066,39.07223072529624,1.0,True
586,7.7108631581007865,258.54793844161577,4626.445140752715,54.13888501483533,0.331261142176991,0.668738857823009,0.3756042394981304,0.06454068047822083,0.25446906387605783,0.012250996153998807,COMPLETE,7.7108631581007865,208.64560084299953,258.54793844161577,1619.9686218953536,54.13888501483533,4985.939337701238,4626.445140752715,1.6088376766400874,65.30318881639076,48.58157719645755,8.874947645260994,25.906582015694024,1.0,False
587,8.380942213873444,276.78598903726737,5309.841203374248,72.75245751609164,0.43573029509385885,0.5642697049061411,0.43736874205941256,0.07570287287431332,0.13793677681442879,0.22209039658078472,COMPLETE,8.380942213873444,223.36352529318438,276.78598903726737,1725.1779299829484,72.75245751609164,5798.11394429885,5309.841203374248,1.8719967981692376,64.56536892038972,38.59665182251483,13.049399701362914,42.87102410999779,1.0,True
588,9.128385098823953,291.64489805121315,6086.521588575836,95.17399314195704,0.331261142176991,0.668738857823009,0.5015757117343571,0.06651139694975944,0.25020659090719766,0.01454267751484229,COMPLETE,9.128385098823953,235.3545162783485,291.64489805121315,1831.6243648146524,95.17399314195704,6658.093452088138,6086.521588575836,2.1484066593361963,64.33673344390427,42.02545447915554,5.83839478097765,33.495985442237476,1.0,True
589,7.589792779971923,254.36598846201875,4482.046187306082,50.84963839358078,0.36122605763075266,0.6387739423692473,0.3639351238159993,0.05097417953942231,0.10882167679212328,0.2014298612841705,COMPLETE,7.589792779971923,205.27080902896452,254.36598846201875,1599.3832731544126,50.84963839358078,4826.117811596297,4482.046187306082,1.5579629043070302,65.45426508358877,28.293496855690222,1.4705325989953661,34.15304590839076,1.0,False
590,7.7679424269794275,260.356203130185,5585.663991785239,55.675166017953885,0.20592045707363427,0.7940795429263657,0.38093716065077976,0.11021348767537013,0.07806060130307102,0.017646027593006746,COMPLETE,7.7679424269794275,210.10485236402798,260.356203130185,1629.2731716664737,55.675166017953885,5058.948515890682,5585.663991785239,1.632082396792782,77.67137455247476,47.379754578521215,7.345217635969467,66.17820168005959,1.0,True
591,9.19488664238374,292.7590001750114,8229.926457203293,97.25178033143916,0.05056133806139512,0.9494386619386048,0.5069293532510446,0.02349817849069979,0.01788116405327447,0.009181963310760363,COMPLETE,9.19488664238374,236.25358555123245,292.7590001750114,1840.4589728654905,97.25178033143916,6734.603314705027,8229.926457203293,2.1723249380002914,85.9300806002607,38.59944412991337,12.241938503402274,31.45484989243476,1.0,True
592,7.94924876760274,265.8500739653627,5524.140144877539,60.65927653263922,0.26629471627579293,0.7337052837242071,0.3982424154252496,0.036755085885924334,0.09644199887501363,0.1330973667605912,COMPLETE,7.94924876760274,214.53835118930803,265.8500739653627,1658.9263200895055,60.65927653263922,5284.320807434131,5524.140144877539,1.705418723795131,73.62222831890492,32.26485621141614,15.396960953321624,41.81232984548154,1.0,False
593,9.017092174242775,289.66355515240747,6283.777902641245,91.69621815755906,0.36112628419653314,0.6388737158034669,0.49225214872619755,0.0755197155561072,0.1662732489820236,0.11933301971787115,COMPLETE,9.017092174242775,233.75559237244133,289.66355515240747,1816.2711017007925,91.69621815755906,6530.60506042073,6283.777902641245,2.1077957226670248,67.77386211931028,53.83831865405372,5.887481142562702,48.51103196520788,1.0,True
594,10.140765086472735,292.0617286251228,7731.497968451083,121.3649943257854,0.3600182682730372,0.6399817317269628,0.55818453334013,0.1348440636388449,0.07878729430736754,0.14638670001011028,COMPLETE,9.790492321016966,244.12316710875055,302.510771024115,1921.5536571544721,117.17291889266805,7405.159110718988,7464.443840736643,2.390085992960564,71.00679342103324,59.47375665147027,8.877764908467038,35.74997539951775,1.035776828577236,False
595,9.336624595359622,293.8333393480612,6167.291051500434,101.23778070167089,0.43573029509385885,0.5642697049061411,0.5170288679041789,0.14675177547949653,0.19739568226288676,0.0915824736389421,COMPLETE,9.306943553972761,237.87677453956454,294.77041170220764,1856.3782575267023,100.91594675319944,6859.409005433831,6147.685291509251,2.2139057134408318,63.12332321674284,32.0930456072625,14.339088716570316,57.89976530760194,1.0031891287633512,False
596,7.667298327107393,257.0150492970165,5304.058874524804,52.92634538375907,0.17284799675195972,0.8271520032480403,0.3711706242201289,0.029674266662123878,0.13878713622038696,0.0043864500525929145,COMPLETE,7.667298327107393,207.40857463219936,257.0150492970165,1612.3324500126546,52.92634538375907,4929.382215800886,5304.058874524804,1.5902634173051913,75.68840619066253,35.71334618959226,5.560788384631508,43.678561814473674,1.0,True
597,7.814166950528155,261.87886455888963,5163.592122628209,56.967578160398304,0.29679622677702433,0.7032037732229757,0.38564537488042155,0.08635824263907113,0.062285791933187284,0.14815184921701785,COMPLETE,7.814166950528155,211.33362491037835,261.87886455888963,1637.2036772986407,56.967578160398304,5116.7424697708575,5163.592122628209,1.651396227309992,71.07987768492379,41.90936570800404,4.925949011910843,30.11580667282098,1.0,True
598,11.438598115915305,288.66944575004385,7212.646311888843,157.14633926742889,0.47022929217645715,0.5297707078235429,0.6225351684000885,0.12893773889559956,0.13999687379748205,0.20129442732799166,COMPLETE,10.54438358952606,252.70892287909936,313.1500054264605,2019.6096350814637,144.8613950882721,8253.524432386394,6648.796350517705,2.6646598193331816,56.78816289024545,38.9513073991399,3.513300600279916,19.792154443805728,1.0848048175407319,False
599,9.335127578399979,293.8376314006242,5831.689067191077,101.20692373683325,0.4812236474710556,0.5187763525289444,0.5170288679041789,0.08252752030574712,0.30794269201097596,0.09075310738100748,COMPLETE,9.305642515584308,237.87536108098783,294.7686601828868,1856.337028908276,100.88726099214125,6857.629410942421,5813.26963831627,2.213583073485209,59.71892152038159,49.41694443270477,12.083743446094205,62.62689414041727,1.003168514454138,False
600,7.961161004463172,266.1732495109153,5125.389601582809,60.981059526416765,0.29169589738306023,0.7083041026169398,0.3992797393792979,0.06714732513320146,0.13982221882206672,0.08472613272430106,COMPLETE,7.961161004463172,214.79915062281356,266.1732495109153,1660.7650934197138,60.981059526416765,5299.131501835425,5125.389601582809,1.7100506217301545,68.09612303614638,25.61853323409479,3.929384678475403,31.849345488373707,1.0,True
601,9.32536165397247,293.84689913477354,7257.800497579948,100.95025630060569,0.24631255214542958,0.7536874478545704,0.5161562853203963,0.16684600738711808,0.054773883837791394,0.024692367337057857,COMPLETE,9.301106060845992,237.7499049843358,294.61319840931833,1855.2156362840728,100.68768113905169,6854.273451701044,7238.922703624637,2.2113370822153646,74.30171237575854,33.52970147185871,13.386737548219813,34.50623843306081,1.0026078181420364,False
602,7.504760854692657,250.88903346299594,5080.963076322909,48.42655343580129,0.20042570838181994,0.79957429161818,0.3546369849586602,0.11670842635143111,0.07278922056931178,0.010927903910630744,COMPLETE,7.504760854692657,202.46494111430312,250.88903346299594,1583.415902901801,48.42655343580129,4709.943745758493,5080.963076322909,1.5194509645222758,75.88288219718095,27.935230577905582,13.006252807961141,43.51323942977415,1.0,True
603,7.594619293764589,254.40380624324007,5460.9383496239,50.92750048642576,0.15965681879520743,0.8403431812047926,0.3639351238159993,0.08965755586245383,0.014514255045486016,0.05548491324023635,COMPLETE,7.594619293764589,205.3013276002323,254.40380624324007,1599.6621340853446,50.92750048642576,4832.860896610092,5460.9383496239,1.5591854236282088,79.50160860473562,23.692200514944624,2.5228604784785342,45.20054923681073,1.0,True
604,9.657063852676304,293.17323301289684,7926.203799743953,109.06407700129151,0.24226149259551066,0.7577385074044893,0.5334362706303943,0.08494022065711675,0.05286042892032856,0.10446073852782643,COMPLETE,9.50177930774929,240.45434727250725,297.96446953804536,1882.6853613197204,107.31033840916893,7080.2974531405835,7798.75129773933,2.284744141372271,77.54516026154617,42.708181128231246,8.485657997066847,57.228068360419684,1.01634268065986,False
605,11.220209973898157,289.2539941666899,7014.040217774734,150.8289140851252,0.43573029509385885,0.5642697049061411,0.6116371726832455,0.008274699389608484,0.39576336141267515,0.03169177738293905,COMPLETE,10.419631304743243,251.35998987083033,311.4784444303279,2003.6673699366834,140.067046741354,8114.917657158974,6513.5780164426615,2.619078419218048,56.52085490027592,45.04618264430327,10.517739454994404,53.05053316884541,1.0768336849683418,False
606,8.292744554420544,274.74538633765013,4455.99480218214,70.245185004989,0.4660591412418062,0.5339408587581937,0.42956071030451765,0.06801371209528896,0.21176044405140265,0.18628465546546114,COMPLETE,8.292744554420544,221.7167793206203,274.74538633765013,1712.0629041464783,70.245185004989,5694.953160555456,4455.99480218214,1.8386406143347351,55.15654481565539,41.11115032668632,0.5196573041255732,24.68130744878918,1.0,True
607,8.168684504899241,271.709407230081,4465.028455557516,66.74735415942662,0.47022929217645715,0.5297707078235429,0.4183805487625825,0.14081286732873138,0.18646325895325494,0.1429529637661412,COMPLETE,8.168684504899241,219.26677454060308,271.709407230081,1693.2081913068073,66.74735415942662,5548.577061620698,4465.028455557516,1.7911211036290597,56.7039727190699,30.67422928140691,4.622994081564563,29.859185217793943,1.0,True
608,7.921655151318586,265.08588854717254,5246.660470448684,59.911860507987114,0.331261142176991,0.668738857823009,0.3957617128742784,0.04116907695572,0.15956216947301868,0.13052973223764158,COMPLETE,7.921655151318586,213.92166119868278,265.08588854717254,1654.6374468157562,59.911860507987114,5250.40120671188,5246.660470448684,1.6946136294131748,70.38843261415008,34.457790466248866,5.781627289241488,64.88683941621349,1.0,True
609,7.667663788636358,257.0151505665167,5540.283276702505,52.931307126776424,0.17284799675195972,0.8271520032480403,0.3711706242201289,0.08208480130148686,0.08641868805842848,0.0043443649550163775,COMPLETE,7.667663788636358,207.40865635567332,257.0151505665167,1612.3383660451886,52.931307126776424,4929.803763552938,5540.283276702505,1.5903398437881182,79.0460745623454,48.77140906454156,13.121596685519147,59.75087227531355,1.0,True
610,7.646587349478174,256.25303345734596,6008.579257948673,52.343775383145086,0.05056133806139512,0.9494386619386048,0.3690124911418303,0.01692149233495504,0.014035456319385834,0.019604356314761553,COMPLETE,7.646587349478174,206.7936354697436,256.25303345734596,1608.6037593781268,52.343775383145086,4902.092051494479,6008.579257948673,1.5812655969355425,86.1962897415936,25.231425240523198,3.4042263132695845,61.58524650694746,1.0,True
611,8.676088858496385,283.05067269231563,5676.784185645585,81.30710013182846,0.3682221178123614,0.6317778821876385,0.4626748857919832,0.16161417196483782,0.18268957938029898,0.023918082089738536,COMPLETE,8.676088858496385,228.4190623559718,283.05067269231563,1767.7997991352545,81.30710013182846,6141.720635039817,5676.784185645585,1.9817840819748376,65.05315910476426,40.178114447763384,6.558120267587505,44.704835525130505,1.0,True
612,8.984278084391343,289.0061976028339,7247.754494458822,90.64382576049196,0.15846100257813883,0.8415389974218612,0.48910952148199466,0.022158057234414306,0.08525770184257087,0.05104510560055707,COMPLETE,8.984278084391343,233.22511140351094,289.0061976028339,1811.3682414087157,90.64382576049196,6494.5390059737565,7247.754494458822,2.095359257112293,78.52321721865901,40.20941714745833,19.24608580004604,20.15898682266874,1.0,True
613,8.550579514608302,280.4259302041738,6036.757148936933,77.60533978026618,0.24631255214542958,0.7536874478545704,0.4517089373146102,0.03967466263403188,0.18271605655829817,0.02392154853439859,COMPLETE,8.550579514608302,226.30092141546623,280.4259302041738,1749.6039349037633,77.60533978026618,5997.205777419982,6036.757148936933,1.9350040227920684,70.83110178375074,49.618360202303805,2.9131780772918385,49.61761778782094,1.0,True
614,7.7069435874818115,258.5168665802685,4007.483393534198,54.07253855769669,0.4671835073845074,0.5328164926154926,0.3756042394981304,0.04009999980600266,0.28187326335570373,0.1452099553744506,COMPLETE,7.7069435874818115,208.6205261616109,258.5168665802685,1619.7276377097917,54.07253855769669,4980.362658335214,4007.483393534198,1.6078266263183087,56.7086310004673,25.14906493321089,16.857744935895987,23.4711431284541,1.0,True
615,11.55571786205968,288.3393698605826,10241.061989959397,160.54211513748666,0.15846100257813883,0.8415389974218612,0.627670553872033,0.03320468684683912,0.056383494249416626,0.06887268960332216,COMPLETE,10.612587445803047,253.36565641511876,313.963811714047,2027.7380720909132,147.43932449446984,8333.87700874987,9405.228407589566,2.688865184468738,79.4168836659788,64.92113655549187,10.174428515600383,24.984413245365648,1.0888690360454567,False
616,8.110297359245632,270.16248793707473,5156.229343252737,65.09089812711399,0.3766890926294708,0.6233109073705292,0.4128047970010131,0.16646082594025124,0.19464161032167435,0.015586431653887086,COMPLETE,8.110297359245632,218.01842614033993,270.16248793707473,1683.9590588882263,65.09089812711399,5479.834836136085,5156.229343252737,1.768194265792888,66.22220205506169,41.1810563266087,15.773241592309382,49.06390593608948,1.0,True
617,7.795464097323638,261.3280831385666,4742.2308773890245,56.46952077660758,0.43573029509385885,0.5642697049061411,0.38397141375222654,0.15992108256922413,0.13920755463871204,0.13660130316738503,COMPLETE,7.795464097323638,210.88914981199187,261.3280831385666,1634.269149767295,56.46952077660758,5093.157517865067,4742.2308773890245,1.643978795874489,65.59770329889326,39.9226468897682,16.528361953343868,48.463645398513,1.0,False
618,7.7066463673206025,258.5051669516921,5173.483666881474,54.0636978721617,0.47022929217645715,0.5297707078235429,0.3756042394981304,0.13275958777744484,0.13020844094809989,0.20726100382138032,COMPLETE,7.7066463673206025,208.61108467834603,258.5051669516921,1619.6542944857447,54.0636978721617,4979.619312396455,5173.483666881474,1.6076918579191861,73.24140177156531,57.49365525353272,13.727482375041177,80.34149321815698,1.0,False
619,9.020171071577591,289.6764396932552,7260.377587890653,91.76526390570965,0.17284799675195972,0.8271520032480403,0.49225214872619755,0.01654035948062083,0.07735959073594136,0.078947966372254,COMPLETE,9.020171071577591,233.76599006806,289.6764396932552,1816.442539017387,91.76526390570965,6535.092097315375,7260.377587890653,2.1086092211306093,78.19161028651048,30.788924161397098,4.449178486653981,46.356930712605454,1.0,True
620,11.023568661088554,289.78017121100834,9265.69163976099,145.2298076826461,0.15965681879520743,0.8403431812047926,0.6016694259337803,0.01057630233202946,0.14789864718475712,0.0011816358266273938,COMPLETE,10.30774162807364,250.08952701471878,309.90412150673336,1988.8911478078423,135.79915727033858,7990.736890803228,8664.014201243885,2.577858228354864,76.26590797862889,21.426177503135058,7.5589801315004035,70.47986215716384,1.0694455739039213,False
621,7.949193526371657,265.849731919896,5252.62461399078,60.658302034318844,0.26629471627579293,0.7337052837242071,0.3982424154252496,0.033476409701457883,0.09781954786015742,0.13499849017824223,COMPLETE,7.949193526371657,214.53807516203688,265.849731919896,1658.9232245345977,60.658302034318844,5284.243335951967,5252.62461399078,1.7054046782382992,70.00595039745875,23.717422328422067,7.890446970984758,22.384024791734134,1.0,True
622,8.389481714966344,276.8347441869645,6980.057440268892,72.92217603458325,0.09170225492671691,0.9082977450732831,0.43736874205941256,0.0847281670304814,0.0022373518235897535,0.004736644061010931,COMPLETE,8.389481714966344,223.40287021143848,276.8347441869645,1725.6911115245389,72.92217603458325,5810.455368381178,6980.057440268892,1.8742342947098627,84.47192988851542,40.51386219981401,14.776087037014111,32.76866697228413,1.0,True
623,7.963499829636925,266.18597042506065,6196.577225592448,61.02169845868235,0.13462161547469048,0.8653783845253096,0.3992797393792979,0.037903346790390736,0.04889190553597968,0.04782623856553231,COMPLETE,7.963499829636925,214.80941627331973,266.18597042506065,1660.8850945984661,61.02169845868235,5302.353394381155,6196.577225592448,1.7106347498969887,82.21905084683743,55.42468354578639,14.28227674271092,49.3990993530606,1.0,False
624,9.016567862443145,289.66352880792164,5608.271931636199,91.68580172799025,0.43573029509385885,0.5642697049061411,0.49225214872619755,0.10600665967919211,0.2285470222687092,0.10117635041693349,COMPLETE,9.016567862443145,233.75557111270467,289.66352880792164,1816.2613093921818,91.68580172799025,6529.9279908941635,5608.271931636199,2.1076729701618557,60.498033792204644,34.96386364147496,19.99788321072249,18.73511312057363,1.0,True
625,8.954203078122747,288.41996017239205,7611.537055054151,89.69690352207203,0.09170225492671691,0.9082977450732831,0.486362319430332,0.04344784859508429,0.043943457265152246,0.004310865325806398,COMPLETE,8.954203078122747,232.7520236595187,288.41996017239205,1806.9916611725316,89.69690352207203,6460.921986033691,7611.537055054151,2.084108886691361,82.84537054125236,35.90031619126572,4.831146975973898,49.325824048165664,1.0,True
626,7.6690500146075316,257.02239557281405,6208.122954431288,52.95288674250522,0.007196744314877934,0.9928032556851221,0.3711706242201289,0.0011007393005039304,0.0037832892004756547,0.0023127118935007324,COMPLETE,7.6690500146075316,207.41450300330524,257.02239557281405,1612.4003753643592,52.95288674250522,4931.636935316254,6208.122954431288,1.5906721972873117,88.50406799595675,60.097783794854095,3.253235807347022,27.09024732605802,1.0,True
627,9.543776680530387,293.407413091315,8565.866084184576,106.25366950097519,0.09061653308283008,0.9093834669171699,0.5273826307234788,0.034663490910144264,0.028982662569343873,0.02697031181414436,COMPLETE,9.434037390264628,239.53110102540563,296.8204079671441,1873.2645442722123,105.03190974385967,7005.073705837227,8467.371316750672,2.2597453632049307,85.0161032932531,60.52845862684506,13.439811699155268,58.29302692982385,1.0116322721361062,False
628,8.538609710625797,280.14469365248834,6285.663848479878,77.24223487792075,0.2717764305569943,0.7282235694430057,0.45055917249377025,0.22392573887237693,0.03073297578223152,0.017117154688798333,COMPLETE,8.538609710625797,226.07396633062157,280.14469365248834,1747.7087117102221,77.24223487792075,5983.477570797637,6285.663848479878,1.9303573642303349,73.90221430063188,35.914431174621996,8.859536534556756,43.2511679426571,1.0,True
629,8.218094567406178,272.9143887346546,5581.935406676563,68.12264046954454,0.43573029509385885,0.5642697049061411,0.4227411510904189,0.17129196321169113,0.11845429220197998,0.14598382632622692,COMPLETE,8.218094567406178,220.23918256497893,272.9143887346546,1700.6245390561112,68.12264046954454,5607.274775131746,5581.935406676563,1.8099464297672307,70.13697197889724,59.16871472136168,14.810620758547927,54.54366796409025,1.0,True
630,8.553940706823806,280.43825631618955,7585.52616709304,77.67151691549478,0.0023160115023014294,0.9976839884976986,0.4517089373146102,0.0010127653372375286,0.0012959596559061317,7.285069871156226e-06,COMPLETE,8.553940706823806,226.3108684646018,280.43825631618955,1749.7596888798923,77.67151691549478,6001.870580188105,7585.52616709304,1.9358497501560052,88.85442650840271,41.49131463804846,13.458799900423285,73.4310563381499,1.0,False
631,9.242317770605398,293.60529565015787,7821.263113530998,98.78742968767683,0.13462161547469048,0.8653783845253096,0.5111319625455644,0.037861073495528225,0.04883737679078621,0.04792304074453444,COMPLETE,9.242317770605398,236.93653753672092,293.60529565015787,1847.1332864638168,98.78742968767683,6787.724677979268,7821.263113530998,2.1898427713813486,81.06665770061946,47.68707794001949,17.10613482477027,28.28751893280585,1.0,False
632,8.67711134292187,283.0512630430034,7037.285102783293,81.32612331516975,0.15846100257813883,0.8415389974218612,0.4626748857919832,0.02441711999776525,0.06406829973582931,0.06997540696312617,COMPLETE,8.67711134292187,228.41953876307332,283.0512630430034,1767.822470629292,81.32612331516975,6143.031661837768,7037.285102783293,1.9820217707460452,80.61619225465348,22.2334562341465,15.787034958440422,58.90849476060308,1.0,False
633,9.192603098216814,292.748909671736,7441.504054728309,97.19813794685479,0.1667495858455721,0.8332504141544279,0.5069293532510446,0.04859163753507768,0.06499156934376175,0.05316631236691623,COMPLETE,9.192603098216814,236.24544261599422,292.748909671736,1840.322715835891,97.19813794685479,6731.214725240894,7441.504054728309,2.171710587731391,77.7876223573339,33.6791012832284,10.603465688051413,23.296579282341934,1.0,True
634,8.545026376497805,280.3869639584462,6259.494967435413,77.48605002100466,0.36122605763075266,0.6387739423692473,0.4517089373146102,0.03679137971661153,0.08481816761768715,0.23961624528075845,COMPLETE,8.545026376497805,226.26947604482646,280.3869639584462,1749.198471306462,77.48605002100466,5988.792185153257,6259.494967435413,1.9334786409993805,73.68576444128422,66.75030205267149,3.653075982437058,58.392561754259106,1.0,True
635,9.242746918582743,293.62126484314814,7649.195664849749,98.80685957930838,0.15846100257813883,0.8415389974218612,0.5112186808813769,0.02135369169012176,0.08419269667472574,0.052914481318661055,COMPLETE,9.242746918582743,236.9494245157721,293.62126484314814,1847.2474974281483,98.80685957930838,6788.044863264773,7649.195664849749,2.190063563303107,79.29034723047263,38.78042498844066,16.420469949229627,40.22885106470456,1.0,True
636,9.193691448374645,292.75298106373754,8157.183120016325,97.22322405597261,0.09170225492671691,0.9082977450732831,0.5069293532510446,0.023706866219148172,0.025568611106061505,0.04242673147825624,COMPLETE,9.193691448374645,236.24872818862556,292.75298106373754,1840.3808010355992,97.22322405597261,6732.799528185695,8157.183120016325,2.1719979120371526,85.22495018025752,48.41999145963284,5.610927169997675,72.51441805303114,1.0,True
637,8.578629828042809,281.00284728506625,6835.437821363994,78.41645482852353,0.15846100257813883,0.8415389974218612,0.4540859605688683,0.052946845900420966,0.04892684535670905,0.05658715844831287,COMPLETE,8.578629828042809,226.76648773057562,281.00284728506625,1753.5675621004555,78.41645482852353,6029.642811823391,6835.437821363994,1.9453457556460196,79.76532681931636,43.35465084526673,14.948584771238977,31.554756974985466,1.0,True
638,10.388653820391964,291.46352871385835,7431.56370235186,127.91665393567737,0.4680773870803905,0.5319226129196095,0.5712503744329245,0.02576350536129706,0.046494764338696634,0.3958185486999314,COMPLETE,9.935321623742976,245.94030975239892,304.76252463153065,1941.256672670895,122.33472400334846,7564.506879785926,7107.270761613851,2.4434960776330543,66.33085424469554,40.008343089754675,8.321093281596301,44.056392739651656,1.0456283363354475,False
639,8.749939796665888,284.51396448561496,7271.386108927863,83.4982147533275,0.15846100257813883,0.8415389974218612,0.46896283469638106,0.04664332309802634,0.03899917922194508,0.07281840904076944,COMPLETE,8.749939796665888,229.59992420024642,284.51396448561496,1778.2320846775676,83.4982147533275,6226.668233289867,7271.386108927863,2.008985514071208,82.17793371099627,47.875908771486266,14.144374599096786,61.24613834185518,1.0,True
640,7.498490651319212,250.83284430399127,4291.896989081035,48.32654213385879,0.47022929217645715,0.5297707078235429,0.3546369849586602,0.1136617480783033,0.1318937793960425,0.22467351335925698,COMPLETE,7.498490651319212,202.4195970248779,250.83284430399127,1583.0328617347902,48.32654213385879,4701.06613290818,4291.896989081035,1.5178414559348492,64.37051541046496,45.04013295042372,5.023639017546978,50.545514364850035,1.0,False
641,7.845404968297979,262.7485001137394,5806.783948307253,57.78513391454246,0.17412773351165017,0.8258722664883498,0.3882465986995947,0.0966286484330073,0.06845120531547132,0.009047749319405295,COMPLETE,7.845404968297979,212.03541210678657,262.7485001137394,1641.9360156479424,57.78513391454246,5156.59795578488,5806.783948307253,1.6635036755976929,79.20578522482141,45.14852442277146,11.817747310996722,55.288555245957895,1.0,True
642,8.345885496050377,275.8508836729171,6684.243348582201,71.68524405961296,0.11230241146999098,0.887697588530009,0.43359393927098344,0.05219209401565915,0.03971607398195965,0.02039417193776138,COMPLETE,8.345885496050377,222.6089046152074,275.8508836729171,1719.2984369046308,71.68524405961296,5759.2596109991355,6684.243348582201,1.857868428319721,81.62983881147801,29.73476501946164,3.9366905918945796,43.43119694176275,1.0,True
643,7.810925225430211,261.8529065046336,4321.886587313718,56.910482085552,0.4680773870803905,0.5319226129196095,0.38564537488042155,0.15922246216650185,0.0639078474844314,0.24494672550957297,COMPLETE,7.810925225430211,211.31267702017428,261.8529065046336,1636.9941703551713,56.910482085552,5112.061227064261,4321.886587313718,1.6505475193900663,59.61291516029602,25.288174608825,14.095157278164955,29.46969011075621,1.0,True
644,9.022594704555779,289.68809424187583,7809.114464105014,91.82057161155234,0.07042851018989993,0.9295714898101001,0.49225214872619755,0.00859384932393473,0.03903009674451495,0.022804502514084272,COMPLETE,9.022594704555779,233.7753951722514,289.68809424187583,1816.5910528031807,91.82057161155234,6538.685161117508,7809.114464105014,2.10926064253659,83.99493834476448,31.82440366598336,11.22149855742126,22.745446660564927,1.0,False
645,7.644874614980577,256.24032011602867,5409.867370222521,52.315844579254545,0.17412773351165017,0.8258722664883498,0.3690124911418303,0.059391007166938785,0.05389397072892679,0.06084265291295435,COMPLETE,7.644874614980577,206.78337593043398,256.24032011602867,1608.5064151600964,52.315844579254545,4899.705861809799,5409.867370222521,1.5808329814505604,77.69383225992705,29.29427678335218,7.8948996533136295,32.29193493928652,1.0,False
646,7.952253123512279,265.8679579353325,6478.121598452997,60.7119703183095,0.08819349325311165,0.9118065067468883,0.3982424154252496,0.01003327409100469,0.005908863238393746,0.07225128365202534,COMPLETE,7.952253123512279,214.55278337423402,265.8679579353325,1659.089992778942,60.7119703183095,5288.508999315069,6478.121598452997,1.7061780417460057,86.18562906452992,70.32474815623972,14.660210785475147,58.30970715934177,1.0,False
647,8.823314057625856,286.02232168951986,5677.851337913098,85.74935660314138,0.43573029509385885,0.5642697049061411,0.4756776348513644,0.14245401720775627,0.1544365613169597,0.13883943798082804,COMPLETE,8.823314057625856,230.81715338022565,286.02232168951986,1789.0541862745035,85.74935660314138,6309.322532101485,5677.851337913098,2.0365722341609285,63.40338004518812,46.43199916504393,8.385850098040496,37.31326279394833,1.0,True
648,8.945271333418185,288.3735133338564,5700.530147096391,89.49433906273039,0.45742295053405,0.54257704946595,0.486362319430332,0.11567548547714215,0.1195756776491211,0.22217146820957243,COMPLETE,8.945271333418185,232.7145415252888,288.3735133338564,1806.421005161737,89.49433906273039,6447.606081737,5700.530147096391,2.0816947171757216,62.3340201116982,23.414752515144745,10.84871970553105,44.774791529850745,1.0,False
649,7.87399568435365,263.6752480944082,5237.478755855645,58.59769362484174,0.2902941751390217,0.7097058248609782,0.39125628324379796,0.1271374737459449,0.002633070003359995,0.16052343030691624,COMPLETE,7.87399568435365,212.78328845970648,263.6752480944082,1646.8755594307204,58.59769362484174,5191.362544073054,5237.478755855645,1.6754546950343066,71.06099956908042,33.14108313497849,0.7672865537919917,22.197279846975068,1.0,True
650,8.387977180877552,276.8252854593035,6029.047402443517,72.89181021160933,0.2902941751390217,0.7097058248609782,0.43736874205941256,0.26053349534530673,0.00954750100635819,0.02021278614406897,COMPLETE,8.387977180877552,223.39523711280333,276.8252854593035,1725.5940599992018,72.89181021160933,5808.248285408853,6029.047402443517,1.8738341512189245,73.02542929373938,35.34632559889296,4.4361710755164,28.338855946790904,1.0,True
651,8.389627513700814,276.83658535905334,7102.058780041525,72.92559417560172,0.05056133806139512,0.9494386619386048,0.43736874205941256,0.027606249091306965,0.021007239735309307,0.0019478113975868099,COMPLETE,8.389627513700814,223.40435601890246,276.83658535905334,1725.7075506242954,72.92559417560172,5810.703781510309,7102.058780041525,1.8742793319367963,85.93922875979628,42.09192655230028,6.527288676811315,66.3485404337876,1.0,True
652,7.5048012109259385,250.88603997655343,5653.201863533801,48.425934312670485,0.08901798343487571,0.9109820165651243,0.3546369849586602,0.016698529364786437,0.019375413097806504,0.05294397465098203,COMPLETE,7.5048012109259385,202.46252540067886,250.88603997655343,1583.4007314196645,48.425934312670485,4709.888816115013,5653.201863533801,1.5194410057941383,84.43833975760433,56.981672325128194,11.794202969468904,40.454104569680034,1.0,False
653,7.908360025875514,264.7146342453821,4915.246723425848,59.55284828519467,0.45742295053405,0.54257704946595,0.39459881832593385,0.22553114066193,0.06855660259689629,0.16333497260858534,COMPLETE,7.908360025875514,213.6220626896809,264.7146342453821,1652.5556020703218,59.55284828519467,5233.682651280098,4915.246723425848,1.6894001812201456,66.17570159366713,44.03735128395318,12.437751846465776,42.99322865075636,1.0,True
654,8.805951999000841,285.71521786774883,5435.998770441737,85.2417116887144,0.47022929217645715,0.5297707078235429,0.4743872371181071,0.13128889061693755,0.10977260269941927,0.22916754210671772,COMPLETE,8.805951999000841,230.56932366709464,285.71521786774883,1786.751558219425,85.2417116887144,6288.538295221254,5435.998770441737,2.0303823966545242,60.948913026096925,45.817077648093814,5.5885119624558985,30.738677244068775,1.0,True
655,9.121404291802184,291.6071836316515,5335.311763516823,95.00810080711896,0.4812236474710556,0.5187763525289444,0.5015757117343571,0.021405834895195628,0.23562785515232929,0.22418970662191215,COMPLETE,9.121404291802184,235.32408111890643,291.6071836316515,1831.1498061744453,95.00810080711896,6647.500076561678,5335.311763516823,2.1464860834823987,56.59875551249818,34.69560302849045,13.587411650453182,28.324753491034585,1.0,True
656,8.109162653589255,270.14461835745067,4971.849381090567,65.0647394991596,0.3766890926294708,0.6233109073705292,0.4128047970010131,0.24649799922144436,0.006012631044878704,0.12417821509224199,COMPLETE,8.109162653589255,218.00400556827913,270.14461835745067,1683.8167222828274,65.0647394991596,5477.825315455876,4971.849381090567,1.767829940287153,63.918776848844495,17.564908203255868,6.600866579361515,32.15989050701061,1.0,True
657,8.171319682398137,271.73201864697717,4880.4803168620265,66.80020494320864,0.3766890926294708,0.6233109073705292,0.4183805487625825,0.07353139961427783,0.2724615351786603,0.030695700214108137,COMPLETE,8.171319682398137,219.2850217279241,271.73201864697717,1693.4112568333053,66.80020494320864,5552.58650263431,4880.4803168620265,1.791848014100489,61.87484872944916,36.71405009652169,8.86554100493598,39.28447578204627,1.0,True
658,8.109724311359644,270.1874196054871,5253.4879416127005,65.09364330596436,0.3749802351995889,0.6250197648004111,0.41297167792867573,0.13568784505919904,0.0885971672225604,0.15069505408299128,COMPLETE,8.109724311359644,218.03854574743204,270.1874196054871,1684.0469811593166,65.09364330596436,5478.3182735065,5253.4879416127005,1.7682324952614514,67.55695403883882,38.44758680245691,14.818396013548877,35.19658324255156,1.0,True
659,8.106411206395777,270.1317810396218,4779.132323935034,65.01565598702827,0.4490271447203569,0.5509728552796431,0.4128047970010131,0.1378846653825879,0.13325894001162455,0.17788329930679064,COMPLETE,8.106411206395777,217.99364598116438,270.1317810396218,1683.6836350109386,65.01565598702827,5474.053629319765,4779.132323935034,1.7671461347047848,61.53041635850746,37.50815138561079,7.144610058573903,35.224734563362865,1.0,True
660,9.126320924591889,291.6281349343933,6404.649255950188,95.12135129891529,0.3766890926294708,0.6233109073705292,0.5015757117343571,0.13825186856091232,0.12034501166077624,0.11809190575340087,COMPLETE,9.126320924591889,235.34098861070606,291.6281349343933,1831.4325924827483,95.12135129891529,6654.7328808976345,6404.649255950188,2.147797388772028,67.78535352599935,58.42210949488171,8.370702660589245,26.458730261931642,1.0,True
661,8.387586154870727,276.8224368367756,6928.774779505796,72.88371901998909,0.10256982024100358,0.8974301797589964,0.43736874205941256,0.017445602455684918,0.0033438491631552947,0.08178027713435078,COMPLETE,8.387586154870727,223.39293830290956,276.8224368367756,1725.5658701959549,72.88371901998909,5807.660116697945,6928.774779505796,1.8737275164053746,83.94962175189255,27.22171850876075,16.7241878737226,42.778439794965344,1.0,True
662,8.945271333418185,288.3735133338564,5396.035853579488,89.49433906273039,0.45742295053405,0.54257704946595,0.486362319430332,0.11567548547714215,0.1195756776491211,0.22217146820957243,COMPLETE,8.945271333418185,232.7145415252888,288.3735133338564,1806.421005161737,89.49433906273039,6447.606081737,5396.035853579488,2.0816947171757216,59.004443225652295,34.74276693262534,4.34586012036948,27.206004913013615,1.0,True
663,8.679613961936798,283.06401540197743,7525.78274097176,81.37903472723444,0.05056133806139512,0.9494386619386048,0.4626748857919832,0.02557811359710859,0.014988487021735995,0.009994702385125922,COMPLETE,8.679613961936798,228.42982978924178,283.06401540197743,1767.971192140482,81.37903472723444,6146.677388767751,7525.78274097176,1.9826827399615492,86.0941530816578,40.939356439881436,7.577143685260312,41.96531107234409,1.0,True
664,7.504462839444396,250.8877890012863,4985.077273937268,48.42233385237206,0.23603347255499962,0.7639665274450004,0.3546369849586602,0.1288390993491868,0.09824069370751426,0.00895350557206,COMPLETE,7.504462839444396,202.46393684614804,250.8877890012863,1583.405186590809,48.42233385237206,4709.56937045057,4985.077273937268,1.5193830903895351,74.46282879093245,43.23018318511977,5.821185631037805,31.636293758749737,1.0,True
665,8.676609606999197,283.0527377858237,5959.879173823226,81.31777708399406,0.331261142176991,0.668738857823009,0.4626748857919832,0.15149268970248234,0.16053739495739475,0.019230893007145294,COMPLETE,8.676609606999197,228.42072886578185,283.0527377858237,1767.8258910390648,81.31777708399406,6142.456480363169,5959.879173823226,1.9819174905146013,68.2798826710526,48.28503747236291,2.503684946877726,51.279050873345994,1.0,True
666,8.457455780899773,278.3487481085788,7428.4353756207765,74.87145791428107,0.007196744314877934,0.9928032556851221,0.44329469651469866,0.0004244147914244405,0.0023528339415322067,0.004419489122880358,COMPLETE,8.457455780899773,224.624656236142,278.3487481085788,1735.6742370376599,74.87145791428107,5889.869133892933,7428.4353756207765,1.8997530974169832,88.67327904653759,44.83719281832066,8.64522901847772,61.52058858332009,1.0,True
667,8.9456682905572,288.3234103503748,5533.22333621772,89.47175529356142,0.47022929217645715,0.5297707078235429,0.4859866504244083,0.2221816802722244,0.23260708518835344,0.015440226781898644,COMPLETE,8.9456682905572,232.67410891864898,288.3234103503748,1806.171826091292,89.47175529356142,6450.009234602955,5533.22333621772,2.08142539818721,60.38759698453114,47.88349205384171,6.291560645650929,69.57498397774351,1.0,True
668,8.901816502964447,287.49498605578515,6272.994676085568,88.1222151727787,0.31104335011393675,0.6889566498860633,0.48222882408146844,0.08544172691256671,0.14050955712150998,0.08509190314448177,COMPLETE,8.901816502964447,232.00557879715805,287.49498605578515,1799.9716883243484,88.1222151727787,6399.804648121206,6272.994676085568,2.0652710901163602,69.01188208474517,38.36302729974638,11.396848476267632,32.084796643339985,1.0,False
669,9.350429815332209,293.81340666811485,6673.384404915933,101.57636481709841,0.43573029509385885,0.5642697049061411,0.5178920993924654,0.21218631649472325,0.012787445964021468,0.21075600674830638,COMPLETE,9.315215806939607,238.00079943183508,294.92409996633796,1857.560535176516,101.19382508001658,6867.699629193673,6648.252232482915,2.2170288089316927,68.23069127687452,45.73602650561825,8.221305563575909,38.438923434264986,1.003780267588258,False
670,8.457520589463666,278.34925498381864,7414.22279574717,74.87284302166059,0.007196744314877934,0.9928032556851221,0.44329469651469866,0.001848641576523952,0.004337821073206956,0.001010269756884671,COMPLETE,8.457520589463666,224.6250652793918,278.34925498381864,1735.6792630456503,74.87284302166059,5889.968511291985,7414.22279574717,1.8997711145100764,88.499761844738,46.89774897291389,6.025878934131031,24.506574814812645,1.0,True
671,8.11132229972307,270.16333430342576,4973.789466367004,65.10734269943481,0.3766890926294708,0.6233109073705292,0.4128047970010131,0.2946624304219182,0.06996991883776925,0.012056348082921513,COMPLETE,8.11132229972307,218.01910914952157,270.16333430342576,1683.9812838399698,65.10734269943481,5481.097916061526,4973.789466367004,1.7684232618102724,63.850202803270754,26.359956296923492,2.0529466550376045,34.42899374182245,1.0,False
672,8.109187621447784,270.15624267322755,5125.890415940774,65.07059170044931,0.3766890926294708,0.6233109073705292,0.4128047970010131,0.09925863956125472,0.22502254061765692,0.05240729471474106,COMPLETE,8.109187621447784,218.0133862748679,270.15624267322755,1683.8979411791304,65.07059170044931,5478.2749190726845,5125.890415940774,1.7679114532900733,65.8751982799682,48.84763543415814,11.241862440516641,56.4029149647817,1.0,True
673,11.16581650743926,289.3970884602317,10243.75997994685,149.24808453872916,0.09096406524763556,0.9090359347523644,0.6085356863040552,0.05396330177429148,0.03421495525163216,0.0027857168874804656,COMPLETE,10.390102940098073,250.97643546229787,311.0031542674604,1999.317782858052,138.8794953720308,8084.101683840748,9532.103685779983,2.6076709999921555,82.91525194242774,25.059066680749027,13.848060807072375,59.69325929204712,1.074658891429026,False
674,8.841185515639777,286.37382801709185,5931.154791570876,86.2949725582575,0.47022929217645715,0.5297707078235429,0.4772666027740929,0.19605916786081848,0.10874286853256969,0.16542704855765547,COMPLETE,8.841185515639777,231.10081547151293,286.37382801709185,1791.6117051744661,86.2949725582575,6329.460273273001,5931.154791570876,2.043205182399281,66.03523337453711,42.082623504327785,6.7558776888566925,59.517082250766364,1.0,True
675,7.592110555103363,254.38480692145387,5303.6297413528855,50.88727616787113,0.31104335011393675,0.6889566498860633,0.3639351238159993,0.11649585934944799,0.07520401708460611,0.11934327222759149,COMPLETE,7.592110555103363,205.28599533754408,254.38480692145387,1599.5208122131726,50.88727616787113,4829.377980780254,5303.6297413528855,1.5585539720170682,77.33604299378679,64.43048259559586,5.740395810483427,67.3456569139165,1.0,True
676,9.851745658616792,292.73381037816637,8127.935557572503,113.93429586098557,0.17412773351165017,0.8258722664883498,0.5431998629717047,0.05877497230776622,0.10029515262452986,0.015057391493006196,COMPLETE,9.619176962640946,241.94481288636226,299.8114138791835,1898.3552172663208,111.24466586712356,7214.013647448161,7936.060590525724,2.32730997034697,77.38499851143243,39.518763558338016,8.9076773396584,41.35267481730226,1.0241776086331604,False
677,7.525299113781505,251.9718904774688,3990.4904125860617,49.0961354832862,0.4680773870803905,0.5319226129196095,0.35761590669810345,0.018438704923271643,0.16635456355535103,0.28328371160236504,COMPLETE,7.525299113781505,203.33879589641253,251.9718904774688,1588.16442817081,49.0961354832862,4738.315651197213,3990.4904125860617,1.5301852605566715,59.41118608355143,37.00763815424608,16.01389856784806,30.279662323090633,1.0,True
678,9.941702351775408,292.5242735902179,8898.006578807343,116.21406192465574,0.07807629868309518,0.9219237013169048,0.5476771825730454,0.03374458400218364,0.03963516838629284,0.004696490936091106,COMPLETE,9.673306661518852,242.61400284320675,300.64065582374843,1905.4920255602467,113.076636133366,7275.608842870268,8657.78749628775,2.346879649880946,83.67902409525792,35.815114357582694,4.305553351723999,48.63706173560772,1.0277460127801235,False
679,7.537610532326325,252.2272285776601,4940.418582288983,49.35034103128787,0.3766890926294708,0.6233109073705292,0.358128797751045,0.34387586394084535,0.014555379133216454,0.018257250961922114,COMPLETE,7.537610532326325,203.54485118988592,252.2272285776601,1589.484806303444,49.35034103128787,4755.381437600286,4940.418582288983,1.5342418141296787,73.09826277781767,46.82519472959528,15.593209832630878,69.52628744854705,1.0,False
680,7.5375795624730335,252.1625488980551,5991.276712412017,49.32526311459823,0.007196744314877934,0.9928032556851221,0.3579100923491756,0.002367402632952506,0.0016778036250510294,0.0031515334509385133,COMPLETE,7.5375795624730335,203.4926553352415,252.1625488980551,1589.2316529586392,49.32526311459823,4755.440486417437,5991.276712412017,1.5338420799682855,88.57770036245968,50.299013779761275,16.490353001976576,21.524599296592953,1.0,False
681,8.571107384842486,280.9635671048635,5492.701083978109,78.26103677750596,0.4911893084543032,0.5088106915456968,0.4540859605688683,0.08225262105131213,0.18962367416121542,0.2193124207596305,COMPLETE,8.571107384842486,226.7347890179538,280.9635671048635,1753.1230846249352,78.26103677750596,6018.73528664149,5492.701083978109,1.9433682245524868,64.34968456233291,39.337134859829646,16.889731662104563,57.27274158213571,1.0,False
682,8.84701068840229,286.4048679574944,7304.694096552968,86.42418460802413,0.13462161547469048,0.8653783845253096,0.4772666027740929,0.03379944598326117,0.05822611602047445,0.042595942512589205,COMPLETE,8.84701068840229,231.1258643930184,286.4048679574944,1791.9823276447742,86.42418460802413,6338.107889414028,7304.694096552968,2.0447729926512523,81.08083871266317,45.51266308433716,11.377786345044719,42.679637249230275,1.0,True
683,8.11195721740644,270.1659976119957,6337.351593748677,65.11853633703079,0.11098608096647472,0.8890139190335253,0.4128047970010131,0.0197976037466973,0.03362319406444722,0.05756519747915938,COMPLETE,8.11195721740644,218.02125841290442,270.1659976119957,1684.0099276660292,65.11853633703079,5481.957591595224,6337.351593748677,1.7685791207305945,81.33375539804763,38.71519673484817,5.640682729300385,20.750022887308333,1.0,False
684,10.775985690265493,290.44738722162236,6915.835253990344,138.37005503350068,0.43573029509385885,0.5642697049061411,0.5899748256119568,0.04899334709754192,0.2587766988687959,0.12795776348518553,COMPLETE,10.162880056669351,248.52829083356957,307.96948020863897,1970.6558830129643,130.4974146365592,7824.448618809585,6522.3550028914005,2.5257632104306045,58.7340962027853,33.549418413337854,-1.8962676613478897,56.92388875321059,1.0603279415064821,False
685,8.011694171662175,267.4832574698664,6590.568810033798,62.33247876162872,0.05056133806139512,0.9494386619386048,0.4035633986163001,0.02349817849069979,0.01788116405327447,0.009181963310760363,COMPLETE,8.011694171662175,215.8563139456075,267.4832574698664,1668.3159895044237,62.33247876162872,5361.377053005286,6590.568810033798,1.729374772354504,86.43862146152186,59.58923825194867,9.212280062138774,39.20943762898553,1.0,True
686,8.84535446220151,286.40155652278173,5827.673243550227,86.39067904378184,0.32637305392593735,0.6736269460740627,0.4772666027740929,0.11286567693055677,0.19443306860540166,0.019073937869377576,COMPLETE,8.84535446220151,231.12319209831963,286.40155652278173,1791.9243387169165,86.39067904378184,6335.866109114428,5827.673243550227,2.0443665585451285,64.72994337293899,29.958495639203484,4.276373757663942,25.79737103685789,1.0,True
687,7.7066463673206025,258.5051669516921,4745.759581607518,54.0636978721617,0.47022929217645715,0.5297707078235429,0.3756042394981304,0.13275958777744484,0.13020844094809989,0.20726100382138032,COMPLETE,7.7066463673206025,208.61108467834603,258.5051669516921,1619.6542944857447,54.0636978721617,4979.619312396455,4745.759581607518,1.6076918579191861,67.18607936328779,48.980053304840496,17.651941468728673,53.860383846758836,1.0,False
688,8.208548697031812,272.59292141692003,6246.792638546189,67.8122916612519,0.15846100257813883,0.8415389974218612,0.4214548343140179,0.056806334632965444,0.07982796183048325,0.02182651940053077,COMPLETE,8.208548697031812,219.97976165424032,272.59292141692003,1698.7481654630978,67.8122916612519,5597.248057135571,6246.792638546189,1.805714585900283,78.50760866271318,33.073010364092774,14.000390731253264,26.090840304965436,1.0,False
689,8.300953488632855,274.79041835596126,6989.378672538604,70.40339110160075,0.04972069637967258,0.9502793036203274,0.42956071030451765,0.01787394615642128,0.020204810416583768,0.011641908355540357,COMPLETE,8.300953488632855,221.7531197090772,274.79041835596126,1712.5312093339237,70.40339110160075,5706.655983425921,6989.378672538604,1.8407623326642837,86.12485045848796,39.89454922779973,7.923150920440412,56.96425171033843,1.0,True
690,10.30984670487147,291.64418559861326,7732.242906587048,125.79502218149142,0.331261142176991,0.668738857823009,0.5666800795566977,0.03993093797218511,0.16024319514040897,0.13108684485590819,COMPLETE,9.890369563854676,245.33593420326156,304.0135989333964,1934.8253724612705,120.67679513414814,7517.8656146900075,7417.640833350601,2.4264630565637915,69.49996237858718,34.48820361774471,15.64441827234143,45.875636442118974,1.0424126862306353,False
691,8.382240188701031,276.79324059777434,5084.990456939769,72.77815686604531,0.4278482340531429,0.5721517659468571,0.43736874205941256,0.12991345240420565,0.11538436349876541,0.18255019826841992,COMPLETE,8.382240188701031,223.36937722999792,276.79324059777434,1725.2546974141817,72.77815686604531,5799.98362507906,5084.990456939769,1.8723357707424098,61.78799901905527,22.65606855758431,14.967242172954641,33.35808679611501,1.0,True
692,8.752900645765061,284.56096238909663,7148.5452055671785,83.58026281135675,0.2902941751390217,0.7097058248609782,0.46915505888553644,0.2612174276126536,0.004617501584178931,0.024458893311932805,COMPLETE,8.752900645765061,229.63785103837708,284.56096238909663,1778.5858720392569,83.58026281135675,6230.259180116799,7148.5452055671785,2.009997294645912,80.72253934873596,60.73304637767602,11.545393112258171,66.34718399511529,1.0,False
693,7.722589154536468,258.89308960041166,4747.016348597033,54.441084185782245,0.3340425682853231,0.6659574317146769,0.37661076012711664,0.253850713864724,0.06980500969485347,0.0103865041874153,COMPLETE,7.722589154536468,208.9241343766362,258.89308960041166,1621.7401901539552,54.441084185782245,5000.879583424047,4747.016348597033,1.6134352542579307,66.78513764287963,24.383694796607273,12.234073940192363,40.992011195386425,1.0,True
694,8.822187410157321,286.0146934686483,5997.595979757168,85.72353986302667,0.43573029509385885,0.5642697049061411,0.4756776348513644,0.11953232578454082,0.12958680788524604,0.18661092766225987,COMPLETE,8.822187410157321,230.81099748226453,286.0146934686483,1788.9688961655672,85.72353986302667,6307.588618371661,5997.595979757168,2.0362578761138876,67.01685494573208,51.66270204546056,12.36514966419792,47.876272274649274,1.0,True
695,8.38901511083387,276.83308257958004,6598.9682380998665,72.91341120866231,0.13462161547469048,0.8653783845253096,0.43736874205941256,0.09795987587584964,0.031185283610289764,0.005476349607773108,COMPLETE,8.38901511083387,223.4015293108953,276.83308257958004,1725.6706859818382,72.91341120866231,5809.818359415207,6598.9682380998665,1.8741188051724966,79.8786412940763,25.258505497229716,1.1232235841644527,59.49557222248458,1.0,True
696,8.230200766546607,273.21734989199655,4447.927971468308,68.46654435006624,0.4481679092605599,0.5518320907394401,0.42378731851535245,0.005423718036493395,0.4070741163767171,0.035669657699991836,COMPLETE,8.230200766546607,220.4836691893423,273.21734989199655,1702.5290509184965,68.46654435006624,5622.250605601638,4447.927971468308,1.8146248631731334,55.71235918476396,38.34944143611861,10.841606399123012,53.08772403820831,1.0,True
697,8.107280264371749,270.137223912921,5525.142524217251,65.0318087177357,0.3766890926294708,0.6233109073705292,0.4128047970010131,0.09259640959799471,0.11979932982151072,0.16429277693651362,COMPLETE,8.107280264371749,217.9980383254881,270.137223912921,1683.7353173918577,65.0318087177357,5475.294994183994,5525.142524217251,1.767371193787986,71.10124902594151,58.85997763896763,8.908884590680298,55.00359720597673,1.0,True
698,8.175892168324573,271.75015798825916,6988.951375046663,66.88184723103562,0.013266101936909858,0.9867338980630902,0.4183805487625825,0.004900241154161177,0.0035899470788061556,0.004775904120850717,COMPLETE,8.175892168324573,219.29965999494524,271.75015798825916,1693.6138308349864,66.88184723103562,5558.777128100712,6988.951375046663,1.7929703726689146,88.39759273617422,60.80724081271312,11.391465543348266,49.26968423684591,1.0,True
699,8.581177100043753,281.0164008542767,7597.720306789583,78.46926298542063,0.007196744314877934,0.9928032556851221,0.4540859605688683,0.0029399261602608756,0.0027167116408360723,0.0015400980253728388,COMPLETE,8.581177100043753,226.77742532539276,281.0164008542767,1753.7201622349405,78.46926298542063,6033.346587097363,7597.720306789583,1.9460172490091425,88.53507859867467,30.095121983165015,6.803631722365701,43.03437959720731,1.0,True
700,7.709443849000622,258.5278159103507,4712.1225741912995,54.11123237191797,0.3766890926294708,0.6233109073705292,0.3756042394981304,0.14944461274894075,0.11469576400204211,0.1125484236191074,COMPLETE,7.709443849000622,208.6293621614939,258.5278159103507,1619.8290348444639,54.11123237191797,4983.615429870633,4712.1225741912995,1.608416352836852,66.59152764073815,24.85916691958139,4.360136610752065,60.83021653975021,1.0,True
701,7.529020280618923,252.00569140936346,4098.703227894861,49.15636340118902,0.4812236474710556,0.5187763525289444,0.35761590669810345,0.20899908563432698,0.15106529557035764,0.12115890780292757,COMPLETE,7.529020280618923,203.36607291044223,252.00569140936346,1588.3976171445745,49.15636340118902,4743.621929979796,4098.703227894861,1.531147287332546,60.87122525765822,58.33366065903208,0.7144379532387082,18.891580095841025,1.0,True
702,8.59998515254222,281.46362297780666,6422.924463919731,79.04992115386797,0.24226149259551066,0.7577385074044893,0.4560056684078158,0.10584758157824699,0.08054573130389996,0.05586803463841136,COMPLETE,8.59998515254222,227.13832910686023,281.46362297780666,1756.7292230290373,79.04992115386797,6054.1206679808,6422.924463919731,1.9533862578922465,74.66198923257771,30.979931133349034,18.379919904116257,43.11324617651873,1.0,True
703,8.750296331577822,284.54614897826804,5231.674008115997,83.52327862456796,0.4463358555384874,0.5536641444615126,0.46915505888553644,0.34501301171723364,0.016090465119383744,0.0852311499021096,COMPLETE,8.750296331577822,229.62589676397252,284.54614897826804,1778.415594254394,83.52327862456796,6226.38353918094,5231.674008115997,2.0092946420890567,59.160923728253515,16.049459493068895,9.660201695675795,48.602523358632965,1.0,True
704,10.88676222100481,290.1523135196268,8199.62906710258,141.42093017164336,0.31104335011393675,0.6889566498860633,0.5952330685215322,0.11064361119593341,0.09020892448335298,0.11019060343986717,COMPLETE,10.227985434438914,249.2314404428578,308.84080402837435,1978.8184835202662,132.8633054122926,7898.934683647328,7703.455349131948,2.5491355426537794,68.67408536808091,21.572729936867226,7.797723415495037,37.96934649681336,1.0644092417601332,False
705,8.279787672190123,274.31955519034705,6580.196844562704,69.81968282079356,0.15846100257813883,0.8415389974218612,0.4278270300293877,0.045820204343020865,0.07442400016422708,0.0382166640220952,COMPLETE,8.279787672190123,221.37313784305817,274.31955519034705,1709.514845324792,69.81968282079356,5681.359777043325,6580.196844562704,1.832922577666998,81.48430318952664,67.70238177747353,14.937394076339935,61.20488203713796,1.0,True
706,8.011552832659353,267.48137691477024,6574.686240436211,62.329478966641524,0.05056133806139512,0.9494386619386048,0.4035633986163001,0.027858989460384037,0.0017841237748280174,0.020918151453661358,COMPLETE,8.011552832659353,215.85479635645044,267.48137691477024,1668.301173711789,62.329478966641524,5361.141712512226,6574.686240436211,1.7293321051926287,86.24077440532348,38.100263239490296,18.60261559471124,29.949782338308246,1.0,True
707,9.72815855323011,293.0205754014575,5764.842980415709,110.84603126744223,0.4911893084543032,0.5088106915456968,0.5372446723547402,0.19052101174128397,0.21414892664344234,0.08651904731395421,COMPLETE,9.543873317960253,241.03063459299975,298.67858906925704,1888.618541787024,108.7462210269864,7127.040804729289,5655.636758176769,2.300365842303158,55.89439094320279,24.755932503569703,10.861314273455367,40.36438321717134,1.019309270893512,False
708,7.500605382037987,250.86683602860975,3595.060956170498,48.36591377624582,0.47022929217645715,0.5297707078235429,0.3546369849586602,0.07114382823866343,0.34126802034616455,0.057816610034453854,COMPLETE,7.500605382037987,202.44702800672778,250.86683602860975,1583.2410379030457,48.36591377624582,4704.562067506435,3595.060956170498,1.5184752678448574,53.820224972530994,47.61371510295362,5.0827873945544155,25.071090544397496,1.0,True
709,7.7066463673206025,258.5051669516921,4097.586382732586,54.0636978721617,0.47022929217645715,0.5297707078235429,0.3756042394981304,0.13275958777744484,0.13020844094809989,0.20726100382138032,COMPLETE,7.7066463673206025,208.61108467834603,258.5051669516921,1619.6542944857447,54.0636978721617,4979.619312396455,4097.586382732586,1.6076918579191861,58.009842086216054,32.99593031152203,6.796005719797824,26.381468860759384,1.0,True
710,7.795570495451878,261.3309496234577,4538.635871171525,56.472232502531575,0.43573029509385885,0.5642697049061411,0.38397141375222654,0.14121118365895965,0.17389910630519653,0.1206196919113091,COMPLETE,7.795570495451878,210.89146303663412,261.3309496234577,1634.2883519274646,56.472232502531575,5093.380745567853,4538.635871171525,1.6440192669910654,62.773438463935534,65.56806453505827,-0.2102500095131532,26.721098658090177,1.0,True
711,8.984066856665276,289.0041049433775,7503.99076907096,90.63838854905711,0.15846100257813883,0.8415389974218612,0.48910952148199466,0.028445336236194906,0.0644864956530255,0.06552899365946156,COMPLETE,8.984066856665276,233.22342264825625,289.0041049433775,1811.3458299131198,90.63838854905711,6494.183597231124,7503.99076907096,2.095294821612237,81.31135495938666,40.18388043559268,11.9713955810807,68.13245363716482,1.0,True
712,8.679410841396878,283.06325004679144,7532.372359358412,81.37489071015017,0.05056133806139512,0.9494386619386048,0.4626748857919832,0.010437720823679664,0.024989854275792044,0.015133733983600208,COMPLETE,8.679410841396878,228.42921215526022,283.06325004679144,1767.961343811728,81.37489071015017,6146.391897461811,7532.372359358412,1.982630980472113,86.17876419872552,40.183563849396734,17.254689905498935,53.688938383000064,1.0,True
713,9.126566256162805,291.631402683805,5835.279281755768,95.12841843037853,0.3766890926294708,0.6233109073705292,0.5015757117343571,0.1167569014710433,0.16406944625956948,0.09586248592213846,COMPLETE,9.126566256162805,235.3436256518038,291.631402683805,1831.4670703707102,95.12841843037853,6655.184087946815,5835.279281755768,2.1478791924767635,61.7474522482607,28.26260486497206,6.0876333289218785,19.493827460825887,1.0,True
714,8.8465589480755,286.4046491147967,6227.152215222007,86.41544795637762,0.2760235904259901,0.7239764095740099,0.4772666027740929,0.15422115480590093,0.110920857417204,0.010881366826995913,COMPLETE,8.8465589480755,231.1256877891498,286.4046491147967,1791.972394875952,86.41544795637762,6337.523380960079,6227.152215222007,2.0446670214412075,69.1294735642934,27.493345824537673,-0.22820509901542518,39.235852291769284,1.0,True
715,8.397325930536267,277.06807332091074,5758.366983855003,73.17539275865303,0.2717764305569943,0.7282235694430057,0.4383397278625753,0.1152221427738447,0.08767939346125773,0.06887473639814316,COMPLETE,8.397325930536267,223.59116448924175,277.06807332091074,1727.1438316321673,73.17539275865303,5818.7916238362095,5758.366983855003,1.8775678834043095,69.65605137296347,25.365513426183064,1.633881622588627,24.644991608200595,1.0,False
716,10.56705314224266,290.98264017499383,9854.474051223224,132.63955355717422,0.05056133806139512,0.9494386619386048,0.5790817382479283,0.004881383826810019,0.01686659883093973,0.02881332502436912,COMPLETE,10.042826465204287,247.0774817449845,306.17167715211406,1954.398234671221,126.05936592405197,7692.269051569499,9365.598097227858,2.4813562726245597,85.62806791452111,43.477247917212054,3.2341120982100553,28.883610615846077,1.0521991173356104,False
717,8.600895388701694,281.4711538195137,6434.844703986032,79.07036917975599,0.24226149259551066,0.7577385074044893,0.4560056684078158,0.1131240590621893,0.12306603996418541,0.006071194515209283,COMPLETE,8.600895388701694,227.14440642080933,281.4711538195137,1756.8057427020522,79.07036917975599,6055.549351289631,6434.844703986032,1.9536452777541224,74.75559407792348,49.592534343560764,11.474833545088126,41.18376928817583,1.0,True
718,9.236137931385445,293.57125482336556,6845.528220152479,98.63631195163455,0.43573029509385885,0.5642697049061411,0.5111319625455644,0.21627535465921813,0.013033872573602582,0.20642053183987646,COMPLETE,9.236137931385445,236.90906692990777,293.57125482336556,1846.6982255275743,98.63631195163455,6778.2489205610955,6845.528220152479,2.188124819360454,71.17989128820534,37.49004747189998,2.324915498415819,61.88668169100282,1.0,False
719,7.536899740106974,252.22822213719627,4537.492328998264,49.34164285075014,0.3766890926294708,0.6233109073705292,0.358128797751045,0.22862504456737032,0.13662415691698365,0.011439516082089344,COMPLETE,7.536899740106974,203.54565298249602,252.22822213719627,1589.4800935345293,49.34164285075014,4754.616764175712,4537.492328998264,1.5341031790636785,67.15604430969138,43.844408969831385,7.996604932042091,44.81578010877585,1.0,True
720,7.91641197853965,265.03987579639517,5029.2761069607495,59.81427588020513,0.4911893084543032,0.5088106915456968,0.3957617128742784,0.09812461150726422,0.054604915306150664,0.338459391920828,COMPLETE,7.91641197853965,213.88452936893293,265.03987579639517,1654.2586819669427,59.81427588020513,5242.593256358824,5029.2761069607495,1.6931980503205362,67.69692962508414,63.55786682457179,0.11120529252258304,47.447895322880896,1.0,True
721,7.5042079143478615,250.88332676982284,5178.99348824579,48.417445475809316,0.15846100257813883,0.8415389974218612,0.3546369849586602,0.04149522777876733,0.06648014556128223,0.05048549284931114,COMPLETE,7.5042079143478615,202.46033586997936,250.88332676982284,1583.3781591537759,48.417445475809316,4709.135637738883,5178.99348824579,1.5193044547770254,77.38065261017984,15.350881977257856,1.1672525351696703,33.87881481095977,1.0,True
722,7.499497544856445,250.84458411265283,4118.303533023913,48.34361447317873,0.47022929217645715,0.5297707078235429,0.3546369849586602,0.1377654495871994,0.1635528175161644,0.16891083625143347,COMPLETE,7.499497544856445,202.4290709330697,250.84458411265283,1583.1086186655123,48.34361447317873,4702.582211138235,4118.303533023913,1.5181163204701276,61.721020679989785,37.07606996958095,14.62657487959946,41.33492685825411,1.0,True
723,10.781952626843808,290.4277135908043,7767.741832363116,138.5147548668268,0.47022929217645715,0.5297707078235429,0.5899565767841946,0.3939614647460829,0.03937901627395211,0.036888279328459506,COMPLETE,10.167516016981224,248.53569018373472,307.97864928157065,1970.862678521752,130.62114418777176,7831.407524158169,7325.077583785158,2.526990610734606,65.83461147204709,40.929585109771764,6.037562843209033,62.01718585768624,1.060431339260876,False
724,7.7066463673206025,258.5051669516921,4245.537829713219,54.0636978721617,0.47022929217645715,0.5297707078235429,0.3756042394981304,0.13275958777744484,0.13020844094809989,0.20726100382138032,COMPLETE,7.7066463673206025,208.61108467834603,258.5051669516921,1619.6542944857447,54.0636978721617,4979.619312396455,4245.537829713219,1.6076918579191861,60.10440197443253,20.71131742656921,6.996936435314014,44.42061453075499,1.0,False
725,8.109851079237398,270.16105185986487,4657.587880505194,65.08323682356406,0.3766890926294708,0.6233109073705292,0.4128047970010131,0.12522968231954554,0.2276877573626596,0.02377087358074811,COMPLETE,8.109851079237398,218.01726724039233,270.16105185986487,1683.9419582180758,65.08323682356406,5479.246331200394,4657.587880505194,1.7680875700218839,59.83177055750809,21.693549114602654,4.642572160474931,21.16013511461548,1.0,True
726,7.7105453026166755,258.5439528875353,4178.311897653121,54.132904066836716,0.47022929217645715,0.5297707078235429,0.3756042394981304,0.236214901501698,0.23167572729139316,0.0023382014328177944,COMPLETE,7.7105453026166755,208.6423845407121,258.5439528875353,1619.9404297277374,54.132904066836716,4985.436752254934,4178.311897653121,1.6087465580471298,58.98996665045538,42.037145193097174,7.665007162593906,30.292705535927418,1.0,True
727,8.900654591681924,287.4898113315236,5834.782717912798,88.09668676449043,0.3766890926294708,0.6233109073705292,0.48222882408146844,0.10347421531950537,0.17016411879078092,0.10305056119627186,COMPLETE,8.900654591681924,232.00140284642623,287.4898113315236,1799.905732231186,88.09668676449043,6398.112761224181,5834.782717912798,2.0649643515216916,64.22747423031397,39.82468941656998,4.738535855106067,36.24203524313322,1.0,True
728,7.524386704242977,251.70349081273483,5110.673391484409,48.982587510270434,0.21260675223461672,0.7873932477653833,0.3567407924960352,0.075726193978883,0.12453229075482843,0.012348123092821453,COMPLETE,7.524386704242977,203.12220005096887,251.70349081273483,1587.096451718253,48.982587510270434,4737.361588569197,5110.673391484409,1.5283699814000924,75.893414707403,51.78445071065045,7.237137306707384,76.93213962401929,1.0,True
729,7.9582306746364,266.1495509892483,5068.03127852946,60.926700696558655,0.36122605763075266,0.6387739423692473,0.3992797393792979,0.05097417953942231,0.10882167679212328,0.2014298612841705,COMPLETE,7.9582306746364,214.7800261528135,266.1495509892483,1660.563733778683,60.926700696558655,5294.82024659485,5068.03127852946,1.7092689924285287,67.4601975221105,56.228273036867606,4.976467312174098,35.15308840877379,1.0,True
730,9.782793632821997,292.8995276034108,7083.011610315382,112.2155592942964,0.36122605763075266,0.6387739423692473,0.5400434659478441,0.0658517565364286,0.16262165543391685,0.13275240056436832,COMPLETE,9.57675566218726,241.4522792688213,299.2010796525623,1893.0287621199848,109.8521581045721,7164.057991170698,6933.834453672174,2.312329482635704,68.17990605845975,58.99900341565926,6.953665831833353,46.914932358967064,1.0215143810599925,False
731,8.300089160038334,274.78587001304794,6568.228176892224,70.38681962492561,0.11230241146999098,0.887697588530009,0.42956071030451765,0.04037126190918617,0.0456359041263149,0.0262951743969204,COMPLETE,8.300089160038334,221.74944924182955,274.78587001304794,1712.4833149226895,70.38681962492561,5705.430759324323,6568.228176892224,1.84054019989658,80.97472327990417,15.363495676600499,5.056511697670777,41.17379252974704,1.0,True
732,7.667195590807364,257.01004838965844,5564.215358595702,52.92295330243296,0.12894384271660114,0.8710561572833988,0.3711706242201289,0.017376054788951042,0.0685097889151564,0.04305789087267366,COMPLETE,7.667195590807364,207.4045389499705,257.01004838965844,1612.302113205635,52.92295330243296,4929.0940148098525,5564.215358595702,1.5902111665506478,79.41768930078533,25.259182765309454,-0.242172201372564,32.9148063195319,1.0,True
733,9.316799545282914,293.8783167583243,6231.083833733224,100.76799577209584,0.43573029509385885,0.5642697049061411,0.5161562853203963,0.19077496840922537,0.03308022188783102,0.2118748674176849,COMPLETE,9.294646300923059,237.7221123149632,294.5787584913855,1854.766882707017,100.52839224481782,6844.3775153380475,6216.267724174946,2.2095429518758887,64.01715031956708,28.61638085799884,8.875452448662951,37.49476664117391,1.0023834413535084,False
734,9.1983918417636,292.89621748978533,5938.2649396311745,97.41311133701714,0.43573029509385885,0.5642697049061411,0.5077070546908058,0.16863652704003051,0.1988263900956125,0.06826717598142833,COMPLETE,9.1983918417636,236.36431855208184,292.89621748978533,1841.4095866679138,97.41311133701714,6736.738927627894,5938.2649396311745,2.174171619453482,62.071088972241995,46.136597129016735,12.999218399663592,20.466426909317228,1.0,True
735,9.33477824918992,293.83870280497774,5229.165595541349,101.19966227878659,0.4812236474710556,0.5187763525289444,0.5170288679041789,0.059715890910794885,0.32678966497348566,0.09471774375278559,COMPLETE,9.305348888584847,237.87483270157972,294.7680054295341,1856.3252567867014,100.88061438339898,6857.2170363970945,5212.679826317191,2.2135083101019513,53.555663953829935,32.08249687994635,0.41428635634531163,55.471487609009,1.0031626283933508,False
736,8.457544385490946,278.34934066345346,7416.795672832367,74.87329890440034,0.007196744314877934,0.9928032556851221,0.44329469651469866,0.0038336842152919166,0.0029172787332947896,0.00044577611183433275,COMPLETE,8.457544385490946,224.6251344220003,278.34934066345346,1735.6803291287356,74.87329890440034,5890.001219347819,7416.795672832367,1.8997770444709376,88.5293442248901,33.62979480950536,4.664389202470776,57.30337029651546,1.0,True
737,7.920045650635016,265.0649701852321,5143.942532599138,59.87890002130634,0.331261142176991,0.668738857823009,0.3957617128742784,0.07806092556858968,0.005701724294878675,0.24749818228010548,COMPLETE,7.920045650635016,213.90478028978046,265.0649701852321,1654.4771392974835,59.87890002130634,5247.76466281854,5143.942532599138,1.6941356247841144,69.09756874285141,38.27628332919001,14.237431513603845,25.687784646357137,1.0,True
738,8.110098548181337,270.16208858574294,4995.288862401855,65.08759804327438,0.3682221178123614,0.6317778821876385,0.4128047970010131,0.1344881638971634,0.21404372968309876,0.01968999012512228,COMPLETE,8.110098548181337,218.0181038678087,270.16208858574294,1683.9531124803414,65.08759804327438,5479.581343514999,4995.288862401855,1.7681483076555633,64.1614710968736,39.66734057502329,8.020756939040046,41.31834893038748,1.0,True
739,7.767384038295973,260.34970762362326,5778.111107485092,55.66465048643578,0.1667495858455721,0.8332504141544279,0.38093716065077976,0.05842773613023934,0.044393336109959824,0.06392843352417586,COMPLETE,7.767384038295973,210.09961055518775,260.34970762362326,1629.225504844456,55.66465048643578,5058.076835958527,5778.111107485092,1.6319243614785655,80.38413402073141,25.09292627363105,5.630902227180528,70.03719601347045,1.0,False
740,8.847231004959552,286.4089936595748,7057.989876184939,86.430811452903,0.1667495858455721,0.8332504141544279,0.4772666027740929,0.038135356171355425,0.12216935144412663,0.006444753037600282,COMPLETE,8.847231004959552,231.12919379334028,286.4089936595748,1792.0217295818377,86.430811452903,6338.55122620084,7057.989876184939,2.044853369479745,78.32433194011078,39.9463483940936,19.12724657873433,41.20117822187973,1.0,True
741,8.752210002409566,284.56005203249657,6573.375769568418,83.56687758639947,0.2902941751390217,0.7097058248609782,0.46915505888553644,0.18688388853732005,0.07370334896091159,0.029706685357034985,COMPLETE,8.752210002409566,229.6371163897044,284.56005203249657,1778.5660700333171,83.56687758639947,6229.348932326797,6573.375769568418,2.0098322669904607,74.24978433418984,49.182879997252286,13.48763402167919,28.64713498316676,1.0,True
742,8.02958020152497,268.0291384873484,5496.692715189985,62.85367321589754,0.2882582377571268,0.7117417622428732,0.4054563366576581,0.1120445338495017,0.13243191001390622,0.043781640325208634,COMPLETE,8.02958020152497,216.29683446790528,268.0291384873484,1671.4103278867292,62.85367321589754,5382.588182356977,5496.692715189985,1.7367727796960157,71.87043321335034,53.65946702020247,8.109605241155347,31.34009392472933,1.0,True
743,8.321574719394508,275.44004194550047,5159.797380973479,71.07155733678825,0.47022929217645715,0.5297707078235429,0.4322165662061618,0.038228580884652426,0.20031844693524387,0.2316816384584304,COMPLETE,8.321574719394508,222.2773594495994,275.44004194550047,1716.4632628202346,71.07155733678825,5728.449373220514,5159.797380973479,1.8496976550895523,63.518242954206926,30.129708882191956,5.185774116878937,60.919408036608644,1.0,True
744,9.192471050627374,292.74839636239346,7520.11719431613,97.19508202925302,0.1667495858455721,0.8332504141544279,0.5069293532510446,0.04078697182106092,0.06928444578762559,0.05667809723796348,COMPLETE,9.192471050627374,236.2450283804879,292.74839636239346,1840.315489153749,97.19508202925302,6731.021655488306,7520.11719431613,2.1716755842422772,78.61454938449762,39.240790626290924,7.805049384096412,39.84230325161745,1.0,False
745,9.237466126306998,293.5826294277429,6411.0838143123665,98.67143940858757,0.43573029509385885,0.5642697049061411,0.5111319625455644,0.1932770146855065,0.11144852565279008,0.1310045536495545,COMPLETE,9.237466126306998,236.91824612189427,293.5826294277429,1846.8297749794722,98.67143940858757,6780.452199907097,6411.0838143123665,2.1885242732550627,66.60811190648688,51.41637115666205,8.606559833299702,41.29793311944036,1.0,False
746,7.921399134656929,265.0844639608927,5073.0568461142,59.90745559649518,0.331261142176991,0.668738857823009,0.3957617128742784,0.024040061900383863,0.16898380877597824,0.13823709833523595,COMPLETE,7.921399134656929,213.92051157180083,265.0844639608927,1654.624273143956,59.90745559649518,5250.048894152516,5073.0568461142,1.6945497552502307,68.0693795052828,49.79105073188293,1.509155822164566,50.74628897997941,1.0,True
747,10.968951454560944,289.926684549177,10406.874007876591,143.69259043393748,0.05056133806139512,0.9494386619386048,0.5989225411121605,0.007134930245617927,0.015231928794900975,0.02819443142847571,COMPLETE,10.276572825172375,249.731400380405,309.4603407482187,1984.7489364727887,134.6224729090236,7955.875905619767,9749.97465048204,2.566382922741512,86.18806494567104,29.947700870573712,8.251471495456219,47.07892328320117,1.0673744682363944,False
748,8.538122456500872,280.1458536452876,6305.276669858291,77.23426086205754,0.2717764305569943,0.7282235694430057,0.45055917249377025,0.14335982057796332,0.11986528756100691,0.008551042058286839,COMPLETE,8.538122456500872,226.07490243321064,280.1458536452876,1747.7096084094615,77.23426086205754,5982.914067871288,6305.276669858291,1.9302552013162395,74.14450176584685,57.14190081614842,6.514715224446704,36.625507336232026,1.0,True
749,7.71902961737896,258.8792867367299,3912.2892971998594,54.38649035509331,0.4680773870803905,0.5319226129196095,0.37661076012711664,0.07552197769172081,0.34170969553117564,0.05084404685322511,COMPLETE,7.71902961737896,208.91299560367366,258.8792867367299,1621.605789087742,54.38649035509331,4996.303438418264,3912.2892971998594,1.6126056005201175,55.14600137268591,33.175727232077335,9.285704786899723,40.14383143671819,1.0,True
750,8.599626890630658,281.4627811232296,6329.251558019134,79.04303646222027,0.2882582377571268,0.7117417622428732,0.4560056684078158,0.12879394616903433,0.10913760618721906,0.05032650887557797,COMPLETE,8.599626890630658,227.13764973863505,281.4627811232296,1756.7162515895839,79.04303646222027,6053.6396008691945,6329.251558019134,1.9532990405670136,73.58422803744381,55.816727948318345,8.58033010697579,40.81556074149059,1.0,True
751,7.639137860144675,256.19054911153927,4212.7182189326395,52.219502584813696,0.47022929217645715,0.5297707078235429,0.3690124911418303,0.15860071377886814,0.06402473394207392,0.24760353429012666,COMPLETE,7.639137860144675,206.74321122752107,256.19054911153927,1608.1395654595856,52.219502584813696,4891.4703865358215,4212.7182189326395,1.579339892216044,60.729148447746915,32.78734507783972,5.7131471412331525,31.86709300732167,1.0,True
752,8.598874224910814,281.4567088726572,6241.998602939235,79.02621654329303,0.24226149259551066,0.7577385074044893,0.4560056684078158,0.06425592619875549,0.07769066883554666,0.10031477189995622,COMPLETE,8.598874224910814,227.1327494931456,281.4567088726572,1756.654237152889,79.02621654329303,6052.464224893076,6241.998602939235,1.9530859452497344,72.6061763975759,30.960715085692605,1.9512263443316047,29.271176748476165,1.0,True
753,8.456834437022454,278.34470565462664,7254.468719084517,74.85860789708154,0.05056133806139512,0.9494386619386048,0.44329469651469866,0.028408107751361485,0.000822694050832885,0.021330461440460264,COMPLETE,8.456834437022454,224.62139401622716,278.34470565462664,1735.6323932679068,74.85860789708154,5888.947140065527,7254.468719084517,1.8995859402084194,86.62909354219595,40.43335147842746,4.08220245972368,45.08635738565057,1.0,True
754,8.98627020652603,289.0156709623732,7754.967954252043,90.68883392912765,0.06844281503440364,0.9315571849655964,0.48910952148199466,0.012521062262228913,0.04936766964640873,0.006554005200976028,COMPLETE,8.98627020652603,233.23275630992552,289.0156709623732,1811.4885054415574,90.68883392912765,6497.480610885224,7754.967954252043,2.0958925692138295,83.93068162130893,37.74519827202108,4.098000795210401,49.57554965411412,1.0,True
755,9.337307135832226,293.8306605732748,6120.415065788146,101.25248773315491,0.45000932092405255,0.5499906790759475,0.5170288679041789,0.16801216065709262,0.21634582024346877,0.06565110974561579,COMPLETE,9.30743357328931,237.8794708034529,294.77375283888637,1856.4192910554093,100.92854288686036,6860.190360879627,6100.833552660579,2.214047372952352,62.624514429102085,55.34307620118953,5.780740983918696,46.51010629423344,1.0032096455277046,False
756,9.021330923653101,289.6821817325264,7408.652398144579,91.79183118123676,0.15965681879520743,0.8403431812047926,0.49225214872619755,0.0536888849742886,0.06294029962092434,0.04302756217686338,COMPLETE,9.021330923653101,233.77062383633148,289.6821817325264,1816.5150821211962,91.79183118123676,6536.818171422518,7408.652398144579,2.108922157856374,79.73911365715358,29.435827024620977,19.287323306186888,49.10633239944373,1.0,True
757,9.594573409949009,293.3048291909665,5926.065251973685,107.51330049625116,0.43573029509385885,0.5642697049061411,0.530155058130096,0.3407727311659543,0.07790605079582538,0.01705095408898527,COMPLETE,9.464234884848903,239.9537417891851,297.3441328754818,1877.5433834189303,106.0527743825216,7038.334962857054,5845.561974591044,2.2709785737912314,58.447383134023724,19.411267823751064,10.154012808488181,45.22696600621328,1.0137716917094652,False
758,8.30083119764453,274.7893687397885,6963.597164318895,70.40084337105363,0.04972069637967258,0.9502793036203274,0.42956071030451765,0.015798689160929667,0.015434299239665054,0.018487680179588174,COMPLETE,8.30083119764453,221.7522726793219,274.7893687397885,1712.5214262044926,70.40084337105363,5706.467624270758,6963.597164318895,1.840728183205092,85.81448992641673,32.84263078506234,-0.893775044285646,38.65957022243866,1.0,True
759,8.00023363639377,267.19385548159033,5995.009175444585,62.02755024417207,0.15846100257813883,0.8415389974218612,0.40261138358703485,0.07774424584740915,0.06338571858654161,0.017330889887726436,COMPLETE,8.00023363639377,215.6227694350886,267.19385548159033,1666.6322219597828,62.02755024417207,5347.280981801378,5995.009175444585,1.7250325328069742,78.86021443110644,37.47067323755897,7.767463089549688,29.916682098250114,1.0,False
760,8.74560162610392,284.4935969078725,5758.891638105565,83.4058330912952,0.4572059729624799,0.5427940270375201,0.46896283469638106,0.17674108304331299,0.1477758597731323,0.13268868450467294,COMPLETE,8.74560162610392,229.58348776868402,284.4935969078725,1777.9847788846143,83.4058330912952,6220.3814601413305,5758.891638105565,2.0078457239564123,65.22604801277792,60.6469597619274,9.944745830558679,34.934290864518985,1.0,True
761,8.571107384842486,280.9635671048635,5322.976019883974,78.26103677750596,0.4911893084543032,0.5088106915456968,0.4540859605688683,0.08225262105131213,0.18962367416121542,0.2193124207596305,COMPLETE,8.571107384842486,226.7347890179538,280.9635671048635,1753.1230846249352,78.26103677750596,6018.73528664149,5322.976019883974,1.9433682245524868,62.36127227304277,44.7103612144826,0.8593003628923994,60.06759488830282,1.0,True
762,7.669055052367067,257.0224241945398,6212.231313788791,52.952966097114434,0.007196744314877934,0.9928032556851221,0.3711706242201289,0.0015269594041571637,0.003518769418852333,0.0021510118455769418,COMPLETE,7.669055052367067,207.41452610075166,257.0224241945398,1612.40061395037,52.952966097114434,4931.643675757346,6212.231313788791,1.5906734193272904,88.5623539137354,50.46307439516552,13.79988796138534,34.56272574734549,1.0,True
763,7.713833962636033,258.55841649729206,6119.933664864174,54.183862816412365,0.05056133806139512,0.9494386619386048,0.3756042394981304,0.027858989460384037,0.0017841237748280174,0.020918151453661358,COMPLETE,7.713833962636033,208.6540565291497,258.55841649729206,1620.0742227887881,54.183862816412365,4989.718003848048,6119.933664864174,1.6095227476963339,86.25129323945599,32.4845178504879,9.085250729851122,38.84366946785461,1.0,True
764,8.808211895393548,285.7302331752424,5563.410302912874,85.29313176481146,0.47022929217645715,0.5297707078235429,0.4743872371181071,0.18177547821488704,0.15198519278222528,0.1364682656925348,COMPLETE,8.808211895393548,230.58144087008887,285.7302331752424,1786.9196349128963,85.29313176481146,6292.00103486398,5563.410302912874,2.031010190328901,62.298440716127146,55.43098968138251,6.296640766445812,29.408569098745396,1.0,True
765,9.192687829132884,292.74993216233173,7204.02658547344,97.20054777110383,0.19156926412474873,0.8084307358752513,0.5069293532510446,0.07313685174038483,0.07825063402290153,0.04018163742032471,COMPLETE,9.192687829132884,236.24626775568007,292.74993216233173,1840.3337904933092,97.20054777110383,6731.366973389211,7204.02658547344,2.171738190275709,75.29967957148682,19.56764626474526,9.04835046118465,28.66810414507586,1.0,True
766,7.595912843158838,254.41673279033077,5895.7911254878045,50.94947156070873,0.05056133806139512,0.9494386619386048,0.3639351238159993,0.006274245590060486,0.03433522606905612,0.009951829855961594,COMPLETE,7.595912843158838,205.31175919446903,254.41673279033077,1599.7523832398165,50.94947156070873,4834.762746860371,5895.7911254878045,1.5595302285168018,85.75162264330046,61.972483560276444,11.651737515972451,44.74085277477465,1.0,True
767,10.414010103929972,291.3724303259929,9896.013403108047,128.53005276239406,0.023482983387527523,0.9765170166124725,0.5714100849279111,0.003672920492122464,0.008274563831380385,0.01153547697570328,COMPLETE,9.95321570766049,246.0204383325277,304.86181778278257,1942.5920646761085,122.84291327682917,7591.526716165333,9458.139089942264,2.4486944912168336,87.60332622326038,52.46306097200066,5.537824311882826,38.464792399419416,1.0462960323380543,False
768,7.703064944129302,258.2806251464994,4385.520625659309,53.92321740695021,0.3766890926294708,0.6233109073705292,0.37483960037753794,0.17817661901491288,0.17219918776972798,0.026312975688244845,COMPLETE,7.703064944129302,208.42988168697357,258.2806251464994,1618.615968578952,53.92321740695021,4975.7143898852,4385.520625659309,1.605548914931944,62.034000018031804,25.973002644115383,1.7725024769219462,59.42851855188019,1.0,True
769,9.200395247245922,292.90404543868897,6518.023058393019,97.459582132988,0.3015760547331941,0.698423945266806,0.5077070546908058,0.11671609498184002,0.137610992343238,0.04724882761668225,COMPLETE,9.200395247245922,236.37063562856764,292.90404543868897,1841.519765656692,97.459582132988,6739.67138233445,6518.023058393019,2.174703272625571,68.06800571658464,20.609876736685788,14.559365117609207,30.243341463887475,1.0,True
770,8.229500901171658,273.17162534075226,4543.9582596999035,68.43284237230351,0.4911893084543032,0.5088106915456968,0.42360473290439626,0.17931105941427974,0.30889815633015505,0.0029795040593293695,COMPLETE,8.229500901171658,220.44676993373366,273.17162534075226,1702.270811589164,68.43284237230351,5621.614548975152,4543.9582596999035,1.814166891830042,56.901288119283464,43.692043199169305,11.738861572714741,29.11850566735152,1.0,True
771,8.607818137789714,281.6324996916148,6162.953945832543,79.2831366808664,0.24226149259551066,0.7577385074044893,0.45670181493948475,0.061227050971430816,0.1356295443535509,0.045404739994030704,COMPLETE,8.607818137789714,227.2746109261362,281.6324996916148,1757.8970013185453,79.2831366808664,6063.198549107391,6162.953945832543,1.9563385181890955,71.53235466221571,27.39526692755964,5.880404925042685,34.117690660635205,1.0,True
772,9.191597970760627,292.7486753383112,5976.264018568564,97.17725638832474,0.35952295259212275,0.6404770474078773,0.5069293532510446,0.16884511984294082,0.1817131186778631,0.008964420158312341,COMPLETE,9.191597970760627,236.2452535112638,292.7486753383112,1840.301820060786,97.17725638832474,6729.895390739274,5976.264018568564,2.1714713927759624,62.49060539605639,26.458970329115928,2.5494795818657905,55.026982614534525,1.0,True
773,7.908360025875514,264.7146342453821,4995.018129285222,59.55284828519467,0.45742295053405,0.54257704946595,0.39459881832593385,0.22553114066193,0.06855660259689629,0.16333497260858534,COMPLETE,7.908360025875514,213.6220626896809,264.7146342453821,1652.5556020703218,59.55284828519467,5233.682651280098,4995.018129285222,1.6894001812201456,67.24969218801473,52.09851557775292,20.77580703231833,34.84839207808365,1.0,False
774,7.536715495370798,252.2248521127653,4605.354096007204,49.338004131770695,0.3682221178123614,0.6317778821876385,0.358128797751045,0.22654063577966713,0.11042336076611625,0.031257749623056344,COMPLETE,7.536715495370798,203.54293340648047,252.2248521127653,1589.4594065500914,49.338004131770695,4754.29685805146,4605.354096007204,1.5340451801778479,68.17296447892402,41.843706828956115,6.992730920467778,52.54495758883883,1.0,True
775,8.39697950222242,277.0648439034558,6049.499447918606,73.16784065576539,0.2717764305569943,0.7282235694430057,0.4383397278625753,0.11504710421697123,0.06741630972501858,0.08931285893116403,COMPLETE,8.39697950222242,223.58855838164985,277.0648439034558,1727.1134025401473,73.16784065576539,5818.24368172926,6049.499447918606,1.8774685416621746,73.1952251763835,21.843133516182874,4.204485705547505,62.015717848513006,1.0,False
776,8.205261291679603,272.5759906689847,5044.035507889867,67.75111740703542,0.47022929217645715,0.5297707078235429,0.4214548343140179,0.22774405131537223,0.19042020345149646,0.05206459202494639,COMPLETE,8.205261291679603,219.96609870996397,272.5759906689847,1698.5732041764925,67.75111740703542,5592.640930635137,5044.035507889867,1.8048793152266418,63.5037670632023,59.617824131602845,4.769775198109121,34.476192079608836,1.0,True
777,9.190794520005396,292.73916799468356,7167.131060336821,97.15453256706162,0.23802520109954983,0.7619747989004502,0.5069293532510446,0.07328026327837826,0.061303343839183295,0.10344148356546407,COMPLETE,9.190794520005396,236.2375811800297,292.73916799468356,1840.1985644558645,97.15453256706162,6728.459501763217,7167.131060336821,2.1712110665287465,74.99108314377281,26.239054497478925,10.709286508571525,43.754828139332695,1.0,True
778,8.394416314138967,277.053949015536,5095.937174123582,73.11867138542664,0.47022929217645715,0.5297707078235429,0.4383397278625753,0.18073073156126993,0.1814654192646315,0.10803289364057612,COMPLETE,8.394416314138967,223.57976631604737,277.053949015536,1726.9874576198897,73.11867138542664,5814.675535886159,5095.937174123582,1.8768216378748057,61.7359175302684,34.50990572998947,4.224409445784634,69.7567696540113,1.0,True
779,8.899403650311221,287.39195218318673,7649.529891697647,88.01406726910288,0.10747018929537838,0.8925298107046216,0.4816914262116908,0.07497084091858766,0.0032042297988041043,0.02929501582276998,COMPLETE,8.899403650311221,231.92243149230984,287.39195218318673,1799.294472040964,88.01406726910288,6398.1982817273165,7649.529891697647,2.0639713334117165,84.09029061464564,53.02699128405402,4.643640429011983,21.62273259705482,1.0,False
780,8.572769934771816,280.9791460866957,4428.1928777812145,78.29911918782724,0.4911893084543032,0.5088106915456968,0.4540859605688683,0.06590854214664861,0.3007697905674804,0.12451050098771123,COMPLETE,8.572769934771816,226.74736110050262,280.9791460866957,1753.2766640040393,78.29911918782724,6021.408956076235,4428.1928777812145,1.9438529600312375,51.822693063029675,29.220727940701842,4.894912746648972,24.306197895208708,1.0,True
781,7.721488611572814,258.8937302785763,4809.779158492672,54.42621412053904,0.2975389653501274,0.7024610346498725,0.37661076012711664,0.043936913471451046,0.24044067691718868,0.013161119037115426,COMPLETE,7.721488611572814,208.9246513975083,258.8937302785763,1621.7277289501824,54.42621412053904,4999.63337171216,4809.779158492672,1.6132093164426806,67.70035534979654,49.51982560373638,10.26876813960816,35.431119674098,1.0,True
782,8.74673680713051,284.4934218550007,6500.400578401839,83.42685210024898,0.2902941751390217,0.7097058248609782,0.46896283469638106,0.11222197981656744,0.002873780555334959,0.1751981953016886,COMPLETE,8.74673680713051,229.583346502767,284.4934218550007,1778.003272376983,83.42685210024898,6221.812147544229,6500.400578401839,2.00810510715995,73.59835304948665,38.93888575083754,12.127855211981869,33.821303417439744,1.0,False
783,8.345134679584815,275.84654426008194,6586.9290440406885,71.67046564115455,0.15846100257813883,0.8415389974218612,0.43359393927098344,0.06869621405821351,0.05227504225061293,0.03748965211411458,COMPLETE,8.345134679584815,222.6054027524435,275.84654426008194,1719.2534112782396,71.67046564115455,5758.1765317532045,6586.9290440406885,1.8576720663723616,80.47624289364357,36.350082182010276,18.5742373141739,55.39773293374307,1.0,True
784,8.169444517069016,271.7151127244605,4495.621084003575,66.76220302190752,0.4680773870803905,0.5319226129196095,0.4183805487625825,0.162337173890864,0.19519816646771057,0.11054171967062178,COMPLETE,8.169444517069016,219.27137881751236,271.7151127244605,1693.2609555869176,66.76220302190752,5549.703703289898,4495.621084003575,1.7913253634308894,57.065802057704595,28.11767460178342,-1.8809903321660932,49.328133747548215,1.0,True
785,8.389627513700814,276.83658535905334,7114.318641821004,72.92559417560172,0.05056133806139512,0.9494386619386048,0.43736874205941256,0.027606249091306965,0.021007239735309307,0.0019478113975868099,COMPLETE,8.389627513700814,223.40435601890246,276.83658535905334,1725.7075506242954,72.92559417560172,5810.703781510309,7114.318641821004,1.8742793319367963,86.08758054040827,47.091837562487086,7.559574241168459,60.6344727391865,1.0,False
786,8.674752062377506,283.0453729515755,5029.287302476856,81.27969628370693,0.4812236474710556,0.5187763525289444,0.4626748857919832,0.21121099888835304,0.23875411468123678,0.03125816225303811,COMPLETE,8.674752062377506,228.41478551819188,283.0453729515755,1767.732835896416,81.27969628370693,6139.831772484202,5029.287302476856,1.9814416317514505,57.67007778604225,43.28554338151889,6.080023643253066,26.519456335440942,1.0,True
787,8.985650944921188,289.01286012406155,7323.2523968688665,90.67492347281024,0.15846100257813883,0.8415389974218612,0.48910952148199466,0.08942348646562119,0.06370346183267513,0.00533387939998379,COMPLETE,8.985650944921188,233.2304879915164,289.01286012406155,1811.4523086527074,90.67492347281024,6496.571539307958,7323.2523968688665,2.095727754805399,79.28220918499522,40.50693916958645,8.482059887697764,35.836255124509236,1.0,True
788,9.184372950636162,292.7138599444754,5359.965218634716,97.00580313895559,0.4911893084543032,0.5088106915456968,0.5069293532510446,0.03564626174517965,0.25056678736046534,0.20497600258147738,COMPLETE,9.184372950636162,236.2171578365922,292.7138599444754,1839.8440412994207,97.00580313895559,6719.05743670283,5359.965218634716,2.16950647491055,56.24783502892113,59.154722318189684,6.121799788592243,35.15313863576966,1.0,True
789,7.780448221805136,260.71174167977006,6342.196538674385,55.999009666013905,0.018443473677266398,0.9815565263227336,0.38197947594013154,0.0037821751295363626,0.005937941662696161,0.00872334556941904,COMPLETE,7.780448221805136,210.39176841815765,260.71174167977006,1631.1578217779374,55.999009666013905,5074.964940953325,6342.196538674385,1.6369422604714925,87.86880501456051,40.05770790107683,4.875215733080319,36.81091634782247,1.0,False
790,9.188415422147774,292.7255019840163,6703.530741275891,97.09663926899837,0.47022929217645715,0.5297707078235429,0.5069293532510446,0.2919117489243272,0.03762491801669726,0.14069211709720617,COMPLETE,9.188415422147774,236.22655284608135,292.7255019840163,1840.0273735104254,97.09663926899837,6724.8005590284565,6703.530741275891,2.17054770129174,70.22478848309557,61.13462734108168,8.445720433115163,34.30295074022342,1.0,False
791,7.759872712274979,260.28680512194524,4820.132551809025,55.533514680905114,0.43573029509385885,0.5642697049061411,0.38093716065077976,0.07657873925321519,0.027886651973650273,0.33126453272678497,COMPLETE,7.759872712274979,210.04884886535856,260.28680512194524,1628.7327784004274,55.533514680905114,5047.199648222825,4820.132551809025,1.6299523305550672,67.3811454713607,48.75964466857802,-2.547312932991956,40.34317511696562,1.0,True
792,9.092554223540207,291.0141145987336,7287.892833427241,94.04857979863937,0.2902941751390217,0.7097058248609782,0.49864739486185955,0.12938141975188627,0.0023265662506389354,0.15858601146083395,COMPLETE,9.092554223540207,234.84548034003203,291.0141145987336,1826.6638759713453,94.04857979863937,6616.36207526747,7287.892833427241,2.1353452641450867,77.58284869622267,58.70834729313935,3.328168271746574,42.458969442239216,1.0,False
793,8.207200891015583,272.5812007033816,6346.880659723296,67.78488837790009,0.15846100257813883,0.8415389974218612,0.4214548343140179,0.032378945931701,0.03109146082786292,0.09499048939368923,COMPLETE,8.207200891015583,219.97030315562196,272.5812007033816,1698.642078066015,67.78488837790009,5595.184524570561,6346.880659723296,1.8053404680557885,79.83945546689864,23.677522464128828,10.787802892814552,39.737953590343245,1.0,False
794,8.45323635348731,278.32757002890645,5872.442050923116,74.78751132081351,0.344201198213868,0.655798801786132,0.44329469651469866,0.1599661223862602,0.12172775342935598,0.06250710314829604,COMPLETE,8.45323635348731,224.60756573762723,278.32757002890645,1735.4387962835933,74.78751132081351,5883.844538002298,5872.442050923116,1.8986608399616007,70.25870773808077,56.3076629500283,1.6563543097683584,41.86040307372024,1.0,True
795,8.537755170361182,280.14037630250175,6529.225556780661,77.22483485449683,0.2174136693018731,0.7825863306981269,0.45055917249377025,0.10792925534706019,0.05200818086420943,0.05747602202018263,COMPLETE,8.537755170361182,226.0704822723559,280.14037630250175,1747.6598359507345,77.22483485449683,5982.247919905711,6529.225556780661,1.9301344288868523,76.80408127617338,37.27293462353161,8.510292063036532,45.905960068748996,1.0,True
796,7.959588905828978,266.163251607184,5095.641658952793,60.95310587133508,0.36122605763075266,0.6387739423692473,0.3992797393792979,0.06405337441971472,0.1724489897644467,0.12472348291246615,COMPLETE,7.959588905828978,214.79108241448142,266.163251607184,1660.674924716988,60.95310587133508,5296.914702455033,5095.641658952793,1.709648716657304,67.76332230339601,26.07432998943827,10.615029339829247,58.89775663226382,1.0,True
797,10.14258197575949,292.0602929592239,6656.724535976136,121.4198499370981,0.3997079394844896,0.6002920605155104,0.558408941256328,0.09387987034887836,0.11799991395148238,0.18782791989782774,COMPLETE,9.791149625385104,244.14931420848103,302.5431717970248,1921.7857174735113,117.21274928486952,7405.133362801179,6426.074356853698,2.390502466350399,61.15826183665835,18.989247639774263,3.7691451954034005,28.65407201734721,1.0358928587367557,False
798,8.445945061460273,278.28219286178125,4963.134930574898,74.63798942975276,0.47022929217645715,0.5297707078235429,0.44329469651469866,0.031101302360673076,0.1385781093390913,0.3005493712700586,COMPLETE,8.445945061460273,224.57094681752886,278.28219286178125,1734.964069422687,74.63798942975276,5873.105630595936,4963.134930574898,1.8967138792209655,59.62114801552539,21.33332718586682,10.741811076542717,33.87379340061176,1.0,True
799,8.98428783056202,289.00629415812665,7390.516632714608,90.64407664113625,0.15846100257813883,0.8415389974218612,0.48910952148199466,0.021867374075497457,0.0862180282139599,0.050375464197150596,COMPLETE,8.98428783056202,233.2251893226666,289.00629415812665,1811.3692754931071,90.64407664113625,6494.555404786262,7390.516632714608,2.0953622302121566,80.0693750109063,33.428317647673204,18.421278539509363,55.78299450925589,1.0,False
800,9.244746592344981,293.62900427887445,8261.427124523943,98.8536450710829,0.04972069637967258,0.9502793036203274,0.5112186808813769,0.005785411600313972,0.0199902773468501,0.02394497142701837,COMPLETE,9.244746592344981,236.9556701630089,293.62900427887445,1847.3576014920163,98.8536450710829,6790.976809427213,8261.427124523943,2.1905951242762978,85.55413036326509,39.66537090657454,-0.1878774279430777,30.369256170069256,1.0,False
801,11.503447405716193,288.48293889301254,9856.225590801567,159.0115376448621,0.1804869484700134,0.8195130515299867,0.6251940726386729,0.008859463057410064,0.09440194061407867,0.07722544806056345,COMPLETE,10.582633539803433,253.05943881085906,313.5843552099271,2024.0235759746172,146.28317687270436,8299.77700277752,9067.266518839851,2.6780353047236316,76.89055388694497,52.95617726637468,11.333141698299386,30.266132508468132,1.0870117879873087,False
802,8.811124464495458,285.7502102717031,4640.219821341121,85.35979554460391,0.4911893084543032,0.5088106915456968,0.4743872371181071,0.26608081288156793,0.22247414248939293,0.0026338327259194244,COMPLETE,8.811124464495458,230.5975621871617,285.7502102717031,1787.141641197049,85.35979554460391,6296.488804511211,4640.219821341121,2.0318238216403133,51.87170399913915,18.831566608211265,6.302706040875309,41.126658602165136,1.0,True
803,7.5335646683951705,252.19011621534335,4909.978715859322,49.28453493087386,0.3682221178123614,0.6317778821876385,0.358128797751045,0.13229532573028263,0.029694101728714766,0.20623247332077474,COMPLETE,7.5335646683951705,203.51490188461995,252.19011621534335,1589.2285609828266,49.28453493087386,4749.594667003842,4909.978715859322,1.5331926743298825,72.85410262852434,50.509064845008126,12.727304159639624,45.94579176917924,1.0,True
804,8.847431553217525,286.40889876849013,7114.581377937134,86.43457734387022,0.15846100257813883,0.8415389974218612,0.4772666027740929,0.05479866707113289,0.09440135640777382,0.009260799203663975,COMPLETE,8.847431553217525,231.12911721718388,286.40889876849013,1792.0244880531893,86.43457734387022,6338.803157415935,7114.581377937134,2.0448990445346245,78.94664622460293,49.35951239540218,8.289316489538642,56.7532154481049,1.0,False
805,8.388046235352089,276.82550677880687,6164.923507966098,72.89309444711105,0.2902941751390217,0.7097058248609782,0.43736874205941256,0.2666483727366149,0.0047949319615327125,0.018850504260580228,COMPLETE,8.388046235352089,223.39541571542935,276.82550677880687,1725.5968954591403,72.89309444711105,5808.341636734681,6164.923507966098,1.8738510757867224,74.66856074853101,38.709194499758894,8.884014354412402,59.05386619765882,1.0,True
806,8.608108385662613,281.6337565804928,6251.815086324481,79.2890417686629,0.22300288647897787,0.7769971135210221,0.45670181493948475,0.05635979928523563,0.12484765762245983,0.041795284797498056,COMPLETE,8.608108385662613,227.27562522289185,281.6337565804928,1757.9121821733202,79.2890417686629,6063.610558321374,6251.815086324481,1.9564132153378884,72.55305707723635,16.289600487706217,10.101067104404075,27.58707699396147,1.0,True
807,9.259343414103347,293.8964637350028,7006.562632196581,99.33459596533103,0.2717764305569943,0.7282235694430057,0.5125702842135075,0.2097770808962304,0.053229600492144084,0.008769461647643256,COMPLETE,9.259343414103347,237.1715072695099,293.8964637350028,1849.4643561478995,99.33459596533103,6807.087066510204,7006.562632196581,2.1960524338489003,72.40811394309677,34.6742845040619,1.591067581457644,22.42149061173955,1.0,True
808,9.022382333112821,289.6882808307986,7569.840990479135,91.81647119584835,0.15965681879520743,0.8403431812047926,0.49225214872619755,0.08888510650479746,0.07013221356476926,0.0006393724069969261,COMPLETE,9.022382333112821,233.77554574764616,289.6882808307986,1816.5888509811757,91.81647119584835,6538.418813914555,7569.840990479135,2.109212353867371,81.42493485796881,62.83527462835521,14.06095247400255,59.071361342405055,1.0,True
809,7.6403411155232215,256.20034924920697,4418.271086316344,52.23944600974064,0.47022929217645715,0.5297707078235429,0.3690124911418303,0.21861465015647785,0.05169474697762182,0.19991964460912193,COMPLETE,7.6403411155232215,206.75111984061755,256.20034924920697,1608.2128455130437,52.23944600974064,4893.175791314918,4418.271086316344,1.5796490815987392,63.64352662554796,50.53097917792984,2.705332714354346,25.929848399129984,1.0,True
810,8.901816502964447,287.49498605578515,5896.986431563979,88.1222151727787,0.31104335011393675,0.6889566498860633,0.48222882408146844,0.08544172691256671,0.14050955712150998,0.08509190314448177,COMPLETE,8.901816502964447,232.00557879715805,287.49498605578515,1799.9716883243484,88.1222151727787,6399.804648121206,5896.986431563979,2.0652710901163602,64.87525548553235,15.436180970604465,4.0093909235782785,18.495206805453886,1.0,False
811,7.910676781732258,264.7335497694424,5078.865623564998,59.595189807416794,0.3661124432047806,0.6338875567952194,0.39459881832593385,0.19851006819750658,0.08830903958729791,0.07929312886894176,COMPLETE,7.910676781732258,213.63732732844232,264.7335497694424,1652.7131386876458,59.595189807416794,5237.078485760984,5078.865623564998,1.6900158450084433,68.27727893974009,38.506696471872075,8.03173096122898,43.42994608660082,1.0,True
812,9.092554223540207,291.0141145987336,6654.735268111783,94.04857979863937,0.2902941751390217,0.7097058248609782,0.49864739486185955,0.12938141975188627,0.0023265662506389354,0.15858601146083395,COMPLETE,9.092554223540207,234.84548034003203,291.0141145987336,1826.6638759713453,94.04857979863937,6616.36207526747,6654.735268111783,2.1353452641450867,70.84260584228961,32.42594799275935,13.185662652123801,21.019529355160433,1.0,True
813,9.926979109226519,292.57788290773806,6695.377372182714,115.87714200419732,0.4680773870803905,0.5319226129196095,0.5476350100132152,0.15701880205666632,0.06338613986061832,0.24767213809136213,COMPLETE,9.662553774056367,242.56873881782667,300.58456587792494,1904.7319769397043,112.790517989391,7259.2435496964035,6517.0323403004,2.343833482732284,63.303990351729304,41.598734226845,13.68777951518133,34.08952129475246,1.027365988469852,False
814,7.8751294093443125,263.6842065887582,5214.396358164294,58.61803716848256,0.2902941751390217,0.7097058248609782,0.39125628324379796,0.17588657216266698,0.0036426841238073842,0.11076464066733985,COMPLETE,7.8751294093443125,212.79051787506197,263.6842065887582,1646.9497602579377,58.61803716848256,5193.00717065332,5214.396358164294,1.675752865347507,70.69541912598228,16.797344374203643,8.61870286410354,40.42461868938003,1.0,True
815,8.985572407017077,289.0117144355426,7282.7658078307095,90.67267639022191,0.15846100257813883,0.8415389974218612,0.48910952148199466,0.09748967955430604,0.047519677956886955,0.013451485133573556,COMPLETE,8.985572407017077,233.22956343233852,289.0117144355426,1811.4407107972863,90.67267639022191,6496.424682327712,7282.7658078307095,2.09570112967826,78.84926398461297,27.4011834184481,9.381115083417262,59.87016619624431,1.0,False
816,11.06927884964467,289.6763562450878,6932.668389628593,146.56634097428577,0.4812236474710556,0.5187763525289444,0.6047586954695958,0.05972665218809513,0.12508666496227527,0.2964099021537974,COMPLETE,10.331993826742066,250.44732193931208,310.34749121960874,1992.7188276079507,136.8040818849824,8012.6033939742065,6470.908175449188,2.587620184201055,56.97545402290852,25.11271295715698,7.980924345009573,27.51326697615727,1.0713594138039753,False
817,8.242693336562931,273.51978564989486,4395.979495469925,68.81776327582236,0.4481679092605599,0.5518320907394401,0.42490040265775575,0.005423718036493395,0.4070741163767171,0.035669657699991836,COMPLETE,8.242693336562931,220.72773182160864,273.51978564989486,1704.4138698724864,68.81776327582236,5637.017536371621,4395.979495469925,1.8193910042806232,54.91743891986919,27.45608804708382,9.74674571372048,44.832914377530116,1.0,True
818,7.769767638376385,260.3671325412858,6374.522068791721,55.70524801397894,0.007196744314877934,0.9928032556851221,0.38093716065077976,0.00190230075357485,0.004512270143484956,0.0007821641982840241,COMPLETE,7.769767638376385,210.1136722894922,260.3671325412858,1629.3666027874065,55.70524801397894,5061.441705515573,6374.522068791721,1.6325344113353177,88.54460029905984,63.65661068525135,0.601253237224507,75.76371843180308,1.0,True
819,7.595919179360961,254.41647815365326,5898.497915582481,50.949454992774896,0.04972069637967258,0.9502793036203274,0.3639351238159993,0.00900337393192287,0.02911638692715599,0.011600883077610358,COMPLETE,7.595919179360961,205.31155370521665,254.41647815365326,1599.7510615078493,50.949454992774896,4834.761312864936,5898.497915582481,1.559529968533853,85.79143269638581,64.32701456613545,-2.9404194408685833,60.93905244170156,1.0,True
820,7.568223204336591,253.58460571893636,4029.978951194899,50.26556162649666,0.4938340039983235,0.5061659960016764,0.36182804341055175,0.11204618963401933,0.20686383925120255,0.17492375599145255,COMPLETE,7.568223204336591,204.64024096912445,253.58460571893636,1595.6819466690404,50.26556162649666,4797.184659835915,4029.978951194899,1.5487630202435592,59.21523459288445,29.918715119321092,0.9740536164745719,60.330541534799835,1.0,True
821,9.24297422078902,293.62283386123136,7568.178115260632,98.81262949043537,0.15846100257813883,0.8415389974218612,0.5112186808813769,0.023590809232782298,0.09301313678541896,0.041856909742613635,COMPLETE,9.24297422078902,236.95069069767507,293.62283386123136,1847.2664806729522,98.81262949043537,6788.406487757189,7568.178115260632,2.190129125716763,78.4399102247712,62.81762628565266,10.072898976959085,25.425474200899686,1.0,True
822,8.811895847245045,285.7512025982946,5925.579975594728,85.37495152693488,0.35278758625784423,0.6472124137421558,0.4743872371181071,0.17634095633532404,0.1474413078553036,0.029004977208357454,COMPLETE,8.811895847245045,230.59836298479775,285.7512025982946,1787.1637890877373,85.37495152693488,6297.508858721044,5925.579975594728,2.0320087571672447,66.22207073347366,32.752343609116686,11.354384935624031,38.2467691222814,1.0,True
823,8.295163797704399,274.7644773049268,5087.550132057469,70.29469128365052,0.4626241587078329,0.5373758412921671,0.42956071030451765,0.11522309269518291,0.27280910555415144,0.07459132236976826,COMPLETE,8.295163797704399,221.73218554030288,274.7644773049268,1712.2439479633758,70.29469128365052,5698.616619061797,5087.550132057469,1.839304798279795,62.87957478463384,57.66714775684477,13.403107017036469,62.868182189775474,1.0,True
824,8.752900645765061,284.56096238909663,6456.47612558581,83.58026281135675,0.2902941751390217,0.7097058248609782,0.46915505888553644,0.2612174276126536,0.004617501584178931,0.024458893311932805,COMPLETE,8.752900645765061,229.63785103837708,284.56096238909663,1778.5858720392569,83.58026281135675,6230.259180116799,6456.47612558581,2.009997294645912,72.9075823282037,30.537229354742195,15.675057567799506,68.13962099285098,1.0,True
825,8.80818699542749,285.72844620382483,5696.758178085137,85.29162091785251,0.47022929217645715,0.5297707078235429,0.4743872371181071,0.20487269679510756,0.1170496757808386,0.14830651894393093,COMPLETE,8.80818699542749,230.57999880202462,285.72844620382483,1786.9039586156196,85.29162091785251,6291.89930565675,5696.758178085137,2.0309917468536796,63.79575663720927,47.60009549241901,14.780440474587293,34.1917201147901,1.0,True
826,7.766525532192791,260.35038752034853,4625.012133696802,55.65293338566818,0.3766890926294708,0.6233109073705292,0.38093716065077976,0.18652162230267372,0.1802642346655154,0.009902910978336548,COMPLETE,7.766525532192791,210.10015922504607,260.35038752034853,1629.2168139597743,55.65293338566818,5057.105457986065,4625.012133696802,1.631748250939091,64.36042887768951,39.007988727128776,6.074570949881776,45.84596310229548,1.0,True
827,8.233688514400507,273.2288707741753,5584.618698817504,68.52878878726744,0.28397261527631473,0.7160273847236853,0.42378731851535245,0.10633156394304107,0.17128951045744756,0.006351353774023853,COMPLETE,8.233688514400507,220.49296642605168,273.2288707741753,1702.6693376195876,68.52878878726744,5626.914385925783,5584.618698817504,1.8154704051682786,69.83059183403024,33.34171621625588,13.739956083359356,23.45585920335445,1.0,True
828,8.392418027908803,277.04434202872926,4563.260044932335,73.07977928718897,0.47022929217645715,0.5297707078235429,0.4383397278625753,0.061599126651417264,0.24517125664759018,0.16345846728721505,COMPLETE,8.392418027908803,223.57201357376422,277.04434202872926,1726.8807950159664,73.07977928718897,5811.852361829872,4563.260044932335,1.8763097972523306,55.340654569468725,27.099185983054735,2.2211594579248017,35.91727458845329,1.0,True
829,8.299950969308009,274.7856896169658,6470.878082029454,70.3844435676663,0.15846100257813883,0.8415389974218612,0.42956071030451765,0.08093000162668865,0.06088398998036757,0.016646868566056298,COMPLETE,8.299950969308009,221.7493036639952,274.7856896169658,1712.4797057878961,70.3844435676663,5705.2550722911055,6470.878082029454,1.8405083478893531,79.77833695538688,47.066474378713025,5.158311554939154,43.4539575019131,1.0,True
830,7.795885243438497,261.3333967428275,4930.239408563729,56.47771181166433,0.36122605763075266,0.6387739423692473,0.38397141375222654,0.06405337441971472,0.1724489897644467,0.12472348291246615,COMPLETE,7.795885243438497,210.8934378374944,261.3333967428275,1634.308107896572,56.47771181166433,5093.831783171282,4930.239408563729,1.6441010399753364,68.17767712036489,36.42218996859115,13.045245121717638,53.490529040906736,1.0,False
831,7.535723607518899,252.21503226846033,4848.722550259405,49.32159301701473,0.3766890926294708,0.6233109073705292,0.358128797751045,0.19506480592949427,0.1018843774526523,0.07973962955254753,COMPLETE,7.535723607518899,203.5350088903248,252.21503226846033,1589.392704289228,49.32159301701473,4752.8538952677245,4848.722550259405,1.5337835714513897,71.82730589558197,59.963277494673775,13.079746334584978,40.84878639038535,1.0,True
832,8.385905794106211,276.82018167449996,5513.365326461881,72.85408177543745,0.43573029509385885,0.5642697049061411,0.43736874205941256,0.23790665999352012,0.1810373522524058,0.01678595677248704,COMPLETE,8.385905794106211,223.39111840950474,276.82018167449996,1725.5206854264093,72.85408177543745,5805.505440362003,5513.365326461881,1.8733368742221326,66.84255358535303,64.49309275583217,4.136780573265419,27.918553345943067,1.0,True
833,9.334504375873761,293.83983402253887,5196.08591136475,101.1937126174165,0.4812236474710556,0.5187763525289444,0.5170288679041789,0.062458437657058496,0.31373551954346385,0.10502932646171766,COMPLETE,9.305160292941453,237.87359051663304,294.76646614782464,1856.3070558719053,100.87559859917803,6856.905834085523,5179.751420558728,2.2134518892147885,53.223371623349315,19.122295139040297,4.637331858246414,41.05196462243015,1.0031535279359527,True
834,8.983304701049732,289.0019275242757,5927.972136021736,90.62205836940817,0.3682221178123614,0.6317778821876385,0.48910952148199466,0.22654063577966713,0.11042336076611625,0.031257749623056344,COMPLETE,8.983304701049732,233.22166549281525,289.0019275242757,1811.3126698298965,90.62205836940817,6493.116096297271,5927.972136021736,2.0951012840082557,64.252263662381,26.064005358519637,9.95422463159,30.68644906814489,1.0,True
835,7.536154405656447,252.2234131296459,3901.4327775090323,49.33029050953651,0.47022929217645715,0.5297707078235429,0.358128797751045,0.28539767937075283,0.1705509446870885,0.014280199919176586,COMPLETE,7.536154405656447,203.54177216149296,252.2234131296459,1589.443756871711,49.33029050953651,4753.6186596608195,3901.4327775090323,1.5339222230099558,57.7675996139185,33.15471315320116,1.9515490088892027,53.4249094288632,1.0,True
836,8.343257364628636,275.83176212080895,6129.513515300422,71.63153058489287,0.2902941751390217,0.7097058248609782,0.43359393927098344,0.1866620645223232,0.0032995975288296025,0.10033226110356502,COMPLETE,8.343257364628636,222.59347371387162,275.83176212080895,1719.1113280350796,71.63153058489287,5755.322542046288,6129.513515300422,1.85715463888153,74.976183435077,38.82986115335165,17.079365615853487,44.352228153986644,1.0,True
837,11.548124012484273,288.359771031912,8847.732568993619,160.32013759831054,0.31104335011393675,0.6889566498860633,0.6273188586129591,0.18006141349145166,0.102101594364893,0.02887999888468067,COMPLETE,10.608152184887302,253.32294170209212,313.9108808065678,2027.2168821137545,147.2707096067191,8328.819923355279,8127.561972975135,2.687288317499127,68.66841130533969,29.229819456834825,2.8271849926581614,60.583662450883025,1.0886084410568773,False
838,7.496428198810732,250.81078036192272,4696.465048311473,48.292330000500385,0.47022929217645715,0.5297707078235429,0.3546369849586602,0.046762817687438264,0.09793625951676006,0.3255298797401744,COMPLETE,7.496428198810732,202.40179164426803,250.81078036192272,1582.8881414984485,48.292330000500385,4698.027200417247,4696.465048311473,1.5172904983719053,70.53939677901295,37.333563098546804,12.589051021033317,62.50171013549611,1.0,True
839,8.171515220369873,271.722462510398,5872.283247232418,66.79874053036121,0.2882582377571268,0.7117417622428732,0.4183805487625825,0.11682546266629448,0.05998344493745437,0.1114491700321151,COMPLETE,8.171515220369873,219.2773100212661,271.722462510398,1693.346520445852,66.79874053036121,5552.475428101713,5872.283247232418,1.7918278763205389,74.4671654077021,35.0495730390119,7.082499871594996,58.771625633875146,1.0,False
840,7.963047065559486,266.18499485278227,5900.329283029547,61.014494914244096,0.15846100257813883,0.8415389974218612,0.3992797393792979,0.016123560536872406,0.0947523511363505,0.047584990559989736,COMPLETE,7.963047065559486,214.8086289962468,266.18499485278227,1660.871648294166,61.014494914244096,5301.782366911527,5900.329283029547,1.7105312227854195,78.30520617169134,25.21937037100367,1.8616323602525289,58.36947377984711,1.0,True
841,9.194557591926591,292.7565067274308,8220.554181635967,97.24337607624636,0.05056133806139512,0.9494386619386048,0.5069293532510446,0.02298800186322709,0.0004125724279586404,0.027160732262798207,COMPLETE,9.194557591926591,236.25157336396936,292.7565067274308,1840.429682070685,97.24337607624636,6734.0724780872215,8220.554181635967,2.1722286974782863,85.85012857918748,29.302567823864187,2.1381601693180596,23.91705338875581,1.0,False
842,7.498572918217186,250.83795561609693,4041.4350186117363,48.32949735217358,0.43573029509385885,0.5642697049061411,0.3546369849586602,0.03238921216673845,0.1960967280321906,0.2072441227039788,COMPLETE,7.498572918217186,202.42372180263408,250.83795561609693,1583.060857905834,48.32949735217358,4701.328584406455,4041.4350186117363,1.5178890383139616,60.604222809947885,31.896077772051633,12.14373445518801,33.03753769702308,1.0,True
843,7.70639413622645,258.5007138823809,4556.119178684487,54.05842982778332,0.47022929217645715,0.5297707078235429,0.3756042394981304,0.14762842096656614,0.09212672193724573,0.23047386056507616,COMPLETE,7.70639413622645,208.60749109594255,258.5007138823809,1619.624332911021,54.05842982778332,4979.176334484968,4556.119178684487,1.6076115461546834,64.51600088402822,63.022371910745264,7.925600483152959,31.256915583595926,1.0,True
844,7.90854892439864,264.7207891313488,4348.392092923196,59.558324197813874,0.45742295053405,0.54257704946595,0.39459881832593385,0.17683535273151973,0.15251907960492042,0.12806833419925973,COMPLETE,7.90854892439864,213.62702962110714,264.7207891313488,1652.5981782835554,59.558324197813874,5234.121891446032,4348.392092923196,1.6894798153324835,58.52887841692177,32.07933487544523,-0.7180095844403827,35.80176807919219,1.0,True
845,9.017277245342083,289.6642948900523,5858.050430631627,91.70034614011308,0.43573029509385885,0.5642697049061411,0.49225214872619755,0.17802211335976625,0.1602800231425337,0.0974279055962843,COMPLETE,9.017277245342083,233.75618933332333,289.6642948900523,1816.281094767554,91.70034614011308,6530.87336955191,5858.050430631627,2.1078443670332523,63.1748293366257,42.935775890084855,18.005679876102214,23.93902459315424,1.0,True
846,7.503303434755594,250.87653103602776,3907.9464313760222,48.403505068649565,0.47022929217645715,0.5297707078235429,0.3546369849586602,0.3612724479501689,0.09584535637637735,0.013108897969279124,COMPLETE,7.503303434755594,202.45485178076405,250.87653103602776,1583.3297716632062,48.403505068649565,4707.898625091988,3907.9464313760222,1.5190801847495414,58.4188359029888,27.135566835343035,9.64594906191811,37.43016956791619,1.0,True
847,7.592665078351315,254.39716624430318,4711.5615543101185,50.899350020490196,0.2981349392410265,0.7018650607589735,0.3639351238159993,0.04756062196434621,0.19426711826618445,0.05630699223312799,COMPLETE,7.592665078351315,205.29596918749024,254.39716624430318,1599.597292474646,50.899350020490196,4830.423564166512,4711.5615543101185,1.5587435359761448,68.66169855547895,23.08090543338384,14.264664202203218,39.99493087214846,1.0,True
848,7.762429639780105,260.3082608595236,4485.843045169201,55.5781499134695,0.43573029509385885,0.5642697049061411,0.38093716065077976,0.17761062899149102,0.03386868565502966,0.22425069953533291,COMPLETE,7.762429639780105,210.06616343102698,260.3082608595236,1628.9007133579712,55.5781499134695,5050.903365105668,4485.843045169201,1.6306238133318953,62.60677342534749,35.908846600351346,8.88642209951138,24.855230682195696,1.0,True
849,8.338266699245255,275.81257406606403,4400.470319599435,71.5382655126334,0.4911893084543032,0.5088106915456968,0.43359393927098344,0.056801749640089896,0.271474673548303,0.16291247611150228,COMPLETE,8.338266699245255,222.57798914557299,275.81257406606403,1718.884637626666,71.5382655126334,5748.483016263953,4400.470319599435,1.8559146348775029,53.95835692366037,32.71095796273405,7.359528534837901,28.865136564943306,1.0,True
850,9.204155447073493,292.9187363110288,8265.892002880924,97.54683756226449,0.03847660081460458,0.9615233991853954,0.5077070546908058,0.014891230668922967,0.017557107525584932,0.006028244784797383,COMPLETE,9.204155447073493,236.38249101563713,292.9187363110288,1841.7265858740113,97.54683756226449,6745.175636469551,8265.892002880924,2.1757011922743774,86.16616578963705,21.48408118197017,5.375564810673541,27.00768831709211,1.0,True
851,8.552118012832418,280.4778537809395,5400.109420702369,77.66062165278514,0.3661124432047806,0.6338875567952194,0.4519624891304198,0.15611881146077358,0.14898965956015256,0.06100375820703231,COMPLETE,8.552118012832418,226.34282322268035,280.4778537809395,1749.923560655541,77.66062165278514,5998.478132281514,5400.109420702369,1.9357105355580282,63.377054649130955,24.380912792986358,10.505355497364667,24.718546206643875,1.0,True
852,10.32586934797038,291.60378014838,6628.805105634633,126.2147946279608,0.43573029509385885,0.5642697049061411,0.5674300314586285,0.24543637746641117,0.08937727242345407,0.10091545569226788,COMPLETE,9.90007080400556,245.44242191550586,304.1455556023072,1936.0192926686027,121.01018918813234,7529.045336171852,6355.4590592060495,2.429897355270114,59.44784803611606,20.57751534016706,11.057773768542766,30.802130847329956,1.0430096463343013,False
853,8.603047529282097,281.5994577045577,4885.591911613519,79.17932400190011,0.47022929217645715,0.5297707078235429,0.45670181493948475,0.21861465015647785,0.05169474697762182,0.19991964460912193,COMPLETE,8.603047529282097,227.24794637300104,281.5994577045577,1757.5473183303698,79.17932400190011,6055.952896869701,4885.591911613519,1.955024883578677,56.86268932990187,22.944373387756343,5.859727893061494,21.352731099017785,1.0,True
854,9.316799545282914,293.8783167583243,5950.202931236832,100.76799577209584,0.43573029509385885,0.5642697049061411,0.5161562853203963,0.19077496840922537,0.03308022188783102,0.2118748674176849,COMPLETE,9.294646300923059,237.7221123149632,294.5787584913855,1854.766882707017,100.52839224481782,6844.3775153380475,5936.054693004837,2.2095429518758887,61.13142522954945,25.08902059141762,7.249234972649337,27.203633123731443,1.0023834413535084,True
855,7.646447501159625,256.42921517167247,3727.1094474887236,52.41212803368327,0.4812236474710556,0.5187763525289444,0.3696069022396827,0.062458437657058496,0.31373551954346385,0.10502932646171766,COMPLETE,7.646447501159625,206.935812351388,256.42921517167247,1609.348271272368,52.41212803368327,4901.7760547081325,3727.1094474887236,1.5823238252547078,53.57230470493483,48.80704142296872,3.674037233398765,29.458171678891063,1.0,True
856,8.983298711356076,289.00189075317326,6292.201626319524,90.6219180143345,0.3682221178123614,0.6317778821876385,0.48910952148199466,0.22637364009551664,0.11034196157424998,0.031506144773032194,COMPLETE,8.983298711356076,233.22163581890328,289.00189075317326,1811.3122347120589,90.6219180143345,6493.106920904791,6292.201626319524,2.09509962051231,68.20031792095537,43.68673334923055,9.266029040304765,31.817080304845533,1.0,True
857,7.572244406126277,253.60891160267607,4096.541385424147,50.32707966959694,0.4938340039983235,0.5061659960016764,0.36182804341055175,0.4252587117278339,0.010890025454441536,0.05768443516447237,COMPLETE,7.572244406126277,204.65985557424355,253.60891160267607,1595.8724476998757,50.32707966959694,4802.542783773259,4096.541385424147,1.5497344465306775,60.04870159825154,28.475237236065745,17.639866187621507,46.02435907618858,1.0,False
858,8.175977658536258,271.7507267787394,7006.521158950816,66.88348447586445,0.007196744314877934,0.9928032556851221,0.4183805487625825,0.0016568495870909546,0.0030081208280377074,0.002531765869798569,COMPLETE,8.175977658536258,219.30011900317496,271.7507267787394,1693.619250964991,66.88348447586445,5558.9012364958935,7006.521158950816,1.792992873484301,88.61511493678286,48.38713932872924,10.91904221239849,55.397365318485356,1.0,True
859,8.274031654646967,274.2604427819384,4102.262810004097,69.69572893298536,0.4911893084543032,0.5088106915456968,0.42763399448000505,0.0844576896906914,0.40365171641195313,0.0030792939859614035,COMPLETE,8.274031654646967,221.32543472059646,274.2604427819384,1709.0754613564584,69.69572893298536,5674.152599429922,4102.262810004097,1.831253652856716,50.90189772441983,53.680767468436386,1.953149116973044,67.2821439202828,1.0,True
860,8.672314569432082,283.02777521624756,5150.547285493938,81.22530074630748,0.47022929217645715,0.5297707078235429,0.4626748857919832,0.15268670551667618,0.17259792052069584,0.14494439747043464,COMPLETE,8.672314569432082,228.40058432175965,283.02777521624756,1767.5453660374208,81.22530074630748,6136.081536528181,5150.547285493938,1.9807617150803967,59.14683641483572,23.894749678033264,12.528293832387947,42.11389879095309,1.0,True
861,7.4975250694957225,250.81562927434825,4344.955459361936,48.30793609531828,0.39536158241948177,0.6046384175805182,0.3546369849586602,0.05657636957623671,0.015009675759342683,0.3237751315006795,COMPLETE,7.4975250694957225,202.4057046681063,250.81562927434825,1582.9289499017316,48.30793609531828,4699.413560018363,4344.955459361936,1.5175418449580744,65.22427257963521,21.600377529756624,-1.6804698820479333,31.052096123788573,1.0,True
862,8.482640671562061,278.927697174808,6731.665454671892,75.61281746577419,0.15965681879520743,0.8403431812047926,0.445625750879621,0.08365344724904561,0.0660043246680767,0.009998927994388842,COMPLETE,8.482640671562061,225.09186234309826,278.927697174808,1739.5072948679299,75.61281746577419,5918.802714701024,6731.665454671892,1.9093733863492142,79.99533676239129,45.218153209826966,13.142405038562087,52.43727719666993,1.0,True
863,8.847305621349923,286.40832801107433,7028.011474052882,86.43184152963666,0.15846100257813883,0.8415389974218612,0.4772666027740929,0.047574203719984685,0.09775094517230686,0.013135697507077552,COMPLETE,8.847305621349923,231.1286566216569,286.40832801107433,1792.0173356954756,86.43184152963666,6338.620136981047,7028.011474052882,2.044865862983841,77.99131213013092,26.632694513387552,10.511931230958615,57.91127604229467,1.0,True
864,7.501591525278473,250.87598094447083,3863.6126544786503,48.38175863215099,0.44298887411809357,0.5570111258819064,0.3546369849586602,0.08521039126912947,0.3391466704569692,0.018631201537933795,COMPLETE,7.501591525278473,202.45440786237853,250.87598094447083,1583.302906184191,48.38175863215099,4705.968591755206,3863.6126544786503,1.5187302702756902,57.801278625429205,28.675024964215993,14.063166408763788,50.43143787475842,1.0,True
865,8.674582101350687,283.03451741664765,5458.297823581624,81.27050957629159,0.43573029509385885,0.5642697049061411,0.4626748857919832,0.2917047253059118,0.03004092705364111,0.113984242923101,COMPLETE,8.674582101350687,228.4060252100605,283.03451741664765,1767.6404040199293,81.27050957629159,6139.198491675214,5458.297823581624,1.9813268181278443,62.61578633266183,18.12364267376543,6.663399858999782,60.254965758987304,1.0,True
866,8.983304701049732,289.0019275242757,6332.583519347265,90.62205836940817,0.3682221178123614,0.6317778821876385,0.48910952148199466,0.22654063577966713,0.11042336076611625,0.031257749623056344,COMPLETE,8.983304701049732,233.22166549281525,289.0019275242757,1811.3126698298965,90.62205836940817,6493.116096297271,6332.583519347265,2.0951012840082557,68.63777639518531,46.41710905054025,7.96239702752753,30.614905287834254,1.0,False
867,7.644438095220079,256.24167065368005,4721.207947996519,52.310555547976215,0.3079315940911523,0.6920684059088478,0.3690124911418303,0.1456538333511107,0.14076746958875297,0.021510037607945995,COMPLETE,7.644438095220079,206.78446580081328,256.24167065368005,1608.507778576148,52.310555547976215,4899.2539383868425,4721.207947996519,1.5807510478674707,67.81086883062991,22.011158878871043,14.425733910794811,42.93775284006798,1.0,True
868,7.496828254706783,250.81144527556532,4565.459408978443,48.29760703947686,0.43573029509385885,0.5642697049061411,0.3546369849586602,0.05188764355009792,0.051836390965396224,0.3320058886075604,COMPLETE,7.496828254706783,202.40232822292845,250.81144527556532,1582.897231162784,48.29760703947686,4698.496007955365,4565.459408978443,1.517375493040086,68.56036179211767,30.261030719155215,10.153587771501275,48.59984090375675,1.0,True
869,9.130967714926198,291.65053510987815,7438.8397637978715,95.2301150509783,0.15846100257813883,0.8415389974218612,0.5015757117343571,0.07774424584740915,0.06338571858654161,0.017330889887726436,COMPLETE,9.130967714926198,235.35906532832058,291.65053510987815,1831.723768090021,95.2301150509783,6661.675187608847,7438.8397637978715,2.149056026928101,78.54578011397415,33.817176484280424,5.024622109554029,38.23769109247169,1.0,True
870,8.230906508417347,273.2185332332892,4481.647027110635,68.47857562196265,0.4481679092605599,0.5518320907394401,0.42378731851535245,0.08066388004262205,0.3378957441432905,0.02960793881751346,COMPLETE,8.230906508417347,220.48462413393202,273.2185332332892,1702.549114742658,68.47857562196265,5623.152232094355,4481.647027110635,1.8147883277899335,56.116956350625365,46.91472489927846,7.17449725733521,23.832696312747657,1.0,False
871,7.49735633921059,250.8279584010103,3861.0842334264266,48.31044741834781,0.47022929217645715,0.5297707078235429,0.3546369849586602,0.006150415425668161,0.21931549706705544,0.24476312762560123,COMPLETE,7.49735633921059,202.41565415003132,250.8279584010103,1582.9913251914627,48.31044741834781,4699.636631750373,3861.0842334264266,1.5175822877971956,57.943792129244805,45.72456725663967,16.73139779096073,27.37564250796469,1.0,True
872,9.09849489566861,291.0464965939101,8323.685288619925,94.18891917810089,0.010634705425193569,0.9893652945748064,0.49864739486185955,0.004133656756052657,0.004885807818891431,0.001615235184649492,COMPLETE,9.09849489566861,234.87161228631953,291.0464965939101,1827.0678310784199,94.18891917810089,6625.368716414168,8323.685288619925,2.136978165524535,88.32837043778267,34.69308848955236,11.198299504752105,45.55679174876932,1.0,True
873,7.500418212282908,250.85586694954276,3866.139266120968,48.35943463015633,0.4911893084543032,0.5088106915456968,0.3546369849586602,0.18056128377912287,0.20144137109692847,0.10918644715211893,COMPLETE,7.500418212282908,202.4381760696115,250.85586694954276,1583.1807817049255,48.35943463015633,4703.986858676215,3866.139266120968,1.5183709826538483,57.90053081442988,31.626707421328696,1.9196243161166389,59.15645047239761,1.0,True
874,7.499406750640402,250.83695001845356,4165.275072849785,48.339602994982414,0.47022929217645715,0.5297707078235429,0.3546369849586602,0.20050984662326268,0.0623787600855266,0.20734047194754895,COMPLETE,7.499406750640402,202.42291029539183,250.83695001845356,1583.0672492693002,48.339602994982414,4702.226002523733,4165.275072849785,1.518051739953538,62.4405646452503,29.19552437247237,4.585365076248081,43.72841403176897,1.0,False
875,8.676429911186515,283.0513748244105,5362.713842284971,81.31372823106014,0.3661124432047806,0.6338875567952194,0.4626748857919832,0.19172785903782974,0.15419661717841163,0.02018772696364835,COMPLETE,8.676429911186515,228.41962896955107,283.0513748244105,1767.8115260327443,81.31372823106014,6142.177442837041,5362.713842284971,1.9818669010935388,61.44462332626249,24.111433313739703,-1.921179221214016,31.366466726017876,1.0,True
876,8.345998929995668,275.85135220003576,6786.822399497649,71.68738212503524,0.11230241146999098,0.887697588530009,0.43359393927098344,0.06096644086824612,0.0339186897141844,0.01741721979490893,COMPLETE,8.345998929995668,222.60928271190687,275.85135220003576,1719.3038349676635,71.68738212503524,5759.416296312097,6786.822399497649,1.857896835320678,82.8774055346972,47.311883813362364,5.428074094206684,44.66144705252004,1.0,True
877,9.256467219398147,293.88135937276695,7355.505490493951,99.26446392659334,0.2717764305569943,0.7282235694430057,0.5125702842135075,0.10732827129591568,0.051591247433273674,0.11285676472341566,COMPLETE,9.256467219398147,237.1593182002292,293.88135937276695,1849.2681759550082,99.26446392659334,6802.702177106423,7355.505490493951,2.195257454695236,76.13135740868036,47.781746590989314,13.92369471199481,47.91916626796787,1.0,True
878,7.769718259744406,260.36660863812307,6372.517526711405,55.70433880913234,0.007196744314877934,0.9928032556851221,0.38093716065077976,0.000897730443649667,0.002415604559268429,0.0038834049610934345,COMPLETE,7.769718259744406,210.11324950487895,260.36660863812307,1629.3626924897915,55.70433880913234,5061.366360422996,6372.517526711405,1.63252075129229,88.52018839587357,39.40446306510245,5.621755988560114,27.687418165662486,1.0,True
879,8.453855508130685,278.32994131927956,6219.521981016215,74.79943997717142,0.2717764305569943,0.7282235694430057,0.44329469651469866,0.1175580657113544,0.08945693640050935,0.0647612673197602,COMPLETE,8.453855508130685,224.6094793452454,278.32994131927956,1735.4676273798586,74.79943997717142,5884.700822792719,6219.521981016215,1.8988160841411683,74.38934482158813,36.34434194698087,13.735390618453085,62.23911501807659,1.0,False
880,7.498051982561304,250.82504816293073,4570.875555045349,48.31809797061512,0.47022929217645715,0.5297707078235429,0.3546369849586602,0.12945569691760114,0.07881164926220414,0.26196167622737954,COMPLETE,7.498051982561304,202.41330561700346,250.82504816293073,1582.9857804141034,48.31809797061512,4700.316167778453,4570.875555045349,1.5177054874783598,68.58164138349073,66.94578293417158,9.246427245425991,45.552559033195564,1.0,False
881,8.029978855318106,268.03379016240746,5402.503496748518,62.86188851986308,0.31375273160918504,0.686247268390815,0.4054563366576581,0.13833758997322393,0.16565428032230492,0.009760671707819453,COMPLETE,8.029978855318106,216.3005883231612,268.03379016240746,1671.4480034096593,62.86188851986308,5383.230052855795,5402.503496748518,1.7368891506278508,70.61629658965596,60.35447666148786,4.716480913404066,36.100716457326676,1.0,True
882,8.804188240122567,285.7090549929661,5400.891825239914,85.20482600739645,0.4911893084543032,0.5088106915456968,0.4743872371181071,0.040232974154857916,0.1922869206278569,0.2586691238653971,COMPLETE,8.804188240122567,230.56435028877374,285.7090549929661,1786.6677565355799,85.20482600739645,6286.053706227771,5400.891825239914,2.029931941403922,60.60335652850326,31.649275566707907,6.630480606023363,49.02177874873591,1.0,True
883,7.961674916966952,266.17993243584107,4569.1954529459845,60.9917254169607,0.43573029509385885,0.5642697049061411,0.3992797393792979,0.2311980093537749,0.192437766948188,0.012094283854498279,COMPLETE,7.961674916966952,214.8045436763994,266.17993243584107,1660.8170418415787,60.9917254169607,5299.977204861219,4569.1954529459845,1.710203947438921,60.67810965829424,32.84220772002307,10.780165256929687,60.55476943493565,1.0,True
884,10.581605648996073,290.95990276414625,7246.050347026773,133.0716974072191,0.47022929217645715,0.5297707078235429,0.5804820241593555,0.13841296248474316,0.11572914561079524,0.21608691339543915,COMPLETE,10.049412113588364,247.2362865527576,306.3684637390273,1955.9153569168689,126.37896102532872,7695.551870553619,6881.615942660901,2.484579333001886,63.04392658472483,32.94701736240998,7.704215647753914,47.94148804180872,1.0529576784584345,False
885,9.126469023794177,291.6310546440491,6395.702718250553,95.12622006131954,0.3766890926294708,0.6233109073705292,0.5015757117343571,0.11070913817814186,0.16788680020158472,0.09809288924749199,COMPLETE,9.126469023794177,235.34334478720115,291.6310546440491,1831.4620843118976,95.12622006131954,6655.043732945608,6395.702718250553,2.147853746156504,67.68081647724756,52.609421358093385,9.537784018867635,47.97662482531627,1.0,True
886,8.103376814820132,270.11044336205316,5287.132330851329,64.95818233039755,0.47022929217645715,0.5297707078235429,0.4128047970010131,0.04513114708206173,0.13632374037777928,0.2887740811816099,COMPLETE,8.103376814820132,217.9764266887433,270.11044336205316,1683.4870032842846,64.95818233039755,5469.635461625594,5287.132330851329,1.7663451222069027,68.19148113253453,44.21411313342534,9.011693437609656,61.47537935032163,1.0,True
887,8.607851624687997,281.63084130736354,6084.060436696091,79.28282765296923,0.2717764305569943,0.7282235694430057,0.45670181493948475,0.12601814125483807,0.0958947119394091,0.049863404641976694,COMPLETE,8.607851624687997,227.2732726266293,281.63084130736354,1757.8841527235015,79.28282765296923,6063.176987231079,6084.060436696091,1.956334609027289,70.61872937460426,27.67151798584716,7.438354144687169,30.878309277072105,1.0,True
888,8.608486007459021,281.63497619264183,6529.898624784298,79.29649659026738,0.22300288647897787,0.7769971135210221,0.45670181493948475,0.08709066693713025,0.10182433929792425,0.034087762168060184,COMPLETE,8.608486007459021,227.27660943770002,281.63497619264183,1757.9285682576976,79.29649659026738,6064.130674057261,6529.898624784298,1.9565075121671691,75.76600537727047,45.57936007389519,9.668495040554289,47.21645234925855,1.0,True
889,8.204705240908801,272.59936148831736,4824.68688238433,67.75349193548493,0.43573029509385885,0.5642697049061411,0.4216331437304907,0.19077496840922537,0.03308022188783102,0.2118748674176849,COMPLETE,8.204705240908801,219.9849587274572,272.59936148831736,1698.6498507038589,67.75349193548493,5590.97407266665,4824.68688238433,1.8049117437922744,60.82501690461157,19.87840657571055,3.8285981604274837,31.027203353019992,1.0,True
890,8.848470259413446,286.4116368678037,7712.792247799984,86.45598501008702,0.05523705656569733,0.9447629434343027,0.4772666027740929,0.018317024648464242,0.02208344628999734,0.014836533975007454,COMPLETE,8.848470259413446,231.13132683594893,286.4116368678037,1792.066546883358,86.45598501008702,6340.235189490081,7712.792247799984,2.045158671526663,85.54512859353095,37.337038841649,14.062074018222516,30.089512415857172,1.0,True
891,8.750338798359403,284.55618769847763,5927.875110869486,83.52981739842906,0.2902941751390217,0.7097058248609782,0.46915505888553644,0.00996741038045887,0.22715290035421076,0.05317309779390617,COMPLETE,8.750338798359403,229.63399791079445,284.55618769847763,1778.500677350879,83.52981739842906,6226.828323425472,5927.875110869486,2.0093752813412067,67.01496902522607,31.651365017786127,9.620911988918909,23.675894112599913,1.0,True
892,7.799474703668104,261.35568032634995,6045.729769947978,56.53785018631635,0.11680387552495497,0.883196124475045,0.38397141375222654,0.0028034966484621975,0.05455396994585442,0.059446342328495036,COMPLETE,7.799474703668104,210.91142046656114,261.35568032634995,1634.4989067139572,56.53785018631635,5098.780763481162,6045.729769947978,1.6449982886436507,83.42696222002627,57.242906508705936,12.96099149468478,65.99648474309186,1.0,False
893,8.847431553217525,286.40889876849013,7009.638585147151,86.43457734387022,0.15846100257813883,0.8415389974218612,0.4772666027740929,0.05479866707113289,0.09440135640777382,0.009260799203663975,COMPLETE,8.847431553217525,231.12911721718388,286.40889876849013,1792.0244880531893,86.43457734387022,6338.803157415935,7009.638585147151,2.0448990445346245,77.78215303855201,48.373128220321874,-0.8810510218641636,29.603862770515505,1.0,True
894,7.496552734356164,250.80725761811755,4167.188298180874,48.292571814303294,0.43573029509385885,0.5642697049061411,0.3546369849586602,0.054897182042943825,0.029570136369964292,0.3512625831354443,COMPLETE,7.496552734356164,202.39894882524467,250.80725761811755,1582.8713915068174,48.292571814303294,4698.048683490286,4167.188298180874,1.5172943932467013,62.593352980566465,30.434523824848505,5.278209641043411,29.54152023944347,1.0,True
895,8.230675276442103,273.2219048996122,4161.59224826728,68.47647140469226,0.4481679092605599,0.5518320907394401,0.42378731851535245,0.005788097131136631,0.43442238503301744,0.007956981924033733,COMPLETE,8.230675276442103,220.48734503493804,273.2219048996122,1702.569791574948,68.47647140469226,5622.994547102143,4161.59224826728,1.814759739547424,52.10882679751183,44.458980649723344,5.652313323776815,23.654083916552192,1.0,True
896,8.274000910573344,274.260334641924,4135.426816801976,69.69517017013311,0.4938611948680158,0.5061388051319842,0.42763399448000505,0.08525450708670498,0.40551258680527497,0.003093489805718458,COMPLETE,8.274000910573344,221.32534745268623,274.260334641924,1709.0741624954974,69.69517017013311,5674.111085295937,4135.426816801976,1.8312461263564872,51.31415280990275,48.497078578055195,4.450165261672678,78.54923562593163,1.0,True
897,9.18326599053152,292.7032703754494,5541.784626178217,96.97615413474138,0.4812236474710556,0.5187763525289444,0.5069293532510446,0.059106574828116806,0.14727580333109022,0.2748409250270123,COMPLETE,9.18326599053152,236.2086121602839,292.7032703754494,1839.7251496759616,96.97615413474138,6717.182308505072,5541.784626178217,2.1691665147221855,58.19625746942014,41.03106933444429,18.30608178771316,24.55660257995307,1.0,True
898,9.23693089529733,293.59718173346437,5690.3791191004775,98.66982722753524,0.4911893084543032,0.5088106915456968,0.5112186808813769,0.13055144315325173,0.2253840948369177,0.13525343077537125,COMPLETE,9.23693089529733,236.9299896870884,293.59718173346437,1846.9125847327336,98.66982722753524,6779.453445295889,5690.3791191004775,2.188505941763145,59.14647447976548,19.82643214894184,15.35846416972097,57.319207269324515,1.0,True
899,8.3459214976421,275.84927576068765,6829.005041933159,71.68503217894151,0.11230241146999098,0.887697588530009,0.43359393927098344,0.07972055659461186,0.001430768267209284,0.031150977342981365,COMPLETE,8.3459214976421,222.6076070461173,275.84927576068765,1719.2869602972908,71.68503217894151,5759.244083478718,6829.005041933159,1.8578656131848557,83.40077114926211,30.734632943130975,3.0168520101301213,61.69750857904408,1.0,True
900,8.137260044339943,270.9105864469766,4176.653594184828,65.86800916921072,0.4938340039983235,0.5061659960016764,0.41547616635951923,0.08583599758412713,0.3630676122058321,0.044929860008314525,COMPLETE,8.137260044339943,218.62213415684565,270.9105864469766,1688.3951413373643,65.86800916921072,5511.702456883344,4176.653594184828,1.778985157082827,53.36840075422269,55.38636241901484,4.629839394236816,39.98387531431462,1.0,True
901,9.089544242803626,291.013437359898,5287.762887924666,93.9874320828688,0.47498059197511266,0.5250194080248873,0.49864739486185955,0.016807529386418232,0.3443360672297645,0.11383659606561118,COMPLETE,9.089544242803626,234.84493381506408,291.013437359898,1826.6023377552117,93.9874320828688,6612.435714569342,5287.762887924666,2.134633416110314,56.34816752749581,59.423862856365744,5.9709724017934604,57.003555740980346,1.0,True
902,8.274959350324007,274.2586585216637,4797.63911774182,69.71008815313992,0.4911893084543032,0.5088106915456968,0.42763399448000505,0.2286383049619291,0.24641867976059026,0.016132010359567846,COMPLETE,8.274959350324007,221.32399484039738,274.2586585216637,1709.0775527830067,69.71008815313992,5675.219383842537,4797.63911774182,1.8314470605556086,59.5115591426893,46.80982601619681,11.981281392622765,31.402544923254702,1.0,False
903,8.818889305082292,285.9266061636453,6336.664075729382,85.60958422281188,0.2902941751390217,0.7097058248609782,0.47527423273547853,0.06454722608659769,0.02055484425428241,0.2051918749064759,COMPLETE,8.818889305082292,230.73991190800015,285.9266061636453,1788.3535672548605,85.60958422281188,6304.107759350819,6336.664075729382,2.0348697413810926,70.82785058071715,34.01630167471779,5.370973727894345,25.438403698275224,1.0,True
904,8.747821905089928,284.5105125320085,5551.541742160019,83.45682075416289,0.47022929217645715,0.5297707078235429,0.46896283469638106,0.2165817322717255,0.2327464872024354,0.020900826339855214,COMPLETE,8.747821905089928,229.59713850820555,284.5105125320085,1778.1658451394915,83.45682075416289,6223.851700939459,5551.541742160019,2.0084748775880468,62.79204887744267,62.751087334786206,6.378868778659788,23.748963601573887,1.0,True
905,8.209793168149487,272.63483193002367,6293.392443956381,67.85269212343911,0.15965681879520743,0.8403431812047926,0.4216331437304907,0.05221846260940172,0.041201462379401185,0.06623681959638625,COMPLETE,8.209793168149487,220.0135830192098,272.63483193002367,1698.987355749099,67.85269212343911,5598.443842029035,6293.392443956381,1.8062660107711987,79.1022462489077,42.93658261311559,1.7556143995610802,29.191735107830148,1.0,True
906,7.799474703668104,261.35568032634995,5983.761104463378,56.53785018631635,0.11680387552495497,0.883196124475045,0.38397141375222654,0.0028034966484621975,0.05455396994585442,0.059446342328495036,COMPLETE,7.799474703668104,210.91142046656114,261.35568032634995,1634.4989067139572,56.53785018631635,5098.780763481162,5983.761104463378,1.6449982886436507,82.57183674949871,34.616764717283615,13.406369835871438,52.09557481890522,1.0,True
907,8.112223098131654,270.1698447936546,5824.059851335376,65.12450870050826,0.2174136693018731,0.7825863306981269,0.4128047970010131,0.1365293873676659,0.07197477508004502,0.008909214751154207,COMPLETE,8.112223098131654,218.0243630500313,270.1698447936546,1684.0409230949383,65.12450870050826,5482.4162418698525,5824.059851335376,1.7686622738899052,74.72594842481294,25.40877245461455,14.27967397845596,60.86322945469861,1.0,False
908,9.671477601008792,293.13741049971094,8277.414824706791,109.41407162201631,0.11680387552495497,0.883196124475045,0.5340234167632123,0.008767147939843616,0.05132048905648631,0.05671603024913813,COMPLETE,9.510890473082764,240.55315102053044,298.08690444804824,1883.7691046659645,107.59733872541737,7091.4869170325965,8139.974990982381,2.2878746723112022,80.76020359857289,43.85061618052828,-2.2466975668412257,32.25018723167951,1.0168845523329824,False
909,8.849100584172177,286.4149795304381,7898.628147525812,86.46996740662385,0.018443473677266398,0.9815565263227336,0.4772666027740929,0.002648309520722707,0.015714897304726593,8.025099689908586e-05,COMPLETE,8.849100584172177,231.13402433126822,286.4149795304381,1792.1065276167174,86.46996740662385,6341.170426563916,7898.628147525812,2.0453282297318918,87.57579911374476,43.227698109912915,5.89083018018785,50.899860050706344,1.0,True
910,8.846478791277445,286.3993464446417,7471.470347222919,86.41079978141038,0.15846100257813883,0.8415389974218612,0.4772666027740929,0.08007473685707725,0.003442179151791607,0.074943823696265,COMPLETE,8.846478791277445,231.12140858736143,286.3993464446417,1791.9253742073806,86.41079978141038,6337.212392240782,7471.470347222919,2.0446106392782615,82.96325253022779,46.79053061426394,-2.3541148844501514,57.29019789341335,1.0,False
911,11.659691951688602,288.05530311245553,8426.56936624326,163.6215617924113,0.3661124432047806,0.6338875567952194,0.6328195322405377,0.16115052657203188,0.15379160183998097,0.05117009391946468,COMPLETE,10.671197272287118,253.99078253819079,314.7384509574973,2035.264062537497,149.74992230679555,8399.280232066838,7712.1749363859035,2.710385745807612,64.63561800454924,33.23821924126914,8.429267655477055,29.148329164695813,1.0926320312687485,False
912,7.910719333035177,264.7323439262316,5776.3246180275255,59.59528559830604,0.2717764305569943,0.7282235694430057,0.39459881832593385,0.10304318623172831,0.06038214873231209,0.10835095436171256,COMPLETE,7.910719333035177,213.6363542250296,264.7323439262316,1652.7060175909623,59.59528559830604,5237.086166957447,5776.3246180275255,1.690017237607093,77.65750055148938,46.26912591508772,13.235569183255297,66.79865819802608,1.0,False
913,8.536677101032467,280.13374307070853,6368.22110054995,77.20224888394505,0.2174136693018731,0.7825863306981269,0.45055917249377025,0.06398761241567145,0.05353004472991405,0.09989588701975961,COMPLETE,8.536677101032467,226.06512932063106,280.13374307070853,1747.5887573039943,77.20224888394505,5980.6515793375,6368.22110054995,1.9298450128133746,74.95774941673922,31.813732328973913,7.01125484230613,28.130889596335763,1.0,True
914,8.842968837997347,286.39272843001834,4988.4939967206765,86.34004354044295,0.4812236474710556,0.5187763525289444,0.4772666027740929,0.14447612641080507,0.2968557917356652,0.039891255031756195,COMPLETE,8.842968837997347,231.1160679157405,286.39272843001834,1791.8059311602024,86.34004354044295,6332.477399755693,4988.4939967206765,2.043752186539372,55.47107423087591,41.456490864112055,1.1909498103515506,72.40844419087216,1.0,True
915,8.897486961901764,287.38916305074997,6452.086674400939,87.97542953827342,0.2717764305569943,0.7282235694430057,0.4816914262116908,0.0794106582311599,0.183739124341408,0.008626365155099656,COMPLETE,8.897486961901764,231.9201806903247,287.38916305074997,1799.235801435715,87.97542953827342,6395.635952579324,6452.086674400939,2.0635067838940655,70.98182615258887,64.01658343412939,4.1632279767986,30.097261757055108,1.0,False
916,9.244932074848219,293.62983041311935,8364.109586558952,98.85805647537298,0.04972069637967258,0.9502793036203274,0.5112186808813769,0.015185204920046503,0.01648765702725695,0.01804780473562395,COMPLETE,9.244932074848219,236.9563368450832,293.62983041311935,1847.3688310643174,98.85805647537298,6791.253227755956,8364.109586558952,2.1906452388376483,86.60903138827473,60.92467616393863,10.817216413992725,50.715379274133,1.0,False
917,8.67689383601295,283.05244887650673,6438.437583162869,81.3228113983798,0.2563442555082543,0.7436557444917458,0.4626748857919832,0.09963972872691929,0.11776995392115762,0.038934436293723215,COMPLETE,8.67689383601295,228.42049571885215,283.05244887650673,1767.828458786292,81.3228113983798,6142.803424156947,6438.437583162869,1.9819803913219307,73.75697650142877,45.84581448815809,11.352990387210465,41.34368408520318,1.0,False
918,8.896842449254388,287.3853852603136,5606.815404022016,87.96074355291404,0.3766890926294708,0.6233109073705292,0.4816914262116908,0.18652162230267372,0.1802642346655154,0.009902910978336548,COMPLETE,8.896842449254388,231.9171320512205,287.3853852603136,1799.1913571986404,87.96074355291404,6394.6618817621165,5606.815404022016,2.0633301851426338,61.70306465556178,25.948789860259964,5.65943196050161,30.601149056371177,1.0,True
919,7.958791191993798,266.1518304186228,5204.42713807865,60.936089599335745,0.36122605763075266,0.6387739423692473,0.3992797393792979,0.09748738848780315,0.0739128049037169,0.1898255438123664,COMPLETE,7.958791191993798,214.78186562952442,266.1518304186228,1660.5874208369364,60.936089599335745,5295.565024111253,5204.42713807865,1.7094040203722545,69.25563633703865,32.38205292103144,6.571412531380178,45.68479538348569,1.0,True
920,8.339065571149106,275.8040756228898,6428.373987847747,71.54733521815686,0.47022929217645715,0.5297707078235429,0.43359393927098344,0.243707067723635,0.00365568112868464,0.22286626414637214,COMPLETE,8.339065571149106,222.57113098691585,275.8040756228898,1718.8341039137383,71.54733521815686,5749.14832715049,6428.373987847747,1.8560352555447077,78.82125325303474,59.05536574324842,4.264907858752551,77.38871674888858,1.0,False
921,7.994234640664244,267.22470952564856,5243.225287714065,61.95080724141853,0.4812236474710556,0.5187763525289444,0.40295840960165247,0.07447379726891089,0.060452115451256054,0.3462973009548318,COMPLETE,7.994234640664244,215.6476683401031,267.22470952564856,1666.5874245168172,61.95080724141853,5337.6520163315845,5243.225287714065,1.7239380604229264,69.32387776032033,32.32464582374583,9.085274421539937,58.10196473835277,1.0,True
922,9.240625108613871,293.6100954775866,7056.057120621394,98.75529049825361,0.2902941751390217,0.7097058248609782,0.5112186808813769,0.10849209543629275,0.08271879910971083,0.0990831316040445,COMPLETE,9.240625108613871,236.94041094945757,293.6100954775866,1847.102936976616,98.75529049825361,6784.8123558565985,7056.057120621394,2.189477510664847,73.22158767715253,44.10998077236462,6.754648690039527,46.88832638965103,1.0,True
923,7.500740329162171,250.8632991831405,3715.515703615496,48.36628103652071,0.47022929217645715,0.5297707078235429,0.3546369849586602,0.1257906983794014,0.26793400037263937,0.07650369165929355,COMPLETE,7.500740329162171,202.44417380780254,250.8632991831405,1583.2243425267627,48.36628103652071,4704.594671195756,3715.515703615496,1.5184811788841006,55.62583411183362,23.764735336744796,7.244048850351728,45.321713089106375,1.0,False
924,9.242983344802276,293.61967174472784,8149.459043732641,98.81074399975282,0.11024310453508768,0.8897568954649123,0.5112186808813769,0.01589686041477865,0.01844509397174242,0.07590105121450791,COMPLETE,9.242983344802276,236.94813890127793,293.61967174472784,1847.2369775718778,98.81074399975282,6788.288317292431,8149.459043732641,2.1901077014464083,84.47447811784996,60.012698884547135,11.72985724581999,53.714706351732985,1.0,False
925,8.585954462885828,281.2158318028815,5554.159204048754,78.663282786792,0.3766890926294708,0.6233109073705292,0.455037577750019,0.11117428212160246,0.15086823423673126,0.1146463827472287,COMPLETE,8.585954462885828,226.93836410660737,281.2158318028815,1754.951846177144,78.663282786792,6037.093596637876,5554.159204048754,1.9484824601011344,64.79906281646132,33.717793184453,13.701879387322968,29.754007025523983,1.0,True
926,7.908877534057977,264.71554583897176,5164.340976042065,59.56085031752055,0.3661124432047806,0.6338875567952194,0.39459881832593385,0.17181998369738724,0.013621770263479013,0.18067045374702742,COMPLETE,7.908877534057977,213.62279833659184,264.71554583897176,1652.5694280257803,59.56085031752055,5234.324512815242,5164.340976042065,1.689516550526869,69.5151380937569,38.05476981867911,14.771497131972092,34.637502170027034,1.0,False
927,11.563877811305494,288.32116272654065,8193.789381939758,160.79820063079538,0.48455131507040566,0.5154486849295943,0.6283256849585639,0.26824945110505516,0.12976858473398614,0.08653297570824234,COMPLETE,10.616470179244144,253.43583557303194,314.0507758126271,2028.4788382702923,147.62429435253895,8336.631210216421,7522.4870106570415,2.690593990712916,63.54876456391468,53.103348065649186,4.85793429973303,31.430248595906882,1.0892394191351462,False
928,8.674202268021768,283.0387607470607,5802.840911224133,81.26594472621713,0.4911893084543032,0.5088106915456968,0.4626748857919832,0.2514466873865843,0.1676892251923201,0.07205314314174686,COMPLETE,8.674202268021768,228.4094495352705,283.0387607470607,1767.6687633820554,81.26594472621713,6138.883803179062,5802.840911224133,1.981269765196447,66.56767395140434,70.73679680518796,2.8241531729368483,40.97255664893412,1.0,True
929,9.094480418264215,291.0260866150192,6929.165407374014,94.0949978328532,0.2717764305569943,0.7282235694430057,0.49864739486185955,0.1524304256360442,0.036401175696265525,0.08294461989650653,COMPLETE,9.094480418264215,234.85514163745432,291.0260866150192,1826.8082287595507,94.0949978328532,6619.341796644097,6929.165407374014,2.1358854867504973,73.68463866573775,35.90200927532498,8.105268129527122,36.644209721990535,1.0,True
930,7.763612591128674,260.3172577065846,5259.700017736024,55.5984208445694,0.2902941751390217,0.7097058248609782,0.38093716065077976,0.057609737686241703,0.020978965190812483,0.21170519305535931,COMPLETE,7.763612591128674,210.0734237966367,260.3172577065846,1628.9728010674544,55.5984208445694,5052.584916202702,5259.700017736024,1.6309286780490786,73.3565010323002,56.00321502165483,5.143048541424113,31.78925760885982,1.0,False
931,10.154495771636565,292.02593469826235,7550.57150878589,121.71867077379707,0.31104335011393675,0.6889566498860633,0.5588061854161377,0.07464730528642598,0.12275805025386491,0.11363785222297754,COMPLETE,9.798754067820203,244.21766867409934,302.6278747866756,1922.6095790044662,117.45450952924963,7414.956371005659,7286.052892231296,2.3930288743538974,69.19803004234176,20.669420182925617,7.45383068485452,47.045104902120556,1.036304789502233,False
932,8.390813659927286,277.0240481293198,5404.159551790008,73.04209225946278,0.43573029509385885,0.5642697049061411,0.4383397278625753,0.09340122079790306,0.05031017500961392,0.2920182297140728,COMPLETE,8.390813659927286,223.55563659987976,277.0240481293198,1726.699239841977,73.04209225946278,5809.1159651138405,5404.159551790008,1.8758136893360113,65.61769116026956,30.629743061524152,-0.4007572143000817,42.61058948820808,1.0,True
933,8.749447391438396,284.54050410728115,6375.946863100129,83.50424124620743,0.2902941751390217,0.7097058248609782,0.46915505888553644,0.13061090943646253,0.0023087896039165425,0.15737429978055048,COMPLETE,8.749447391438396,229.62134140953484,284.54050410728115,1778.3532415379711,83.50424124620743,6225.088471021184,6375.946863100129,2.0090598466142398,72.14025385748552,19.555170543851983,16.030038609286223,40.034422429978385,1.0,True
934,7.75965712501484,260.285269345801,4684.327093809298,55.52986605048032,0.43573029509385885,0.5642697049061411,0.38093716065077976,0.0652732007843317,0.031868836737605946,0.33858783343327886,COMPLETE,7.75965712501484,210.04760950936793,260.285269345801,1628.7202744790425,55.52986605048032,5046.896830115743,4684.327093809298,1.6298974297217017,65.49097396551502,51.84273287997082,7.591800062042912,33.932982493634114,1.0,True
935,7.503424339105915,250.8728593075189,4851.317278670258,48.4036445851182,0.4079165624953089,0.5920834375046911,0.3546369849586602,0.3399613836532051,0.02063960439002027,0.04731501674001818,COMPLETE,7.503424339105915,202.45188873257467,250.8728593075189,1583.3121671137217,48.4036445851182,4707.91100605216,4851.317278670258,1.5190824294139633,72.52629680715721,53.39900407091443,3.0438223389200725,33.13538818482334,1.0,False
936,7.964275855870865,266.1918890007955,6247.44722986342,61.03594553027408,0.11222028591833033,0.8877797140816697,0.3992797393792979,0.044648492566682164,0.05012523855723587,0.017446493599079963,COMPLETE,7.964275855870865,214.814192504752,266.1918890007955,1660.9360910893881,61.03594553027408,5303.482667964038,6247.44722986342,1.7108394868639925,82.85154678189998,42.694543582192594,13.043141959015012,72.02622668035048,1.0,True
937,8.902112023553894,287.49531529779915,6511.534337662745,88.12811866193829,0.31104335011393675,0.6889566498860633,0.48222882408146844,0.11649021194772174,0.11117069658541379,0.08338228191903382,COMPLETE,8.902112023553894,232.00584449217095,287.49531529779915,1799.9798639158093,88.12811866193829,6400.195865924463,6511.534337662745,2.06534201778853,71.62753209928003,50.5176686026452,9.214225797526915,39.914871280528864,1.0,False
938,8.977737210838095,288.9762867880316,5262.680201614683,90.49687114170145,0.4911893084543032,0.5088106915456968,0.48910952148199466,0.10335523136320592,0.2212036957549924,0.16662963684762042,COMPLETE,8.977737210838095,233.20097367507358,288.9762867880316,1810.9840889707439,90.49687114170145,6484.929513505842,5262.680201614683,2.093617058966383,57.20001992606032,48.78468271398478,1.1492958549164372,39.1303624815101,1.0,True
939,9.236395546670643,293.5667078368192,6638.907191569862,98.63869838153109,0.4911893084543032,0.5088106915456968,0.5110923268680241,0.3139037423839433,0.005644688815289444,0.1716404461803804,COMPLETE,9.236395546670643,236.90539755723472,293.5667078368192,1846.680365368396,98.63869838153109,6778.808894102669,6638.907191569862,2.188151958979881,69.01082248107394,39.83993079867461,19.707482295243757,64.5361865887866,1.0,False
940,8.20558056737784,272.61121576932123,4989.0240954768515,67.77334112205095,0.43573029509385885,0.5642697049061411,0.4216331437304907,0.14899972910310266,0.14493612034187484,0.14179420121245231,COMPLETE,8.20558056737784,219.99452501368452,272.61121576932123,1698.7492523635917,67.77334112205095,5592.46914178501,4989.0240954768515,1.8051827993818081,62.85326176584377,31.576974620736664,11.149422539339646,43.946086382330535,1.0,True
941,8.539336121211942,280.1510534215645,6748.094250927565,77.25847472761811,0.15965681879520743,0.8403431812047926,0.45055917249377025,0.08888510650479746,0.07013221356476926,0.0006393724069969261,COMPLETE,8.539336121211942,226.07909860066835,280.1510534215645,1747.7716274186835,77.25847472761811,5984.625111009205,6748.094250927565,1.9305654129317233,79.30262947487886,39.37179877189149,13.77906229308006,26.281736479464772,1.0,True
942,11.257273666336372,289.1523233513428,8698.126461708971,151.87685787149485,0.2717764305569943,0.7282235694430057,0.6132382587891141,0.048221809907142366,0.1919280739101728,0.03162620104840867,COMPLETE,10.44175643260816,251.56748314426264,311.73556443606816,2006.203075410084,140.8743541863372,8140.969781757099,8068.003019664269,2.6268063853566495,69.7448848844894,53.78986980673251,5.365143230814477,39.15910499358603,1.078101537705042,False
943,8.29504945661704,274.7752245445455,4821.600918804884,70.29816453774559,0.47022929217645715,0.5297707078235429,0.42968001277661183,0.21861465015647785,0.05169474697762182,0.19991964460912193,COMPLETE,8.29504945661704,221.74085845520278,274.7752245445455,1712.266071591586,70.29816453774559,5697.638662649779,4821.600918804884,1.839351387438626,59.647061666507255,23.265715370352282,5.810849062595068,35.080897752762574,1.0,True
944,7.570756807531968,253.60900508109324,3762.7291731434198,50.3078317152335,0.4938340039983235,0.5061659960016764,0.36182804341055175,0.21112523414755446,0.22923368296656058,0.05347467399993644,COMPLETE,7.570756807531968,204.65993101039146,253.60900508109324,1595.8517455386236,50.3078317152335,4800.866660773597,3762.7291731434198,1.549430565925944,55.19108213579272,37.466154421069575,2.628445172350095,28.93849711672355,1.0,True
945,7.496552734356164,250.80725761811755,4558.308073999066,48.292571814303294,0.43573029509385885,0.5642697049061411,0.3546369849586602,0.054897182042943825,0.029570136369964292,0.3512625831354443,COMPLETE,7.496552734356164,202.39894882524467,250.80725761811755,1582.8713915068174,48.292571814303294,4698.048683490286,4558.308073999066,1.5172943932467013,68.46817706666671,70.84739517506951,16.52088286033548,39.06799013814083,1.0,False
946,11.737534008594237,287.84316553038076,7395.0596547141795,165.94584793040144,0.47022929217645715,0.5297707078235429,0.636695449468926,0.20019848530122944,0.20382251921221844,0.06620805832634584,COMPLETE,10.714944010399291,254.45502560906468,315.3137283102203,2040.8717389848198,151.4884189498884,8447.883492599087,6750.791954750227,2.726471352565846,56.27379893425843,20.293529675393536,7.476105890018266,52.4524902387268,1.0954358694924098,False
947,8.848052481590054,286.4083482222598,7112.392011256012,86.44608645165911,0.15846100257813883,0.8415389974218612,0.4772666027740929,0.14240524498896137,0.002162927229235043,0.013892665181096346,COMPLETE,8.848052481590054,231.12867293188145,286.4083482222598,1792.0308210268572,86.44608645165911,6339.573062514366,7112.392011256012,2.04503862810155,78.90459586571555,25.465577782798263,6.156159265669421,24.444645038110117,1.0,False
948,9.098452931046447,291.04622300267937,8329.267623662246,94.18789906632031,0.010634705425193569,0.9893652945748064,0.49864739486185955,0.003230976018782754,0.0038188772863409935,0.003584847691686241,COMPLETE,9.098452931046447,234.87139150093222,291.04622300267937,1827.06456872008,94.18789906632031,6625.303271718899,8329.267623662246,2.1369663004206143,88.38985919591758,37.240915408561214,6.718160033082329,52.11059942910204,1.0,True
949,9.908863743935298,292.6154058446247,7388.832257150017,115.40867467398925,0.43573029509385885,0.5642697049061411,0.5465725941917066,0.1460073185086466,0.11110566788251751,0.17861710858470933,COMPLETE,9.652043800947807,242.42081836824855,300.40126689085184,1903.2156604930183,112.41748920449722,7248.3041341855815,7197.327002050832,2.3398563571519477,69.97837969663568,58.48719769522305,6.722997594096361,58.268240622452424,1.0266078302465091,False
950,8.139762605543838,270.92261408716433,5040.178375918499,65.91323754410753,0.3340425682853231,0.6659574317146769,0.41547616635951923,0.06163593858696824,0.2607066228467068,0.011699623260586208,COMPLETE,8.139762605543838,218.63184034220075,270.92261408716433,1688.5197449250559,65.91323754410753,5515.155972249998,5040.178375918499,1.7796112783986764,64.31705135062964,33.79221445801293,9.962817708233459,24.943434612789112,1.0,True
951,8.74418964913159,284.48228677958,5163.329862795848,83.37310218851053,0.47022929217645715,0.5297707078235429,0.46896283469638106,0.1859800801216133,0.08389679823239748,0.20035205011296228,COMPLETE,8.74418964913159,229.57436060825327,284.48228677958,1777.865015026801,83.37310218851053,6218.153236876525,5163.329862795848,2.0074417477366913,58.5306606448152,27.161651547547194,10.86319495899356,26.45003784753223,1.0,True
952,7.717370948750283,258.71989584123014,5529.559200513564,54.29842450213115,0.15965681879520743,0.8403431812047926,0.376096027973423,0.020721998005811912,0.10408884778752243,0.03484585230007786,COMPLETE,7.717370948750283,208.78436874491433,258.71989584123014,1620.8640247707924,54.29842450213115,4994.24501299136,5529.559200513564,1.6112664219051682,77.89617774731016,28.40364191042869,6.860950387233471,50.335165511823675,1.0,True
953,8.793137139795581,285.3405085047304,7347.286014875782,84.7825924750928,0.15965681879520743,0.8403431812047926,0.4725359639212096,0.14366510622037482,0.0025395466972728156,0.013451971936965151,COMPLETE,8.793137139795581,230.26693695823238,285.3405085047304,1784.23806338816,84.7825924750928,6276.7379622806175,7347.286014875782,2.0247687554344007,82.32638326465042,46.16733974738556,2.3740342599656965,65.52074769591167,1.0,True
954,8.821500737016462,285.9424179596472,6602.884981808484,85.66828137725622,0.2902941751390217,0.7097058248609782,0.47527423273547853,0.14987692830467264,0.03595669244287628,0.10446015224082562,COMPLETE,8.821500737016462,230.75267186925566,285.9424179596472,1788.5351040239718,85.66828137725622,6308.052187079437,6602.884981808484,2.0355848649631567,73.69576957250013,45.523231289497474,13.004898942532844,30.25280462069106,1.0,True
955,9.245199532627947,293.6322672958561,8241.361411261312,98.86523583796459,0.04972069637967258,0.9502793036203274,0.5112186808813769,0.008549239720331052,0.040859693176158736,0.00031170190129246774,COMPLETE,9.245199532627947,236.95830338508293,293.6322672958561,1847.3967151709833,98.86523583796459,6791.703073334059,8241.361411261312,2.1907267957080796,85.32237270402094,29.72475277870391,11.522701363839396,24.251083862781474,1.0,False
956,7.693966861801392,258.06612252723323,4866.458427029401,53.71193262193337,0.36171005684429247,0.6382899431557075,0.37431386477229434,0.013245050377368645,0.14497390242233796,0.20349081168524635,COMPLETE,7.693966861801392,208.25678021825195,258.06612252723323,1617.454686896092,53.71193262193337,4963.350814557961,4866.458427029401,1.602320765744686,69.1080529058312,34.81367405411232,-0.6988002572225436,58.30031343861425,1.0,True
957,10.075971970025694,292.22011111839936,7712.651744247475,119.6890277739036,0.2902941751390217,0.7097058248609782,0.5549776290978787,0.0381064712586596,0.05452000028000244,0.19766745598837207,COMPLETE,9.751894555893374,243.65549410641813,301.9312433938687,1916.4645033382708,115.83942291827604,7361.226448503255,7464.586719769993,2.376102686489889,71.45242119303296,51.83382011498378,1.7225752342461864,30.815609858149877,1.0332322516691355,False
958,9.326433852279733,293.872210661278,5610.379226113022,101.01929941317081,0.4812236474710556,0.5187763525289444,0.5170288679041789,0.07517267930719852,0.03333518460056129,0.37271534569638065,COMPLETE,9.29946507367249,237.8396843067004,294.72445049715657,1855.8000709489393,100.72718699763413,6847.694280901219,5594.155975334835,2.2117818373434512,57.6636591522898,19.252054997481483,7.876412000497604,25.775625075162335,1.0029000354744697,True
959,9.088545980988753,290.9781577859704,7096.084804551895,93.94507844643745,0.31375273160918504,0.686247268390815,0.4985439581041923,0.047000737101714346,0.02294753128762182,0.2438041578138234,COMPLETE,9.088545980988753,234.81646355170022,290.9781577859704,1826.314639032688,93.94507844643745,6610.786111755022,7096.084804551895,2.1341402260827973,75.66449941541896,22.96092214997539,12.377572093798525,53.899221500853855,1.0,True
960,7.566713271337971,253.57221418215016,3929.3467921917368,50.24121224953245,0.4938340039983235,0.5061659960016764,0.36182804341055175,0.03352788594740707,0.22690829345924973,0.2333975842378203,COMPLETE,7.566713271337971,204.63024112285336,253.57221418215016,1595.5925555704819,50.24121224953245,4795.0629849937095,3929.3467921917368,1.5483783612213835,57.79200991445288,29.01364473640343,11.091897599924382,39.178905483426014,1.0,True
961,9.189023223083547,292.72723068251446,7426.960207868612,97.1102869229743,0.240293288663324,0.759706711336676,0.5069293532510446,0.053080684078163465,0.0040486113971532015,0.18316368400286706,COMPLETE,9.189023223083547,236.22794788848233,292.72723068251446,1840.0547398441054,97.1102869229743,6725.663206859178,7426.960207868612,2.1707040990886344,77.78861531077052,37.47850251821485,6.94737526956046,44.04220615395945,1.0,False
962,8.343165917885305,275.84267087969147,4531.051504785,71.63552511366139,0.4123404829625746,0.5876595170374255,0.43359393927098344,0.17431895147493123,0.23681196894002762,0.0012093236256374767,COMPLETE,8.343165917885305,222.60227697320224,275.84267087969147,1719.1917043868452,71.63552511366139,5755.615380940147,4531.051504785,1.8572077304864858,55.40459017305118,19.27889174662955,-1.5194651289305823,21.548629738658608,1.0,True
963,9.393439038282235,293.71561483705426,7892.491026124465,102.59401572850817,0.17390460395109653,0.8260953960489035,0.5197195891987373,0.060307592258989365,0.05755365132162143,0.0560432777127533,COMPLETE,9.342482964284871,238.31835654643982,295.31760808242956,1860.9084649535166,102.03747959346293,6900.9416392867515,7849.677062557797,2.2264851861114816,80.03825539280477,23.996469678573177,14.68529340895461,74.84782450109921,1.0054542324767584,False
964,8.751676607288289,284.55782631237327,6425.351479189165,83.55566860186318,0.3766890926294708,0.6233109073705292,0.46915505888553644,0.25905127243206577,0.0933814034569088,0.024256067034439357,COMPLETE,8.751676607288289,229.6353202558221,284.55782631237327,1778.5379836135173,83.55566860186318,6228.586622753689,6425.351479189165,2.0096940604900326,72.5957594101986,56.313067606835496,10.741134156873613,61.453995834993236,1.0,True
965,8.03039445952025,268.03566202381336,5353.669106398479,62.86909155711285,0.2717764305569943,0.7282235694430057,0.4054563366576581,0.11982970226889078,0.14349175155090757,0.008454812498315008,COMPLETE,8.03039445952025,216.30209889659716,268.03566202381336,1671.4671747569753,62.86909155711285,5383.792800237001,5353.669106398479,1.736991176561835,69.96264400203539,31.0594467253637,7.942768142303663,27.60147486793927,1.0,True
966,8.48163847585645,278.92103340405487,6635.792398021035,75.59186970374348,0.15965681879520743,0.8403431812047926,0.445625750879621,0.0472089227539836,0.05894793130246656,0.053499897648022564,COMPLETE,8.48163847585645,225.08648474673822,278.92103340405487,1739.4382340171894,75.59186970374348,5917.306866009031,6635.792398021035,1.9091021894232107,78.9049104793306,40.660963557053485,8.827557255008786,30.208688419843753,1.0,True
967,8.166460085067412,271.6951767738021,4597.29755200387,66.70508855416361,0.4812236474710556,0.5187763525289444,0.4183805487625825,0.05413326803731957,0.20762056108926671,0.2194695030282227,COMPLETE,8.166460085067412,219.25529070469057,271.6951767738021,1693.071312651087,66.70508855416361,5545.369534887024,4597.29755200387,1.7905395799797075,58.45785018863642,26.376471051422683,17.138093269027042,32.71968652093128,1.0,True
968,8.395576660710768,277.0703539728701,4459.058650299648,73.14683581591902,0.43573029509385885,0.5642697049061411,0.4383397278625753,0.05955622222863315,0.3631517132349883,0.013021932685123472,COMPLETE,8.395576660710768,223.59300495256647,277.0703539728701,1727.1320015181054,73.14683581591902,5816.719532614893,4459.058650299648,1.8771922138779542,53.969416845205984,51.47141187997707,-0.2996999584296458,53.99136953152518,1.0,True
969,9.233175842696019,293.5608886642639,5267.546407748765,98.56782657810696,0.4911893084543032,0.5088106915456968,0.5110923268680241,0.03994858264235057,0.24837777017799473,0.20286266925158625,COMPLETE,9.233175842696019,236.90070154317436,293.5608886642639,1846.565510286714,98.56782657810696,6774.362530687864,5267.546407748765,2.1873458346061767,54.82556401111385,29.56237473376811,5.68844800665185,33.67561486942619,1.0,True
970,9.130409136885053,291.64908853994353,7431.684790203963,95.21783045513823,0.15846100257813883,0.8415389974218612,0.5015757117343571,0.03219632369586141,0.09915385264736626,0.027110594318326808,COMPLETE,9.130409136885053,235.35789796084902,291.64908853994353,1831.7001836252673,95.21783045513823,6660.891264939979,7431.684790203963,2.148913901979796,78.49050784232624,22.143309752256215,12.740230296364441,58.137993071259196,1.0,True
971,11.012919747691887,289.80887106845904,9694.384877822815,144.9273662182847,0.15965681879520743,0.8403431812047926,0.6011039985091017,0.08888510650479746,0.07013221356476926,0.0006393724069969261,COMPLETE,10.301827909869322,250.01612047758442,309.81315812783856,1988.0515854164728,135.56956923474246,7984.261121341061,9068.42935310603,2.5756230478532305,79.88049372995074,43.10979135230765,17.18301727259981,39.62650326555619,1.0690257927082365,False
972,7.959246048735486,266.1603658996207,5051.75507246268,60.94669553176452,0.36122605763075266,0.6387739423692473,0.3992797393792979,0.053698986703864526,0.1666271896905279,0.14089970473560154,COMPLETE,7.959246048735486,214.7887536773349,266.1603658996207,1660.6506222722385,60.94669553176452,5296.406275602637,5051.75507246268,1.7095565390191476,67.19479252777548,41.36191989450896,16.544570123589725,37.38449339459809,1.0,True
973,10.055643111522844,292.27066456225793,7198.829064415253,119.16969827669112,0.3487357308346418,0.6512642691653582,0.5540422315280902,0.03347057238442387,0.10110165406904664,0.214163264438193,COMPLETE,9.739485885428566,243.51583035420842,301.7581758810003,1914.9227751471535,115.42291044583851,7346.729715004551,6972.4922898409495,2.37171899261323,66.89388908745062,64.42139428551685,12.81653485801102,24.896923394088503,1.0324613875735769,False
974,9.238328667896747,293.5857091384932,5886.999276625619,98.69143163628124,0.4911893084543032,0.5088106915456968,0.5110923268680241,0.24227774953911685,0.2058199488476593,0.0430912773546865,COMPLETE,9.238328667896747,236.92073141767264,293.5857091384932,1846.8947733733594,98.69143163628124,6782.116269017323,5886.999276625619,2.1887515850749506,61.11651560415596,47.47079021630579,14.177852878740374,31.19635267947254,1.0,False
975,8.274368530402755,274.25541291979374,5081.390359646922,69.69877079035594,0.3763583197788206,0.6236416802211794,0.42763399448000505,0.05437283362527651,0.25986606665897716,0.06211902783612873,COMPLETE,8.274368530402755,221.32137567214434,274.25541291979374,1709.0440116037475,69.69877079035594,5674.378595994058,5081.390359646922,1.8312946259670373,63.054973026868275,53.8673105436313,1.6999447816159692,66.15266051601,1.0,False
976,11.280354947297381,289.08873486688805,9010.696304929914,152.53310537247103,0.2717764305569943,0.7282235694430057,0.6142612277596785,0.15219484484051288,0.11335420822618311,0.006227173322354318,COMPLETE,10.455370990237764,251.69966608134752,311.89936192684854,2007.810556474736,141.37766164390985,8156.894892726518,8351.702866493426,2.631613386999453,72.03185142628226,37.508547006118526,9.095884459829975,69.988937255139,1.078905278237368,False
977,7.567630176907943,253.57992931865041,4135.068347699192,50.25607107643903,0.435921763872616,0.564078236127384,0.36182804341055175,0.007711282219086888,0.2177332512332681,0.2104769667621903,COMPLETE,7.567630176907943,204.63646716085768,253.57992931865041,1595.6478788252612,50.25607107643903,4796.357763501243,4135.068347699192,1.5486131041823379,60.783351805728564,59.40171416443455,1.2803993288948212,46.29125695892688,1.0,True
978,9.32664198842828,293.87143767275256,6665.112578773588,101.02374112091428,0.4812236474710556,0.5187763525289444,0.5170288679041789,0.07904993301328705,0.03459728169087884,0.36757597231569084,COMPLETE,9.299620834779427,237.84038280985845,294.72531606322065,1855.8112377114983,100.73105506794933,6847.934446692531,6645.8024099795675,2.2118253793304743,68.49869834316728,27.27499774801292,6.4128970748268,54.029990998893226,1.0029056188557492,False
979,9.019573185322521,289.6704897311338,7402.292567900186,91.74972331949715,0.15965681879520743,0.8403431812047926,0.49225214872619755,0.019183987304743817,0.017722915474691923,0.12274977849009698,COMPLETE,9.019573185322521,233.76118850812765,289.6704897311338,1816.378385651963,91.74972331949715,6534.082313576511,7402.292567900186,2.108426147637031,79.75338441958752,33.94723813359722,8.090521976482812,33.261173605384975,1.0,True
980,8.536386233170967,280.1334906836781,5393.026068365529,77.1969821510521,0.3766890926294708,0.6233109073705292,0.45053565627774256,0.17817661901491288,0.17219918776972798,0.026312975688244845,COMPLETE,8.536386233170967,226.0649256468214,280.1334906836781,1747.5929714163617,77.1969821510521,5980.522724492454,5393.026068365529,1.9297775190943445,63.468384793844564,33.771905816965266,3.8282026047281295,47.614036164142355,1.0,True
981,9.26144923336688,293.905889254378,8503.421286887702,99.38488540254167,0.018443473677266398,0.9815565263227336,0.5125702842135075,0.002648309520722707,0.015714897304726593,8.025099689908586e-05,COMPLETE,9.26144923336688,237.1791135693905,293.905889254378,1849.5926399348082,99.38488540254167,6810.23040141075,8503.421286887702,2.196622319537868,87.78771736375302,66.26604474523461,15.637852106538515,32.56379737940383,1.0,True
982,7.948799883442368,265.84040294977524,5430.274445878577,60.64829124523974,0.3340425682853231,0.6659574317146769,0.39822796881449246,0.14523542152186583,0.04080417824571244,0.14800276945772337,COMPLETE,7.948799883442368,214.5305467764391,265.84040294977524,1658.8625374335118,60.64829124523974,5283.596995212441,5430.274445878577,1.705260385211387,72.3922162007175,48.19692912373881,15.945590402683337,36.35377842298515,1.0,True
983,9.130221894297756,291.64625153044227,7681.9079414040325,95.21221483694055,0.11680387552495497,0.883196124475045,0.5015757117343571,0.0029280338637106725,0.05697737198613595,0.056898400114357824,COMPLETE,9.130221894297756,235.35560852255162,291.64625153044227,1831.6707177363648,95.21221483694055,6660.532896449737,7681.9079414040325,2.1488489298783726,81.14769614957068,47.27797449676844,1.9656993987696718,39.364417195851495,1.0,True
984,7.501676233273702,250.87067401831283,3776.8442118464773,48.38082792229911,0.47022929217645715,0.5297707078235429,0.3546369849586602,0.18470549231400177,0.24513672935017278,0.040385746400300564,COMPLETE,7.501676233273702,202.45012522603827,250.87067401831283,1583.2762020303558,48.38082792229911,4705.8859802348725,3776.8442118464773,1.5187152928314562,56.50917651055041,31.407531133921722,9.197306791147438,30.36443450533475,1.0,True
985,9.234354532355047,293.5679547640141,5688.750438545917,98.5970021791155,0.4911893084543032,0.5088106915456968,0.5110923268680241,0.0637263446026679,0.2695485859160698,0.15791398133486867,COMPLETE,9.234354532355047,236.9064038150117,293.5679547640141,1846.6538367162952,98.5970021791155,6776.193141540876,5688.750438545917,2.1876777238130884,59.173130419324046,65.41019026872941,10.817696287506882,42.495709114153534,1.0,True
986,8.452491659278659,278.32278836531026,5691.424035265269,74.77215429798794,0.3661124432047806,0.6338875567952194,0.44329469651469866,0.15836351433347082,0.12050823347735766,0.08724047834053479,COMPLETE,8.452491659278659,224.60370698292175,278.32278836531026,1735.3891541521773,74.77215429798794,5882.742053881798,5691.424035265269,1.8984609599162139,68.1224911504498,49.648158735869416,10.825473772543948,28.129725420016104,1.0,True
987,8.167625075448868,271.6999388479025,5060.005013336401,66.72593308936716,0.3766890926294708,0.6233109073705292,0.4183805487625825,0.011911943224744582,0.14598090940254643,0.21879597706864956,COMPLETE,8.167625075448868,219.25913365086885,271.6999388479025,1693.1238888066775,66.72593308936716,5546.951545453101,5060.005013336401,1.790826398028031,64.30636749507931,52.9956669990671,15.151433907853038,26.708943775876126,1.0,True
988,8.276642155770105,274.26206132580296,5378.6983934462,69.73943158019274,0.47022929217645715,0.5297707078235429,0.42763399448000505,0.37852587930445564,0.08950818044957005,0.0021947988034556774,COMPLETE,8.276642155770105,221.32674086930973,274.26206132580296,1709.1301523089305,69.73943158019274,5677.399051610731,5378.6983934462,1.8318422336781353,66.66733902398478,48.80358500776591,10.3704074182698,35.05147853129254,1.0,True
989,7.568223204336591,253.58460571893636,4339.537999999153,50.26556162649666,0.4938340039983235,0.5061659960016764,0.36182804341055175,0.11204618963401933,0.20686383925120255,0.17492375599145255,COMPLETE,7.568223204336591,204.64024096912445,253.58460571893636,1595.6819466690404,50.26556162649666,4797.184659835915,4339.537999999153,1.5487630202435592,63.763797232363984,67.21922469108962,11.857502697975049,49.44188239603186,1.0,False
990,7.473510801929075,249.7677324205635,4571.137784845052,47.6161138072853,0.4938340039983235,0.5061659960016764,0.35191576151505005,0.15524797024064724,0.15407158843954288,0.18451414170949354,COMPLETE,7.473510801929075,201.56006238607054,249.7677324205635,1578.3017377461586,47.6161138072853,4665.91278655091,4571.137784845052,1.5063613034797965,69.056738206578,56.6746804276966,14.899347302069746,69.76882731992522,1.0,True
991,9.688604893191528,293.1052153055206,7403.450406061792,109.84993746431068,0.3661124432047806,0.6338875567952194,0.5350780755127227,0.21840012978990986,0.06179009153486771,0.08592192254025469,COMPLETE,9.520698597607064,240.70445478817908,298.2743959506054,1885.2718435234715,107.94620661005952,7101.529060133872,7275.146491728502,2.2916745651395893,72.12662885790762,54.41673123389778,10.45791876953274,36.21621052693013,1.0176359217617357,False
992,11.90748062945882,287.3688622959933,11726.432374188966,171.02219072468097,0.018443473677266398,0.9815565263227336,0.6443558534082271,0.002648309520722707,0.015714897304726593,8.025099689908586e-05,COMPLETE,10.81253867593329,255.38775559926108,316.4695418769267,2052.531891231551,155.29599494611946,8561.190450088205,10648.138554427107,2.7613899847768093,87.44629246817382,20.71226493611638,1.4876006940024706,36.733648128546776,1.1012659456157756,False
993,8.482769262409617,278.92863821258743,6716.682022457804,75.6155510049682,0.15965681879520743,0.8403431812047926,0.445625750879621,0.08713143128322673,0.06874852702830991,0.003776736657254155,COMPLETE,8.482769262409617,225.09262175117593,278.92863821258743,1739.5168290271918,75.6155510049682,5918.997897792644,6716.682022457804,1.9094087729860698,79.81066628650942,47.015874246701244,10.318243386971922,48.83877502826593,1.0,True
994,8.030129440851598,268.0335613174534,5412.717380936734,62.86408334638293,0.31375273160918504,0.686247268390815,0.4054563366576581,0.1620185572175135,0.1403024249478297,0.011431527380813865,COMPLETE,8.030129440851598,216.30040364757176,268.0335613174534,1671.448824140923,62.86408334638293,5383.401530082774,5412.717380936734,1.7369202393984502,70.74580851113848,48.90718251668155,9.220834702244813,34.944583755855724,1.0,False
995,7.499675486831237,250.85064296472694,4052.7240287267346,48.348129860398586,0.43573029509385885,0.5642697049061411,0.3546369849586602,0.060055998730227676,0.2291177877876272,0.14655627741676255,COMPLETE,7.499675486831237,202.433960366105,250.85064296472694,1583.1429377641018,48.348129860398586,4702.983148303971,4052.7240287267346,1.5181890102598439,60.72412461117322,50.03465098669779,-2.2150764318254037,54.08603846723325,1.0,True
996,7.8753253116053665,263.69011464045116,5178.6844286775295,58.6234436943311,0.2717764305569943,0.7282235694430057,0.39125628324379796,0.10866422804830439,0.08268908542094808,0.08042296815228701,COMPLETE,7.8753253116053665,212.7952856136977,263.69011464045116,1646.9902818700164,58.6234436943311,5193.444201902265,5178.6844286775295,1.6758320989838469,70.19337656876546,25.20293895165659,1.5021448469485779,30.316225362855242,1.0,True
997,8.028098814573832,268.02741774607716,4685.566819398967,62.830268812867345,0.3899226975755718,0.6100773024244281,0.4054563366576581,0.05845095569407137,0.3033447771105938,0.02812641840142952,COMPLETE,8.028098814573832,216.2954458469068,268.02741774607716,1671.375433657444,62.830268812867345,5380.759347084174,4685.566819398967,1.7364412124012714,61.30356006105151,24.124127893990774,13.755355183264669,47.944263212086206,1.0,True
998,8.02862860041604,268.0213965685953,5267.193158277207,62.83560334235146,0.31375273160918504,0.686247268390815,0.4054563366576581,0.11266093040497387,0.117512863933421,0.0835787828574453,COMPLETE,8.02862860041604,216.29058681689074,268.0213965685953,1671.3431027929296,62.83560334235146,5381.176219895675,5267.193158277207,1.7365167913188575,68.91262440804411,31.5666304651522,5.1264110061592945,43.13310405748166,1.0,False
999,9.257451099381388,293.88948964148716,6242.095080012626,99.2904040198287,0.47022929217645715,0.5297707078235429,0.5125702842135075,0.3391034705703017,0.1203852550494073,0.010740214421456113,COMPLETE,9.257451099381388,237.1658792457837,293.88948964148716,1849.3631759655852,99.2904040198287,6804.32421430183,6242.095080012626,2.195551529559634,64.56293888143225,46.76208392568562,8.793850593822642,41.902439900591226,1.0,True
