Trial,TSFC,SpecThrust,Lifecycle_CO2e,NOx_correlation,SAF_Total,JetA_Frac,Phi,HEFA_Frac,FT_Frac,ATJ_Frac,State,Raw_TSFC,Raw_Thrust_kN,Raw_SpecThrust_Ns_kg,Raw_T4_K,Raw_NOx_g_s,Raw_CO2_combustion_g_s,Raw_Lifecycle_CO2e_g_s,Fuel_Flow_kg_s,LCEF_blend_gCO2e_MJ,LCEF_draw_HEFA,LCEF_draw_FT,LCEF_draw_ATJ,TIT_Penalty,ParetoOptimal
0,9.80608365974663,292.83948224909363,8292.456207085454,112.78414022765068,0.18727005942368125,0.8127299405763188,0.5409261230079053,0.07804104622256479,0.06008700264883848,0.04914192846552941,COMPLETE,9.591728982098644,241.59974879630417,299.38381986927243,1894.6957327605987,110.3187515096711,7182.664566214349,8111.188451388398,2.3173593125972625,79.4581412551363,39.22912396312118,13.359922675866624,65.65824515265692,1.0223478663802994,False
1,9.807090553468917,292.83637850617976,8773.967889652291,112.80624459554109,0.07800932022121826,0.9219906797787818,0.5409261230079053,0.011264954436552593,0.004194437363408521,0.06254985620747418,COMPLETE,9.592556921259863,241.60114092128063,299.3855449525776,1894.7291861742488,110.33856743308394,7183.841534107945,8582.034187195866,2.31757269652871,84.0441401426774,36.35460965424951,5.688677663051298,23.976755388514153,1.0223645930871244,False
2,9.800749738009964,292.8600319640296,8054.424016189641,112.66400601817456,0.3005575058716044,0.6994424941283957,0.5409261230079053,0.12529173836362442,0.003642376720314225,0.1716232138400727,COMPLETE,9.587866282556648,241.58256588768364,299.36252727751724,1894.406846983383,110.21681539016123,7176.60843572276,7879.472745920722,2.316261337928042,77.34232808566108,59.65791278896558,15.136732260533801,43.56776213059177,1.0222034234916915,False
3,9.799922074669004,292.8615834569117,7106.485217897439,112.64659463136518,0.41622132040021087,0.5837786795997891,0.5409261230079053,0.1530206349076087,0.13103083946810637,0.13216912538177283,COMPLETE,9.587058051962055,241.58380906313104,299.36406778662814,1894.4065367192359,110.19979892270835,7175.59720392798,6952.125313883589,2.316078001902354,68.25233200861292,30.431968370001535,18.516466447891208,69.39908847345166,1.0222032683596178,False
4,9.80699354856046,292.8361784850764,8284.03473969927,112.80448827516456,0.15212112147976886,0.8478788785202311,0.5409261230079053,0.06396707759709802,0.052653495716512025,0.035500426267552634,COMPLETE,9.592413525610326,241.60219777121466,299.3868545721938,1894.739527206002,110.33629151709532,7183.7063611854,8102.777522004321,2.3175481897177805,79.34932415356995,26.19401496044032,7.106387653137233,50.691237975422354,1.0223697636030011,False
5,9.800830587655517,292.8584310487569,7389.3042922970735,112.6667910243886,0.30592644736118974,0.6940735526388102,0.5409261230079053,0.053477179061541334,0.11199827439402249,0.14045061053980026,COMPLETE,9.587760416542226,241.58590567484765,299.3666658506892,1894.4462860681565,110.21741367543328,7176.643988432457,7228.660730928817,2.316267783623808,70.94719032430051,38.19103276094525,5.084139728593954,46.122910760854495,1.0222231430340782,False
6,9.804884460567594,292.8442986270856,7928.048103293926,112.75697915032714,0.22803499210851796,0.771965007891482,0.5409261230079053,0.11943790540665619,0.030373597102117865,0.07822333748364346,COMPLETE,9.590885663846962,241.59541778917486,299.37845300335175,1894.6254504998021,110.295975356038,7181.311648003741,7755.012637014705,2.3171140289253143,76.00404393505985,32.90615560543596,14.603482361658475,36.60393246338957,1.0223127252499011,False
7,9.803016342695287,292.8490347608021,6939.087671652744,112.7167427901036,0.29620728443102123,0.7037927155689787,0.5409261230079053,0.01668721696586948,0.21825926114563143,0.06126044707153974,COMPLETE,9.58921905596355,241.59527533147374,299.3782764736536,1894.591177964336,110.25846536453139,7179.083233529215,6787.750770363328,2.3167100180393283,66.56176345375812,24.41712714906528,2.3566752150887083,47.689677807706325,1.022295588982168,False
8,9.809409463925244,292.82764673415795,9124.13450433497,112.85834434069466,0.03252579649263976,0.9674742035073602,0.5409261230079053,0.011334634929580837,0.011534675302240319,0.009656474315610793,COMPLETE,9.594261613825985,241.60812619068616,299.3942009079247,1894.8492773616294,110.38304445236213,7186.482874158874,8924.01665525921,2.318051570699725,87.31515764744184,34.9545941524446,13.162083536597446,67.74087872100819,1.0224246386808147,False
9,9.805923627015614,292.83978464651204,8293.624398776796,112.78077000515856,0.15230688458668534,0.8476931154133147,0.5409261230079053,0.012173012798472252,0.08527692344537041,0.054856823711437686,COMPLETE,9.59157304783104,241.59998316199798,299.38411028884866,1894.6956048013512,110.31546186173328,7182.469167417173,8112.331614839607,2.317323886853053,79.47395008783991,58.91840156072174,5.414610775754733,51.03951481159578,1.0223478024006756,False
10,9.808177006563746,292.832358335387,8972.964053989654,112.830599948772,0.06101911742238941,0.9389808825776106,0.5409261230079053,0.020999051018854638,0.001458319834014804,0.03856170416235076,COMPLETE,9.593364656226987,241.604244788975,299.38939118077667,1894.7835265382776,110.35945711063988,7185.082166158265,8776.443997649432,2.3177976227529657,85.91242520779083,37.60095848419447,14.584109945648343,39.02573979208715,1.0223917632691388,False
11,9.807082444945332,292.8361446208335,8515.869878460655,112.80626024867561,0.12938999080000846,0.8706100091999915,0.5409261230079053,0.05736707197398602,0.026990717383259588,0.04503211485386868,COMPLETE,9.592517243477943,241.60174754034065,299.3862966583733,1894.735953247991,110.33821757717601,7183.820755289822,8329.55459596971,2.3175689293351223,81.56925013284757,47.38512730907317,12.881751270889048,21.524090680890634,1.0223679766239955,False
12,9.802115904859221,292.85334448721926,7360.088722859547,112.69583542620076,0.2733551396716398,0.7266448603283602,0.5409261230079053,0.026187616614498626,0.13735730867305657,0.10981007271794771,COMPLETE,9.588674129364941,241.5903680252822,299.3721954736517,1894.519559767001,110.24187554267652,7178.097538312933,7199.8222640612175,2.316531311787778,70.63033597765622,33.23661950303812,3.9228918705250755,40.625647167404914,1.0222597798835005,False
13,9.79758896396349,292.87044495691333,6339.049238041469,112.594164074457,0.46974947078209456,0.5302505292179054,0.5409261230079053,0.1740844147712699,0.11631860364274617,0.17934625782282382,COMPLETE,9.585351874739684,241.57659491252673,299.3551282079415,1894.2836302719602,110.15512955947126,7172.942290808483,6201.731642490487,2.315596666938017,60.93604490251166,36.493982638668896,10.14748395175515,34.05891029588333,1.02214181513598,False
14,9.80879715365331,292.8300217374901,9091.683020297636,112.8445343937352,0.04424625102595975,0.9557537489740402,0.5409261230079053,0.01530604060156176,0.0035322002741380253,0.02540793205138737,COMPLETE,9.59382035185974,241.60611631759838,299.39171032800704,1894.8156821597975,110.37135070731199,7185.788472375778,8892.423018484209,2.317925675861567,87.02704682874626,28.306580699908167,16.320651756956373,57.48854894965712,1.0224078410798987,False
15,9.805576624798178,292.8407814772118,8074.822950475061,112.77320727766089,0.194338644844741,0.8056613551552589,0.5409261230079053,0.036197229420837224,0.11055134986964571,0.04758993215695357,COMPLETE,9.591278427176704,241.599677168254,299.3837311097461,1894.6860549922656,110.30857964949293,7182.060367984873,7898.349901452823,2.317249771636731,77.38555553036338,60.84099970754286,6.931476988237408,55.94803360301786,1.0223430274961327,False
16,9.80593497392171,292.84058155221896,8519.138652446292,112.78039680471628,0.14046725484369038,0.8595327451563096,0.5409261230079053,0.051305754940439575,0.013322785949826426,0.07583861941477461,COMPLETE,9.591688451390663,241.59801334572964,299.3816693462492,1894.6733697861057,110.3162964522928,7182.518740769367,8333.006903041422,2.317332874487162,81.63943056290734,56.798694863390494,6.723263424129515,27.346210257111586,1.0223366848930528,False
17,9.809556774703104,292.82706124478017,9055.93439952842,112.86167743224831,0.03727532183988541,0.9627246781601146,0.5409261230079053,0.01878926295698819,0.014702707574035963,0.003783332269939716,COMPLETE,9.594365972829246,241.60864337102865,299.3948417837007,1894.8577430719793,110.38584744061149,7186.649316794691,8857.275700679047,2.3180817467004338,86.65680187797784,34.01420955466117,15.84977156117698,24.315658411132787,1.0224288715359897,False
18,9.810090768723404,292.8252278261586,9284.414765451093,112.87354391916493,0.0027610585618011996,0.9972389414381988,0.5409261230079053,0.0010000931977078309,0.0008668996431521364,0.0008940644945273731,COMPLETE,9.59478110656869,241.60982869323664,299.3963106026551,1894.8805782567174,110.39622080560895,7187.265273709625,9080.642521790838,2.3181934195071645,88.82522100019872,33.837822307992674,3.3871930954352654,37.00722809683753,1.0224402891283586,False
19,9.801011773132073,292.85607717272904,6711.068835634392,112.67210913286083,0.38563517334297287,0.6143648266570272,0.5409261230079053,0.052070095929804036,0.2520822832671086,0.08148209092044287,COMPLETE,9.58768052942392,241.59044298741873,299.37228836468694,1894.5011164177727,110.21966016851755,7176.777483970235,6564.99405331022,2.3162919863253744,64.42185208767634,46.58177225614384,8.960324418636619,61.2409760409203,1.0222505582088863,False
20,9.803938375906815,292.8465287448277,6256.303376255515,112.73672712254223,0.43155171293779676,0.5684482870622032,0.5409261230079053,0.2642927243170803,0.14030836400001354,0.02695020059773068,COMPLETE,9.590020164435593,241.59574767933174,299.37886179423754,1894.6126718824917,110.27685455822261,7180.1757551512455,6119.793212956354,2.316908091886685,59.99098059037326,23.787630678371606,7.950287945683247,72.21989619272529,1.0223063359412459,False
21,9.805933100390385,292.83996214222105,8450.165535424978,112.78082335153935,0.1554911608578311,0.8445088391421689,0.5409261230079053,0.029877503373112322,0.06703545224421473,0.05857811336155042,COMPLETE,9.591607192806492,241.59950293860655,299.3835152091185,1894.6903012760224,110.3158001787915,7182.489262934518,8265.47231152954,2.3173275301644116,80.97474361570801,31.323750961594335,4.441603485500455,77.6838823153518,1.0223451506380112,False
22,9.795985161372789,292.8773456695532,7359.306477063649,112.55752400565122,0.44360637128816327,0.5563936287118367,0.5409261230079053,0.16051243519149858,0.04065175119965612,0.24244184498306973,COMPLETE,9.58428211758622,241.56970153051958,299.3465861169526,1894.1771310963634,110.12502027677287,7171.152456626948,7200.26299591425,2.315272170529599,70.79160523939899,24.983815914446375,7.826399509244121,69.75895941841662,1.0220885655481817,False
23,9.801151813087907,292.8566531878459,6676.700359819023,112.6744283605337,0.3803925243084487,0.6196074756915513,0.5409261230079053,0.11692270495200593,0.16060436536502234,0.102865245675983,COMPLETE,9.587924178926759,241.58823067051068,299.3695469219082,1894.4783730413303,110.22315505633955,7176.985161443461,6531.446307144722,2.3163296381899245,64.09306197649474,29.06708750258685,1.3550443822059317,51.12142539532195,1.0222391865206653,False
24,9.80585910493341,292.8408816745223,8062.368824071133,112.77868179243113,0.26136641469099703,0.7386335853090029,0.5409261230079053,0.19924106380418777,0.011845726225079354,0.0502791586454759,COMPLETE,9.591634513302255,241.5977502994796,299.38134338650985,1894.6690480822751,110.31485207663107,7182.432947036133,7886.233551227222,2.317317320108669,77.26141865714662,48.77563191128454,2.7570770036124537,34.32801065320063,1.0223345240411377,False
25,9.809786690154326,292.8263331403358,9204.441782178437,112.86674072139157,0.015714592843367126,0.9842854071566329,0.5409261230079053,0.006853059347475852,0.0033850800622071296,0.005476442665382391,COMPLETE,9.594552528175228,241.60900749721628,299.39529299894207,1894.8659093474228,110.39035880588442,7186.917199260328,9002.489346713053,2.318130313712324,88.07080432761568,29.577335222270065,2.1061526340100705,46.425345177661015,1.0224329546737114,False
26,9.794872316336031,292.88036772193624,6471.737407532382,112.53342430987738,0.4537832369630465,0.5462167630369534,0.5409261230079053,0.07993389855756233,0.13158656028582422,0.24226245747629768,COMPLETE,9.583314558181275,241.56913810624238,299.34588793695383,1894.1512708093564,110.10283428321931,7169.833466564309,6331.955467238956,2.3150330380208555,62.27520785805717,49.61231410580501,7.2891028372496045,35.555918625168765,1.0220756354046783,False
27,9.807247980540543,292.8351131321695,8464.432360308878,112.81028436140072,0.11439908274581123,0.8856009172541888,0.5409261230079053,0.01668031099761592,0.06278448958126687,0.0349340654829776,COMPLETE,9.592586894168205,241.60322028086125,299.38812163826225,1894.7556198845257,110.34109236757739,7183.9914953358,8279.16282806147,2.3175998844550234,81.0692415891714,35.19532452964959,8.424559969133263,31.16159514753444,1.022377809942263,False
28,9.797694948691316,292.8699165435861,6276.54579411166,112.59663969621215,0.46484882617128653,0.5351511738287135,0.5409261230079053,0.16241077736896134,0.1272973669327913,0.17514048089603843,COMPLETE,9.58541333476632,241.57722331785325,299.3559069106845,1894.2926364281127,110.15706625343664,7173.057408639482,6140.555106707565,2.315617537766772,60.33234996882158,36.07098943143918,6.014238955108926,34.128231421315945,1.0221463182140564,False
29,9.799016336286778,292.8638563750787,6425.697789239018,112.6271120616199,0.40183603844955723,0.5981639615504428,0.5409261230079053,0.04632181433619634,0.2216055055083044,0.13390847032398392,COMPLETE,9.586246897707381,241.58379616835177,299.36405180776933,1894.390560946283,110.18160053477104,7174.5156503339595,6286.174385646516,2.315881916555235,61.73148516877099,34.86471067385023,2.6616403662356247,46.298348541188375,1.0221952804731413,False
30,9.80437249929548,292.8454237342192,7797.275766453166,112.74608093547322,0.40372007758203127,0.5962799224179687,0.5409261230079053,0.2732097403358619,0.09695624411305243,0.0335537882425993,COMPLETE,9.590406895759308,241.5957913010784,299.3789158491163,1894.6207561080193,110.28556821470194,7180.693411778457,7627.112013961408,2.3170019428802893,74.75737619454776,73.75610215024341,3.7142603406879773,33.58124036151169,1.0223103780540097,False
31,9.806989057354425,292.83629241670957,8555.704842378977,112.80431480514969,0.11396758127097084,0.8860324187290292,0.5409261230079053,0.02311482107799849,0.04427047564333943,0.04658223043022397,COMPLETE,9.592422594682448,241.60195270487722,299.3865508926718,1894.7366576178413,110.33627668862644,7183.705480477312,8368.51514399565,2.3175480300456646,81.9533044589561,39.2574294310428,8.640745338984608,37.81540605401946,1.0223683288089207,False
32,9.810089155240682,292.8252293495897,9279.349885922496,112.87351106802456,0.0034760652655953517,0.9965239347344046,0.5409261230079053,0.001543459717301193,0.0012614008251577212,0.0006712017011729161,COMPLETE,9.594779340119286,241.6098346938632,299.3963180384679,1894.8806184048663,110.3961865080152,7187.263237209614,9075.688626909638,2.3181930502903145,88.77677621744844,27.398718528639343,5.6409101607052285,53.227588329316184,1.0224403092024332,False
33,9.80885504757538,292.82944210405225,8865.46768525779,112.8461057279761,0.0599326836668414,0.9400673163331585,0.5409261230079053,0.012616960658367342,0.035237322390451124,0.01207836324718855,COMPLETE,9.59381679778262,241.60715359791536,299.39299569748744,1894.8285086791439,110.3721952711516,7185.838625742432,8671.111193558658,2.3179347686521266,84.85710197918895,38.548402928229685,6.662106827009472,37.11787324361176,1.022414254339572,False
34,9.802633738853924,292.85249966986805,7927.677341348802,112.70663701803252,0.25939531087168305,0.7406046891283169,0.5409261230079053,0.08946084698423679,0.04627273817553374,0.12366159845951646,COMPLETE,9.589195814176522,241.5892899893453,299.3708596009186,1894.516334594369,110.25261584950209,7178.735688982714,7755.0638331502005,2.316647008315708,76.06727514929786,47.341159225337705,19.630778397714593,39.8776941053963,1.0222581672971844,False
35,9.79801095277752,292.86751487084683,6324.111189120563,112.60463891135883,0.4812236474710556,0.5187763525289444,0.5409261230079053,0.11540377927080706,0.22791259658917862,0.13790681326359602,COMPLETE,9.58549124910293,241.58107009781943,299.36067373551026,1894.341953511142,110.16223456937935,7173.36461049023,6186.9406713088765,2.3156732333715695,60.77708654377723,51.541032219030384,2.0493022409340456,58.91116928367987,1.0221709767555711,False
36,9.805820788423157,292.84028118133944,8321.220090508952,112.77837823908855,0.1424202471887338,0.8575797528112662,0.5409261230079053,0.004571669172537998,0.0755477661935641,0.062300687885317854,COMPLETE,9.591511376179799,241.59941248639666,299.3834031232068,1894.6873081494932,110.31356999144927,7182.356792653704,8139.357110833656,2.3173035133416295,79.74259814237051,31.818245856875826,6.610949593186129,43.609545660143354,1.0223436540747466,False
37,9.80961949710738,292.8268081199713,9103.457209978214,112.8630994868072,0.025739375624994676,0.9742606243750054,0.5409261230079053,0.005027907813659152,0.016388785543871163,0.004322664223424842,COMPLETE,9.594409918084379,241.60887272139277,299.3951259884172,1894.8614517954575,110.38703809268797,7186.720017598707,8903.739861676273,2.318094564735317,87.1094976725364,33.92433094702333,4.703641454624412,33.01963580657906,1.0224307258977288,False
38,9.808755491392402,292.82974030607687,8776.7183542288,112.84392620989794,0.07244743604561155,0.9275525639543885,0.5409261230079053,0.02065014801404926,0.041584866649758696,0.010212379191525622,COMPLETE,9.593733836871529,241.60703666985546,299.39285080342444,1894.8254367229745,110.37022934411553,7185.7218813367035,8584.3203988056,2.3179136029258527,84.0103352335084,15.152053875375826,10.770929879448817,66.37697075283405,1.0224127183614873,False
39,9.801189913426084,292.8578807529189,7707.0907612658075,112.67425838525809,0.3360677737029393,0.6639322262970607,0.5409261230079053,0.148167632782192,0.04623067952147088,0.1416692668564498,COMPLETE,9.588127014905098,241.58507165295998,299.36563235351116,1894.4430696818622,110.22489210500876,7177.088381267475,7539.550379815775,2.316348351913529,73.99092579194397,32.51477733695862,14.043393175596318,66.30049834482251,1.0222215348409311,False
40,9.805853652260106,292.8402857683775,8124.525270311555,112.77902044410085,0.1838915663596266,0.8161084336403734,0.5409261230079053,0.06453984520354852,0.06466476740531292,0.05468685168014983,COMPLETE,9.591551901570286,241.5992051938402,299.3831462519241,1894.6855217777083,110.31429453860223,7182.399829972682,7946.968063086649,2.3173113159948477,77.8561453735402,41.415172892603145,14.30838354274664,28.593472137715167,1.0223427608888542,False
41,9.809434225340471,292.8275629626526,9053.004300860099,112.85889364087848,0.04514488502720415,0.9548551149727958,0.5409261230079053,0.02808697822082614,0.010786203496471896,0.006271669684987754,COMPLETE,9.594281022697349,241.60817818613026,299.39426533926104,1894.8503024112244,110.38352637139135,7186.5114908626665,8854.442097971745,2.3180567588996692,86.63323511086278,50.58673801301529,2.7038175880004895,30.282968209644793,1.0224251512056122,False
42,9.809869620730797,292.82593986530725,9166.129072986701,112.86866481894705,0.020387570777381958,0.979612429222618,0.5409261230079053,0.009374660864507132,0.010749724090247,0.0002631699573835878,COMPLETE,9.59460315942137,241.60945054195543,299.3958420079002,1894.8724053997062,110.39188999852037,7187.008119450285,8964.988767790644,2.3181467975159067,87.70052510088263,34.28026871889933,16.698853895371382,35.56574170763876,1.022436202699853,False
43,9.804735475868238,292.8433561898887,7518.343617502327,112.7547574323452,0.2560465291496405,0.7439534708503595,0.5409261230079053,0.05544116780415323,0.15792406240030274,0.04268105416725103,COMPLETE,9.590584428370635,241.59855751629385,299.3823436675719,1894.6586022149197,110.29201384544218,7181.076317820329,7354.131011757094,2.317071363632575,72.07285826761775,53.76534873943204,3.631702773516898,52.57586199695088,1.02232930110746,False
44,9.803675259654558,292.8465482216339,6739.82413730374,112.7315443428316,0.345468869051233,0.654531130948767,0.5409261230079053,0.0914484503816301,0.22150162046322677,0.03251856174376351,COMPLETE,9.589702868163167,241.5972733550858,299.3807523700242,1894.6254476145987,110.27109583748164,7179.833632955567,6592.722540127714,2.3168460652336673,64.63208959545261,49.400185743804016,0.19341130928781514,53.68188340855497,1.0223127238072993,False
45,9.80488424040281,292.84369004412173,8026.969029048301,112.75743006161716,0.17053317552512925,0.8294668244748707,0.5409261230079053,0.010102283591633409,0.08232332146825302,0.07810748143756942,COMPLETE,9.590807795744672,241.59687180314222,299.38025477780667,1894.6420049733706,110.2955234093273,7181.284800700147,7851.710968984856,2.3171091615171027,76.9508342828561,43.87823484240575,5.96988914543946,27.055892785794235,1.0223210024866853,False
46,9.80721572946686,292.83535981036255,8512.4265577324,112.80946614956852,0.1289708138575778,0.8710291861424222,0.5409261230079053,0.04188070364212335,0.05185858807050412,0.0352314586878048,COMPLETE,9.592579153059686,241.6028242617583,299.3876309021899,1894.7505458088842,110.34056587566982,7183.960226000032,8326.127189627392,2.3175942153336853,81.53025144163914,31.68128383624537,13.536917065399681,55.24851633981117,1.0223752729044422,False
47,9.800042892402022,292.86247099535666,7905.002255027208,112.64830291992418,0.26482528917800324,0.7351747108219968,0.5409261230079053,0.05198025308654233,0.020010169908211476,0.19283465125763144,COMPLETE,9.587318087474294,241.5809670154759,299.36054599868135,1894.3762902173132,110.20310053385514,7175.793413594873,7733.412183318681,2.316113574657003,75.92845669300341,40.534104394092516,-0.5230468449647896,43.0630532996559,1.0221881451086565,False
48,9.800307716817935,292.8603350795605,7194.074180967794,112.6551001944292,0.4502090285816652,0.5497909714183348,0.5409261230079053,0.2157110197568731,0.11551460056663303,0.11898306753706728,COMPLETE,9.587367635624531,241.5844847188858,299.36490504081314,1894.4209691932886,110.20734172853057,7176.045457060518,7037.762074810371,2.3161592700628746,69.08316349307268,69.51608729425396,0.06086312911263825,42.615587472900856,1.0222104845966442,False
49,9.801376724460129,292.85623568379793,7236.562274139937,112.67915717965874,0.3629778394351197,0.6370221605648803,0.5409261230079053,0.1269975990050408,0.12557859498518292,0.11040150388191902,COMPLETE,9.588144320528171,241.5878831503799,299.3691162844396,1894.4783467590132,110.22778241528665,7177.260129055351,7079.128312228512,2.3163794897367387,69.46363374226985,54.22496481921257,11.790228539967224,39.1190057748051,1.0222391733795066,False
50,9.796441956237064,292.87607766040423,7046.988306471987,112.56743760227376,0.41622132040021087,0.5837786795997891,0.5409261230079053,0.16368933604796834,0.005248124799370673,0.24728360459762624,COMPLETE,9.5846757562326,241.56999861597362,299.3469542571452,1894.1884953420067,110.13410735729677,7171.692659592395,6894.656067705711,2.3153701091676653,67.77811109285564,48.959707543122775,0.8439180314898533,31.020802485762324,1.0220942476710033,False
51,9.80537266609131,292.8408117158284,7546.2515565681615,112.76917779730934,0.2560465291496405,0.7439534708503595,0.5409261230079053,0.06067470060686314,0.17283177076295514,0.022539789895352588,COMPLETE,9.59103440971472,241.60082348641248,299.385151595946,1894.695545281224,110.30412626227857,7181.795832732381,7381.296031072697,2.3172018114735944,72.32092311551736,61.62778849870043,3.216496299633414,78.0848262849448,1.022347772640612,False
52,9.799216461761045,292.8642168958134,7324.7045856877085,112.63077149075622,0.4537832369630465,0.5462167630369534,0.5409261230079053,0.1827226004221574,0.13039191974529202,0.1406679100582517,COMPLETE,9.586536125432847,241.58173864876687,299.3615021856118,1894.370632634234,110.18625457912005,7174.792254458343,7165.730585994187,2.3159320648012804,70.36654267922799,68.89765280704329,8.606994196980356,56.71871734332056,1.022185316317117,False
53,9.806301275612226,292.8379696563741,7490.298276354745,112.78954704272397,0.3005575058716044,0.6994424941283957,0.5409261230079053,0.17835856632839525,0.12037317174834104,0.0018255692998095446,COMPLETE,9.591800591811651,241.6020586586931,299.3866821877509,1894.7258430254876,110.32241552328053,7182.882198273859,7326.457287077364,2.317398769225366,71.7593461185842,39.7765492647229,18.87155601841236,55.11263777654648,1.0223629215127439,False
54,9.793670323174213,292.8845695455491,6743.604555113431,112.50669553265317,0.4812236474710556,0.5187763525289444,0.5409261230079053,0.07019388303595568,0.15333946878688937,0.25768878449085103,COMPLETE,9.582389014143633,241.56628898612257,299.3423573850018,1894.0978358776144,110.07956033997704,7168.4496570687315,6598.1230807556985,2.314782153768067,64.91876712806562,19.37225417304196,13.313154215467542,59.31001919991034,1.0220489179388073,False
55,9.80595594155037,292.83972707612475,8531.6468983302,112.78144792114492,0.1424202471887338,0.8575797528112662,0.5409261230079053,0.004834736861811096,0.0798950134532016,0.05769036580467885,COMPLETE,9.591604979910683,241.59992750595558,299.38404132139874,1894.6955357499892,110.31612868443709,7182.508775640176,8345.151392137033,2.3173310678121832,81.75435476529178,19.84421856068742,19.760733149360863,64.45268674661109,1.0223477678749946,False
56,9.805800729977515,292.83954198047434,7469.67973711299,112.77853705718407,0.3317508845540279,0.6682491154459721,0.5409261230079053,0.18532912479748337,0.14526073937250308,0.0011607910504798924,COMPLETE,9.591392750299601,241.60129650013894,299.38573774165593,1894.7084141500131,110.31258665218161,7182.298383142032,7306.35203085242,2.317292923714417,71.57426593940738,58.53528295910548,7.766246730413226,65.51050543103594,1.0223542070750065,False
57,9.807870117970939,292.8333718223717,8855.521561004402,112.82381142141239,0.08040402570874933,0.9195959742912507,0.5409261230079053,0.028305520650328726,0.012818241003445831,0.0392802101146723,COMPLETE,9.593120933535793,241.60365940485528,299.38866578873996,1894.7714953085647,110.35346656608864,7184.726401114223,8661.624618029082,2.3177331226555693,84.79742763657258,25.063460271301057,6.865123761853631,54.25792671346767,1.0223857476542824,False
58,9.803690383645652,292.84730701860224,7522.296370136812,112.73127396407806,0.27436689468329306,0.7256331053167069,0.5409261230079053,0.05550628662085295,0.15253071320534656,0.06632967440360044,COMPLETE,9.58981798999215,241.59537178122397,299.37839599155376,1894.6040569021636,110.27198501687447,7179.8864591461925,7358.193724347835,2.3168556426064235,72.14087478224937,35.55379938778928,17.932610436487472,41.9331918667847,1.0223020284510818,False
59,9.802396698352478,292.85349306946927,7805.161438969601,112.70123870086574,0.2733551396716398,0.7266448603283602,0.5409261230079053,0.10761197724285929,0.03701763482749585,0.1287253625424324,COMPLETE,9.58903437012027,241.58833492187068,299.36967610735036,1894.5013168160187,110.24814488882772,7178.470044149672,7635.271618337602,2.3165988469859453,74.89893615155107,48.10727183264066,13.925570010402552,34.55173277380303,1.0222506584080093,False
60,9.795235293414573,292.8804060532428,7692.813252838596,112.54051872421832,0.35608961067376793,0.6439103893262321,0.5409261230079053,0.05142120490467598,0.019146373324317123,0.2855217028100877,COMPLETE,9.58376073927946,241.56687486105426,299.3430833852393,1894.1318517621946,110.11082149832944,7170.308333211967,7526.729008411874,2.315119131203806,74.0241724510117,43.292252471577484,5.036505673600304,50.05172786458485,1.0220659258810973,False
61,9.807805222873165,292.83355534311175,8878.815904265231,112.82239897016291,0.07244743604561155,0.9275525639543885,0.5409261230079053,0.013039050252333031,0.017883748515786887,0.041524582318164326,COMPLETE,9.593065468760962,241.60360910063292,299.3886034531195,1894.7697880956794,110.35217717612687,7184.6498258969805,8684.416168466756,2.317719239591303,85.02267378454678,34.23209230976132,14.432663810726863,41.7671194022525,1.0223848940478397,False
62,9.79952590768735,292.86302503403573,6600.31877659703,112.6377382371092,0.3803925243084487,0.6196074756915513,0.5409261230079053,0.09735886477490326,0.1337315852917591,0.1493019007822815,COMPLETE,9.58676030425783,241.58273492784838,299.3627367474794,1894.3873835742036,110.19216724003118,7175.143653812216,6457.01380240147,2.3159957734003385,63.40137568649034,44.00330581958688,-0.34313278387553137,26.117529082664113,1.0221936917871017,False
63,9.80209131192645,292.85407257009814,7490.226568854437,112.6948079048714,0.37324570255901207,0.6267542974409879,0.5409261230079053,0.18816827756342094,0.08392744871179898,0.10114968663054667,COMPLETE,9.5887370726551,241.58877665200959,299.37022348729175,1894.5010093935705,110.24187064431763,7178.097247263032,7327.192830368082,2.316531259020517,71.88037089856084,59.47038827784043,11.185522448827536,38.51410333533693,1.0222505046967851,False
64,9.805606632620758,292.8417983594911,8649.623023831982,112.77303613805533,0.14046725484369038,0.8595327451563096,0.5409261230079053,0.042361537322193846,0.013963027077002496,0.08414259136268551,COMPLETE,9.591444558026312,241.5970707717967,299.3805013343371,1894.6568967372552,110.30998532615618,7182.14386537693,8460.708530252237,2.317264909689247,82.9009046925092,53.23097365460808,15.362515534280163,46.15782286828783,1.0223284483686277,False
65,9.804243878838168,292.84587592360316,7647.30470935221,112.74321624112835,0.3005575058716044,0.6994424941283957,0.5409261230079053,0.14129363454964614,0.09922436043294072,0.060039311342192876,COMPLETE,9.590308229476689,241.59548046991443,299.37853067561485,1894.6149684123664,110.28307821562404,7180.545489169584,7480.43502321643,2.3169751245549954,73.32580906523393,56.767045286859094,9.476025703226732,34.115494262115156,1.0223074842061832,False
66,9.799719948878714,292.8635795545129,6685.518621025109,112.64113315230378,0.40372007758203127,0.5962799224179687,0.5409261230079053,0.20924489145570602,0.027926267125039043,0.1665486854928352,COMPLETE,9.587066885023857,241.5802503199019,299.35965788907157,1894.3624867553697,110.1968304369327,7175.4207889431,6540.443452996214,2.3160460179177056,64.21973007490341,25.765602276763207,1.1265677540709356,33.82135587876979,1.022181243377685,False
67,9.79919179366433,292.86352300293873,6097.671446468121,112.63080609675417,0.4812236474710556,0.5187763525289444,0.5409261230079053,0.1677508939331787,0.19529936843033563,0.11817299234745031,COMPLETE,9.586417667265549,241.58354329667148,299.3637384560793,1894.390748198951,110.18520426780314,7174.72983173415,5965.27004618857,2.315920747579823,58.57575708976433,26.045070515637676,13.451872510834757,45.141207957526646,1.0221953740994756,False
68,9.802957110554283,292.85102002393285,7877.030719140028,112.71409469520894,0.25939531087168305,0.7406046891283169,0.5409261230079053,0.08034413225003491,0.06943334311086456,0.10961771333536212,COMPLETE,9.589400185802239,241.5908899656775,299.37284224795536,1894.540204937579,110.2586238441324,7179.092649350776,7705.430003398264,2.316711725124996,75.57023795975412,19.29805137320573,1.4812472228260627,72.66307927170841,1.0222701024687895,False
69,9.803522142537178,292.8469721506279,7077.258046026322,112.72821979350688,0.29620728443102123,0.7037927155689787,0.5409261230079053,0.017871892889503988,0.23375414518281595,0.044580861606621724,COMPLETE,9.589570824371025,241.597176372916,299.3806321923642,1894.6216670348613,110.26804773812938,7179.652543650423,6922.804507192628,2.316813233796136,67.87262903761531,29.5277885365865,13.665414768689773,32.12782544373119,1.0223108335174307,False
70,9.808843581589114,292.8297932648822,9076.489001190881,112.84561769868354,0.04683738391404624,0.9531626160859538,0.5409261230079053,0.016153383888844457,0.00835517803077685,0.022328799017258122,COMPLETE,9.593847640196886,241.6063841862977,299.39204226359396,1894.8195446613986,110.37220178504273,7185.839012560977,8877.545233649314,2.3179348387822145,86.87952186797376,64.37702638561726,-0.4155177586912999,44.54421128530476,1.0224097723306993,False
71,9.803505185918894,292.8489702963578,7566.727335257924,112.72639237498957,0.2560465291496405,0.7439534708503595,0.5409261230079053,0.08945857986633805,0.07011752453262998,0.09647031405110076,COMPLETE,9.589804975030502,241.59250793467385,299.3748471910108,1894.5682078926143,110.26914332310722,7179.717633253963,7401.785184811352,2.316825034522031,72.57744089931792,37.589206808102574,0.9638336770619289,29.531850231266638,1.022284103946307,False
72,9.803711295234798,292.8471424261993,6988.500761455099,112.73180780277089,0.43155171293779676,0.5684482870622032,0.5409261230079053,0.2440376427709422,0.15987910817833853,0.027634527198640655,COMPLETE,9.589822420294285,241.59563971270705,299.3787280049406,1894.6074735415068,110.2723229388434,7179.906535052233,6836.031709646617,2.3168592823622585,67.01702044961988,52.1910251474087,15.855022084228558,39.73559346047784,1.0223037367707535,False
73,9.807090553468917,292.83637850617976,8928.920070162441,112.80624459554109,0.07800932022121826,0.9219906797787818,0.5409261230079053,0.011264954436552593,0.004194437363408521,0.06254985620747418,COMPLETE,9.592556921259863,241.60114092128063,299.3855449525776,1894.7291861742488,110.33856743308394,7183.841534107945,8733.596733040942,2.31757269652871,85.52839708753893,29.11545996037578,0.8423877890920548,49.65838347443264,1.0223645930871244,False
74,9.797694948691316,292.8699165435861,7204.141128154128,112.59663969621215,0.46484882617128653,0.5351511738287135,0.5409261230079053,0.16241077736896134,0.1272973669327913,0.17514048089603843,COMPLETE,9.58541333476632,241.57722331785325,299.3559069106845,1894.2926364281127,110.15706625343664,7173.057408639482,7048.052710047963,2.315617537766772,69.2487202397752,55.70472336739139,9.825078568575305,64.3571829226569,1.0221463182140564,False
75,9.800551867969489,292.8584449320784,6678.719499303152,112.66130773431352,0.46974947078209456,0.5302505292179054,0.5409261230079053,0.1851047935324752,0.19718269797909216,0.08746164947841321,COMPLETE,9.587423404980983,241.58753866376088,299.368689406016,1894.460008489409,110.21130984856549,7176.281268111099,6533.480206578226,2.316202022536689,64.12369073995339,57.07868172656214,8.59828067214026,52.641687835490856,1.0222300042447043,False
76,9.807905969081,292.83306353571,8493.951877946254,112.82474651230447,0.12199482168954179,0.8780051783104582,0.5409261230079053,0.06920127348338556,0.02795741836251927,0.02483605872285297,COMPLETE,9.593125192625529,241.60418092841016,299.38931204650635,1894.7780618188076,110.35402679540499,7184.759672279396,8307.945039659686,2.3177391547079877,81.3318304937156,23.413902301842885,6.2307640182720885,55.05732849165459,1.0223890309094037,False
77,9.806442391789808,292.83808574954105,7889.048642188309,112.79223271599999,0.194338644844741,0.8056613551552589,0.5409261230079053,0.09221526434547131,0.06524392129222402,0.036879355832099815,COMPLETE,9.591986892508022,241.60093858739168,299.38529422594047,1894.715553030893,110.32559765959371,7183.071205324941,7716.524316053965,2.3174330361478965,75.58114022454971,25.480497858187274,5.977926608149872,29.374199374796376,1.0223577765154466,False
78,9.797997738020733,292.86817154001136,6738.44126129425,112.60388846546789,0.44360637128816327,0.5563936287118367,0.5409261230079053,0.10578220958254914,0.17804794259941487,0.1597759950933527,COMPLETE,9.585558909506313,241.57958072663837,299.3588281473604,1894.3247661445675,110.16242656770216,7173.376022629389,6592.3393121166455,2.315675302389028,64.76264676714685,65.33216357109586,1.736086981648246,49.694580066958,1.0221623830722837,False
79,9.801551967324562,292.8560710164621,7129.102777845813,112.68272161262408,0.3360677737029393,0.6639322262970607,0.5409261230079053,0.12846130047560841,0.08477908571157805,0.12282721884717089,COMPLETE,9.588336329844255,241.58722880366602,299.3683054358369,1894.4739588069438,110.23150588660985,7177.481381637833,6974.021603098347,2.3164196027645874,68.43022757347971,33.54795768808722,12.021525705165983,31.90310055927626,1.0222369794034718,False
80,9.7995297415232,292.8630040092401,6407.96605379822,112.6378292323333,0.46484882617128653,0.5351511738287135,0.5409261230079053,0.2009823004713672,0.13429105976231526,0.12957524133304726,COMPLETE,9.58676228368462,241.58276221728156,299.3627705638007,1894.3877612780036,110.19223590139305,7175.147734418127,6268.8362503133185,2.3159965132129847,61.551738949784365,27.129587543325812,13.09260847204976,51.31564662352663,1.0221938806390019,False
81,9.796816099454286,292.87203962138614,6646.5639981767135,112.57780107195853,0.44360637128816327,0.5563936287118367,0.5409261230079053,0.04617542310574507,0.22090516371273738,0.17652553697325302,COMPLETE,9.584615689149947,241.57740777756447,299.3561354881281,1894.2793779503452,110.13935011645263,7172.004317912384,6502.598490076004,2.315426612729019,63.90630824461469,31.12492970952784,19.9273018351969,47.9373347579503,1.0221396889751726,False
82,9.794994796874448,292.87948899762404,6416.057803570958,112.53648502396462,0.46484882617128653,0.5351511738287135,0.5409261230079053,0.0710141075489534,0.16576658553999488,0.2280678713747247,COMPLETE,9.58335141431005,241.57050498875438,299.34758174048545,1894.1689704185046,110.10487552888048,7169.954827041778,6277.4241233662715,2.3150550406395722,61.73468175525798,46.83672560961183,9.196908203159683,40.104684537320395,1.0220844852092523,False
83,9.8036255593736,292.8490130648721,7801.182684801281,112.72872464933748,0.24625884690943195,0.753741153090568,0.5409261230079053,0.11130366132535145,0.02853295654766453,0.1064220828956666,COMPLETE,9.589956734647872,241.59168642663408,299.3738292006519,1894.5609569756987,110.27181582894458,7179.876407699107,7631.156858576365,2.316853820282036,74.82531989518876,43.161200593972225,11.127032825865042,23.779986441094508,1.0222804784878494,False
84,9.808763250621345,292.83009308939603,8987.646069762557,112.84381477201721,0.0599326836668414,0.9400673163331585,0.5409261230079053,0.03014456948138572,0.008331459030616903,0.021456613429485856,COMPLETE,9.593788249439184,241.60614855475612,299.39175027541376,1894.8154567503045,110.37065902402041,7185.7473974898285,8790.667187195517,2.317918228996877,86.03161351316017,60.572130609706036,8.560812969926097,20.722797180694236,1.0224077283751523,False
85,9.797207504693484,292.87245471208587,6611.574314449907,112.58517331240218,0.4502090285816652,0.5497909714183348,0.5409261230079053,0.17683784150108436,0.06807499087676046,0.20529546502264842,COMPLETE,9.585144425943763,241.57407528129778,299.35200594963726,1894.2482803234004,110.14823825077761,7172.532660781092,6468.465086250634,2.3155224011350506,63.56790863094537,25.36135323871786,6.294353222082902,46.97513507579753,1.0221241401617003,False
86,9.809820551998321,292.82618019237543,9224.650471278956,112.86752064874754,0.01215798321572692,0.9878420167842731,0.5409261230079053,0.0016540319877482068,0.00572241779313519,0.004781524569369624,COMPLETE,9.59457417491879,241.60917019046107,299.3954946039741,1894.8683543751647,110.39098962753094,7186.954656688332,9022.243854028113,2.3181371047329566,88.26286318888424,56.68918588740195,8.229096373035953,41.583957610677274,1.0224341771875824,False
87,9.810080014065987,292.82527492911595,9288.645346347523,112.87329730756262,0.0027610585618011996,0.9972389414381988,0.5409261230079053,0.0011647697075644564,0.00025297720659870124,0.0013433102192814488,COMPLETE,9.594774043641237,241.60978053874382,299.39625093092087,1894.879841764995,110.39601936721955,7187.253312828748,9084.783522859929,2.318191251002995,88.86613961043128,31.032998011094172,15.931750193326724,52.70541209014223,1.0224399208824975,False
88,9.799021072566495,292.86397825837713,6819.492840553876,112.62711391037175,0.44360637128816327,0.5563936287118367,0.5409261230079053,0.10638266017120876,0.21009665770813904,0.12712663089038612,COMPLETE,9.58626819423231,241.5834767830172,299.3636560341729,1894.387007336638,110.1817938640676,7174.527140600131,6671.430424944926,2.3158839997370975,65.51418524758255,51.878785820330705,12.634867476469616,61.04283953488128,1.022193503668319,False
89,9.80423321409698,292.84487129623614,6848.323144414967,112.74375810955907,0.345468869051233,0.654531130948767,0.5409261230079053,0.13049280101662053,0.18788924527157067,0.027086625799401343,COMPLETE,9.590167179694733,241.59794217145324,299.38158114902694,1894.6428159991806,110.28210622153404,7180.487745774135,6698.796573002715,2.316964655694457,65.65956461681381,35.198904688207264,6.030104930875643,59.73719316654059,1.0223214079995904,False
90,9.800133742489672,292.8606188416875,7198.486214190317,112.6514720219676,0.345468869051233,0.654531130948767,0.5409261230079053,0.06016395734008794,0.1457259689879545,0.1395787871543812,COMPLETE,9.587192346923903,241.58484717208924,299.3653541829381,1894.4220555633458,110.20373382826395,7175.831048979035,7042.074501790438,2.3161203979410345,69.13111348461938,35.84488065469415,5.592243467791905,56.133973176646066,1.022211027781673,False
91,9.806964549148644,292.83625636013903,8453.684708886329,112.80386024044665,0.15230688458668534,0.8476931154133147,0.5409261230079053,0.0615055850892681,0.055256130207291525,0.035545088533821836,COMPLETE,9.592388212392837,241.60218515919215,299.38683894371945,1894.7388767019638,110.33571232566601,7183.671961193369,8268.718128469876,2.317541953009387,80.97512448962858,46.22885760195636,13.644504624903272,53.39980817691094,1.0223694383509818,False
92,9.80213922106394,292.8527812845395,6863.8287102348995,112.6967145244999,0.45743219511022426,0.5425678048897757,0.5409261230079053,0.2236469395013299,0.1773466683007938,0.05643806420755603,COMPLETE,9.588630660811367,241.59157328958065,299.37368900430073,1894.533691578127,110.24197350106955,7178.103358787673,6714.3219390401655,2.3165323670381293,65.86116258233122,49.98339568687102,15.150884570199663,64.80290302095531,1.0222668457890636,False
93,9.80017222007962,292.86142431212613,7472.701432509155,112.65162508349275,0.25939531087168305,0.7406046891283169,0.5409261230079053,0.013627113750096627,0.06692207794183802,0.17884593514061217,COMPLETE,9.58734182309865,241.5826935638482,299.36268549033844,1894.398207742672,110.20516908775551,7175.916343108471,7310.416732129851,2.3161358617415067,71.77005003481949,32.336037652420885,3.672477670022643,28.191174854770793,1.022199103871336,False
94,9.805576624798178,292.8407814772118,8133.027150857298,112.77320727766089,0.194338644844741,0.8056613551552589,0.5409261230079053,0.036197229420837224,0.11055134986964571,0.04758993215695357,COMPLETE,9.591278427176704,241.599677168254,299.3837311097461,1894.6860549922656,110.30857964949293,7182.060367984873,7955.282064940833,2.317249771636731,77.94335901514629,47.42190426732237,12.964121101373525,63.99740146795807,1.0223430274961327,False
95,9.803016342695287,292.8490347608021,6960.12803916905,112.7167427901036,0.29620728443102123,0.7037927155689787,0.5409261230079053,0.01668721696586948,0.21825926114563143,0.06126044707153974,COMPLETE,9.58921905596355,241.59527533147374,299.3782764736536,1894.591177964336,110.25846536453139,7179.083233529215,6808.332261414516,2.3167100180393283,66.76358882790947,38.01957154683271,8.641086464914016,24.67953964802086,1.022295588982168,False
96,9.8076540438135,292.8333756464036,7970.214085886212,112.81956279947529,0.1850793501277222,0.8149206498722779,0.5409261230079053,0.09990297129172983,0.08223356246017656,0.002942625996117197,COMPLETE,9.592858833059697,241.60494092455173,299.3902538129986,1894.7823145303794,110.34872709703215,7184.444927977095,7795.660231653279,2.317682091658952,76.31999918710065,30.703460194460142,6.114351351089743,62.80702467506746,1.0223911572651896,False
97,9.800307716817935,292.8603350795605,6246.32435479371,112.6551001944292,0.4502090285816652,0.5497909714183348,0.5409261230079053,0.2157110197568731,0.11551460056663303,0.11898306753706728,COMPLETE,9.587367635624531,241.5844847188858,299.36490504081314,1894.4209691932886,110.20734172853057,7176.045457060518,6110.6048596815735,2.3161592700628746,59.98212358924068,34.1645414867903,-1.8685682163437378,31.992322300226625,1.0222104845966442,False
98,9.808810237538788,292.82958625524293,8890.89248772388,112.8451172996617,0.0599326836668414,0.9400673163331585,0.5409261230079053,0.009941385554100096,0.037229896878048924,0.01276136175063922,COMPLETE,9.593780723563361,241.60707727297046,299.3929011176972,1894.826856100076,110.37131771135047,7185.7865129481,8695.985639273853,2.3179253206179076,85.10191886563142,33.39832711518926,7.365779982318919,63.60197547631191,1.0224134280500379,False
99,9.79869583292164,292.8652540970361,6228.673985631539,112.61977462644509,0.4641592812938627,0.5358407187061374,0.5409261230079053,0.12801069256806416,0.20455951941699188,0.13158877034703273,COMPLETE,9.586035517987112,241.5823744274899,299.3622900252666,1894.368772582888,110.17559663089501,7174.158811508472,6093.493570401326,2.31581722178158,59.84557966621782,32.90005844185321,13.269725259660879,39.07255248732347,1.022184386291444,False
100,9.798627792045684,292.8660495037712,6689.994073131839,112.61784404974313,0.46484882617128653,0.5351511738287135,0.5409261230079053,0.16038209738046433,0.15987857294932448,0.14458798992694968,COMPLETE,9.586054224806949,241.58088159448536,299.3604401473195,1894.350587270544,110.17468799233853,7174.1048062347345,6544.85988341539,2.315807430641404,64.28188457094919,45.73393420409107,17.2298344546725,44.84982272993427,1.0221752936352722,False
101,9.796441956237064,292.87607766040423,7229.584853144986,112.56743760227376,0.41622132040021087,0.5837786795997891,0.5409261230079053,0.16368933604796834,0.005248124799370673,0.24728360459762624,COMPLETE,9.5846757562326,241.56999861597362,299.3469542571452,1894.1884953420067,110.13410735729677,7171.692659592395,7073.305489800662,2.3153701091676653,69.53432927959621,45.74427312290119,6.500565056725161,40.22549855185678,1.0220942476710033,False
102,9.799476677776438,292.8623831101765,6241.216889272231,112.63725172444529,0.42650472773368003,0.57349527226632,0.5409261230079053,0.10228146043112676,0.2019971388899594,0.12222572218283854,COMPLETE,9.586618617677763,241.58456224272447,299.3650011062398,1894.4073282953311,110.19061628815874,7175.051479030466,6105.649107094804,2.315979062139635,59.94891130205139,23.507448354369615,9.910528685145387,36.06046849706202,1.0222036641476655,False
103,9.799672671315143,292.86068033878973,5750.163974120909,112.64237307050415,0.46974947078209456,0.5302505292179054,0.5409261230079053,0.10038416646498535,0.28265961372194653,0.08670521784115072,COMPLETE,9.586639759647722,241.58745658670912,299.36858769837187,1894.443708537818,110.19366549452785,7175.232696130348,5625.162434267671,2.316011916746314,55.22368332706489,35.56283031971188,3.255659659801109,39.81187699399181,1.022221854268909,False
104,9.805394992617995,292.8424863979825,8450.791083367614,112.7683637940829,0.14722444603479284,0.8527755539652071,0.5409261230079053,0.038819320054781,0.02260720190176336,0.08579782327443383,COMPLETE,9.591275071420212,241.5966930291279,299.3800332459236,1894.6488959191277,110.30584666067111,7181.898026579196,8266.251580145983,2.3172203391878354,81.00146198221906,51.47571728540794,10.357577549948529,32.70245112524736,1.022324447959564,False
105,9.805485781740085,292.8415121714223,8126.806578774429,112.77087609580917,0.15846100257813883,0.8415389974218612,0.5409261230079053,0.01461909511459192,0.07698503416477208,0.06685678704673514,COMPLETE,9.591261188906932,241.59847593918605,299.38224257944466,1894.670787003678,110.30712309541723,7181.973847920297,7949.2568000970905,2.3172340855745803,77.88960414691766,53.506323490930185,2.9439006654270323,28.597920632364406,1.022335393501839,False
106,9.79790145198964,292.86821289325354,6269.295444182648,112.60196739328823,0.44360637128816327,0.5563936287118367,0.5409261230079053,0.08423298804931331,0.20402470759778368,0.15534845783581813,COMPLETE,9.585447138542706,241.58005771552817,299.3594192189843,1894.3285139182842,110.16034519566375,7173.252307972575,6133.354205549416,2.3156528729582915,60.254720997530875,39.84056311929209,8.238416569010035,36.020275238376364,1.022164256959142,False
107,9.803772906533547,292.8472181265129,6721.449388740708,112.73296135614025,0.38563517334297287,0.6143648266570272,0.5409261230079053,0.2082382271646759,0.134062677016536,0.04333389517154007,COMPLETE,9.589906952854744,241.59509085244864,299.37804787227674,1894.6023000494574,110.27373035177875,7179.990148973416,6574.8232686406745,2.3168744415414704,64.45682872517723,36.12820340389417,2.6526973260353084,42.35601223721121,1.0223011500247288,False
108,9.799618890189304,292.8618536908396,6471.897888064328,112.64043978656467,0.3803925243084487,0.6196074756915513,0.5409261230079053,0.0488997458327782,0.20206939618441389,0.12942312019268556,COMPLETE,9.586723979772144,241.58497629976708,299.365514194435,1894.4145280215362,110.1933470366907,7175.21377000656,6331.2971017941745,2.316008485445662,62.16223839213179,20.933642424050028,11.970897364304992,26.746576090582312,1.022207264010768,False
109,9.803167178506763,292.85005180296093,7887.202315227292,112.71894469224091,0.29620728443102123,0.7037927155689787,0.5409261230079053,0.11927228876378558,0.08511340506534808,0.09182106400359381,COMPLETE,9.589532053201188,241.59194604348852,299.3741509107777,1894.5559020232402,110.26252163679862,7179.324228626533,7715.320776920132,2.316753710379285,75.65962700623281,63.52727497147372,1.9858533142371217,56.85799392797445,1.02227795101162,False
110,9.79833785711763,292.8666722916858,6469.60869259527,112.61168645173754,0.44360637128816327,0.5563936287118367,0.5409261230079053,0.09954262499823728,0.1973408688694812,0.14672266662104028,COMPLETE,9.585781195510647,241.5811277850675,299.36074521997483,1894.3483232658245,110.16878598441734,7173.754012894033,6329.262600670848,2.3157438319123544,62.16985796072988,48.61854905205308,5.011116459211685,45.90713722126696,1.0221741616329123,False
111,9.801054475809229,292.8560620201058,6206.267402318843,112.67295901894886,0.4537832369630465,0.5462167630369534,0.5409261230079053,0.1458646549355063,0.24012125714624072,0.06779673976616997,COMPLETE,9.587730499758976,241.59022393694565,299.37201692331456,1894.4993684492101,110.22058579006882,7176.832487691842,6071.185443335607,2.3163019584838547,59.5742199805772,35.57853343616146,14.217286577841605,33.57175250438545,1.0222496842246052,False
112,9.79820922397882,292.86657832142976,6482.129095237959,112.60923146950549,0.4812236474710556,0.5187763525289444,0.5409261230079053,0.10791942355206534,0.2443407415274773,0.12896305376954334,COMPLETE,9.585612854512236,241.58212133268884,299.36197639709144,1894.3573869909646,110.16589583218814,7173.582229683108,6341.483281236684,2.3157126876669567,62.290155833116785,65.45475398355333,17.035617274240725,37.21475703642641,1.0221786934954824,False
113,9.796565594854552,292.8724010044625,6427.284210100515,112.57261388286713,0.4812236474710556,0.5187763525289444,0.5409261230079053,0.052232102856717214,0.2672697284837901,0.16172127863324998,COMPLETE,9.584357249259202,241.57804264274858,299.35692219575037,1894.2822278169465,110.13412174803425,7171.693515066549,6288.059566965077,2.3153702642648764,61.80078294477368,45.44755270548703,10.329525154683433,64.53544816162028,1.0221411139084733,False
114,9.804857012157367,292.8428191682812,6950.391159380682,112.7575465389353,0.29620728443102123,0.7037927155689787,0.5409261230079053,0.10259688911508083,0.16516301055888566,0.028447217934805116,COMPLETE,9.590663667098234,241.59911311433692,299.38303214951475,1894.66705381275,110.29428613198714,7181.211301582738,6798.55543856892,2.317095836148827,66.62373330930907,18.850318151282202,5.544168299196064,37.55656059799781,1.0223335269063751,False
115,9.795820150741902,292.8779018259766,6789.262330328654,112.55386957752292,0.44360637128816327,0.5563936287118367,0.5409261230079053,0.15314353488049517,0.045430502363340154,0.24503200973536032,COMPLETE,9.584152430831194,241.56935979624336,299.3461626491572,1894.1703575643883,110.12180972199393,7170.96159242134,6642.560200724173,2.315237566905501,65.31198925472485,15.896657906058428,18.707693458284716,50.74123606762025,1.022085178782194,False
116,9.7984542066009,292.8682282803004,7625.312252114581,112.612806797755,0.3803925243084487,0.6196074756915513,0.5409261230079053,0.14592447343869122,0.03366916649521973,0.20079860284622317,COMPLETE,9.586121035487984,241.57671544408794,299.355277567365,1894.3001231315259,110.17247959194074,7173.973548223099,7460.071215408309,2.315783633602666,73.28334238099349,56.608950276768724,8.250480922074244,47.37892039242074,1.022150061565763,False
117,9.798298762884988,292.86760729857014,6550.173534365246,112.6102197706345,0.4386865359639777,0.5613134640360222,0.5409261230079053,0.14072352017028683,0.1324118035457885,0.16555102227829943,COMPLETE,9.585852889671282,241.57912835050612,299.3582675751944,1894.3248765986418,110.16861464602042,7173.7438290418895,6408.153233710543,2.3157419855829686,62.948296909377135,53.726043793767886,4.6990410615878915,28.346556716246177,1.0221624382993209,False
118,9.80197646403924,292.8534214117849,6595.622850219044,112.69303947175753,0.3803925243084487,0.6196074756915513,0.5409261230079053,0.1269767291409854,0.17441451605302116,0.07900105288624396,COMPLETE,9.588514455503901,241.59101777531893,299.37300062617743,1894.524521400249,110.2388729430123,7177.919129146181,6451.9870328597,2.316498966258546,63.293521989779336,42.061257370210356,3.5683857922373092,26.48501478259419,1.0222622607001244,False
119,9.79574309586782,292.87847063455354,7028.264056915443,112.55193188440667,0.35608961067376793,0.6439103893262321,0.5409261230079053,0.06060468826841037,0.02256578757619369,0.27291874632392576,COMPLETE,9.584131289373332,241.56846161513164,299.3450496476185,1894.1587870836283,110.12053720639078,7170.885941916741,6876.436509066465,2.3152238514913637,67.61642011301947,53.99821588570606,4.80209301414342,24.769507661224345,1.0220793935418142,False
120,9.798860730017928,292.8645993400591,6424.042996222466,112.62350154047617,0.4812236474710556,0.5187763525289444,0.5409261230079053,0.15038751214671484,0.20801615134641882,0.12281956564353007,COMPLETE,9.58615247792849,241.58295220509743,299.3630059915209,1894.3782325764555,110.17873282532545,7174.345210734366,6284.5934219584005,2.3158510159061745,61.71824704833085,32.92929532128818,8.946753975610221,70.74924399541429,1.0221891162882277,False
121,9.799936195953961,292.86141713697776,6516.632661812774,112.64699627856105,0.3803925243084487,0.6196074756915513,0.5409261230079053,0.10226362980163632,0.14046874275579796,0.13765996955293078,COMPLETE,9.587054010162335,241.58412182590658,299.36445535372997,1894.4103445262683,110.19998659287126,7175.608356953596,6375.0730661880025,2.3160800239426034,62.587197669340156,22.50557321041415,10.354845940925218,25.96931872178534,1.0222051722631342,False
122,9.805573642134274,292.8407124326939,7395.572517635664,112.77320032340303,0.29620728443102123,0.7037927155689787,0.5409261230079053,0.15640815065198307,0.11740737256886993,0.02239156796127115,COMPLETE,9.591265999052249,241.59985977394,299.3839573897322,1894.6880824915502,110.30846346596151,7182.053466643519,7233.937128076576,2.317248520425582,70.87311160842536,38.7420815071829,11.71781926488478,33.310465468112284,1.0223440412457752,False
123,9.801775381512762,292.8529096763323,5723.749865765077,112.68947312541023,0.46484882617128653,0.5351511738287135,0.5409261230079053,0.14770347238113563,0.27987153577913915,0.037273472538961086,COMPLETE,9.588204818038703,241.59344117438283,299.3760036362072,1894.5486026898923,110.23408587807725,7177.634685308343,5599.035266987222,2.3164473966747674,54.925019624887,30.839723880625755,5.800665836156945,27.734560319240884,1.0222743013449462,False
124,9.800170176199199,292.8611089123182,6584.003411905078,112.65182085930539,0.4641592812938627,0.5358407187061374,0.5409261230079053,0.24568329639635145,0.09375932753794887,0.12471637401145964,COMPLETE,9.58729912096355,241.58345902139618,299.36363402445653,1894.4068871847728,110.20489273975329,7175.899920432284,6440.991226527813,2.316132884315165,63.2289347966616,43.992414262545644,12.153237906603591,28.05805326919362,1.0222034435923864,False
125,9.802154105104957,292.85272969378894,6122.013304793539,112.69704541244312,0.45662027627823565,0.5433797237217644,0.5409261230079053,0.22324997758251702,0.17703188700353692,0.05633788952011398,COMPLETE,9.588642173590808,241.5916075018025,299.37373139915303,1894.5343412860284,110.24226214909726,7178.120509611268,5988.662729864193,2.316535476477381,58.74283431800301,30.265724275739124,13.453194017469883,20.653389596148383,1.0222671706430142,False
126,9.801528236356031,292.8569383142567,7819.662132911731,112.68160685935426,0.2556711994304689,0.7443288005695311,0.5409261230079053,0.0773069144960635,0.019578928264079507,0.15878519295903604,COMPLETE,9.588418078520386,241.58529962980322,299.365914856198,1894.4515781624182,110.23162207699151,7177.488285733924,7649.642785807775,2.316420854475169,75.06532484256383,32.32300724562298,10.778316927624047,37.8922097274946,1.022225789081209,False
127,9.800338761700527,292.86048916087765,7659.094945207062,112.65559451509975,0.345468869051233,0.654531130948767,0.5409261230079053,0.10418831594562981,0.0930950667317672,0.14818530074663358,COMPLETE,9.58742501858586,241.58393115679303,299.36421908176436,1894.4152090268071,110.2081358206356,7176.0926474191865,7492.700026285739,2.3161678256609615,73.55173549265129,44.524823194217966,8.675611721570156,66.15136330401836,1.0222076045134036,False
128,9.7969656979181,292.8737407804188,6803.813355808032,112.57946516738197,0.4537832369630465,0.5462167630369534,0.5409261230079053,0.1989087860502111,0.03659948675876856,0.21827465812356792,COMPLETE,9.585014465509028,241.57244909073944,299.3499908186464,1894.225542521978,110.14387877033543,7172.27352008382,6656.6171044063085,2.315475419003181,65.42375254526887,52.904262043301834,-2.2171477327302056,28.59804398158426,1.022112771260989,False
129,9.800524731636562,292.85779173952193,6596.442321511383,112.66126330431182,0.40183603844955723,0.5981639615504428,0.5409261230079053,0.05432617304239292,0.25989869377771163,0.08761088044568309,COMPLETE,9.587307145939864,241.5892604663939,299.37082301688235,1894.4791394394815,110.21023509704212,7176.21739991601,6452.931892785051,2.3161904432517852,63.33281215697486,67.38192165184725,12.88905897419473,34.151092274513395,1.0222395697197408,False
130,9.795259755231992,292.8797568844378,6616.747190257006,112.54148433766913,0.4641592812938627,0.5358407187061374,0.5409261230079053,0.15148561875535518,0.06432715403123208,0.24834615472113147,COMPLETE,9.583707693118757,241.56827977811443,299.3448243201458,1894.148270979745,110.11088181360627,7170.311919093005,6473.842709154997,2.3151197813229794,63.66445871282375,45.433015577944985,16.34219887388759,31.864397589267227,1.0220741354898724,False
131,9.79297936724563,292.8864741814758,6008.960059311092,112.49171395410637,0.4812236474710556,0.5187763525289444,0.5409261230079053,0.015147948209548883,0.206559355181421,0.2595160179699971,COMPLETE,9.581791826126258,241.5658717037291,299.3418403000398,1894.0810121847016,110.0658078457232,7167.631901703227,5879.37564459713,2.314633894961856,57.858882638718846,31.108757762636195,0.720646265092864,42.22487982753075,1.0220405060923508,False
132,9.798709123189933,292.86570417686124,6733.428336684868,112.61969897490125,0.44360637128816327,0.5563936287118367,0.5409261230079053,0.13356010102307275,0.16340779254098006,0.14663827213091893,COMPLETE,9.586109058124011,241.5812200488614,299.3608595507521,1894.355861961689,110.17621840733297,7174.195766899407,6587.334878403915,2.3158239217830405,64.69750653928565,38.63015262018227,16.006120610057756,49.9880619882952,1.0221779309808445,False
133,9.80069388722357,292.8570971216886,6331.197786899592,112.66510425803331,0.38563517334297287,0.6143648266570272,0.5409261230079053,0.034395905525101904,0.26543904802997476,0.08579947930135345,COMPLETE,9.587424190300117,241.5899078419175,299.37162522697616,1894.4894671791458,110.21343574196187,7176.407600579957,6193.426660823026,2.316224926575976,60.782275389550364,56.03725252925243,0.777477265543641,45.211880668053844,1.0222447335895728,False
134,9.795022448604998,292.88064780652627,7722.842880431345,112.53616102706891,0.41622132040021087,0.5837786795997891,0.5409261230079053,0.08743862989489475,0.06377465542168423,0.26500768433611693,COMPLETE,9.583532797642933,241.5675706255107,299.34394555757905,1894.1360520024687,110.10633163759006,7170.041398042922,7556.094784264408,2.3150707359365077,74.31490573424847,54.67693735736204,8.992140566248542,63.93787552505182,1.0220680260012343,False
135,9.79878517949912,292.86488345348494,6345.194726413912,112.62180585278145,0.44500267090878315,0.5549973290912169,0.5409261230079053,0.10420729849713904,0.20774001606408327,0.1330550868937871,COMPLETE,9.586096866767198,241.5827253997954,299.36272494057596,1894.3743299672392,110.17728426925238,7174.259116351866,6207.468596532018,2.315835407020059,60.96327505070767,54.69254360224711,6.0327951590341335,33.92353072075016,1.0221871649836196,False
136,9.799239589337148,292.86175222862175,5698.02806251522,112.63306846879706,0.44360637128816327,0.5563936287118367,0.5409261230079053,0.02499113341978425,0.3268697426629163,0.09174495718799511,COMPLETE,9.586250011034165,241.5874860095546,299.3686241583596,1894.4364747545335,110.18495302703931,7174.714899801306,5574.17961660986,2.315918040424809,54.73077755152579,31.013545467518313,4.773368752088638,30.196274800909215,1.0222182373772668,False
137,9.799248784541623,292.8638324282496,6431.242389944691,112.63169360807277,0.44360637128816327,0.5563936287118367,0.5409261230079053,0.15477542361710897,0.15222640006632732,0.13660435607951915,COMPLETE,9.586526393902137,241.5824635983154,299.3624005233217,1894.379451304655,110.18668137775984,7174.817620125,6291.632784550329,2.3159366635891527,61.78163840769672,38.87005371484622,17.071223279080332,25.93061157181927,1.0221897256523276,False
138,9.80209147863505,292.8527353751711,6820.712148804771,112.69581124583071,0.345468869051233,0.654531130948767,0.5409261230079053,0.07075450575147164,0.19609117477609825,0.0786229791878063,COMPLETE,9.588566780550405,241.59196822323878,299.37417839531935,1894.537354324478,110.24089240283486,7178.039122141409,6672.132582344877,2.3165207209531364,65.45026654736671,19.887491306619783,4.843019924871477,60.719014026727486,1.022268677162239,False
139,9.801264769406153,292.85445479453847,5683.083543597382,112.6782903427691,0.4641592812938627,0.5358407187061374,0.5409261230079053,0.11261350753252719,0.3090905855678109,0.04245473646060091,COMPLETE,9.58778119896209,241.59280412403686,299.3752142207919,1894.5324243459318,110.22401895026547,7177.036496303967,5559.2990122574965,2.316338945184971,54.54452394636461,37.76292879296208,1.2841846085020454,50.019679861265985,1.022266212172966,False
140,9.805563806535188,292.8400941338549,7298.154950948601,112.77346952037435,0.289140070498087,0.710859929501913,0.5409261230079053,0.10588254076601912,0.17341678155775897,0.009840474388781455,COMPLETE,9.591175215290905,241.6013941433821,299.38585873849996,1894.705385196694,110.30779332497909,7182.013659971678,7138.588281505937,2.3172413034877355,69.93697979587634,42.80975618883288,10.449738493561819,27.074345976857032,1.022352692598347,False
141,9.794071636059204,292.8832789434594,6849.859925599002,112.5155352587326,0.46484882617128653,0.5351511738287135,0.5409261230079053,0.07120394341660591,0.1370771176677973,0.2565674706760132,COMPLETE,9.58271234990729,241.5669719554924,299.3432037020191,1894.1126224881327,110.0874130132581,7168.916572995144,6702.037696202103,2.314866805487605,65.93294585151894,31.303663191502267,7.057041342976429,58.62183324540014,1.0220563112440664,False
142,9.796545946934792,292.8739899121422,6561.49300470662,112.57104014053216,0.46484882617128653,0.5351511738287135,0.5409261230079053,0.12319730978736569,0.1438024700149242,0.19784881933770967,COMPLETE,9.584535949419502,241.57436460616893,299.35236447312724,1894.2400130030564,110.1348564008994,7171.7371872895155,6419.493760977283,2.3153781820260004,63.09817678343716,27.00081904223311,18.345171400115383,47.63385050800931,1.0221200065015281,False
143,9.792906250880293,292.8889085030564,6618.506490214364,112.48845890309336,0.4502090285816652,0.5497909714183348,0.5409261230079053,0.10354893809804591,0.0336450429691487,0.31301468613914574,COMPLETE,9.582013348495048,241.5604912199407,299.3351729512642,1894.0184948016938,110.06598931386553,7167.642692546165,6475.975150955253,2.3146358513384926,63.7391901064727,37.12998919700788,8.03931542182105,33.70403776759715,1.0220092474008469,False
144,9.804013423266522,292.84564176363654,6500.888071979552,112.73886458319139,0.43155171293779676,0.5684482870622032,0.5409261230079053,0.22794473179083272,0.19183953388113822,0.011767061463693496,COMPLETE,9.589998287728308,241.5974164244622,299.3809296576937,1894.6329872263013,110.27784965567845,7180.234872420703,6358.9779804917425,2.3169188098301756,62.33191317678767,45.64072305141606,4.960072846740214,27.256909092146458,1.0223164936131506,False
145,9.803051922226103,292.8496286052975,7095.91287599213,112.7169975107089,0.30592644736118974,0.6940735526388102,0.5409261230079053,0.0749786127410176,0.15702913636839103,0.07391816074703077,COMPLETE,9.589338009980965,241.59364513877412,299.37625638331843,1894.573235821429,110.25968210468493,7179.155524103541,6941.216633055719,2.3167231242991,68.06812242462901,38.402464899483576,11.132128503154439,21.31406942494596,1.0222866179107146,False
146,9.801352507109275,292.8557828924739,6303.242591557455,112.67902024610189,0.46484882617128653,0.5351511738287135,0.5409261230079053,0.21811203358848183,0.17095594283804294,0.07578057984433713,COMPLETE,9.588057153488256,241.5891090263743,299.3706353565401,1894.4918819749464,110.2269187170905,7177.20880667964,6166.07250645439,2.3163701850051823,60.5010091762645,43.34733304744387,-0.6454724029514045,45.619551944180216,1.0222459409874731,False
147,9.800687099565101,292.8602211125989,7409.770880861834,112.6626346088556,0.345468869051233,0.654531130948767,0.5409261230079053,0.17628952812288493,0.007347571136340224,0.16183157306034882,COMPLETE,9.58781426195757,241.58248866385924,299.36243158386003,1894.4048730589548,110.21558018523343,7176.535034182928,7248.8292104048,2.3162480302505526,71.15249228023832,20.173362473394,7.150140839505152,57.076720258027834,1.0222024365294773,False
148,9.802149851316642,292.854431559765,7824.210943480668,112.69568898981385,0.26482528917800324,0.7351747108219968,0.5409261230079053,0.09213681495609218,0.035468725383143065,0.13721936787559988,COMPLETE,9.588854002592086,241.587569559379,299.3687276910234,1894.4882878948615,110.24341851901991,7178.189218319819,7653.95526089023,2.3165479333459458,75.08940878087363,35.67422011638762,10.866998193986992,43.055975080809574,1.0222441439474308,False
149,9.807982300190389,292.8328348918482,8806.669076073513,112.82641745012818,0.06353025632594239,0.9364697436740577,0.5409261230079053,0.0028618339073232246,0.023108899731128188,0.037559484037381345,COMPLETE,9.593188801289177,241.6042706001688,299.38942316530415,1894.780417304483,110.35553401754578,7184.849183496341,8613.804202685822,2.317755383065179,84.32554805078493,14.432252755652506,5.234444911764161,20.665863947834822,1.0223902086522416,False
150,9.79197387320655,292.89234597531487,6236.107142808951,112.4675958589812,0.46484882617128653,0.5351511738287135,0.5409261230079053,0.09848114141334628,0.03666885485083864,0.3296981985955581,COMPLETE,9.581318068572735,241.5578548224634,299.3319059994094,1893.9721973795604,110.04806817154201,7166.576985777542,6101.949087961026,2.3144426390161383,60.07673733042609,21.359376073916803,6.349512009263854,30.210564244921997,1.0219860986897802,False
151,9.801252272650894,292.85577952392674,6324.066159108376,112.67705443144104,0.46484882617128653,0.5351511738287135,0.5409261230079053,0.19234477217682622,0.20236672853935803,0.0701370756546054,COMPLETE,9.587934893927166,241.58971618069515,299.3713877256164,1894.497043645726,110.22471740092759,7177.0779999450915,6186.427296398891,2.3163464697828475,60.70178954299125,45.34073039788815,0.6845658898048979,59.176941306041975,1.022248521822863,False
152,9.799795851263191,292.8602983058597,6013.720499095396,112.6450772971151,0.4812236474710556,0.5187763525289444,0.5409261230079053,0.1220953545237758,0.27643651605502556,0.08269129196795043,COMPLETE,9.586740777175626,241.5876324545102,299.36880562895476,1894.4478637817795,110.1960869657458,7175.376604619955,5882.977605475676,2.316038007312971,57.752126205022584,46.19913983367634,6.006854780837227,50.83897121088755,1.0222239318908897,False
153,9.797178443947475,292.87113080914844,6333.889882054766,112.5855929941821,0.46484882617128653,0.5351511738287135,0.5409261230079053,0.10732753578146115,0.18515834967182807,0.1723627429319529,COMPLETE,9.584940286747207,241.5774116919573,299.3561403387369,1894.2857547049557,110.14662968233729,7172.437043191809,6196.677609749242,2.3155050656943574,60.892815386724216,30.31031468850233,8.996604345578906,47.94561492879227,1.0221428773524779,False
154,9.808192794561355,292.8315078478144,8597.990405121416,112.83154641708033,0.10791051374842159,0.8920894862515785,0.5409261230079053,0.028094388323694926,0.07019764302536453,0.009618369702755328,COMPLETE,9.59327539859696,241.60617991764946,299.3917891394558,1894.805843058738,110.35917840326631,7185.065614559382,8409.590997901343,2.3177946219529777,82.31598902744105,57.67264770008045,12.651486963738494,39.74837533226858,1.022402921529369,False
155,9.795512306953924,292.87667561459386,6763.388040110338,112.5487449377671,0.45662027627823565,0.5433797237217644,0.5409261230079053,0.01939997063495255,0.23776325552862565,0.19945667474073034,COMPLETE,9.583621830825004,241.57413094781083,299.35207493006214,1894.219289923855,110.11415995586208,7170.506810701431,6617.086604600298,2.315155115114018,65.06050750537321,45.34755132270895,13.617446260561838,62.76882657649459,1.0221096449619276,False
156,9.800640615819601,292.85850447425526,7090.315705356245,112.66300584660137,0.44360637128816327,0.5563936287118367,0.5409261230079053,0.17914238421376386,0.16476599342455395,0.09969766229441361,COMPLETE,9.587538867894205,241.58686598216883,299.36785583733234,1894.4539001847513,110.21330032085373,7176.399553136155,6936.146327110153,2.316223467576792,68.07548503446162,63.42629330377193,9.243228522705031,56.26259026542728,1.0222269500923757,False
157,9.795668862577203,292.8781526688809,7105.8655575254625,112.55071287261087,0.41622132040021087,0.5837786795997891,0.5409261230079053,0.09710441765815227,0.0708245404064085,0.24829197281521465,COMPLETE,9.584000491705503,241.56966549993786,299.3465414688384,1894.1711936586169,110.11867618696833,7170.775304346382,6952.319433488862,2.315203792932538,68.36087939961892,45.93839362805376,7.523070541212949,45.54867581377944,1.0220855968293083,False
158,9.798557089555946,292.86493514055206,5711.376603248064,112.61728927568426,0.4812236474710556,0.5187763525289444,0.5409261230079053,0.09475137146187487,0.27324458795356427,0.1132273117330035,COMPLETE,9.585826207232035,241.5839656495709,299.364261824274,1894.3844646721043,110.17231956294167,7173.964036724061,5587.3801644878995,2.3157819091707004,54.87501028925697,40.514160112759264,3.734307793867257,33.072375860705165,1.0221922323360522,False
159,9.797526333172494,292.8695528485263,6007.611233702487,112.59360179033507,0.4879260397312673,0.5120739602687328,0.5409261230079053,0.12663120615874957,0.20845930379932026,0.15283502181028746,COMPLETE,9.585161992043474,241.57910038645198,299.35823292290115,1894.3110593864349,110.15310147970155,7172.821739912999,5877.394446523778,2.3155748110962744,57.7468623994213,31.469890214840547,6.815189899700078,43.71788043644765,1.0221555296932174,False
160,9.796186449142537,292.8752643870145,6387.687819167288,112.56303114134093,0.46484882617128653,0.5351511738287135,0.5409261230079053,0.11102662688327494,0.1489251584253276,0.20489680574384095,COMPLETE,9.584261425895455,241.5734701302084,299.3512560629108,1894.2235481337116,110.12790772722109,7171.3241102936345,6249.500280924729,2.3153032912886644,61.434915828246616,58.66551791665617,15.615921688421771,23.573915173591494,1.0221117740668557,False
161,9.791039346291882,292.89447843832636,6174.247898990958,112.44766842130801,0.4812236474710556,0.5187763525289444,0.5409261230079053,0.018616519026037396,0.14366684093538307,0.31893988672699547,COMPLETE,9.580453724384904,241.55835087391935,299.33252069284543,1893.961513298891,110.02914457016458,7165.451574513041,6041.452208193404,2.3142386022863164,59.49577905031565,51.42039410472804,1.1398202632803875,37.848319564568065,1.0219807566494454,False
162,9.7955094866523,292.878054002047,6486.4877371953435,112.54765886908277,0.4812236474710556,0.5187763525289444,0.5409261230079053,0.13180613271436079,0.12694239462615065,0.22247486484089898,COMPLETE,9.583794152597116,241.57085468048854,299.34801506894576,1894.181945205451,110.11510901273628,7170.563233356709,6346.291975045712,2.315165344524754,62.40181915849042,20.665654620207224,12.203745436917586,53.44054169759075,1.0220909726027254,False
163,9.80676493276688,292.83661545861565,8264.840258240332,112.79966959039655,0.16147823647062298,0.838521763529377,0.5409261230079053,0.04298684267373889,0.08838743129594269,0.03010385134781544,COMPLETE,9.59219140721082,241.60252063231908,299.38725465286944,1894.7392084763358,110.33159546488152,7183.42744540844,8084.0042817968815,2.317497622369806,79.17046075151205,43.92905951480902,12.829694215640822,49.07361718845214,1.0223696042381678,False
164,9.80378830475873,292.84700919606337,6447.356221919065,112.7334200668324,0.44360637128816327,0.5563936287118367,0.5409261230079053,0.27044439702081935,0.1469055405409993,0.026256099067791475,COMPLETE,9.589899029008638,241.5954975698529,299.3785518653923,1894.6072007855546,110.27391473875208,7180.001103301915,6306.694233926144,2.3168764275579914,61.82610117040428,40.54129098811038,3.8494258752267894,27.167800201421088,1.0223036003927772,False
165,9.80981058512009,292.82623791222835,9235.042916552691,112.86728158288017,0.012675371707728755,0.9873246282922712,0.5409261230079053,0.003359310827584332,0.003921166747782729,0.0053948879417341404,COMPLETE,9.594569422969675,241.6090920001848,299.39539771271615,1894.8672895388345,110.39081329168738,7186.94418608927,9032.412972516577,2.31813520641644,88.36277511109753,26.047003629856153,6.878284259422369,69.15400559583904,1.0224336447694173,False
166,9.79611369877781,292.87491467392965,5722.351456433192,112.56186479297148,0.48132420733896253,0.5186757926610375,0.5409261230079053,0.09221909411517133,0.1993438927923001,0.18976098197618832,COMPLETE,9.584128395993528,241.57474072304973,299.35283054690854,1894.2367410004438,110.12605588713176,7171.21402202762,5598.521288324648,2.315283332318555,55.034924028288366,22.13065583982531,8.306390696819976,26.631452886384494,1.022118370500222,False
167,9.795602961494259,292.87904060123094,7556.503190569679,112.54875540195236,0.347987103046849,0.652012896953151,0.5409261230079053,0.05025116036409767,0.01871071434624533,0.27902490620236786,COMPLETE,9.584033606064427,241.56793803683843,299.3444008436764,1894.1503784577628,110.11788231242194,7170.728108241966,7393.2948086439565,2.3151952362927486,72.70268714846486,29.01407512718405,1.1966258907452478,46.892252068822835,1.0220751892288815,False
168,9.795806591717609,292.8777712180845,6964.686719184307,112.55370116642769,0.44360637128816327,0.5563936287118367,0.5409261230079053,0.14192071131580214,0.06013907836430421,0.24154623457372634,COMPLETE,9.584119290933572,241.56975299292807,299.34664988776575,1894.1745964043437,110.12141659954789,7170.938221506697,6814.1798958220415,2.31523332976558,66.99912373183106,31.766433904415635,10.76357299984422,50.69079395108949,1.0220872982021718,False
169,9.795704304488247,292.87861848249906,7216.087605852334,112.55106000665221,0.35608961067376793,0.6439103893262321,0.5409261230079053,0.05990142908217969,0.02230393328965394,0.27388386430492623,COMPLETE,9.584102983104142,241.5683404042786,299.344899446435,1894.156729483633,110.11979500718941,7170.841818297139,7060.2097204896445,2.3152158518921633,69.42443418145582,55.001617397676895,2.845775977112201,31.429233230000598,1.0220783647418166,False
170,9.797065947994474,292.8718095063588,6576.05696944805,112.58287730657274,0.4502090285816652,0.5497909714183348,0.5409261230079053,0.10244967720637603,0.16388256708517612,0.1838761293961349,COMPLETE,9.584890070246416,241.57646325037763,299.354965055797,1894.2729913839487,110.14466050383561,7172.319989054243,6433.638752910528,2.315483843813793,63.225081678073956,36.69559074244138,-2.278032400663448,58.963685561850355,1.0221364956919743,False
171,9.798665784434283,292.86560667020063,6368.6152080145885,112.61892106666379,0.4502090285816652,0.5497909714183348,0.5409261230079053,0.12484378010682315,0.18471749099582066,0.1406475602850666,COMPLETE,9.58604394498231,241.58171205759095,299.3614692345518,1894.3607061833402,110.1751963105517,7174.135018345323,6230.422242759978,2.3158129080881293,61.19209566025987,39.96583271560561,16.327371214526735,29.51376157584899,1.02218035309167,False
172,9.798173172076604,292.86730243920186,6790.954067458042,112.60798227871965,0.38563517334297287,0.6143648266570272,0.5409261230079053,0.025379751220686426,0.19585985309618145,0.16439502264234357,COMPLETE,9.585661352805756,241.58060748593837,299.3601004794835,1894.3395215936027,110.16563647014905,7173.566813763565,6643.665590502657,2.3157098927652964,65.26338494848272,19.694073166328344,8.831030167322528,50.300729289556415,1.0221697607968014,False
173,9.793061820503327,292.8881460097282,6976.862743611765,112.49208145237421,0.4537832369630465,0.5462167630369534,0.5409261230079053,0.10060543396645695,0.04826396335574796,0.3049134360765817,COMPLETE,9.582105259068145,241.56138270632562,299.33627765688004,1894.0313596504361,110.06884108824265,7167.812269654017,6826.571139109066,2.3146665956180557,67.18559405564055,48.36626694653842,5.744225800202393,43.66421832935509,1.022015679825218,False
174,9.797950817657847,292.8683659479834,6157.683512306135,112.60282201574105,0.45662027627823565,0.5433797237217644,0.5409261230079053,0.12190249921071063,0.17641074355793193,0.15830681155660523,COMPLETE,9.585526661049087,241.57939695848478,299.35860042687614,1894.321854003484,110.16154016572887,7173.323335928483,6024.182053571727,2.3156657503057168,59.181899165370986,38.75446366370482,3.969062486820612,33.42460642124961,1.022160927001742,False
175,9.795321547495483,292.8797028601798,7425.895151021076,112.54273738376948,0.44360637128816327,0.5563936287118367,0.5409261230079053,0.13819559627146244,0.05005747263315292,0.25535294504461425,COMPLETE,9.583775928342877,241.56803917907678,299.3445261763799,1894.146612094088,110.1121971564233,7170.390118991215,7265.52108061736,2.3151339589414253,71.44950522236023,38.65268010160573,7.556965367820885,63.2745805054427,1.022073306047044,False
176,9.79979307590676,292.86129568987445,6662.413879804128,112.64427703587758,0.4641592812938627,0.5358407187061374,0.5409261230079053,0.1616942043766015,0.1946635746943354,0.10780125730495115,COMPLETE,9.58686456083183,241.5852674614353,299.3658749940338,1894.4208872929892,110.1967581489832,7175.416492893119,6517.653895256185,2.316045239045113,63.98629944468373,58.592271463340964,13.087903357106075,38.8766415819616,1.0222104436464945,False
177,9.805605323953577,292.84148418266125,8400.658164247574,112.77324545633316,0.13996694847297142,0.8600330515270286,0.5409261230079053,0.021439655471114663,0.04127420525821078,0.0772529990959206,COMPLETE,9.591402905789597,241.59782850290756,299.38144029406504,1894.6655031110583,110.30972575684694,7182.128446962387,8217.146669189227,2.3172621143352443,80.5131027646687,39.73632522759958,14.526053548299293,31.753933134656755,1.0223327515555292,False
178,9.79655476238671,292.8740878607642,7325.020189148899,112.57113991481921,0.44360637128816327,0.5563936287118367,0.5409261230079053,0.105159932932584,0.13314937398601634,0.20529684167449908,COMPLETE,9.584559155454189,241.57407788162257,299.3520091718888,1894.2369030216446,110.13512156876202,7171.752950441005,7166.508126647726,2.315381039880709,70.44146371013869,38.395369393554816,12.989613687828017,73.65847961521024,1.0221184515108224,False
179,9.799569408748637,292.86256975933816,6587.68292267504,112.63893279674697,0.4812236474710556,0.5187763525289444,0.5409261230079053,0.20448588218114758,0.15802177021713879,0.11871578092121685,COMPLETE,9.586755132130307,241.58356211571703,299.3637617761274,1894.397561778766,110.19278725684192,7175.180501918765,6444.620210702368,2.316002453951171,63.27550156836604,50.07707241704678,3.8591711433152107,52.122731274158745,1.022198780889383,False
180,9.796622500119545,292.8736632447209,6458.880761578552,112.57278698564745,0.40183603844955723,0.5981639615504428,0.5409261230079053,0.04489921593568461,0.14721430674088745,0.2097222751169217,COMPLETE,9.584587359210353,241.57468712616043,299.352764131105,1894.2450223390026,110.13629555701978,7171.822739048279,6319.086695574654,2.315393692534593,62.11081226730432,70.99502042260595,4.717949787068038,23.093834264929658,1.0221225111695014,False
181,9.79297936724563,292.8864741814758,5994.7492756961965,112.49171395410637,0.4812236474710556,0.5187763525289444,0.5409261230079053,0.015147948209548883,0.206559355181421,0.2595160179699971,COMPLETE,9.581791826126258,241.5658717037291,299.3418403000398,1894.0810121847016,110.0658078457232,7167.631901703227,5865.471319347607,2.314633894961856,57.72205029946834,56.488064862867496,13.291133541881589,30.096971244359246,1.0220405060923508,False
182,9.796445322490044,292.8759817495461,7321.162521950486,112.56757541542956,0.41622132040021087,0.5837786795997891,0.5409261230079053,0.15872911046073257,0.012041165017236188,0.2454504599593645,COMPLETE,9.584667617246657,241.57020764837822,299.3472132844003,1894.1909336245137,110.13411082480272,7171.69286572233,7162.895012912987,2.3153701465389616,70.41468347395181,33.464910936679374,3.8562723046104384,53.06644146479334,1.0220954668122568,False
183,9.806031749016915,292.84022888702134,8667.740364742509,112.78256185425579,0.12386549475057873,0.8761345052494213,0.5409261230079053,0.03389575835335188,0.012620879746929088,0.07734863936216302,COMPLETE,9.59176109764487,241.59827689208973,299.38199592571124,1894.6780625978388,110.31816100277557,7182.629491443014,8478.342408320092,2.31735295355158,83.06075048319637,21.263381358959442,6.936999605875068,54.78583222783205,1.0223390312989193,False
184,9.79718383803265,292.8721119491146,7300.012210355445,112.58496513574009,0.46484882617128653,0.5351511738287135,0.5409261230079053,0.16816216200518574,0.10331381038098676,0.1933726318902468,COMPLETE,9.585071947083065,241.57503568626967,299.35319605728654,1894.2587999590623,110.14746776483945,7172.486861131203,7141.964814339195,2.315514097672054,70.18529120613704,69.19419746136505,6.547072866558146,52.58275757608693,1.0221293999795311,False
185,9.79833785711763,292.8666722916858,6726.294109199044,112.61168645173754,0.44360637128816327,0.5563936287118367,0.5409261230079053,0.09954262499823728,0.1973408688694812,0.14672266662104028,COMPLETE,9.585781195510647,241.5811277850675,299.36074521997483,1894.3483232658245,110.16878598441734,7173.754012894033,6580.379705992432,2.3157438319123544,64.63648255104121,20.27780789454035,12.54241396069481,72.12320383957419,1.0221741616329123,False
186,9.810007570797644,292.8254932326819,9248.294798584266,112.87171019220715,0.007196744314877934,0.9928032556851221,0.5409261230079053,0.0012835602735667547,0.00480452334451752,0.001108654651933297,COMPLETE,9.594713846540595,241.60969232028188,299.3961416130087,1894.8775706499416,110.39458969304664,7187.168422237191,9045.328611673116,2.318175860363821,88.48235260260951,25.835802459879787,6.232936056847553,51.61538427797885,1.0224387853249708,False
187,9.808819639518155,292.82972464347955,8854.397828146584,112.84519853651462,0.05803632025345812,0.9419636797465418,0.5409261230079053,0.019079942436892157,0.02211645036552733,0.016839903840766047,COMPLETE,9.593809794839045,241.6066909185888,299.392422357884,1894.822619851141,110.37162582320174,7185.804809809124,8660.308959992986,2.3179286378334067,84.75330230473965,22.64450768687114,2.0911143641177987,24.6726623832987,1.0224113099255705,False
188,9.80398415379316,292.8455566371233,6946.096222247123,112.73835330389244,0.40183603844955723,0.5981639615504428,0.5409261230079053,0.1784328034860525,0.2082762839324058,0.015126622210371633,COMPLETE,9.589951862911894,241.59779448207303,299.3813981363747,1894.636781068529,110.2771449166392,7180.193004942592,6794.454923790509,2.316911219268761,66.60128776569475,56.80572123945924,11.349932735381136,53.27380518436868,1.0223183905342645,False
189,9.79328830459795,292.8855017061584,6560.174167434328,112.49850273181464,0.46484882617128653,0.5351511738287135,0.5409261230079053,0.012377620585143087,0.19249354090725984,0.25997736077550615,COMPLETE,9.582043426578496,241.56634714504017,299.34242945394635,1894.091822300347,110.07186810738558,7167.992265124639,6418.6687661141805,2.314699228743711,63.16022949590576,50.12549492591553,12.619681664712573,47.62989634800543,1.0220459111501736,False
190,9.80125360232542,292.85812023397636,8064.84969691019,112.67532985235148,0.35182892969001184,0.6481710703099881,0.5409261230079053,0.19870434666233938,0.006370758380715624,0.14675351515388457,COMPLETE,9.588234969953179,241.58411899207516,299.3644518421234,1894.4333358620815,110.22646508044674,7177.181850761275,7889.569745750075,2.3163652979051452,77.42558794345614,45.692040839534286,13.277330422876243,71.8708667379186,1.0222166679310407,False
191,9.794494913237267,292.88077889851854,6430.800365930709,112.5257107299243,0.46484882617128653,0.5351511738287135,0.5409261230079053,0.0255579751585657,0.21163219349007506,0.2276583962849044,COMPLETE,9.582908169190908,241.5704134188123,299.3474682695105,1894.1591926606602,110.09486064875581,7169.359390585655,6291.878234356526,2.3149470881859613,61.88588852575034,46.25994887791374,9.212430406020008,48.46039444019588,1.0220795963303302,False
192,9.796640188461796,292.87268726598455,6765.413729078916,112.57386398446529,0.4812236474710556,0.5187763525289444,0.5409261230079053,0.08800358595249116,0.2213888857672434,0.1718308262287875,COMPLETE,9.584484422068,241.5769127748704,299.35552209428914,1894.2706685203248,110.13596752914135,7171.803239222976,6618.902118256022,2.3153901572220255,65.05251445750072,62.71940046561898,19.73734460904265,51.885272272557245,1.0221353342601625,False
193,9.799433076859033,292.8631271209528,6400.96321468918,112.6358393075306,0.41622132040021087,0.5837786795997891,0.5409261230079053,0.12428661892531663,0.1538622125443891,0.13807229534718302,COMPLETE,9.586660480645984,241.5830461478126,299.3631224027716,1894.3893046264868,110.19020599710029,7175.027094874223,6261.980729603401,2.3159746412993103,61.486883136970114,35.45204859931854,1.429536142974912,34.80080129484754,1.0221946523132435,False
194,9.80327483556679,292.84949741618226,7722.010308517264,112.72147380626365,0.23673588539028284,0.7632641146097172,0.5409261230079053,0.03915472062332477,0.0980782720573807,0.09950266664550173,COMPLETE,9.589592213985874,241.59262616435154,299.3749936980031,1894.5655282962439,110.26447648287949,7179.440370254153,7553.69314570425,2.3167747668220655,74.0725812361804,32.768166419513896,5.525656845688372,42.61534035559253,1.022282764148122,False
195,9.805324683577792,292.84190874346416,7961.986449273021,112.76741469026187,0.19925236719868672,0.8007476328013132,0.5409261230079053,0.04778334631771415,0.09436802331607072,0.05710080778449588,COMPLETE,9.591115964491497,241.59849191718843,299.38226237894946,1894.6681532950586,110.30387939337051,7181.781168342362,7788.0475973003095,2.3171991528240157,76.31280594258672,21.49721625026018,9.164277732158864,54.33330883397168,1.0223340766475293,False
196,9.801775381512762,292.8529096763323,5513.984924185123,112.68947312541023,0.46484882617128653,0.5351511738287135,0.5409261230079053,0.14770347238113563,0.27987153577913915,0.037273472538961086,COMPLETE,9.588204818038703,241.59344117438283,299.3760036362072,1894.5486026898923,110.23408587807725,7177.634685308343,5393.840886864414,2.3164473966747674,52.91211832712001,22.593083719259326,3.2298996385464265,25.636607292520765,1.0222743013449462,False
197,9.80578834348653,292.8398234394121,7820.157785641672,112.77808320609206,0.30792504902610823,0.6920749509738917,0.5409261230079053,0.17064730396000696,0.12510445729520467,0.012173019074612637,COMPLETE,9.59141358201718,241.60069878900836,299.38499707432356,1894.7013903917725,110.3125216582196,7182.294522547323,7649.19300430788,2.3172922237897366,74.93470455860795,62.68460066742151,15.97009698812396,49.51279377154192,1.0223506951958863,False
198,9.796655205624571,292.8733168920405,6578.588226797884,112.57368792955958,0.38563517334297287,0.6143648266570272,0.5409261230079053,0.012139016160736605,0.16552917372122933,0.20796672212821246,COMPLETE,9.584582955413113,241.575318918813,299.35354703133,1894.252786208436,110.13675871109353,7171.8502714877795,6436.178804480905,2.315398684157742,63.260625587572754,53.65413496870791,9.532225454976901,29.89889431888878,1.022126393104218,False
199,9.800460119858801,292.85986457040883,6399.950125098072,112.65844453189065,0.43155171293779676,0.5684482870622032,0.5409261230079053,0.20242579571865754,0.10746429854274372,0.12166129391078657,COMPLETE,9.587492891931516,241.58469718842008,299.3651683272656,1894.4260518005724,110.21033940813834,7176.223598721588,6260.877099919061,2.3161915670934055,61.45448785698457,28.107551792239562,6.197272337572159,36.355930021875984,1.0222130259002862,False
200,9.800375289882256,292.8587892177481,5878.786278620605,112.6575830475485,0.4812236474710556,0.5187763525289444,0.5409261230079053,0.1756897305701188,0.22311731470125967,0.08241632148233743,COMPLETE,9.587252673525413,241.58777210952292,299.3689786856379,1894.4595805731433,110.20768922804149,7176.066107867455,5750.943999560557,2.316163014048072,56.44589843143025,29.156593474697694,10.787216560090622,32.290943078985386,1.0222297902865716,False
201,9.799808629294466,292.85917488535983,5907.903193347602,112.64616805957743,0.4502090285816652,0.5497909714183348,0.5409261230079053,0.018126285028648874,0.36553894306767165,0.06654341025662629,COMPLETE,9.586613096989703,241.5902383231382,299.3720347502921,1894.4777587554272,110.19554267799971,7175.344257631179,5779.376340042974,2.3160321428134605,56.73230785419297,46.453276487545196,10.178849105244025,47.36791417891362,1.0222388793777135,False
202,9.805225449751795,292.8418243767787,7514.296261582054,112.76552835347424,0.25156812929004385,0.7484318707099562,0.5409261230079053,0.0808643761661282,0.13311830526690993,0.03758512348116597,COMPLETE,9.59098460552709,241.59928616007085,299.383246583069,1894.675464102245,110.30163987710017,7181.648136926268,7350.111441652531,2.317175034267574,72.0212917084617,45.959193431483655,2.7208202584885632,33.68242088599089,1.0223377320511224,False
203,9.798298762884988,292.86760729857014,6486.2873823842065,112.6102197706345,0.4386865359639777,0.5613134640360222,0.5409261230079053,0.14072352017028683,0.1324118035457885,0.16555102227829943,COMPLETE,9.585852889671282,241.57912835050612,299.3582675751944,1894.3248765986418,110.16861464602042,7173.7438290418895,6345.652255796177,2.3157419855829686,62.33433997492321,38.74783909751892,11.366387041421946,32.09530389491418,1.0221624382993209,False
204,9.802141426913611,292.8515225498629,6093.176425139229,112.6976990635018,0.44360637128816327,0.5563936287118367,0.5409261230079053,0.128830750268091,0.28226444262797756,0.032510877062526936,COMPLETE,9.58847286802841,241.59456498940366,299.37739623713264,1894.5677975681929,110.24109760267606,7178.051314719946,5960.356445392955,2.3165229314640237,58.46190584101262,33.09946033711949,11.81300758834139,39.018001875242085,1.0222838987840965,False
205,9.795130779353759,292.8788391039137,6004.228368318024,112.53963961087243,0.4641592812938627,0.5358407187061374,0.5409261230079053,0.06464260411822702,0.1774247228180851,0.22209169505302132,COMPLETE,9.5834338633145,241.57124430524402,299.34849788131703,1894.1797625065556,110.1073806472649,7170.103765168186,5874.462195981914,2.315082043077896,57.76863276467269,29.40975533295503,7.045187042271088,30.62103796750891,1.0220898812532777,False
206,9.795865241449278,292.87774235106485,6159.311256677715,112.5548737887595,0.46484882617128653,0.5351511738287135,0.5409261230079053,0.18084864062907444,0.044734711609296374,0.23926519937638147,COMPLETE,9.58418691261937,241.5694710992506,299.34630057280833,1894.1724124873222,110.12268153233141,7171.013420924534,6026.215028685517,2.3152469633978208,59.250505421523194,23.880061636740507,11.199063017147243,27.902385143951534,1.022086206243661,False
207,9.809197782482162,292.8284730934109,9096.46802231021,112.8535660643978,0.03528437370021492,0.9647156262997851,0.5409261230079053,0.011451176387250945,0.008299322906491274,0.015533856581390587,COMPLETE,9.594109742144283,241.60741873614043,299.3933242495451,1894.8375192943763,110.37900566627007,7186.243045698703,8897.008135344837,2.318008089870738,87.05824025555955,40.758905226204355,14.229614367786956,38.59495627676497,1.022418759647188,False
208,9.792868802367133,292.8873139840027,7231.89545824577,112.48891666935278,0.45662027627823565,0.5433797237217644,0.5409261230079053,0.007797398101076958,0.17228591539856555,0.2765366686626879,COMPLETE,9.581764483936517,241.56452633191614,299.34017315197974,1894.0637669156918,110.0639994603382,7167.524367188509,7075.9978972261215,2.3146143989861017,69.63957594738149,21.587627882452537,19.512630209729608,63.9600413490677,1.022031883457846,False
209,9.795512306953924,292.87667561459386,6059.44069311156,112.5487449377671,0.45662027627823565,0.5433797237217644,0.5409261230079053,0.01939997063495255,0.23776325552862565,0.19945667474073034,COMPLETE,9.583621830825004,241.57413094781083,299.35207493006214,1894.219289923855,110.11415995586208,7170.506810701431,5928.366612113583,2.315155115114018,58.288875982652776,24.467315995141597,0.023393493254820097,46.89030390875192,1.0221096449619276,False
210,9.803735111493799,292.8475659958056,7631.282801073215,112.73195881243198,0.2877370889379395,0.7122629110620605,0.5409261230079053,0.09981911473618138,0.11651419400749023,0.07140359624494205,COMPLETE,9.589905371155263,241.59448630008598,299.3772987274761,1894.5947550184796,110.27315661035536,7179.9560632544535,7464.8365230734835,2.316868261810691,73.18646878528062,45.59486481010907,6.18338181331028,62.62222689868067,1.0222973775092399,False
211,9.800298390459709,292.85966108956444,7090.014569536795,112.65542112363674,0.3216441092211766,0.6783558907788234,0.5409261230079053,0.013550193723965105,0.17441525416106643,0.1336783696230487,COMPLETE,9.587270363237137,241.5861499413327,299.36696853905585,1894.4397663050036,110.20664240672966,7176.003898461246,6935.899688892137,2.3161517355011023,68.08408345658454,63.149964688915084,8.423482084936301,39.54463246755501,1.0222198831525018,False
212,9.797705624524065,292.86798588687736,6067.802571649523,112.59829292072175,0.44360637128816327,0.5563936287118367,0.5409261230079053,0.021579482356286386,0.2822472965157404,0.13977912784583257,COMPLETE,9.585180157327649,241.5817708056463,299.3615420335398,1894.3445952414247,110.15588387869079,7172.987127949048,5936.183739055941,2.3156047958983565,58.31897254723328,47.402322458009635,4.325374036418639,46.24118852765872,1.0221722976207124,False
213,9.796383159894168,292.8758320532634,7124.82348909819,112.56646735432722,0.44360637128816327,0.5563936287118367,0.5409261230079053,0.16793657572867898,0.04311676307219323,0.23255272469512078,COMPLETE,9.584572953885706,241.57093719646292,299.34811732049087,1894.1981519734986,110.13263782246737,7171.605301095822,6970.775785331557,2.315354271098041,68.5255702178217,49.18843106376734,13.829616650992872,43.222776940043794,1.0220990759867492,False
214,9.800889544468307,292.8581072531613,6903.593974009481,112.66819087100203,0.46484882617128653,0.5351511738287135,0.5409261230079053,0.24405922141321015,0.12069860576585291,0.10009073975871932,COMPLETE,9.587790792727105,241.5863264245794,299.36718723228216,1894.4521071325105,110.21846926903773,7176.706716160355,6753.490531692877,2.3162791561423473,66.27805065793507,55.513750733801814,-1.279749318498999,51.88150157483773,1.0222260535662553,False
215,9.790591681306127,292.89629817423855,5999.694072295638,112.4375262734241,0.4805952819119571,0.5194047180880429,0.5409261230079053,0.017037623516337422,0.13148223597629263,0.33207505562767725,COMPLETE,9.58014145995533,241.55668036085177,299.3304506386099,1893.9346793010254,110.02066495772254,7164.9472502928875,5870.729757711615,2.3141471684541735,57.823765611039306,38.86441716275673,6.9611455460361,29.69556008754666,1.0219673396505127,False
216,9.793045160159599,292.88664328309846,6090.0116009181165,112.49287840707075,0.4812236474710556,0.5187763525289444,0.5409261230079053,0.0411566536879167,0.1734776390096128,0.2665884687393387,COMPLETE,9.581893377194868,241.5650739176645,299.3408517053055,1894.073081311315,110.06737423977448,7167.7250456575375,5958.702412940391,2.3146507819332585,58.639446354230316,16.088617404730595,0.03102324941470691,43.87713699991652,1.0220365406556575,False
217,9.809007822486139,292.8291296534588,9062.201392029037,112.84934177272969,0.03468065043758273,0.9653193495624173,0.5409261230079053,0.0022661252101175383,0.012818571227767672,0.019595931513389207,COMPLETE,9.593962614744107,241.6069866800932,299.39278885747433,1894.8292778234404,110.37531885581072,7186.024114283282,8863.528598998775,2.317968397669792,86.73689083966785,68.58160498056847,2.687536275100047,31.325335249542313,1.0224146389117201,False
218,9.799999256431752,292.8579548568254,5689.595593732444,112.65082310982672,0.46484882617128653,0.5351511738287135,0.5409261230079053,0.009179221246459037,0.4080935811087489,0.047575520067364145,COMPLETE,9.586689270555654,241.59201165355276,299.37423221298,1894.501282946815,110.19882848638659,7175.539531846798,5565.753997015663,2.316067545971071,54.629814388176875,50.93725294642894,11.37773439196239,37.82584955060337,1.0222506414734076,False
219,9.790956299962874,292.89622177732616,6401.591137066992,112.44473556940946,0.46484882617128653,0.5351511738287135,0.5409261230079053,0.08083269304405051,0.03009756229361688,0.3539180526571289,COMPLETE,9.580575067254797,241.55468032398477,299.3279722474687,1893.9182890862435,110.0286016029331,7165.419282151297,6264.0382164483635,2.314232747690671,61.694272777502306,42.873178719367104,7.0560171971634595,28.873681378827982,1.0219591445431218,False
220,9.79727592054678,292.8706619563727,5923.574398374993,112.58785696784814,0.4641592812938627,0.5358407187061374,0.5409261230079053,0.10231225574063911,0.1938633376828981,0.16798344856637254,COMPLETE,9.584999001173458,241.57794868158334,299.35680576163685,1894.2935715167698,110.14842343246548,7172.543668429797,5795.228709719983,2.315524396818509,56.945630772331604,40.03408802513403,6.9839529638498465,21.8945637833247,1.0221467857583848,False
221,9.803483539249802,292.8474837369728,6182.027645293321,112.72707900077651,0.4386865359639777,0.5613134640360222,0.5409261230079053,0.21535508055193137,0.2026353134438626,0.02069585124976594,COMPLETE,9.589589128971115,241.5961859315764,299.3794048644672,1894.6097131799925,110.26757651997211,7179.624548095668,6047.146900890323,2.316808158210329,59.286536272183554,31.735881737853603,6.76987421400319,51.18537799663497,1.0223048565899961,False
222,9.794867485040722,292.8799150353725,6006.5663082360825,112.53366802584932,0.4812236474710556,0.5187763525289444,0.5409261230079053,0.08540722194092361,0.16959682832409326,0.2262193294513458,COMPLETE,9.58325096254427,241.57024865438666,299.3472640979277,1894.163827770669,110.10239639019213,7169.807431874095,5876.795417896366,2.31502831793921,57.79684995288975,24.460551455861008,11.295036889942521,33.16692590983365,1.0220819138853345,False
223,9.79820922397882,292.86657832142976,6205.488094701861,112.60923146950549,0.4812236474710556,0.5187763525289444,0.5409261230079053,0.10791942355206534,0.2443407415274773,0.12896305376954334,COMPLETE,9.585612854512236,241.58212133268884,299.36197639709144,1894.3573869909646,110.16589583218814,7173.582229683108,6070.844691040595,2.3157126876669567,59.631768321846415,25.318421199857866,15.719413311327248,52.87162567774391,1.0221786934954824,False
224,9.809839617791472,292.8261673808452,9246.686054823978,112.86790494295452,0.011635967867912933,0.988364032132087,0.5409261230079053,0.005320392220419512,0.0006129572450592375,0.005702611818771212,COMPLETE,9.59459571022641,241.60908689837134,299.395391390688,1894.8677388950623,110.39139871602877,7186.978947813825,9043.798656455301,2.3181415087068333,88.47335549782116,62.79999070518005,11.930102810763175,28.468490026825883,1.0224338694475312,False
225,9.798754615306832,292.86400210006246,5774.704043168276,112.6218647845784,0.4812236474710556,0.5187763525289444,0.5409261230079053,0.08725331558433343,0.2897028047113887,0.10426718063263762,COMPLETE,9.585947351795728,241.58501285478863,299.36555949242074,1894.3998398282963,110.17596713765857,7174.180832654766,5649.290252002053,2.315821214208898,55.47852464417834,23.898166060795763,9.854091142134546,41.056127275362556,1.022199919914148,False
226,9.801169315784325,292.85658666692996,6144.88988317362,112.67482180605352,0.4641592812938627,0.5358407187061374,0.5409261230079053,0.22036044925059772,0.16072314646761107,0.08307480163133679,COMPLETE,9.58793697152677,241.5882848812254,299.3696140983474,1894.479296201214,110.223490172203,7177.005074937118,6011.202847190731,2.3163332485004426,58.98584239002443,33.048695631301904,4.736528492403295,38.23193891826786,1.022239648100607,False
227,9.79798065402569,292.8685661574611,6047.098389090954,112.60325799647997,0.46484882617128653,0.5351511738287135,0.5409261230079053,0.15168194104843843,0.15087087444278116,0.16229582444579968,COMPLETE,9.585588457487857,241.57874033385582,299.3577867555432,1894.3148999103796,110.16234142931343,7173.370962111692,5916.014591838128,2.3156743849186645,58.11938544712157,27.747740212224503,6.591495661248059,31.94241127603653,1.0221574499551898,False
228,9.792333239124291,292.89081594993297,6646.685214839029,112.47579030621512,0.44360637128816327,0.5563936287118367,0.5409261230079053,0.06907819443383881,0.05186657976825947,0.32266122683268755,COMPLETE,9.581559894298394,241.55936131113558,299.33377279908746,1893.9956222475466,110.0548250514729,7166.978803392904,6503.619814537993,2.3145154884311117,64.02333922049357,37.87911351917983,6.530056410390474,35.34812203228669,1.0219978111237733,False
229,9.798860730017928,292.8645993400591,6040.221680547198,112.62350154047617,0.4812236474710556,0.5187763525289444,0.5409261230079053,0.15038751214671484,0.20801615134641882,0.12281956564353007,COMPLETE,9.58615247792849,241.58295220509743,299.3630059915209,1894.3782325764555,110.17873282532545,7174.345210734366,5909.103887234141,2.3158510159061745,58.030728331972426,33.67827151011316,10.032412377604684,37.617930925860016,1.0221891162882277,False
230,9.793916707314645,292.8832736274706,6273.239727287728,112.51249915773586,0.4502090285816652,0.5497909714183348,0.5409261230079053,0.014999122089940448,0.18382708743642828,0.25138252883427153,COMPLETE,9.582523316716214,241.5679115984633,299.34436808196295,1894.1206107434489,110.08401223136724,7168.714366240496,6137.837165103622,2.3148301454627163,60.384290833518605,29.720903908902216,11.313110195636641,35.001102832336755,1.0220603053717245,False
231,9.798982027136086,292.8636118026491,5914.050552300998,112.62662134279697,0.46484882617128653,0.5351511738287135,0.5409261230079053,0.10028835466424284,0.25229343616216976,0.11226663703110719,COMPLETE,9.586174013550506,241.58458533278977,299.365029718819,1894.3989465004006,110.18066853887895,7174.4602582764155,5785.612991461047,2.315871873991564,56.814252805552094,45.94704190825461,2.36282976305788,34.587046373158145,1.0221994732502002,False
232,9.793270338145168,292.8856194165257,5929.5424610149175,112.49806219238685,0.4812236474710556,0.5187763525289444,0.5409261230079053,0.03514996720414796,0.18841580626353083,0.2576575765378119,COMPLETE,9.58203659236066,241.5661733529103,299.34221409547865,1894.0895301846197,110.0715604978674,7167.973973867121,5801.646526196304,2.3146959125441255,57.088852022030366,59.819781796013444,0.9708221965402823,32.98929240563512,1.02204476509231,False
233,9.797211206234708,292.87165065855567,6086.030384974855,112.58584732689917,0.46484882617128653,0.5351511738287135,0.5409261230079053,0.14700633578131997,0.1327022411279859,0.18514003826945274,COMPLETE,9.585046397249586,241.57597396621526,299.3543587482066,1894.2699597251824,110.14772955136947,7172.502422407949,5954.233545351339,2.3155169189269316,58.51161633944338,21.061716130120118,11.219580077256715,33.45587428963671,1.0221349798625912,False
234,9.798607034567855,292.8662100953265,7267.242113487708,112.61731644904953,0.44360637128816327,0.5563936287118367,0.5409261230079053,0.1388371727475366,0.1530108610184546,0.15175814864631584,COMPLETE,9.586049468638441,241.58062215870123,299.36011866157105,1894.3472708178303,110.17435056813763,7174.084751245405,7109.596512514711,2.315803794677762,69.82991921704303,72.81196995980794,15.969740517610187,50.62149747492556,1.0221736354089153,False
235,9.79718661457722,292.87006752436315,6133.886614976157,112.58654841210272,0.46484882617128653,0.5351511738287135,0.5409261230079053,0.04491709562577451,0.26955660635309175,0.1503748362522059,COMPLETE,9.584814655178098,241.57990253338446,299.35922692150393,1894.3142547956083,110.14602881919365,7172.401326112779,6000.923390899534,2.3154985901984797,58.96594319220719,39.80340040094744,11.678086095721426,41.94268923385668,1.022157127397804,False
236,9.806412911822578,292.83830112504006,8482.554421728488,112.79149241757253,0.14101728628565324,0.8589827137143468,0.5409261230079053,0.03255905358369362,0.05616993425348592,0.0522882384477817,COMPLETE,9.591978527028854,241.60060068946848,299.38487551204906,1894.7111894984916,110.3251089903186,7183.042180361809,8297.068520282332,2.317427773930654,81.27028738672412,67.624137126833,10.874576682653904,37.44826123737597,1.0223555947492458,False
237,9.807895939427528,292.83309831033273,8826.962339117747,112.82452341786107,0.08871977188986141,0.9112802281101386,0.5409261230079053,0.027814276397519374,0.028183977654844025,0.032721480289637936,COMPLETE,9.593117437969365,241.60415785489462,299.38928345443514,1894.7776237176197,110.35383223016133,7184.748117355471,8633.664841333119,2.317737059803693,84.52180848248796,35.017933517347856,13.710113495363718,62.202297948056824,1.0223888118588098,False
238,9.79567481722564,292.8761959307509,5913.749174330567,112.55229303101468,0.44360637128816327,0.5563936287118367,0.5409261230079053,0.014586392327262858,0.22771703000800425,0.20130266671786226,COMPLETE,9.583758228634814,241.57430488564074,299.35229046907733,1894.2241099024498,110.11737165783225,7170.697749570031,5785.8129602167455,2.315189732274495,56.88461349183536,50.7098111285972,-0.055387679365999976,32.35080146628858,1.0221120549512248,False
239,9.795045597814026,292.87973457985305,6002.846526475236,112.53729831130013,0.49525257100033665,0.5047474289996634,0.5409261230079053,0.1356486250072011,0.1306430962774368,0.22896058698369504,COMPLETE,9.583444488325847,241.56961429776453,299.34647802050154,1894.1597193464088,110.10616953873091,7170.031760699062,5873.167805492773,2.315068988688912,57.75868296574278,28.70834243439178,9.977401853299924,32.85985973441482,1.0220798596732044,False
240,9.802903853854158,292.851272497096,7901.037619528882,112.71285988901752,0.20630883845571324,0.7936911615442868,0.5409261230079053,0.017060337749561852,0.06487257774113066,0.12437574858484887,COMPLETE,9.589367648120867,241.5906054883587,299.3724897314201,1894.5360348187578,110.25764082363966,7179.034244594849,7728.929678883635,2.3167011363599985,75.80383945260472,37.36271499579562,8.207403825501272,31.34737948224597,1.022268017409379,False
241,9.800644736486358,292.8581006057126,6762.943223526458,112.66338877776143,0.3882064803709984,0.6117935196290016,0.5409261230079053,0.0870593533817022,0.19711138423497174,0.10403539698198534,COMPLETE,9.587492384195617,241.5878056959723,299.36902030504996,1894.4646720433614,110.2130942327889,7176.387306276012,6615.857261810412,2.316221247224665,64.9318383191452,34.31031788527131,13.169699397525727,46.33637493800196,1.0222323360216807,False
242,9.796701504762774,292.873329303205,6826.466478488769,112.5745873991191,0.40183603844955723,0.5981639615504428,0.5409261230079053,0.04432363961907987,0.15047837795928748,0.20703378330016758,COMPLETE,9.58464082144995,241.5750123578204,299.35316714930843,1894.2501054057743,110.13778314251186,7171.9111691562175,6678.699891404674,2.3154097248870413,65.64350402132328,29.875329106871803,4.341072797231618,49.9426643059044,1.0221250527028871,False
243,9.80662276763365,292.837437577147,8340.23125297426,112.79626143992922,0.17040177012650892,0.8295982298734911,0.5409261230079053,0.06896592055951299,0.06319642499403112,0.03823929748072777,COMPLETE,9.59212345851278,241.60140792454348,299.3858758157393,1894.7240509463015,110.32907974817134,7183.278025379682,8157.806183298317,2.317470532562729,79.89859918214421,45.0409631715622,9.900039782762565,60.057913680507795,1.0223620254731507,False
244,9.797422730672873,292.87096845601127,7620.317662657852,112.5905095222458,0.46484882617128653,0.5351511738287135,0.5409261230079053,0.15835121488013537,0.12411548686240238,0.18238192847871587,COMPLETE,9.585216547234692,241.57633855959315,299.35481054237744,1894.277806848172,110.15186795559423,7172.748417595566,7455.266243296659,2.3155615177817825,73.25696187993861,64.08612891550403,11.455000570487416,76.92458572565955,1.022138903424086,False
245,9.799662227668321,292.8626462915698,6102.331590417165,112.64069793386747,0.46484882617128653,0.5351511738287135,0.5409261230079053,0.21248787880140174,0.12308680180646066,0.129273898027634,COMPLETE,9.586877715748816,241.58282439978612,299.3628476186646,1894.3907846180107,110.194879356115,7175.304836345264,5969.828896051663,2.316024995745969,58.61346569927736,25.22019408925352,2.503944017948952,40.523104262097974,1.0221953923090052,False
246,9.80467404158698,292.8448142478144,8129.07384499488,112.75246007583827,0.21449701368750917,0.7855029863124908,0.5409261230079053,0.08042270002235545,0.053258234524295504,0.0808159720349868,COMPLETE,9.590695670733286,241.59544432273333,299.3784858830138,1894.6220750193681,110.29173699474042,7181.059871584753,7951.663971854433,2.317068381934923,77.93683212475406,44.51490845409015,2.4219196792406907,52.78751970194658,1.022311037509684,False
247,9.797636042434926,292.8688521458787,6166.438695944367,112.59627931813623,0.4641592812938627,0.5358407187061374,0.5409261230079053,0.08216571261722226,0.2324579767687663,0.1495352521727726,COMPLETE,9.585206015783793,241.58011795531328,299.3594938664832,1894.3245614755335,110.15499342909379,7172.934199129611,6032.739431055519,2.3155951999190276,59.27044008834196,46.4573943396213,9.020927068783829,37.223248617639214,1.0221622807377668,False
248,9.808403446492445,292.83150504983604,8996.227151866045,112.83568794449126,0.051561934417966304,0.9484380655820337,0.5409261230079053,0.01479978043113028,0.002222772536721411,0.03453934318161764,COMPLETE,9.593531036981378,241.6049284117803,299.39023830751347,1894.7952706219996,110.36379980492437,7185.340063175874,8799.14706485947,2.3178443794060786,86.12729836462832,54.0713035500719,11.012065491383028,24.92793528425814,1.0223976353109998,False
249,9.802058999859097,292.85480347504495,8028.815696216757,112.69362663565691,0.2526261862239286,0.7473738137760715,0.5409261230079053,0.07694573488413044,0.03267438969194447,0.1430058819454168,COMPLETE,9.58879099823681,241.58722457329088,299.3683001936714,1894.4827719493528,110.24169846949303,7178.087017002951,7854.12898203248,2.3165294042773863,77.05626228148445,59.10106228723237,13.25974138299449,38.25769370267927,1.0222413859746764,False
250,9.801316061742517,292.8558577873131,6643.9254379391405,112.67824854947601,0.4641592812938627,0.5358407187061374,0.5409261230079053,0.2126095694875309,0.17602174965037476,0.07552770490185962,COMPLETE,9.588022404643228,241.58914804724506,299.37068371013896,1894.4916893385637,110.22617419973939,7177.16456606963,6499.342083497136,2.3163621641956555,63.771694602631214,54.24741851402812,9.475086720466974,37.14149469909065,1.022245844669282,False
251,9.795577110586175,292.8768144435025,6162.885052128081,112.54991296360615,0.4812236474710556,0.5187763525289444,0.5409261230079053,0.07398363790410649,0.20701186959280823,0.2002279088111034,COMPLETE,9.583718310359213,241.57341167771122,299.3511836301704,1894.2122344096779,110.1156827741108,7170.597344095526,6029.594137428478,2.315171528791625,59.28342693968592,40.49990541338349,5.28415706526831,44.59033860162147,1.022106117204839,False
252,9.802796102958991,292.8487546700922,5830.819651789527,112.71262649255473,0.4641592812938627,0.5358407187061374,0.5409261230079053,0.1492798540908438,0.3107222192567871,0.004156824392248816,COMPLETE,9.58891568212366,241.59725986525441,299.380735653793,1894.6099283642804,110.25342773594626,7178.783927143688,5703.601034994751,2.3166557538800436,55.928540617394574,37.83849849761003,7.760276586425741,24.8070023608922,1.0223049641821402,False
253,9.79297936724563,292.8864741814758,6272.393953986956,112.49171395410637,0.4812236474710556,0.5187763525289444,0.5409261230079053,0.015147948209548883,0.206559355181421,0.2595160179699971,COMPLETE,9.581791826126258,241.5658717037291,299.3418403000398,1894.0810121847016,110.0658078457232,7167.631901703227,6137.128535119124,2.314633894961856,60.395426507319456,30.63422124844623,13.522088641374301,41.8343494262154,1.0220405060923508,False
254,9.79478055283647,292.88051435738373,6162.767298978056,112.53151388686265,0.4812236474710556,0.5187763525289444,0.5409261230079053,0.09993998681189342,0.14731496969617566,0.23396843254340383,COMPLETE,9.583221695988245,241.56933670810685,299.3461340389681,1894.1519279339616,110.10092972942479,7169.72023199352,6029.656812453081,2.3150125086266193,59.30283181269648,30.45369378060638,13.038197025750538,34.409640499665656,1.0220759639669807,False
255,9.802405373371586,292.8512757329391,5593.108357495829,112.70306742373216,0.4812236474710556,0.5187763525289444,0.5409261230079053,0.22735737092690642,0.22070402142762716,0.03316189184454185,COMPLETE,9.588762197008316,241.5935768810822,299.3761718002481,1894.5611585674585,110.2467069292255,7178.384605794241,5471.206702776936,2.3165833570373433,53.660182315280835,14.754532772782817,14.355648013580105,26.980680541567125,1.0222805792837293,False
256,9.79361922949371,292.8841838403518,6167.393385565614,112.50598139975307,0.46484882617128653,0.5351511738287135,0.5409261230079053,0.014632501916971503,0.19953066374726877,0.25068534549365756,COMPLETE,9.582277716102096,241.56751638197403,299.3438783404677,1894.1109138459797,110.07815734232727,7168.366233838772,6034.304052476006,2.3147670291611178,59.370979402748986,23.427550657492958,14.693023556874746,33.25806349761093,1.0220554569229898,False
257,9.799239589337148,292.86175222862175,6140.299474204492,112.63306846879706,0.44360637128816327,0.5563936287118367,0.5409261230079053,0.02499113341978425,0.3268697426629163,0.09174495718799511,COMPLETE,9.586250011034165,241.5874860095546,299.3686241583596,1894.4364747545335,110.18495302703931,7174.714899801306,6006.838118989958,2.315918040424809,58.978889000783894,69.6605922001304,7.306035905629269,57.252802218887666,1.0222182373772668,False
258,9.795691700538743,292.8763078565065,6047.102062226425,112.55254069732098,0.4812236474710556,0.5187763525289444,0.5409261230079053,0.07177625357952006,0.21355770827040674,0.19588946083820336,COMPLETE,9.583793023241169,241.5739365171981,299.35183399694927,1894.2202115141074,110.11782396374593,7170.724639387331,5916.292215648797,2.315194607390428,58.166848169825364,19.616398989682562,14.575757010486413,37.63225296255766,1.0221101057570536,False
259,9.798051560152478,292.8686910340914,6583.176973277494,112.60455652008078,0.4812236474710556,0.5187763525289444,0.5409261230079053,0.1971924331095008,0.11895304254811413,0.16507796437503278,COMPLETE,9.585690574426124,241.5780180286222,299.35689169459624,1894.307915862195,110.16398816084353,7173.468841404336,6440.494528438993,2.3156921304055085,63.2711984860123,42.1682315692775,3.1779897230468204,50.49893666778974,1.0221539579310974,False
260,9.792966506309684,292.8865250896584,6625.3172580953305,112.49142354969304,0.48132420733896253,0.5186757926610375,0.5409261230079053,0.015167215111595874,0.20631056542506554,0.25984610027742816,COMPLETE,9.581782681192193,241.56582699986,299.3417849042243,1894.0802786170502,110.06556320361409,7167.617354262384,6482.44330460228,2.314631257515128,63.79395703819546,47.02158225062421,15.738422465925161,52.282347773803615,1.0220401393085252,False
261,9.801687576981248,292.8558363405455,7680.367396061886,112.68556015305964,0.22422276098915989,0.7757772390108402,0.5409261230079053,0.010951515913510979,0.06213226571514927,0.15113876745741928,COMPLETE,9.588471239226076,241.58697852939932,299.36799530279103,1894.4734791262474,110.23430854306645,7177.647916029877,7513.296185523783,2.316449795400673,73.72190325392711,30.90590875068748,8.823775029586683,24.282269466859816,1.0222367395631238,False
262,9.79760982600229,292.8679250567568,5818.5662392628155,112.59645781585053,0.46484882617128653,0.5351511738287135,0.5409261230079053,0.02018058067972195,0.31633154530033364,0.1283363097131234,COMPLETE,9.58505595618851,241.58248886129317,299.36243182851484,1894.351096286829,110.1537382892404,7172.859592564346,5692.335577612987,2.3155816737707826,55.92364417184448,36.137295359512635,7.027034379252049,40.87458859093457,1.0221755481434145,False
263,9.79297936724563,292.8864741814758,6188.06590807409,112.49171395410637,0.4812236474710556,0.5187763525289444,0.5409261230079053,0.015147948209548883,0.206559355181421,0.2595160179699971,COMPLETE,9.581791826126258,241.5658717037291,299.3418403000398,1894.0810121847016,110.0658078457232,7167.631901703227,6054.619040231015,2.314633894961856,59.58345131303194,47.03504755043955,19.839959151365495,32.63345851148719,1.0220405060923508,False
264,9.797170085241785,292.87176878649336,6802.5643365338055,112.58495183204514,0.46484882617128653,0.5351511738287135,0.5409261230079053,0.14392500678312856,0.13555410878088814,0.18536949659826307,COMPLETE,9.585011471245952,241.5759377125671,299.35431382367454,1894.2688283957273,110.14691440596683,7172.453967971707,6655.254183836699,2.3155081341519534,65.40131465060847,65.43818294323641,12.591849611659569,35.277388463622586,1.0221344141978637,False
265,9.79454081782067,292.88184462241026,6480.599872297512,112.5258145941825,0.48132420733896253,0.5186757926610375,0.5409261230079053,0.12079540485060382,0.11196549066120852,0.24856299948072005,COMPLETE,9.583099866141879,241.5675922968435,299.3439724121036,1894.1278823412526,110.0966486160352,7169.465696429762,6340.6990612298905,2.3149663614040965,62.36859549495547,63.47293506268743,3.1829866004962075,32.39293127737841,1.0220639411706263,False
266,9.795534744634212,292.8771281762061,6549.932515108639,112.54884690640175,0.4812236474710556,0.5187763525289444,0.5409261230079053,0.0823963323904861,0.194349962574226,0.20447709419089696,COMPLETE,9.583706808695853,241.57291556333408,299.3505688587641,1894.2058464781403,110.11498387044192,7170.555793499467,6408.290560750708,2.315163995680833,63.00823679150856,40.884170186476304,-1.169641381888391,66.7331546289633,1.0221029232390701,False
267,9.794698634001488,292.8803892499738,6252.113206090381,112.5299998706988,0.4812236474710556,0.5187763525289444,0.5409261230079053,0.07234488829985301,0.1819966088689453,0.2268818629711403,COMPLETE,9.58310615318273,241.57012570807058,299.34711174620577,1894.1594776133172,110.09904178521779,7169.6079839977165,6117.050332481994,2.314992158098137,60.162791565505245,26.597407245214313,19.721616952225478,36.88029603834893,1.0220797388066587,False
268,9.793408730650741,292.8853674860481,7362.274133694828,112.50096600311261,0.44360637128816327,0.5563936287118367,0.5409261230079053,0.007575168376886274,0.1673756811172513,0.26865523606057,COMPLETE,9.582172722795386,241.56594734005955,299.3419340265177,1894.0893759622675,110.07440998038757,7168.143410513943,7203.475758225095,2.314726631358145,70.88147488598328,27.143838163145492,17.40712332276139,67.70884089522599,1.0220446879811338,False
269,9.79744399786503,292.8682510441731,5809.696307836938,112.59295882980935,0.4812236474710556,0.5187763525289444,0.5409261230079053,0.018890265442276143,0.33997300467780084,0.12235997067503468,COMPLETE,9.584895945031349,241.58270182393923,299.36269572601793,1894.350622907672,110.15034071764931,7172.6576359816345,5683.6593906517155,2.3155450591019924,55.84057732518725,63.40755933773227,12.911725189448273,32.50509799683463,1.022175311453836,False
270,9.792320318325404,292.889569308399,7040.64639513361,112.4764691424617,0.45662027627823565,0.5433797237217644,0.5409261230079053,0.008268904293525855,0.15509230669180388,0.29325875339190505,COMPLETE,9.581385211546966,241.5624183798811,299.3375610353054,1894.0301902326673,110.05362805297779,7166.907621254879,6888.984740809713,2.3145025831305137,67.81259213502138,46.96549779745649,15.708282984953447,56.41666355073677,1.0220150951163336,False
271,9.809530743524835,292.8272075534141,9055.034707303006,112.86105638601704,0.045603051524345184,0.9543969484756548,0.5409261230079053,0.03153814181783466,0.010393280816800039,0.0036715651015902964,COMPLETE,9.594352995122184,241.60844975137107,299.3946018555014,1894.855082674579,110.38538363158705,7186.621775759537,8856.407267217612,2.3180767535188953,86.64917574645642,42.66763102758445,14.892136711797487,54.27136648271234,1.0224275413372896,False
272,9.795140396940091,292.8804064592113,6310.962990321813,112.53865616397097,0.4641592812938627,0.5358407187061374,0.5409261230079053,0.16103600059268294,0.04774691438437661,0.25537607327306017,COMPLETE,9.583645417999318,241.5674416683961,299.3437857574395,1894.1366452359682,110.10874094572077,7170.184639018905,6174.697767911007,2.3150967054831417,60.72580437093895,34.712897083161174,12.612377647166861,26.25162276002179,1.022068322617984,False
273,9.802512312081069,292.8524454928626,7840.163241216154,112.70429281835099,0.2207652506866885,0.7792347493133115,0.5409261230079053,0.007254320881162073,0.08890791547111024,0.12460287396910491,COMPLETE,9.589041316032374,241.5901451171294,299.3719192519479,1894.5239495822761,110.24991205544742,7178.575042050831,7669.426658286889,2.3166178830744104,75.22971977075623,20.7822748800849,9.019580679189954,38.80977046115088,1.0222619747911381,False
274,9.804614515684154,292.8447697250864,8258.72007579256,112.75132409088616,0.17545750627603934,0.8245424937239607,0.5409261230079053,0.014032967398622729,0.07592688817496773,0.08549753083121762,COMPLETE,9.590617646864791,241.59590629580427,299.3790583474445,1894.6262955523664,110.2903981389184,7180.980336959362,8078.464112251305,2.3170539623308333,79.1814005121347,55.39721636805102,7.170840113052103,51.67058931884381,1.022313147776183,False
275,9.799923251626822,292.86038836410745,5880.372136111441,112.64751144023587,0.4812236474710556,0.5187763525289444,0.5409261230079053,0.15979382426873734,0.22977294490459615,0.09165623730772891,COMPLETE,9.586907109799512,241.58665586454322,299.36759546530095,1894.4389706477014,110.19894754260909,7175.546607254944,5752.553361129164,2.3160688287404776,56.47079622380521,27.799631578228514,14.06270681176282,27.665597043296813,1.0222194853238507,False
276,9.799320623391086,292.86405400662426,7474.235880519909,112.63293830140584,0.3807553158587361,0.6192446841412639,0.5409261230079053,0.10912967550978042,0.11181029885129262,0.15981516497471432,COMPLETE,9.586641971132297,241.58150487499447,299.36121249952845,1894.3697914033332,110.18841970276846,7174.920932454221,7312.019490749088,2.315955394083923,71.80298600640174,45.14254265102326,9.316981713372227,66.78260007829881,1.0221848957016666,False
277,9.798540323888743,292.8641750651879,5789.448113366764,112.6175283621938,0.4812236474710556,0.5187763525289444,0.5409261230079053,0.04417248656651813,0.3408865853168633,0.09616362462762924,COMPLETE,9.585708933219463,241.58588089409582,299.3666351430573,1894.4059781393337,110.17139410313199,7173.909030873423,5663.697108375597,2.3157719366262275,55.62257275964688,26.346046496476752,11.5404481130437,44.38144579992519,1.022202989069667,False
278,9.794767722777028,292.87992465730986,6137.040619413384,112.53170307491622,0.44360637128816327,0.5563936287118367,0.5409261230079053,0.015196356298446033,0.19875965564469883,0.22965003219278426,COMPLETE,9.583130907523195,241.57082245942163,299.3479751414784,1894.168616143538,110.10021598630632,7169.677796403493,6004.436787598594,2.315004815066682,59.053944346638346,21.25500319361246,-0.1551166653229923,39.746233657340305,1.022084308071769,False
279,9.793543857121799,292.8846599615274,6486.480491717281,112.50414644477988,0.46484882617128653,0.5351511738287135,0.5409261230079053,0.024581196433701682,0.18381589286757022,0.2564514446083349,COMPLETE,9.582246789935724,241.56682959883585,299.3430272975326,1894.1017794298516,110.07685387971233,7168.288728567856,6346.533775364664,2.3147529774783946,62.44522272344099,22.721539451381993,11.295249509782822,47.11866664037041,1.0220508897149259,False
280,9.80057062949309,292.85954218665125,7268.407175692806,112.66085553483312,0.35048456572956,0.64951543427044,0.5409261230079053,0.11083915642033815,0.10005422136086788,0.13959102886518465,COMPLETE,9.587586112428726,241.58480638439428,299.3653036399389,1894.4292264114872,110.21252687977136,7176.353591053599,7110.451251424123,2.3162151346648012,69.79306226243584,31.150265463295156,5.89159020178321,56.45048589386903,1.0222146132057437,False
281,9.80960625566738,292.8268652955698,9028.004491418313,112.86279647720778,0.036381503182096764,0.9636184968179032,0.5409261230079053,0.01827665096755465,0.015705523754777732,0.0023993062216098953,COMPLETE,9.594401117357425,241.6088153846232,299.39505493825595,1894.8605672574233,110.38678948030174,7186.705255050195,8829.946291669867,2.3180918882896324,86.38770740277607,20.583394595789148,9.930260194800356,34.86378062737194,1.0224302836287116,False
282,9.799466594777625,292.8610159476644,5865.640692301776,112.63807596159819,0.46484882617128653,0.5351511738287135,0.5409261230079053,0.06306431522284951,0.31814266687438514,0.08364106884036397,COMPLETE,9.586432066105749,241.58788708504758,299.3691211601725,1894.4450087796674,110.18939172037896,7174.978701168924,5738.125180293293,2.315965867534835,56.33575999619213,25.305694404764047,7.370435141848004,56.08676035481433,1.0222225043898336,False
283,9.789038654058453,292.9032672137148,6894.75999504551,112.40185389441241,0.4812236474710556,0.5187763525289444,0.5409261230079053,0.0531844272919287,0.03818433392738598,0.3898544361649565,COMPLETE,9.579141779557133,241.5493156266412,299.32132446082505,1893.823732716695,109.99172981028596,7163.226192267732,6746.922334521329,2.3138351411425915,66.49253313692074,43.547694755415975,16.85428628038765,44.2015785236381,1.0219118663583475,False
284,9.7946711185269,292.8806863362457,6814.504073107972,112.52923775563374,0.4933197892505877,0.5066802107494123,0.5409261230079053,0.09825535569972844,0.16628417740087093,0.22877999362521534,COMPLETE,9.583110582572127,241.5695804672275,299.34643609862263,1894.1527902932723,110.09865631373799,7169.585065619836,6667.313818680162,2.314988003002997,65.57577016967876,44.00872810787159,8.00011979671978,64.58395204662457,1.022076395146636,False
285,9.804802771676034,292.84415152239256,8134.805264353101,112.75548451977753,0.18532107353344546,0.8146789264665546,0.5409261230079053,0.036219014805376114,0.06885608233176463,0.08024589168159138,COMPLETE,9.590767623013853,241.5962570608803,299.3794930059608,1894.633580350458,110.29407479500635,7181.1987472986075,7957.225531783318,2.317093560060823,77.98758386442509,45.55386106676815,6.781585061468496,41.11269317025229,1.022316790175229,False
286,9.793366632729324,292.88560537563194,6249.922113692676,112.49996210088679,0.4879260397312673,0.5120739602687328,0.5409261230079053,0.0660047679379855,0.16085883261818146,0.2610621744064465,COMPLETE,9.582151874433318,241.56563073614845,299.34154169958543,1894.0850366522702,110.07366140220392,7168.09889857659,6115.129264806495,2.3147185613570516,60.172441416209644,49.30198896470753,4.614949380884637,40.17485634576391,1.022042518326135,False
287,9.795241211914176,292.8775938649996,6354.466249511118,112.5427379581091,0.46484882617128653,0.5351511738287135,0.5409261230079053,0.01796227272412436,0.24493584346618574,0.20195032328316967,COMPLETE,9.583409345523814,241.5735587601742,299.35136589074733,1894.2080388623501,110.10888893748974,7170.1934375470755,6217.044575411735,2.3150983006536996,61.13259396821878,41.30932211046869,15.469785988988395,43.942685226989894,1.022104019431175,False
288,9.800773296064458,292.8574960067802,5442.035376279252,112.66636530562724,0.4812236474710556,0.5187763525289444,0.5409261230079053,0.19684378100863306,0.2076694882315502,0.07671011694937409,COMPLETE,9.58757156105488,241.5884808335388,299.36985691711027,1894.4746062445283,110.21547047980485,7176.528514964013,5323.651719280254,2.3162468483180887,52.244880652788574,19.29974133519974,0.9874028163424318,25.79977585026778,1.0222373031222642,False
289,9.804128006644037,292.8468335961636,8023.8607358794825,112.74022389068068,0.18812979276545788,0.8118702072345421,0.5409261230079053,0.03313905527055407,0.05455325428715092,0.10043735027518864,COMPLETE,9.590289509997804,241.5938867893739,299.37655583015146,1894.5947948543803,110.28123926991631,7180.436242442966,7848.8517686468595,2.31695531815573,76.9456549857959,36.78236885124588,3.2497727337776925,31.96278943858212,1.02229739742719,False
290,9.79197387320655,292.89234597531487,7172.404557073684,112.4675958589812,0.46484882617128653,0.5351511738287135,0.5409261230079053,0.09848114141334628,0.03666885485083864,0.3296981985955581,COMPLETE,9.581318068572735,241.5578548224634,299.3319059994094,1893.9721973795604,110.04806817154201,7166.576985777542,7018.10383357361,2.3144426390161383,69.09673851574934,30.417629768217665,9.756441996298147,54.69183129262627,1.0219860986897802,False
291,9.794618586846603,292.88263469950664,6375.732439873861,112.52674973057728,0.4805952819119571,0.5194047180880429,0.5409261230079053,0.18627796877782724,0.024852756196041208,0.2694642593028446,COMPLETE,9.58329516955858,241.56523891423828,299.34105616456003,1894.1024540200524,110.09893316186333,7169.601525751935,6238.1730693928475,2.3149909872200842,61.36180074382812,37.627956346029656,11.178471047378205,28.6196300450149,1.0220512270100262,False
292,9.798341221559552,292.86860577124213,7096.209426483905,112.61030646689179,0.3885734579637184,0.6114265420362817,0.5409261230079053,0.15063898573221174,0.03726205273319611,0.2006721908047594,COMPLETE,9.586031824043978,241.57648940789528,299.35499746947954,1894.2955753564377,110.17027852956868,7173.842725076918,6942.449528362972,2.315759915404907,68.20095556049178,37.01710784450834,7.353641169061897,39.0347124049869,1.0221477876782188,False
293,9.79597705736533,292.8761966879481,6264.393173458039,112.55822430057664,0.46484882617128653,0.5351511738287135,0.5409261230079053,0.11540443376085044,0.13646821143637544,0.21297593658442454,COMPLETE,9.584125749478105,241.57249525734898,299.35004802704987,1894.2087913754183,110.1239998335428,7171.091792612152,6128.917163342328,2.3152611721616356,60.254467019550276,46.30947532219898,3.3946668605770927,31.440560765578198,1.0221043956877092,False
294,9.804987258448708,292.843597139648,8166.490449916903,112.7595232386335,0.21211100462348814,0.7878889953765118,0.5409261230079053,0.08231362638092724,0.057524695658889714,0.07227259176530287,COMPLETE,9.590921154627974,241.59647801016976,299.3797668002946,1894.6393209514479,110.2977156735519,7181.415028790131,7988.196613686102,2.3171327718313495,78.28546312209794,36.57447236643566,10.600014563036298,62.28949276767334,1.0223196604757239,False
295,9.797080208934096,292.87130358544505,6605.840300799294,112.58353555013032,0.46484882617128653,0.5351511738287135,0.5409261230079053,0.09336193067407486,0.20087588802101514,0.17060920099745394,COMPLETE,9.584842900100487,241.57758646220583,299.3563569092626,1894.2860276471267,110.14460210316896,7172.316517520137,6462.7358515014585,2.3154832144256847,63.50899252948127,44.85743665501691,9.767642656693052,56.629339172595735,1.0221430138235634,False
296,9.796632275895231,292.8727186545659,5751.336481225187,112.57368520598767,0.4812236474710556,0.5187763525289444,0.5409261230079053,0.08793912449021195,0.221226721337755,0.17205745237657577,COMPLETE,9.584478805367505,241.57688511748373,299.3554878220099,1894.2702153838384,110.13581703517653,7171.794293004307,5626.786946211314,2.3153885352752233,55.30187601039778,22.711557806514918,12.6288678378743,24.516846386237546,1.0221351076919192,False
297,9.803093731860963,292.8480444343427,6170.39716178201,112.7190032996571,0.4537832369630465,0.5462167630369534,0.5409261230079053,0.16858362356897674,0.2775210460926924,0.007677891052365748,COMPLETE,9.589186859816767,241.59717674988468,299.38063265949353,1894.6141836990512,110.25943593497865,7179.14089837493,6035.7569765252465,2.316720472658823,59.18047753203935,58.21337827993395,1.7615077707633842,24.51315541070047,1.0223070918495256,False
298,9.805059349912717,292.84180854508617,7578.138156334614,112.76227717799533,0.23433032099706314,0.7656696790029369,0.5409261230079053,0.015272297298276857,0.18717508357961593,0.0318826446124234,COMPLETE,9.590780723971998,241.6003162726835,299.38452307052563,1894.6842925738329,110.29798349558507,7181.430938260297,7412.526406993925,2.317135656213591,72.63547731967518,34.382282512494065,12.025049842245892,51.85197030215055,1.0223421462869164,False
299,9.796008152120585,292.8753557578843,6234.263422276482,112.55946342862796,0.4812236474710556,0.5187763525289444,0.5409261230079053,0.09258367413829326,0.19538115870410758,0.1932571702540955,COMPLETE,9.58405632672035,241.57431828805105,299.3523070769787,1894.2300875902229,110.12406491024227,7171.095661344961,6099.375466707419,2.3152618735617514,59.96092244210329,49.69848359293388,0.47117638219316715,46.60324869784495,1.0221150437951114,False
300,9.794903627516696,292.8793627763302,6676.794602226439,112.53479025629848,0.44360637128816327,0.5563936287118367,0.5409261230079053,0.014911977330166892,0.2033416261522175,0.2253524467757502,COMPLETE,9.583224485595723,241.57135194575002,299.3486312664965,1894.1770183384813,110.10278390446577,7169.830471325665,6532.501385475291,2.315032494984974,64.24424534905104,19.11144579553715,9.504548184735675,55.147549364980165,1.0220885091692407,False
301,9.802577437778401,292.8512375753659,6356.292938206367,112.70647525840387,0.4812236474710556,0.5187763525289444,0.5409261230079053,0.2691572331005447,0.17014137285861597,0.04192462692014831,COMPLETE,9.588966459173358,241.5926396966825,299.37501046689863,1894.5534937502446,110.25045380609805,7178.607230521547,6217.781004641034,2.316623718834643,60.98039583349186,40.965301875734205,7.793735444358434,57.287788720649075,1.0222767468751224,False
302,9.796349793028275,292.8748070649355,6537.9947688311395,112.56657907779115,0.37302243963271164,0.6269775603672884,0.5409261230079053,0.010883872764369073,0.1366900968630383,0.22544823569365607,COMPLETE,9.584401686019653,241.57358567147335,299.35139923849533,1894.2277179008017,110.13115426630132,7171.517108505586,6396.542529562162,2.3153382818074824,62.87925891391571,27.029979804109622,7.391865388547158,24.936954588516638,1.0221138589504009,False
303,9.793086600271296,292.88635819649363,5903.733845530665,112.4939046649378,0.4812236474710556,0.5187763525289444,0.5409261230079053,0.03431826898546197,0.1839576202990452,0.26294746775944194,COMPLETE,9.581907408424783,241.56550725216061,299.34138868159533,1894.0787377387587,110.06807378602552,7167.766643221781,5776.425082393461,2.3146583235593683,56.84444014760187,19.07183129039444,8.022158692893836,31.98537918651298,1.0220393688693794,False
304,9.804801010467681,292.8441034060845,7948.761140267975,112.75548591431713,0.18743528976185203,0.8125647102381479,0.5409261230079053,0.03531852056940011,0.07351460221492541,0.07860207623146222,COMPLETE,9.590759347267062,241.59638243805375,299.3796483699349,1894.6349773673783,110.2940007995934,7181.194351664578,7775.237368288205,2.317092763133672,76.20372131543546,52.669585532238166,4.4362186449927545,20.530844371548923,1.0223174886836892,False
305,9.806684263358298,292.8373564984187,8449.2755128426,112.79753031907086,0.14285604314093037,0.8571439568590696,0.5409261230079053,0.04612601321157473,0.05045200878263081,0.04627796804281105,COMPLETE,9.592187856584294,241.60123405019993,299.3856603553947,1894.7231455390586,110.33036972771549,7183.354643427176,8264.46898816229,2.317484423392108,80.94275943049186,43.53946243886591,5.833414177881435,49.99682346750457,1.0223615727695292,False
306,9.795818030958335,292.8763254712148,6749.9112890637,112.55500690665748,0.44360637128816327,0.5563936287118367,0.5409261230079053,0.057709418321655936,0.17403864814276263,0.2118570624361115,COMPLETE,9.583948844805565,241.57313880755714,299.3508454969171,1894.213338277072,110.12060708059212,7170.890095918977,6603.920601313305,2.3152246046107416,64.926986308359,28.270400819626545,1.4753880440044917,63.536915833723455,1.0221066691385359,False
307,9.78965563643319,292.90110109678244,7230.201658563599,112.41557449834468,0.4812236474710556,0.5187763525289444,0.5409261230079053,0.07433443722008971,0.027677976206649135,0.37921075752477584,COMPLETE,9.579615778770092,241.5508009978353,299.32316509230014,1893.8514158633748,110.0036662409312,7163.936196021467,7075.0756169908545,2.3139638646134175,69.71255502788951,19.304285064010955,5.220220967232125,57.707856127415376,1.0219257079316875,False
308,9.799163247716526,292.8630846071891,6060.287302926663,112.63057345743671,0.44360637128816327,0.5563936287118367,0.5409261230079053,0.087411819567547,0.24026075054221405,0.11593272664699715,COMPLETE,9.586327076298389,241.58476086819473,299.36524723750574,1894.4041121743828,110.18425641655097,7174.673498228268,5928.658885821821,2.315910534331847,58.21604089589794,31.686157269373453,10.682787308269246,28.084980588739395,1.0222020560871914,False
309,9.801320418137166,292.85653664161805,5859.36536439741,112.67782640287658,0.4812236474710556,0.5187763525289444,0.5409261230079053,0.27681676861187565,0.1179383475745828,0.08646824389849757,COMPLETE,9.588114254863694,241.58750111045083,299.36864287097836,1894.4730126500779,110.22676817516101,7177.199861209079,5731.9077612107085,2.316368563194012,56.24320682922097,16.05520677072026,14.406381011412279,44.72774485740555,1.022236506325039,False
310,9.794301713193663,292.88196379604244,6434.152134506643,112.52103348127947,0.4812236474710556,0.5187763525289444,0.5409261230079053,0.0691824487898472,0.17404092215630998,0.23800000175399544,COMPLETE,9.582824371338853,241.56873804717947,299.34539219467337,1894.1367458402588,110.09149335068265,7169.159181357759,6295.226723554479,2.314910790312083,61.92409469081824,23.645468283945327,16.46479572102252,46.89508885199216,1.0220683729201294,False
311,9.802571196851053,292.84953304850427,5838.687719401464,112.7076272186934,0.48132420733896253,0.5186757926610375,0.5409261230079053,0.16131505397120036,0.31542278394018874,0.004585992118620549,COMPLETE,9.588741571273516,241.59674582095263,299.3800986641131,1894.6001436138686,110.24906514921844,7178.524722406571,5711.324766984976,2.3166087601377696,56.008468979570836,30.96202403273041,14.824064521402237,23.04443235650396,1.0223000718069344,False
312,9.79553291043862,292.8773873890425,6146.68443866305,112.54861707784619,0.44360637128816327,0.5563936287118367,0.5409261230079053,0.05122251041091471,0.17389998537753595,0.2184836009513166,COMPLETE,9.58373762957945,241.57230724638387,299.3498150489893,1894.198889628506,110.11513375618723,7170.564704383615,6013.783169386314,2.3151656112214973,59.13089192482974,26.956317463624938,6.505582545328057,31.91827559154924,1.022099444814253,False
313,9.800915464131483,292.8546977338692,5469.493082497065,112.67124914307459,0.4849394133538195,0.5150605866461805,0.5409261230079053,0.06457254870378083,0.3967810807486589,0.023585237439712567,COMPLETE,9.58738763165405,241.5943116216864,299.3770822707672,1894.543485813058,110.21653481561277,7176.591762731936,5350.331866697373,2.3162583151197302,52.49778037613535,50.610889954282136,6.8565795962671015,24.47833465006956,1.022271742906529,False
314,9.798079640558555,292.8663862998221,6064.320031435111,112.60683112913951,0.46484882617128653,0.5351511738287135,0.5409261230079053,0.04370026951678837,0.29959992663800356,0.12154826019181504,COMPLETE,9.585430861788394,241.5833546716372,299.363504717081,1894.3691643779666,110.16291293299957,7173.404931528419,5932.705439998437,2.3156805435638828,58.27592060083391,42.10667747379811,14.118888974426428,36.86057399408973,1.0221845821889832,False
315,9.798173711135082,292.86682083819335,6219.145614050013,112.60835297412373,0.4502090285816652,0.5497909714183348,0.5409261230079053,0.07564470615134676,0.235254988500948,0.1393090699369938,COMPLETE,9.585600606002611,241.58175447911205,299.36152180214384,1894.352589653976,110.16529491439991,7173.54651240039,6084.220154119946,2.3157062121341503,59.76488904097023,62.15755136877428,4.739579929892297,35.25852180525732,1.0221762948269881,False
316,9.801287816733183,292.85394004837593,5645.869471972203,112.67912777148251,0.4641592812938627,0.5358407187061374,0.5409261230079053,0.08659470225053781,0.34491845637862656,0.03264577530247792,COMPLETE,9.58774359286501,241.59389517797894,299.376566225082,1894.5452512991874,110.2241466163506,7177.044082543557,5522.860859533031,2.3163403205679685,54.18534911604598,57.10643010500367,-0.21991403121578923,47.12953891353091,1.0222726256495938,False
317,9.795691700538743,292.8763078565065,6144.2134750370515,112.55254069732098,0.4812236474710556,0.5187763525289444,0.5409261230079053,0.07177625357952006,0.21355770827040674,0.19588946083820336,COMPLETE,9.583793023241169,241.5739365171981,299.35183399694927,1894.2202115141074,110.11782396374593,7170.724639387331,6011.302931484248,2.315194607390428,59.10095921117816,52.954206320708124,7.275943674616839,38.123852841649644,1.0221101057570536,False
318,9.808824188036278,292.82983505626953,9063.388898247233,112.84520532100915,0.03689828236769943,0.9631017176323006,0.5409261230079053,0.0014274393607552152,0.011015792119874926,0.024455020156677953,COMPLETE,9.593829401147964,241.60640029781976,299.39206222855273,1894.8193891925134,110.3718068377384,7185.815559133536,8864.73294037603,2.3179305866827473,86.75495479308925,52.91887001188235,6.05190685586958,35.804535413635456,1.0224096945962566,False
319,9.799559410882456,292.85972753345095,5459.69122459228,112.64086151489832,0.4812236474710556,0.5187763525289444,0.5409261230079053,0.02753659758067158,0.3962072592374682,0.05747930157661882,COMPLETE,9.586380639960147,241.59040844792608,299.37224556428964,1894.4753403664542,110.19048192061679,7175.043493389372,5340.921572195318,2.315977614345263,52.43147796052829,28.579747128161955,8.98437076805835,31.62646693100212,1.0222376701832272,False
320,9.803825814745261,292.8475364719365,7484.223475423285,112.7337624724839,0.2769271422006604,0.7230728577993396,0.5409261230079053,0.10817600255932794,0.09041019231440268,0.07834083572503193,COMPLETE,9.590011847214354,241.5940147513013,299.3767143970821,1894.590970467469,110.27512505027723,7180.073007021202,7320.998266672493,2.316889463681059,71.77522995418866,32.9748353005784,9.438690119103395,37.3952685026242,1.0222954852337345,False
321,9.795970891142638,292.8758535281226,6631.42407195597,112.55835990264778,0.4502090285816652,0.5497909714183348,0.5409261230079053,0.07518829086140365,0.16620485016897296,0.2088156251517552,COMPLETE,9.584074497534376,241.57335198275698,299.3511096578111,1894.218436253344,110.12361292362222,7171.06879125201,6487.979908947583,2.3152570020218364,63.783764092011985,55.05867636961106,7.777404644579454,44.64155419666068,1.022109218126672,False
322,9.796255077067531,292.87497418092005,6201.326152713096,112.56459511463414,0.4812236474710556,0.5187763525289444,0.5409261230079053,0.13066979894218586,0.151764654607329,0.1987889441216221,COMPLETE,9.584307851267653,241.57375295455373,299.35160653112644,1894.2279670246292,110.12919980590203,7171.400921306022,6067.157139757869,2.3153172171025216,59.64051967814248,35.49630720272264,7.196285708096454,38.42437413194847,1.0221139835123145,False
323,9.797821151247854,292.8699490992433,7232.756729413669,112.59909266564654,0.31469931906763127,0.6853006809323687,0.5409261230079053,0.011156431868809508,0.08609608060781805,0.21744656641161209,COMPLETE,9.585570902281155,241.57639079458613,299.3548752705562,1894.2853641437648,110.15985795388983,7173.223346647919,7076.073483941475,2.315647622278686,69.52632226465678,33.63009658295696,4.847032822441895,35.01447829890331,1.0221426820718824,False
324,9.791858359653133,292.89128407189725,6034.959436559915,112.46612390688057,0.46484882617128653,0.5351511738287135,0.5409261230079053,0.007898265673523959,0.1553772719066266,0.3015728551402939,COMPLETE,9.581042201861319,241.5610845088141,299.3359081386561,1894.006936479386,110.04475757855609,7166.380107300117,5905.028333176381,2.3144069450063363,58.135935625638346,57.779917510363944,6.38881132259154,29.527078075458462,1.022003468239693,False
325,9.794965186873858,292.8786294736648,6769.7596971911935,112.53654663177868,0.4805952819119571,0.5194047180880429,0.5409261230079053,0.031629346947336476,0.24408904534825177,0.2048762086892232,COMPLETE,9.583205827058991,241.57273568102912,299.35034595351755,1894.193845699723,110.10359596622077,7169.8787518899635,6623.402874861821,2.3150412482370197,65.13434358514252,43.348721100216984,7.767593035429444,76.17236131548009,1.0220969228498615,False
326,9.79478055283647,292.88051435738373,6127.707984918462,112.53151388686265,0.4812236474710556,0.5187763525289444,0.5409261230079053,0.09993998681189342,0.14731496969617566,0.23396843254340383,COMPLETE,9.583221695988245,241.56933670810685,299.3461340389681,1894.1519279339616,110.10092972942479,7169.72023199352,5995.35474949925,2.3150125086266193,58.9654644411442,29.715231684893347,13.707095694042629,32.847803390045684,1.0220759639669807,False
327,9.791511859541863,292.8925174348279,7413.534787501795,112.45840407141333,0.4805952819119571,0.5194047180880429,0.5409261230079053,0.016328526574007296,0.15978299051458933,0.3044834132973865,COMPLETE,9.5807781807318,241.56021025332169,299.33482478509234,1893.9909315996642,110.03806556362885,7165.982129385703,7253.980115948782,2.3143347917280104,71.42444750870233,35.234835983942645,4.215409742266775,78.58603541621493,1.021995465799832,False
328,9.792320318325404,292.889569308399,6799.072003505589,112.4764691424617,0.45662027627823565,0.5433797237217644,0.5409261230079053,0.008268904293525855,0.15509230669180388,0.29325875339190505,COMPLETE,9.581385211546966,241.5624183798811,299.3375610353054,1894.0301902326673,110.05362805297779,7166.907621254879,6652.61407193958,2.3145025831305137,65.48584757630306,40.24246812621519,0.5525801478275252,56.691697636535764,1.0220150951163336,False
329,9.799686862784165,292.862692810571,7046.47214836631,112.64114681887574,0.3137790400420317,0.6862209599579683,0.5409261230079053,0.03564521444818642,0.11163639588261023,0.16649723865585,COMPLETE,9.586913592607393,241.5825660106832,299.3625274299349,1894.3882732688533,110.19545385942695,7175.338979141226,6893.477369736059,2.3160311858247913,67.68555429424822,16.367477515978873,9.40577937951383,29.174868583025024,1.0221941366344267,False
330,9.789016282177228,292.9027918958877,5804.594802401558,112.40177063933604,0.4805952819119571,0.5194047180880429,0.5409261230079053,0.01945275503638561,0.08199447023884972,0.3791476378513139,COMPLETE,9.579053956612798,241.55058617919602,299.32289889490085,1893.8377999571626,109.99089129449695,7163.1763141907495,5680.093403227221,2.313826098261968,55.97757446457186,52.095682646673204,7.682532419470041,20.857054932907886,1.0219188999785813,False
331,9.794843389567117,292.8819273626177,7221.446868220037,112.53169015203785,0.4505790052454945,0.5494209947545055,0.5409261230079053,0.1623170158091921,0.014287654193197635,0.27397402085823885,COMPLETE,9.583478278571652,241.56558420364343,299.34148403777425,1894.110312529861,110.10334370141186,7169.863753680578,7065.613654952434,2.315038529066088,69.49664173707797,18.238771877598424,1.0767417416627532,64.16347408816519,1.0220551562649305,False
332,9.799555837457989,292.86223101621334,5788.028561129759,112.63891965888973,0.49525257100033665,0.5047474289996634,0.5409261230079053,0.197525298128123,0.19023647706869032,0.10749041322524547,COMPLETE,9.586695446077309,241.58445219715514,299.36486474077145,1894.4074587699097,110.19224096028582,7175.148035072582,5662.3042890015,2.3159965677215486,55.5933555952851,28.736158704140074,4.674697137819937,37.425361089299045,1.0222037293849549,False
333,9.78708204117877,292.9107048927295,7072.049621091517,112.35792230284976,0.47520574203827937,0.5247942579617206,0.5409261230079053,0.012293135596293964,0.026933022386246234,0.43597912036174047,COMPLETE,9.577711003091157,241.5432454747013,299.3138024940846,1893.7204751782635,109.95429528399606,7160.999265102796,6920.7601597030125,2.313431399905395,68.25085612440822,29.071412789479957,3.885038427740158,48.060568185018994,1.0218602375891317,False
334,9.792099117602552,292.8911204615601,7051.340665642744,112.47096948559643,0.44513189194545816,0.5548681080545419,0.5409261230079053,0.03219684187341295,0.09709844592234133,0.31583591100533787,COMPLETE,9.581314065125282,241.56003467116324,299.33460720847006,1893.9991949005203,110.04991564203655,7166.6868522049135,6899.553271092093,2.3144625577669675,67.92454211560856,30.705303707665486,11.478425078642655,51.73875535933368,1.02199959745026,False
335,9.791766647673116,292.89127643025523,6456.6043172584705,112.46433040908744,0.4879260397312673,0.5120739602687328,0.5409261230079053,0.013714492690394486,0.18309426077420082,0.2911169910164926,COMPLETE,9.580929720716277,241.56165163641438,299.3366109077118,1894.0117886473918,110.04274146922587,7166.26020937889,6317.580312519701,2.314385207548634,62.19794004150049,52.78921766623058,17.338252183869262,43.32461703919931,1.0220058943236958,False
336,9.79246031924622,292.8885821961024,6033.051555174127,112.47995398106306,0.4812236474710556,0.5187763525289444,0.5409261230079053,0.01410103147358674,0.19228346494747767,0.27483884747827575,COMPLETE,9.58142955958419,241.56393976856174,299.33944629866755,1894.0499527444604,110.05597375938972,7167.0471134711115,5903.0372981578075,2.3145278730281125,58.10264679993661,26.690588123205032,6.434538730246315,37.08818254486327,1.0220249763722302,False
337,9.800124033758305,292.86099923690347,6522.01102545404,112.65099690372621,0.4812236474710556,0.5187763525289444,0.5409261230079053,0.24822122288730444,0.11713741977092205,0.11586401895628956,COMPLETE,9.587229048275315,241.58399681014498,299.3643004376076,1894.4122038622384,110.20380008582372,7175.8349865234395,6380.328793902583,2.3161211118166727,62.633251609255694,44.40702270935389,5.584631609281887,40.65059716760549,1.0222061019311193,False
338,9.796953342026795,292.87033444391767,6252.548318582343,112.58176986301578,0.4812236474710556,0.5187763525289444,0.5409261230079053,0.02335163826991089,0.3184259199158058,0.1394455865634705,COMPLETE,9.584565126860838,241.5806598884987,299.3601654153071,1894.3188005621114,110.14110894255828,7172.108870549988,6116.999282952469,2.3154455680913335,60.109360460279596,26.453790852119628,19.328621882647948,50.826097665712126,1.0221594002810557,False
339,9.799006388868841,292.86269990167835,6088.8157968428,112.6277814171703,0.44360637128816327,0.5563936287118367,0.5409261230079053,0.02446891423435163,0.32003941416645576,0.09909751611239731,COMPLETE,9.586087372193441,241.5866172128937,299.36754756923096,1894.4225069955064,110.18053365367088,7174.452241517003,5956.514151070421,2.3158704205554512,58.48995982757466,53.81131906707414,11.732370672015985,38.38787185766765,1.0222112534977532,False
340,9.801930549012777,292.85469810331114,5766.794868587571,112.69118294082308,0.4812236474710556,0.5187763525289444,0.5409261230079053,0.3187553574614936,0.08167776073709204,0.08078984185290136,COMPLETE,9.58862143072021,241.58824400504267,299.3695634456966,1894.4921347315192,110.23880310072367,7177.914979212613,5641.298169479004,2.3164982138768155,55.34290971494351,16.26556874445776,-1.8982543011662243,50.593179855881345,1.0222460673657596,False
341,9.790411289455623,292.897905642963,6675.1875250330195,112.43278571068196,0.44360637128816327,0.5563936287118367,0.5409261230079053,0.02235869210280453,0.05756613914972552,0.3636810586902416,COMPLETE,9.580127108405161,241.55391721748157,299.3270266267011,1893.900081631687,110.01788856618136,7164.782120528411,6531.813942395933,2.314117230476651,64.34286669660207,32.31260725927276,3.6459586946181974,37.78746145180905,1.0219500408158435,False
342,9.796632275895231,292.8727186545659,6263.562800117097,112.57368520598767,0.4812236474710556,0.5187763525289444,0.5409261230079053,0.08793912449021195,0.221226721337755,0.17205745237657577,COMPLETE,9.584478805367505,241.57688511748373,299.3554878220099,1894.2702153838384,110.13581703517653,7171.794293004307,6127.920617325075,2.3153885352752233,60.22717928018465,54.24893352233773,7.66869347874839,43.566930939693975,1.0221351076919192,False
343,9.79727592054678,292.8706619563727,6129.091627961608,112.58785696784814,0.4641592812938627,0.5358407187061374,0.5409261230079053,0.10231225574063911,0.1938633376828981,0.16798344856637254,COMPLETE,9.584999001173458,241.57794868158334,299.35680576163685,1894.2935715167698,110.14842343246548,7172.543668429797,5996.293011295937,2.315524396818509,58.92134804813766,50.45969232667953,9.40478060766415,24.5353701202167,1.0221467857583848,False
344,9.807337431152332,292.83438078863145,8183.132062073356,112.81258975392669,0.1766761140130264,0.8233238859869736,0.5409261230079053,0.07007661116076291,0.09726618157913458,0.009333201208231588,COMPLETE,9.592602224811916,241.6044335608619,299.3896251017508,1894.7710019258357,110.34251722826262,7184.076120103153,8003.959420752935,2.317615226900347,78.36837712780193,58.682830700063015,5.939157774971736,38.83673989195208,1.022385500962918,False
345,9.795638115313613,292.87749625130397,6322.814921922486,112.55060037611177,0.48719740383308324,0.5128025961669167,0.5409261230079053,0.1373738771709406,0.13335379014599355,0.2164695170199428,COMPLETE,9.583879407544384,241.57141783661547,299.34871291666,1894.190603567598,110.1175205283541,7170.7066000044415,6186.130501615331,2.315191336855639,60.82385565642626,30.25968659503978,9.572680004323866,44.63806922882432,1.022095301783799,False
346,9.795983051138421,292.87677331561895,6922.853811843562,112.55791068566263,0.4805952819119571,0.5194047180880429,0.5409261230079053,0.17101500711873321,0.0878063318108087,0.22177369803199232,COMPLETE,9.58420656449771,241.57108171552613,299.34829640457275,1894.1928051561792,110.12455420227649,7171.12474914198,6773.190664189473,2.315267147170758,66.58994017586868,54.00789884289071,11.002320985907588,45.405446253035485,1.0220964025780896,False
347,9.799418059268643,292.8646813772965,6916.396178921405,112.63438198188481,0.46484882617128653,0.5351511738287135,0.5409261230079053,0.2757567738583704,0.02987699695629384,0.15921454097750842,COMPLETE,9.5868404130118,241.57942381558,299.3586337074561,1894.3478011730165,110.1910173183417,7175.075312757513,6766.359593952536,2.315983383187308,66.44377592761425,50.8626274866106,14.1702518987315,26.778079764718544,1.0221739005865083,False
348,9.79608096451134,292.8752441063817,6767.709659702176,112.56097598572273,0.40689750985347434,0.5931024901465256,0.5409261230079053,0.012377775742687495,0.18246229476989215,0.2120571728680042,COMPLETE,9.58413060580562,241.57414951561225,299.3520979387753,1894.2294387301715,110.12557969583203,7171.185713241769,6621.2818693249255,2.3152781999440424,65.09206187567659,25.384398383513297,8.378420675012284,48.89339305497064,1.0221147193650857,False
349,9.795319226572587,292.8797577694541,7542.64100567638,112.54265076616272,0.4812236474710556,0.5187763525289444,0.5409261230079053,0.187219236844189,0.04631054200244233,0.24769358439632816,COMPLETE,9.583780108966254,241.5679218543144,299.34438079073396,1894.1452360553276,110.11218653263695,7170.389487386587,7379.7505897689825,2.3151338444316925,72.57211095556431,37.70976909785941,8.57323448578046,76.41980196891853,1.0220726180276638,False
350,9.795796800952735,292.87577340222094,5885.645645117084,112.55500304824515,0.46484882617128653,0.5351511738287135,0.5409261230079053,0.04539528662478534,0.22523172798247626,0.19422153240930215,COMPLETE,9.583852646815007,241.57458467800933,299.3526371801501,1894.2294267135176,110.11973663758324,7170.838348227574,5758.302437294785,2.315215222769576,56.611368324144756,49.41788931831147,10.019707657493381,22.366102478564102,1.0221147133567587,False
351,9.789063908769338,292.903142509639,7496.8892318532335,112.40244245510476,0.45546359224692123,0.5445364077530788,0.5409261230079053,0.02024727169748276,0.04058256805847783,0.39463331660093276,COMPLETE,9.579156585556062,241.54946260778755,299.3215065958532,1893.825846532206,109.99219199211116,7163.253684504051,7336.133109945089,2.3138401254769154,72.29927727108281,36.78242176566579,8.630105186863027,57.387751569027074,1.021912923266103,False
352,9.791270734032413,292.89367706982983,6709.322511442091,112.45280672232889,0.46484882617128653,0.5351511738287135,0.5409261230079053,0.007063218857674613,0.1389499571613254,0.3188352625281816,COMPLETE,9.580632875825724,241.5588815252004,299.33317826144116,1893.9715958093288,110.03362957967347,7165.718312408803,6564.98605479444,2.3142869617880266,64.64696564337633,47.35291738503056,7.49883470019498,48.729623207552926,1.0219857979046645,False
353,9.798251263555008,292.8676779992422,6703.015583360868,112.60923444121875,0.4805952819119571,0.5194047180880429,0.5409261230079053,0.184707214447798,0.14113038650451,0.15475748649004362,COMPLETE,9.585804164445493,241.57924351915523,299.3584102890435,1894.3253576778668,110.1676247553185,7173.684992688673,6557.679831330539,2.3157313185695103,64.4169277294599,41.456683020950344,15.30295056657063,53.69175687931594,1.0221626788389333,False
354,9.802882544231077,292.8502678359588,7332.848321433064,112.7131927860339,0.30670759796789493,0.6932924020321051,0.5409261230079053,0.07228372722714807,0.15625093381421468,0.07817275001905684,COMPLETE,9.589213648444126,241.59313135885884,299.37561972125906,1894.5644249091515,110.25643546648544,7178.962629677979,7173.017618908137,2.316688152596724,70.34568553099307,29.26580206042717,10.551500678177316,61.660662782470126,1.0222822124545758,False
355,9.795296172017867,292.879992182991,6852.68297187648,112.5420229966871,0.4502090285816652,0.5497909714183348,0.5409261230079053,0.15743578465074454,0.0342837451221707,0.25848913057324063,COMPLETE,9.583781973877434,241.56749963055026,299.3438575825602,1894.1400271243563,110.11185290961532,7170.3696528381,6704.709932730645,2.315130248433911,65.93554339450603,31.903244805278483,1.238774050654412,45.827908175153574,1.022070013562178,False
356,9.80304041603605,292.8490118928121,5944.683432123651,112.71723271320866,0.46484882617128653,0.5351511738287135,0.5409261230079053,0.2290140606993404,0.21264581461727905,0.02318870532334167,COMPLETE,9.589245398496823,241.595186067196,299.37816585979505,1894.590582189656,110.25897673116937,7179.113615567214,5815.035522424433,2.316715526293843,57.01948066323398,33.504423393764064,4.3408798307284435,31.213598420021746,1.022295291094828,False
357,9.798161805626805,292.86940916415347,6220.96833948904,112.60618353105376,0.4641592812938627,0.5358407187061374,0.5409261230079053,0.24761777322061823,0.026189174649675927,0.19035175425627793,COMPLETE,9.585916167357459,241.57564325529702,299.3539489402558,1894.2828071023816,110.16693300929788,7173.6438770740815,6086.211083785221,2.31572386432073,59.79218282640462,30.011744195487942,0.8771965303719509,23.80322744021687,1.0221414035511909,False
358,9.790325055148848,292.8972471872129,5762.598458934596,112.43158668654287,0.4812236474710556,0.5187763525289444,0.5409261230079053,0.009447378886297087,0.13488813682732811,0.3368877734539441,COMPLETE,9.579938283555618,241.5560076582733,299.3296170439204,1893.9223647096696,110.01551588043148,7164.641000120303,5638.764522989256,2.314091645388346,55.5439128781458,26.62116768189832,5.170712803868925,24.48902903527894,1.021961182354835,False
359,9.799495704148729,292.86200805582166,6407.325043915342,112.63790573248707,0.40527666539091645,0.5947233346090836,0.5409261230079053,0.05793523743209926,0.22717275166391263,0.12016844619438362,COMPLETE,9.586593927152144,241.585344117958,299.3659699847061,1894.416563091002,110.19075834739584,7175.05992179404,6268.120851288697,2.3159805928101767,61.54321734726307,41.704568780871014,10.791843988637956,30.282883337469116,1.022208281545501,False
360,9.7938919483454,292.88477770178343,6462.3805832436465,112.51088852262633,0.46484882617128653,0.5351511738287135,0.5409261230079053,0.11660136708207196,0.07035443982665228,0.2778925515329123,COMPLETE,9.582685007485361,241.56446542249589,299.3400976746873,1894.0809524042709,110.08457213036478,7168.7476574290495,6323.01824997931,2.3148361811453673,62.210735614412584,56.20777512353633,8.194682662639146,26.25858291876117,1.0220404762021353,False
361,9.79398682589105,292.88231750363235,6197.163042764311,112.51458997578308,0.4812236474710556,0.5187763525289444,0.5409261230079053,0.01331945815112954,0.2397137415647725,0.22819016100940967,COMPLETE,9.582486654232193,241.5697767102884,299.34667927767185,1894.1430662604566,110.0848485929281,7168.764095662238,6063.335923058815,2.314839161392189,59.647164558911236,27.05809121869791,5.610236034179934,51.20671261585163,1.0220715331302284,False
362,9.803777317102256,292.84792491022245,7986.0119760162725,112.732519348961,0.19044542831551076,0.8095545716844892,0.5409261230079053,0.013581538376865245,0.07280167542444173,0.10406209957697037,COMPLETE,9.590002431779597,241.59337728061814,299.37592446079645,1894.5828636318683,110.27434627786134,7180.026740767746,7811.874116787249,2.3168810756229736,76.59233051437043,47.604039810107636,6.285605430283061,32.2006791344116,1.0222914318159342,False
363,9.797026029579566,292.8699228011754,5529.012886701808,112.58350440627825,0.4849571989073016,0.5150428010926984,0.5409261230079053,0.021053549730067674,0.33001537596298197,0.13388786584489096,COMPLETE,9.584601005411935,241.5812083904187,299.36084510392783,1894.3263155237626,110.14240099671565,7172.185675617783,5409.129496320414,2.3154594928274372,53.15156855147018,46.94192751930085,4.445298589733504,35.49287878312276,1.0221631577618813,False
364,9.801278055848844,292.8541580512173,5843.7743188656195,112.67877311048976,0.4641592812938627,0.5358407187061374,0.5409261230079053,0.09761420499946341,0.32974461128431615,0.036800073444709,COMPLETE,9.587759519351321,241.59343310622342,299.37599363836404,1894.539818936128,110.22409254824092,7177.040869681137,5716.4690701953805,2.31633973807696,56.085588999484294,66.14738944680386,2.1910179041744144,30.576047033616724,1.022269909468064,False
365,9.795607649171258,292.87723674759775,6590.548678278905,112.55019652197481,0.4191643523555689,0.5808356476444311,0.5409261230079053,0.030517290574709692,0.16358308032599933,0.22506372319450285,COMPLETE,9.583809280793593,241.57222008590327,299.34970704209877,1894.1992035050444,110.11666214231268,7170.655568402013,6448.049355443008,2.3151820848411924,63.40012047832061,46.550802379004104,2.071752808761372,43.71779834305805,1.0220996017525221,False
366,9.797634735116768,292.86953343154505,6093.923722910272,112.59574422165697,0.49525257100033665,0.5047474289996634,0.5409261230079053,0.16150416279422108,0.17704943649777188,0.15669859395707345,COMPLETE,9.585291289224836,241.57849852682457,299.35748711486457,1894.3061018146907,110.15546460650675,7172.962206203145,5961.8505443004005,2.3156002775931865,58.57537764556755,26.28429166922752,6.176436254209776,52.634242704938075,1.0221530509073453,False
367,9.790234357602152,292.89779967733887,6800.297018863945,112.42939451624663,0.4812236474710556,0.5187763525289444,0.5409261230079053,0.02003586600862693,0.11793108259415534,0.3432562675294577,COMPLETE,9.579898456156377,241.55522976104962,299.32865309489534,1893.9119271270786,110.0139326201568,7164.546831605222,6654.197696690814,2.3140745726643783,65.54901714401457,27.80574577910493,11.472746804129173,50.59577611928181,1.0219559635635393,False
368,9.809358197892424,292.82783139762284,9120.340904119164,112.85719867747426,0.028187748325463557,0.9718122516745364,0.5409261230079053,0.004196732600400238,0.012102563292279786,0.011888435764683077,COMPLETE,9.594222860671115,241.6079917617708,299.3940343272789,1894.8468500983433,110.38205494171515,7186.4241161033815,8920.316847866174,2.31804091788162,87.28082200792765,30.633118547074517,17.938361534112826,36.276948354580924,1.0224234250491717,False
369,9.797279758095442,292.8714674861839,6536.492705767717,112.58732990538806,0.4812236474710556,0.5187763525289444,0.5409261230079053,0.17313447219186626,0.1268199228782669,0.1812690521812022,COMPLETE,9.585106375512458,241.57600154343217,299.35439292114177,1894.2714716500245,110.14909855833746,7172.583799472845,6394.936089864636,2.315531672564759,62.84068479739099,38.89471874307754,19.6785912927027,40.551469882148396,1.0221357358250123,False
370,9.795441598180075,292.8778688410272,6330.95479282401,112.54646500542573,0.4064505045650388,0.5935494954349612,0.5409261230079053,0.011909995253655006,0.16240621540136801,0.23213403750765987,COMPLETE,9.583688010344156,241.57170318392573,299.349066511265,1894.1904176361675,110.11348457016118,7170.46665800605,6194.094971000707,2.315147835442206,60.90700315829814,36.291927602897346,7.884322383713464,26.798921394891014,1.0220952088180837,False
371,9.797005220456112,292.87303715884303,7096.559360872198,112.58076719792766,0.4812236474710556,0.5187763525289444,0.5409261230079053,0.19989201090758432,0.08205543416880844,0.1992760024462011,COMPLETE,9.584972786127619,241.57389371653886,299.35178095953955,1894.2426784216582,110.14422933861286,7172.294359106901,6942.9715324712715,2.3154791971119106,68.23460236558184,52.28446626857961,6.794952687072779,55.14513126172108,1.022121339210829,False
372,9.792648101221053,292.8878504202187,6673.5563387312295,112.48418538020805,0.4812236474710556,0.5187763525289444,0.5409261230079053,0.016305724347675674,0.19497601324038857,0.26994155884791127,COMPLETE,9.581564557379792,241.56456495796553,299.3402210163268,1894.0603499725278,110.0595541435162,7167.260025522355,6529.705777836669,2.3145664739201113,64.26658422913744,36.108396846523846,13.118315747291273,55.0820531855404,1.022030174986264,False
373,9.795976630827738,292.87523659627817,6257.451334249195,112.55893387156695,0.4641592812938627,0.5358407187061374,0.5409261230079053,0.05661836003512873,0.21457181567978248,0.19296887846252575,COMPLETE,9.584002814704887,241.57479148777807,299.35289345317545,1894.2349235953095,110.12328629392879,7171.049373452997,6122.047189413894,2.315253481580611,60.18402710722609,30.366883378740646,6.93213603337032,47.67050385453095,1.0221174617976547,False
374,9.804984341812823,292.84412499649454,8655.535915101334,112.75907107731156,0.12367405087159883,0.8763259491284012,0.5409261230079053,0.00612692157774381,0.013423468302252923,0.10412342988565325,COMPLETE,9.590984918439608,241.59523541651694,299.3782270121277,1894.6251193580297,110.2980394887407,7181.43426442727,8466.62386483738,2.3171362592466807,82.97903910634291,30.02655927691781,16.961804804747707,43.347159060751686,1.0223125596790148,False
375,9.797875208884061,292.86678109290403,5790.060874567686,112.60252272069418,0.46484882617128653,0.5351511738287135,0.5409261230079053,0.016744940729424816,0.3294119641350773,0.11869100235711112,COMPLETE,9.58523270113956,241.5836341043096,299.36385098242806,1894.3687731690063,110.15871911029765,7173.155654304187,5664.399643115687,2.315635349676763,55.64348160837201,49.13850078060412,7.886544628124588,37.862400750573826,1.022184386584503,False
376,9.798807761422553,292.8654019567729,6121.45235229028,112.6218614517261,0.4812236474710556,0.5187763525289444,0.5409261230079053,0.1861667824393287,0.15807980892989099,0.13697686096889536,COMPLETE,9.586190425349656,241.58135206363227,299.36102313985583,1894.3590887805972,110.17816005983752,7174.311168700095,5988.627326661634,2.3158448440954165,58.81462584859652,36.37269850743579,7.562075705020186,33.46003191286959,1.0221795443902986,False
377,9.801775381512762,292.8529096763323,5930.402299576756,112.68947312541023,0.46484882617128653,0.5351511738287135,0.5409261230079053,0.14770347238113563,0.27987153577913915,0.037273472538961086,COMPLETE,9.588204818038703,241.59344117438283,299.3760036362072,1894.5486026898923,110.23408587807725,7177.634685308343,5801.184957671805,2.3164473966747674,56.908053343835164,37.406535782615386,6.228867031741993,51.99062297311695,1.0222743013449462,False
378,9.79542334580283,292.8793527786132,6263.077125049467,112.54499698177635,0.49525257100033665,0.5047474289996634,0.5409261230079053,0.2058652312873984,0.04768599746589302,0.24170094351550853,COMPLETE,9.583855046691083,241.5682666803075,299.34480808970056,1894.1509805983121,110.1141726320382,7170.5075643180135,6127.8028721893115,2.315155251744482,60.25796995245046,22.18533864454571,2.487886440984919,43.710695228037274,1.022075490299156,False
379,9.801089315585891,292.8534187703753,5134.724397459817,112.67561920946518,0.4812236474710556,0.5187763525289444,0.5409261230079053,0.024987018394772065,0.44969784821544384,0.006538242931961775,COMPLETE,9.58743590153648,241.59632560300687,299.3795779414948,1894.5694586631178,110.21940950163695,7176.76258841475,5022.792818999907,2.3162892857655653,49.27925227034378,32.18280673588757,4.5008178406132835,28.420869590291815,1.022284729331559,False
380,9.789341079951377,292.90143943132574,6981.523278458334,112.40915213310943,0.4812236474710556,0.5187763525289444,0.5409261230079053,0.0189356101690966,0.09320672905707514,0.36908090059274345,COMPLETE,9.579276429550232,241.55187537093508,299.3244964261454,1893.858145643054,109.99701948272188,7163.540837633447,6831.710207815576,2.3138921862544537,67.31897693078861,42.07636601259037,9.653548346506616,52.430551103312695,1.0219290728215271,False
381,9.793374521858743,292.88480989716606,6132.929808186428,112.50071170785473,0.4849394133538195,0.5150605866461805,0.5409261230079053,0.016991542381542244,0.22223966366022854,0.24570784151244898,COMPLETE,9.582060037627318,241.56748445728735,299.3438387802666,1894.106274308786,110.07325120206562,7168.074507203592,6000.597801853797,2.314714139208332,59.04310725581459,16.785219501016492,13.902279029121125,39.54097982679959,1.022053137154393,False
382,9.796604911103946,292.8736831270462,6413.23759965701,112.57242688632147,0.49525257100033665,0.5047474289996634,0.5409261230079053,0.15670926498474144,0.150926583972975,0.18761641851916627,COMPLETE,9.584568512151378,241.57474482951585,299.35283563552935,1894.2453718565935,110.1359244209345,7171.800676626171,6274.4303476959585,2.315389692623982,61.67011109182073,25.004486016095797,7.78624598742997,61.852472199721774,1.0221226859282968,False
383,9.793694868987638,292.8846585598593,6127.9035115278,112.50711059723294,0.4641592812938627,0.5358407187061374,0.5409261230079053,0.060481473925678,0.13886519247705856,0.2648122271757513,COMPLETE,9.58243020676414,241.56592940011703,299.3419117958302,1894.0941718676686,110.08016376705024,7168.485537108813,5995.715457599291,2.314788658808735,58.99200945017099,26.91649541813033,9.663884269519421,30.94923778431051,1.0220470859338342,False
384,9.793245757573033,292.88543642373276,5570.080095118732,112.49771672183672,0.49525257100033665,0.5047474289996634,0.5409261230079053,0.03557392589906929,0.2103821913890269,0.24929614044453902,COMPLETE,9.581983375790957,241.56675771644757,299.3429382228374,1894.095752099891,110.07088743887688,7167.9339519519235,5449.920914317847,2.3146886565827227,53.62729164346019,36.09649125529526,6.874761643880689,23.368511323154884,1.0220478760499454,True
385,9.805207319553542,292.8421218110654,7609.146668348358,112.76494972827815,0.26015385045189665,0.7398461495481033,0.5409261230079053,0.10553867836446416,0.11348655784399157,0.041128474156190684,COMPLETE,9.591000494209249,241.59868458353455,299.38250112583125,1894.668296174862,110.30146057356815,7181.6374859073185,7442.915491557674,2.317173103240984,72.9317996326935,32.660385611882255,17.678337154836655,38.29062455734772,1.022334148087431,False
386,9.796843742073063,292.87169458721706,5914.580835342219,112.57860164083783,0.4812236474710556,0.5187763525289444,0.5409261230079053,0.07846035490176088,0.24066972188848823,0.16209325906098176,COMPLETE,9.58460530143267,241.57806662604384,299.3569519151958,1894.2873616524757,110.13970320673141,7172.025307272646,5786.447586861014,2.3154304180938348,56.86611028398379,61.660931070448186,2.718048319846337,31.392298520676263,1.0221436808262379,False
387,9.802478431860477,292.8510241342874,6427.059669463787,112.70469041382336,0.4812236474710556,0.5187763525289444,0.5409261230079053,0.23041060129845659,0.2190363371162036,0.031776438679015515,COMPLETE,9.588818915265655,241.5937408983593,299.37637504598484,1894.5643031707837,110.24812498099166,7178.46886130181,6286.972397489745,2.3165986325359773,61.659385158425636,45.3142293593029,13.02700643458448,67.33322281828237,1.022282151585392,False
388,9.801263802251151,292.85591486729146,6202.267163449221,112.67717963180016,0.4812236474710556,0.5187763525289444,0.5409261230079053,0.2238240737666254,0.1874842321527366,0.06991510918163932,COMPLETE,9.587966163128273,241.58932412609354,299.37090190224603,1894.4927809493408,110.22506969134866,7177.098933852152,6067.291820486896,2.3163502650940138,59.53277454706169,33.190496499624054,16.992673720331286,38.292586833393415,1.0222463904746704,False
389,9.802444934998588,292.8525798883781,7440.039142724504,112.70286906802384,0.27595341938724277,0.7240465806127572,0.5409261230079053,0.06623143377806405,0.09870638965647079,0.11101547788005615,COMPLETE,9.58897655878359,241.59022694935717,299.3720206562128,1894.5237038397927,110.24853256174833,7178.49307817864,7278.017005869354,2.3166030230485934,71.39034420779464,17.036492880588998,10.406189229111591,42.476481676750296,1.0222618519198963,False
390,9.799789760905055,292.86107123807164,6038.522255192405,112.64437978650078,0.4383268013291725,0.5616731986708274,0.5409261230079053,0.115265417502899,0.21428179473979928,0.10877931948563471,COMPLETE,9.586831914905483,241.58582325304067,299.3665637158337,1894.4271575615023,110.19652069272819,7175.402380933296,5907.299981668091,2.3160426805509653,57.99411270363542,26.518090648657193,11.83045067889545,21.198584070778494,1.0222135787807511,False
391,9.7945170994948,292.8812902783002,6920.503424718126,112.52576371731386,0.4812236474710556,0.5187763525289444,0.5409261230079053,0.08170883257480849,0.1637728928860174,0.23574016295519043,COMPLETE,9.583000344855705,241.56905881541002,299.34578968191676,1894.1441609156657,110.09572208146848,7169.4106082564185,6771.052215434859,2.314956373934542,66.60015181265301,26.878611578041053,8.023243563694745,71.62108683550471,1.022072080457833,False
392,9.791169785979696,292.8936100696402,6560.52674832459,112.45087654599239,0.49525257100033665,0.5047474289996634,0.5409261230079053,0.016255884884118933,0.17401814100796537,0.304978195146133,COMPLETE,9.580501592947353,241.55964587357587,299.33412542110295,1893.9785309753352,110.03136759203987,7165.58378541392,6419.369527520498,2.3142625720835923,63.213159816852915,41.13411025824055,7.624891044505503,53.14682543548662,1.0219892654876677,False
393,9.802462521239537,292.84988465139344,5659.347150411024,112.70522991105447,0.4879260397312673,0.5120739602687328,0.5409261230079053,0.16352764775400894,0.31974911600605305,0.004648893487090974,COMPLETE,9.588654314744241,241.5965559404778,299.379863369407,1894.5960818853443,110.24693914812529,7178.39840343761,5535.9072635926,2.3165858585460106,54.2901496925892,50.80682135490856,0.36923883630711085,44.97644830011818,1.022298040942672,False
394,9.801895669113458,292.85417622645764,6724.075902266693,112.69088829287915,0.4812236474710556,0.5187763525289444,0.5409261230079053,0.2773404988039137,0.13632599729794045,0.06755480430447511,COMPLETE,9.588512492539964,241.58969855038794,299.37136587862045,1894.5080875139936,110.23765470148365,7177.846742711712,6577.695577074279,2.316485842619359,64.52802421252093,54.58324088845602,4.567483859751972,37.4173878421113,1.0222540437569967,False
395,9.802649851351143,292.85083108016767,6265.500908927505,112.7082014435345,0.3775686278368095,0.6224313721631904,0.5409261230079053,0.13481589037427516,0.18168897131462394,0.061063548811436906,COMPLETE,9.58900264458575,241.59317735318723,299.37567671617643,1894.5608818110034,110.2517439771237,7178.683886570012,6128.94530524103,2.3166376165535865,60.10926417691776,19.484379898601034,0.39703728434533003,31.58344496870977,1.0222804409055017,False
396,9.803021533564456,292.84865926843315,7035.392407290661,112.71712551640046,0.3520398840496118,0.6479601159503883,0.5409261230079053,0.0632505009678781,0.24828666498128937,0.040502421099763486,COMPLETE,9.58917749473239,241.59614060255294,299.37934869397753,1894.601122244225,110.25830348041502,7179.07361542681,6881.921691961482,2.3167082742802028,67.48251626940429,70.70691799606543,15.747634430854177,33.462983130884766,1.0223005611221125,False
397,9.799672671315143,292.86068033878973,6142.113972048256,112.64237307050415,0.46974947078209456,0.5302505292179054,0.5409261230079053,0.10038416646498535,0.28265961372194653,0.08670521784115072,COMPLETE,9.586639759647722,241.58745658670912,299.36858769837187,1894.443708537818,110.19366549452785,7175.232696130348,6008.591918083265,2.316011916746314,58.987910340937596,36.98355217604901,15.968381820033752,40.21796913157983,1.022221854268909,False
398,9.810011805647479,292.82547014354964,9251.428566653756,112.8718106971289,0.007272332833940964,0.992727667166059,0.5409261230079053,0.001015746115022089,0.005444745427766757,0.0008118326951414824,COMPLETE,9.594716048633812,241.6097221170612,299.396178536365,1894.8779840742288,110.39466567314919,7187.172933765235,9048.391775651227,2.318176678302523,88.51213157883824,37.64650907351114,13.400301415466664,56.46741884116643,1.0224389920371144,False
399,9.798088795079657,292.8667980250867,6038.3071188333515,112.60670302188197,0.4812236474710556,0.5187763525289444,0.5409261230079053,0.09120590396011663,0.26302014695947806,0.12699723431032853,COMPLETE,9.585494478494294,241.58231668028264,299.3622184665022,1894.35750645151,110.16341580816639,7173.434821686474,5907.290774512656,2.315685962640709,58.027069794752755,35.678179793752456,9.497587028583947,47.42630583175392,1.0221787532257551,False
400,9.792207890647855,292.88975768143933,6138.579875068857,112.47412256887121,0.4812236474710556,0.5187763525289444,0.5409261230079053,0.02246909376697211,0.1733978149012155,0.28535625508071244,COMPLETE,9.581272539337432,241.56264096485026,299.3378368565289,1894.0307590551033,110.05130140102662,7166.769260719653,6006.3478476288155,2.3144774984063474,59.12535279912167,38.680666630271006,10.119865116428013,35.74477546744316,1.0220153795275517,False
401,9.7981732064981,292.8666876750581,6507.675145437032,112.60844263397136,0.46484882617128653,0.5351511738287135,0.5409261230079053,0.08542377155411153,0.24634559795405778,0.1330791173867941,COMPLETE,9.585583015375505,241.58207552205093,299.3619196297983,1894.3562359809716,110.16518613737287,7173.54004691376,6366.478631171015,2.315705039943334,62.536760698541734,62.37538405473474,7.0732092306585255,58.37093077986458,1.0221781179904859,False
402,9.790234357602152,292.89779967733887,5838.291312149275,112.42939451624663,0.4812236474710556,0.5187763525289444,0.5409261230079053,0.02003586600862693,0.11793108259415534,0.3432562675294577,COMPLETE,9.579898456156377,241.55522976104962,299.32865309489534,1893.9119271270786,110.0139326201568,7164.546831605222,5712.8599668730085,2.3140745726643783,56.276109153796476,69.54023090345588,3.801537508592332,23.54819151528178,1.0219559635635393,False
403,9.797516008511236,292.8682076765092,5782.1181586798475,112.59440484899322,0.4812236474710556,0.5187763525289444,0.5409261230079053,0.034155430327365746,0.3216794715952736,0.1253880102389039,COMPLETE,9.584977947153826,241.58237484786187,299.3622905461801,1894.348158656019,110.15188814317641,7172.749617575585,5656.686346890236,2.3155617353378055,55.57479305948935,56.05397705394182,10.41813861097195,32.156316346962505,1.0221740793280094,False
404,9.801089315585891,292.8534187703753,5132.1515204780135,112.67561920946518,0.4812236474710556,0.5187763525289444,0.5409261230079053,0.024987018394772065,0.44969784821544384,0.006538242931961775,COMPLETE,9.58743590153648,241.59632560300687,299.3795779414948,1894.5694586631178,110.21940950163695,7176.76258841475,5020.27602802379,2.3162892857655653,49.25455971743684,41.09422614472499,3.67458925868088,47.502776901709495,1.022284729331559,False
405,9.797760107351635,292.8675233964858,6046.233110007408,112.59970822486395,0.4520793472468742,0.5479206527531257,0.5409261230079053,0.017476941230797172,0.30357110939229176,0.131030920374357,COMPLETE,9.585187422681674,241.58254957058094,299.36250705780856,1894.3544138045638,110.15673942299934,7173.0379817823,5915.053739390822,2.3156140156833045,58.10930479323898,26.131107444969935,13.282342828207526,36.2785877400855,1.0221772069022819,False
406,9.790449902773803,292.89766911323807,6682.399617790629,112.43372000313177,0.45546359224692123,0.5445364077530788,0.5409261230079053,0.03237193292527261,0.06488460226903979,0.35820636013882423,COMPLETE,9.580143895647632,241.55425156174525,299.32744093699455,1893.9045612293394,110.0185616646471,7164.822154186217,6538.856798451873,2.314124488566986,64.41085190862216,38.93818410719923,11.403806838318008,38.5337935360629,1.0219522806146697,False
407,9.796013590492997,292.877125654122,7150.554078746287,112.55824651781293,0.4805952819119571,0.5194047180880429,0.5409261230079053,0.1998200243656588,0.049923867691554887,0.2308511348694105,COMPLETE,9.58428862257471,241.570057165036,299.34702680954655,1894.1816761276557,110.12548232115536,7171.179924470808,6996.006433529685,2.315277150441577,68.78140939470056,39.972870089866376,11.281578249402317,60.43498704580679,1.0220908380638278,False
408,9.80397322507389,292.84685112394584,7793.516832533226,112.7371705242878,0.19827139116063508,0.8017286088393649,0.5409261230079053,0.006505867075386921,0.10197977046040393,0.0897856277415159,COMPLETE,9.590103623413343,241.59476989403328,299.37765014936156,1894.6021461412374,110.2778559995702,7180.235249301108,7623.504501589096,2.3169188781584813,74.73838572715553,47.62005199161334,4.515071688990586,28.116352159691335,1.0223010730706188,False
409,9.793192453328302,292.8859224606892,6158.296848454273,112.4963074115126,0.4812236474710556,0.5187763525289444,0.5409261230079053,0.03419667766338037,0.18733488403814555,0.2596917846300198,COMPLETE,9.581980542489164,241.56591517956056,299.3418941741045,1894.0852305851731,110.07007509105438,7167.885647385711,6025.479521410463,2.3146798989791373,59.293031821332946,43.932034873992535,17.259146693207036,31.776999472390294,1.0220426152925866,False
410,9.802414736733866,292.8514342539755,6175.427224517429,112.70313277830002,0.4812236474710556,0.5187763525289444,0.5409261230079053,0.23964427600834334,0.20446005396355885,0.037119065114665895,COMPLETE,9.588793787119577,241.5931425021531,299.3756335297254,1894.5563757771579,110.24702875748324,7178.403727711759,6040.848076072329,2.3165868238353404,59.24745933922193,43.44616319489667,7.010221430305332,31.257658823403574,1.022278187888579,False
411,9.792393509281123,292.8887313611177,5626.108589941684,112.47853167060316,0.4879260397312673,0.5120739602687328,0.5409261230079053,0.01499502209559564,0.20018986832876567,0.2727408264890618,COMPLETE,9.581367351736723,241.5639830660036,299.3394999516767,1894.049278103537,110.05461842383802,7166.96651585484,5504.865905348008,2.3145132607040897,54.18436135116235,41.055610915508645,1.5948065344269797,27.601414491038675,1.0220246390517684,True
412,9.79736010154283,292.8693749317781,6006.005134290622,112.5904717193967,0.46484882617128653,0.5351511738287135,0.5409261230079053,0.04604933988733372,0.2735272264339699,0.14527196465153758,COMPLETE,9.584937242134659,241.58051933741973,299.35999124824315,1894.3243088696247,110.14932535988065,7172.597281054144,5875.7850779669525,2.3155341167714667,57.73260068384167,25.03084723353936,3.254445190110555,54.9647069764395,1.0221621544348123,False
413,9.80127760573676,292.8541681041628,6169.57725015156,112.678756755614,0.4641592812938627,0.5358407187061374,0.5409261230079053,0.09812235140599333,0.32904489415246385,0.0369916421316749,COMPLETE,9.587760253792064,241.59341179810662,299.3759672339268,1894.5395684274117,110.22409005493844,7177.040721522845,6035.17520073919,2.3163397112159054,59.212523477464075,40.252062008235,16.32806602160882,57.61750055496236,1.0222697842137058,False
414,9.799149446827453,292.8614151267969,6087.002910466852,112.63155060801469,0.4812236474710556,0.5187763525289444,0.5409261230079053,0.028033054930693597,0.38226231501103536,0.07092767402435673,COMPLETE,9.58609747643833,241.58882969970202,299.3702892225455,1894.450199033086,110.18272850205234,7174.582689410466,5954.659999393161,2.315894070720003,58.465708008267896,61.6482655786419,13.686073626845989,74.33778461247095,1.022225099516543,False
415,9.793686215897546,292.8840753731436,6152.135095128019,112.50737690700042,0.4812236474710556,0.5187763525289444,0.5409261230079053,0.04466257845383033,0.18825531154703268,0.2483047959592858,COMPLETE,9.582345324671676,241.56737479351307,299.34370288790825,1894.1104727632244,110.07954648841769,7168.448833447772,6019.376327358252,2.3147820044458305,59.22284445100543,33.07039029668896,8.81997816256622,39.47519907601104,1.0220552363816122,False
416,9.804336159913191,292.8461403270374,7935.949719614303,112.74483111683794,0.22956787811913065,0.7704321218808694,0.5409261230079053,0.09461050467992435,0.04755642583977531,0.0874008510613086,COMPLETE,9.590454100921681,241.59429786511387,299.37706522399765,1894.603114042526,110.2852972711387,7180.677315996503,7762.826599558081,2.3169990247197756,76.09556164912188,53.91096519267094,10.86618265234552,20.88439789591623,1.022301557021263,False
417,9.801559181422805,292.8541179158074,6048.48543908306,112.6843238929935,0.4812236474710556,0.5187763525289444,0.5409261230079053,0.1877087604987673,0.24593893333013922,0.04757554883428591,COMPLETE,9.588096080367388,241.59184886261724,299.3740304868923,1894.5266921120046,110.2302301336943,7177.405575467899,5916.758594953778,2.3164058591283707,58.047322190619724,43.64869057043771,3.8927232568366166,55.8615441635307,1.0222633460560022,False
418,9.791286794144403,292.8935477768026,7171.338346639704,112.4532184565013,0.4805952819119571,0.5194047180880429,0.5409261230079053,0.022710492438330745,0.14446328006696776,0.31342106997678043,COMPLETE,9.580635915893529,241.55909445929964,299.33344212356985,1893.9742998481804,110.03388688874801,7165.733615243757,7017.053342766948,2.314289736187484,69.09758449447008,37.33291121800024,2.9492755088234763,68.75798618339431,1.0219871499240902,False
419,9.798249979509075,292.86706307443654,6265.609514816229,112.60966908468048,0.44360637128816327,0.5563936287118367,0.5409261230079053,0.1013651609735116,0.19206876330538866,0.1501722099205239,COMPLETE,9.585724198808242,241.58071991250475,299.36023979541847,1894.342143857478,110.16714538027064,7173.65649987503,6129.707332642101,2.315726152830813,60.21180647080476,41.58991123024378,4.981521470445868,36.08195010634776,1.0221710719287391,False
420,9.806644154613803,292.83743066324644,8620.117389792169,112.79668680915893,0.12007280938909654,0.8799271906109034,0.5409261230079053,0.012228361841978048,0.056933168252094074,0.05091060821178195,COMPLETE,9.592148568682212,241.60129666026884,299.3857379400846,1894.723157569078,110.32954401833075,7183.305600652605,8431.574081686851,2.3174755319515645,82.58105168270505,62.384668128803355,18.56497628697331,47.26121917846372,1.022361578784539,False
421,9.800943247459063,292.8549302686507,5795.766245558046,112.67162091909573,0.4641592812938627,0.5358407187061374,0.5409261230079053,0.06040516604241007,0.3688435142457286,0.034910229548935565,COMPLETE,9.587451038937957,241.59359051198686,299.3761886912934,1894.535759849837,110.2173149833985,7176.638123729526,5669.5180973344495,2.3162667203548994,55.630443139608616,66.35055272188092,6.95046488672306,36.667769173590024,1.0222678799249185,False
422,9.79548112703283,292.87720299876275,6802.463154410402,112.5477386755985,0.4812236474710556,0.5187763525289444,0.5409261230079053,0.07368073051575359,0.2044320276826224,0.20310930304930294,COMPLETE,9.583651167224934,241.57305752092165,299.35074476873524,1894.206525490479,110.1138630291714,7170.489157978016,6655.358027270014,2.3151519146804773,65.43838989641182,21.54907245822652,10.20617876874032,76.63544125668435,1.0221032627452395,False
423,9.797942184699403,292.86809229140505,5710.197583470437,112.60285718094092,0.49525257100033665,0.5047474289996634,0.5409261230079053,0.1506342061531419,0.20149900333853002,0.14311803500813552,COMPLETE,9.585481275750324,241.58010219846722,299.3594743410293,1894.329732193327,110.16115004122277,7173.3001473167415,5586.376300797683,2.315661546217257,54.87950539841018,25.84072141534257,11.05180857117062,26.072351795446952,1.0221648660966633,False
424,9.794151978964766,292.88280519643297,6433.184926691498,112.51746606937893,0.4812236474710556,0.5187763525289444,0.5409261230079053,0.0827533809725179,0.15114198697973977,0.24732649797637182,COMPLETE,9.5827496190323,241.56762333158574,299.3440108695098,1894.121440784094,110.0888272334925,7169.000660080226,6294.32752706104,2.3148820504512915,61.91945811718921,44.403451981816374,15.973564516069429,38.59748876681025,1.0220607203920469,False
425,9.79700622704091,292.87326578572424,7089.5550819019,112.58061595379124,0.3204373724016073,0.6795626275983927,0.5409261230079053,0.0161073123553533,0.06306939290926478,0.24126032037338882,COMPLETE,9.585003164103505,241.573341491346,299.3510966571408,1894.2364095885482,110.14441913442957,7172.305641230617,6936.140114370474,2.315481242557608,68.17209107441461,31.212540387769998,1.4603732365286706,28.792322369671364,1.022118204794274,False
426,9.790615730203829,292.89625175631363,6258.779479429505,112.43803271420391,0.4812236474710556,0.5187763525289444,0.5409261230079053,0.020861797666035083,0.12807853250351298,0.33228294677603787,COMPLETE,9.580164781989424,241.55664737238158,299.33040976019726,1893.9347240895163,110.02115810160242,7164.976580501484,6124.245951364731,2.314152486012328,60.320396868577156,45.26881207547169,1.0584793638145746,38.935214828032834,1.0219673620447582,False
427,9.78708204117877,292.9107048927295,6342.175167889353,112.35792230284976,0.47520574203827937,0.5247942579617206,0.5409261230079053,0.012293135596293964,0.026933022386246234,0.43597912036174047,COMPLETE,9.577711003091157,241.5432454747013,299.3138024940846,1893.7204751782635,109.95429528399606,7160.999265102796,6206.499611779011,2.313431399905395,61.206992044917556,45.59908136002484,13.29505351007585,30.72287833962936,1.0218602375891317,False
428,9.789016282177228,292.9027918958877,5915.170942158499,112.40177063933604,0.4805952819119571,0.5194047180880429,0.5409261230079053,0.01945275503638561,0.08199447023884972,0.3791476378513139,COMPLETE,9.579053956612798,241.55058617919602,299.32289889490085,1893.8377999571626,109.99089129449695,7163.1763141907495,5788.297821170033,2.313826098261968,57.04393384157577,30.915697572698093,11.891382190361682,23.873056890974677,1.0219188999785813,False
429,9.793426840649703,292.8850935354143,6493.257448916084,112.50152619650947,0.46484882617128653,0.5351511738287135,0.5409261230079053,0.02185005406490667,0.18393401341258617,0.2590643706159457,COMPLETE,9.582159809418815,241.5664936412247,299.342610988023,1894.0959106157302,110.07460619851378,7168.155078006883,6353.182759374691,2.314728746671169,62.51318112027024,34.601742469350974,9.098040633204446,47.69879050896118,1.0220479553078652,False
430,9.796632275895231,292.8727186545659,6190.812532978759,112.57368520598767,0.4812236474710556,0.5187763525289444,0.5409261230079053,0.08793912449021195,0.221226721337755,0.17205745237657577,COMPLETE,9.584478805367505,241.57688511748373,299.3554878220099,1894.2702153838384,110.13581703517653,7171.794293004307,6056.74581216393,2.3153885352752233,59.527650350493055,42.836656550463914,1.3812403986449566,53.518257016029736,1.0221351076919192,False
431,9.801264769406153,292.85445479453847,5694.071555737897,112.6782903427691,0.4641592812938627,0.5358407187061374,0.5409261230079053,0.11261350753252719,0.3090905855678109,0.04245473646060091,COMPLETE,9.58778119896209,241.59280412403686,299.3752142207919,1894.5324243459318,110.22401895026547,7177.036496303967,5570.0476920139745,2.316338945184971,54.649983576990046,35.88243536666756,4.506977417178151,33.89859476139259,1.022266212172966,False
432,9.806483425806164,292.8386267978525,9095.469660549188,112.79263416539688,0.08615993560081492,0.9138400643991851,0.5409261230079053,0.004445230990689371,0.005558509768635596,0.07615609914307242,COMPLETE,9.592105751811028,241.59940214119726,299.3833903037178,1894.6987719989766,110.32689578536444,7183.1483084002975,8896.635323605251,2.3174470149126836,87.14510381307205,31.395288910345954,8.76803361141945,73.64488835657994,1.0223493859994883,False
433,9.793245757573033,292.88543642373276,6422.861124314878,112.49771672183672,0.49525257100033665,0.5047474289996634,0.5409261230079053,0.03557392589906929,0.2103821913890269,0.24929614044453902,COMPLETE,9.581983375790957,241.56675771644757,299.3429382228374,1894.095752099891,110.07088743887688,7167.9339519519235,6284.305534823112,2.3146886565827227,61.83764700276442,38.22597531129274,5.726080924658602,57.28004061972843,1.0220478760499454,False
434,9.808023053582117,292.8324090460377,8647.77901513371,112.82753681904829,0.09614450940433539,0.9038554905956646,0.5409261230079053,0.026437488288608858,0.04687193904663431,0.02283495756311589,COMPLETE,9.59318402838965,241.60504335262073,299.3903807390683,1894.789930966962,110.35611542325348,7184.883711978252,8458.354458977854,2.31776164306875,82.80030346416004,33.386626541658316,8.197705501229755,46.42584174967598,1.022394965483481,False
435,9.789341079951377,292.90143943132574,6601.870310413303,112.40915213310943,0.4812236474710556,0.5187763525289444,0.5409261230079053,0.0189356101690966,0.09320672905707514,0.36908090059274345,COMPLETE,9.579276429550232,241.55187537093508,299.3244964261454,1893.858145643054,109.99701948272188,7163.540837633447,6460.204025887689,2.3138921862544537,63.65819283279838,40.782642145667324,11.548788312621049,42.01438962952373,1.0219290728215271,False
436,9.788945725667062,292.90306937013776,7435.273505965776,112.40017937884937,0.4812236474710556,0.5187763525289444,0.5409261230079053,0.01955747458046979,0.08084304054340762,0.38082265380211444,COMPLETE,9.579003546058651,241.55034515344997,299.3226002223695,1893.8338243845403,109.98954811083668,7163.096416182031,7275.8102124127045,2.3138116127765884,71.70517203316268,56.25353806608396,5.773510489466641,62.747972384215444,1.0219169121922702,False
437,9.798597167809667,292.86492404746355,6010.6251742301365,112.618084396519,0.4812236474710556,0.5187763525289444,0.5409261230079053,0.10411234628240959,0.2619133764676279,0.11519751121956079,COMPLETE,9.585873508706745,241.58375252996095,299.3639977322655,1894.382738601695,110.1731904404034,7174.015798199563,5880.136885073925,2.3157912935109186,57.749818467400004,39.92971843015762,10.264367520570069,40.324002206386076,1.0221913693008475,False
438,9.792598164097944,292.8884277644509,5896.5269493220885,112.48277391424378,0.4849571989073016,0.5150428010926984,0.5409261230079053,0.04296153861187667,0.16371528926563259,0.27827944613943945,COMPLETE,9.581577460320398,241.56348398452977,299.33888150352516,1894.0471737877049,110.05888255094278,7167.22008868137,5769.46268651479,2.3145592333826377,56.786172031248256,28.00144428393486,3.023069062345781,32.75737749240215,1.0220235868938525,False
439,9.793864557101593,292.8835028749881,6135.4442450043125,112.51130442690302,0.4812236474710556,0.5187763525289444,0.5409261230079053,0.05409298647442703,0.18098633604833816,0.24614228457437567,COMPLETE,9.58248914582709,241.56767580950662,299.34407589871824,1894.1170155390264,110.0830369021063,7168.656373672531,6003.026439644814,2.3148196314272744,59.058654582086746,44.76070869915951,11.51841209208096,33.538670858422094,1.0220585077695132,False
440,9.793134141180836,292.8856702324428,6175.34965165794,112.49535186363428,0.4812236474710556,0.5187763525289444,0.5409261230079053,0.005057784719603356,0.22486106645444112,0.2513045187296139,COMPLETE,9.581877488738298,241.56686681946974,299.343073420327,1894.0950435216544,110.06861175087288,7167.798632480468,6042.1355369257035,2.3146641232025194,59.456739986124546,25.46564705877924,16.689141511657382,36.93964006122222,1.0220475217608271,False
441,9.791270625575187,292.8932210376916,6318.664129478512,112.45314560586878,0.49525257100033665,0.5047474289996634,0.5409261230079053,0.017654860250740766,0.17513266900692173,0.30246466166294583,COMPLETE,9.580574593447896,241.55997223976584,299.334529845185,1893.9840074459387,110.03329301620582,7165.698296084149,6182.694293556634,2.31428333283428,60.88042541937187,39.95404818099457,2.727001464000042,48.52480670069791,1.0219920037229693,False
442,9.803334206198993,292.8479380446687,6284.27751096621,112.7238061235957,0.4812236474710556,0.5187763525289444,0.5409261230079053,0.25764605684202785,0.2111390269380903,0.012437540401925044,COMPLETE,9.589465555721157,241.5959938259501,299.37916681241416,1894.60491551591,110.2646337863786,7179.449715951146,6147.180282387722,2.31677646119417,60.26947195715091,47.31114316874698,5.9660172999004555,47.22397132000901,1.0223024577579551,False
443,9.806721657072666,292.83735176831493,8032.888501535578,112.7982685468177,0.18213493052403773,0.8178650694759623,0.5409261230079053,0.10404930911407656,0.03885912809992545,0.03922607593116489,COMPLETE,9.592232698482155,241.6010219485952,299.3853975248704,1894.721383505313,110.33118688615173,7183.403178144486,7857.196160158127,2.3174932227220193,76.95231524457573,24.420260416799557,13.583316011098738,26.59216452352704,1.0223606917526564,False
444,9.798557089555946,292.86493514055206,5690.403433847415,112.61728927568426,0.4812236474710556,0.5187763525289444,0.5409261230079053,0.09475137146187487,0.27324458795356427,0.1132273117330035,COMPLETE,9.585826207232035,241.5839656495709,299.364261824274,1894.3844646721043,110.17231956294167,7173.964036724061,5566.862331601693,2.3157819091707004,54.6734996961708,29.559776185063242,5.61442646831825,35.96689692925881,1.0221922323360522,False
445,9.797666820392081,292.8692814480197,6427.2307883348485,112.59656248296308,0.46484882617128653,0.5351511738287135,0.5409261230079053,0.11677720121611958,0.18792119455432799,0.16015019843183825,COMPLETE,9.585298163754057,241.57890853463417,299.3579951853606,1894.3113303331713,110.15598339868582,7172.9930434599655,6287.917787245616,2.3156058683787384,61.778521246556146,47.658308691542544,3.8023100002814627,48.631335460400244,1.0221556651665857,False
446,9.793834551989173,292.88327136749564,6124.17275500408,112.5108887641358,0.4641592812938627,0.5358407187061374,0.5409261230079053,0.011981362430796321,0.20853720786758503,0.24364040622035393,COMPLETE,9.582423149094717,241.5684085178674,299.34498385093667,1894.1248313928672,110.08220930173903,7168.607164790963,5991.975304982785,2.314810709871582,58.94978500556055,21.131744932297465,6.79364630735337,38.88169330307546,1.0220624156964335,False
447,9.800911194309455,292.85484527176146,5448.850771337595,112.67105500890297,0.4849394133538195,0.5150605866461805,0.5409261230079053,0.0726062912462403,0.38581293156855845,0.02651957608975771,COMPLETE,9.587401248344134,241.5939849541055,299.3766774732097,1894.5396912958442,110.21654946448236,7176.5926332336,5330.149171996825,2.316258472941425,52.30018676356991,31.670394882827836,8.204470111673556,34.23249434621655,1.0222698456479222,False
448,9.809563017517362,292.8269741484422,9038.45175141292,112.86186528031752,0.040879515974435954,0.959120484025564,0.5409261230079053,0.01924596833117076,0.020287906055171726,0.0013456195569129966,COMPLETE,9.59436245360405,241.60881389112959,299.39505308755946,1894.8597944790952,110.38592042841529,7186.653650814048,8840.167698358375,2.3180825324568626,86.4888052096784,47.836003229598376,7.085209365454395,39.259694482160945,1.0224298972395476,False
449,9.805821431537993,292.8403468478595,8271.49080982574,112.77834175441838,0.13843882407360186,0.8615611759263981,0.5409261230079053,0.004016797285966667,0.06971621828499829,0.0647057220276833,COMPLETE,9.591520530684146,241.59925191642222,299.38320414927347,1894.6854907244951,110.3136323566883,7182.3604970870165,8090.721871259424,2.317304184954295,79.26648299847994,65.41906273659366,8.708157055750332,25.466981369730895,1.0223427453622476,False
450,9.792499700394364,292.88978472075075,6475.57202094108,112.47982734118429,0.46484882617128653,0.5351511738287135,0.5409261230079053,0.0746238921301556,0.08466494156975728,0.3055595880519076,COMPLETE,9.581630780535969,241.56082998684934,299.33559274197864,1894.0152463997574,110.05771854128929,7167.150869545839,6336.128883917946,2.314546683973812,62.36920430641926,48.03214018558175,-2.994517985076686,36.90449627088485,1.0220076231998787,False
451,9.803078531361512,292.8508820153396,8666.065031230084,112.71658263553215,0.185236051395691,0.814763948604309,0.5409261230079053,0.011796784445068901,0.042903612854627446,0.13053540013087886,COMPLETE,9.589530169199938,241.59049375532183,299.37235127488793,1894.5378153869226,110.26118645225536,7179.244901852407,8477.285150717604,2.316739328458568,83.13988747875871,28.808657080204682,8.085650079773929,75.91995959355644,1.0222689076934612,False
452,9.801606364769372,292.8557536546854,7903.455558212,112.68402720448591,0.24226149259551066,0.7577385074044893,0.5409261230079053,0.007216576548654513,0.09438869697276424,0.14065606371322156,COMPLETE,9.588361982727081,241.58766142981239,299.368841534359,1894.4798355394673,110.23246622019386,7177.538445078666,7731.507467890044,2.3164299483495547,75.86331463622335,18.58202585831584,12.385077449811083,50.07970155597818,1.0222399177697337,False
453,9.797395400370615,292.87213959518107,6661.389817869542,112.5890971177251,0.4812236474710556,0.5187763525289444,0.5409261230079053,0.24280352136965386,0.036563696575410636,0.2018560368019354,COMPLETE,9.585332663295775,241.57370424837,299.3515461757519,1894.2473400817632,110.15212778823712,7172.763862427528,6517.20531782921,2.3155643179252547,64.0431365670167,34.893686750720654,5.568719549355864,45.17340778344016,1.0221236700408816,False
454,9.8026082547597,292.85296151500364,8223.88970590647,112.70579105097502,0.1844568197848862,0.8155431802151138,0.5409261230079053,0.019519363409693385,0.015379422082096684,0.14955786910550353,COMPLETE,9.589223731909975,241.58833957022262,299.36968186746134,1894.5050671077054,110.25239591156038,7178.7226213596405,8044.870945260643,2.3166446391595046,78.91423743456451,57.516750325294595,9.786408235041165,33.15643031566965,1.0222525335538526,False
455,9.803720892574967,292.84821899169424,7676.69314804474,112.73119110940407,0.23126735806657395,0.768732641933426,0.5409261230079053,0.06767529419396705,0.06569485528009622,0.09789710046081457,COMPLETE,9.589971350762912,241.59301242538396,299.3754723421405,1894.5777227050944,110.27332427378128,7179.966024071838,7509.318978481319,2.3168700677039404,73.62672994673696,32.040328249147294,10.13178524777596,23.323181659957484,1.0222888613525472,False
456,9.799672671315143,292.86068033878973,5914.458166976716,112.64237307050415,0.46974947078209456,0.5302505292179054,0.5409261230079053,0.10038416646498535,0.28265961372194653,0.08670521784115072,COMPLETE,9.586639759647722,241.58745658670912,299.36858769837187,1894.443708537818,110.19366549452785,7175.232696130348,5785.885072088117,2.316011916746314,56.80153928379556,30.4074313464478,9.73912895898212,42.918027121796484,1.022221854268909,False
457,9.802713913915321,292.84925227280894,6267.949080241355,112.71064019587809,0.37373546906687827,0.6262645309331217,0.5409261230079053,0.04797059777941695,0.29450979562068147,0.03125422366310521,COMPLETE,9.588879227980058,241.5965632451335,299.3798724211372,1894.6005588038486,110.25199001394887,7178.6985049007435,6131.2211358372015,2.3166402668526307,60.12608122422212,46.12600537729115,3.616457965123804,32.70120856099178,1.0223002794019243,False
458,9.798068940037638,292.8661643962242,5379.972342618799,112.60678695647394,0.4849394133538195,0.5150605866461805,0.5409261230079053,0.052250469742367384,0.3210651936491975,0.11162330777932428,COMPLETE,9.585389566595046,241.58394856386454,299.36424065213265,1894.375739131934,110.16251543298797,7173.381304667084,5263.193296260891,2.3156762600209015,51.69857123929785,28.220465224100206,1.913049491456475,32.838065671625756,1.022187869565967,False
459,9.798469024078669,292.8665260858101,6929.371515165839,112.61437077902627,0.46484882617128653,0.5351511738287135,0.5409261230079053,0.14964331768580863,0.16925421924567816,0.14595107946422728,COMPLETE,9.585921996515534,241.58069267904526,299.36020604845817,1894.3456618237442,110.1715555074614,7173.91862415597,6779.060551809231,2.315773675885519,66.58556723321642,46.432175017609715,15.301581696729503,64.18594528292789,1.022172830911872,False
460,9.797575270537784,292.8695563201448,6566.165653535238,112.59455982595932,0.44760341884359967,0.5523965811564003,0.5409261230079053,0.0894150452809571,0.19328256660432125,0.16490557575358114,COMPLETE,9.58522192251934,241.57879945362015,299.3578600151429,1894.3084885743845,110.15417727338996,7172.885686197374,6423.8501089570955,2.315586404538743,63.116288654218415,33.605570445128606,7.167530264797119,57.580403142723796,1.0221542442871923,False
461,9.790163742094139,292.8982962071657,7441.784027161773,112.4276381031734,0.49525257100033665,0.5047474289996634,0.5409261230079053,0.04942001994338618,0.099504857306492,0.3463272585526088,COMPLETE,9.579875911373337,241.55446540871128,299.3277059303229,1893.901994695181,110.01274855151789,7164.476405617334,7281.93822059615,2.3140618044535772,71.73493691545681,29.622259164237335,17.41391811447642,68.05443953228058,1.0219509973475904,False
462,9.792777900715336,292.8878492369518,6551.149767391566,112.48673292104168,0.4812236474710556,0.5187763525289444,0.5409261230079053,0.04772131615158734,0.1565306328081988,0.2769713925946511,COMPLETE,9.581722216321586,241.5637910812135,299.33926204936057,1894.053809874437,110.06239892280678,7167.429191499123,6409.958226876613,2.3145971436617296,63.08669394274148,27.439250196077193,8.769871102297323,51.07278366466291,1.0220269049372186,False
463,9.793241749317248,292.885376927594,6382.881266416769,112.49768256061513,0.4812236474710556,0.5187763525289444,0.5409261230079053,0.013801388790993798,0.21633741431101003,0.25108457732320894,COMPLETE,9.581970916825027,241.56692387196958,299.34314411822896,1894.0975733126577,110.07075594566825,7167.926132994755,6245.182568337668,2.314687239008098,61.45283286006631,47.02984275128539,2.955650872167744,55.41865010369865,1.0220487866563288,False
464,9.792488609611073,292.888595672416,6463.111151116652,112.48049894741186,0.49525257100033665,0.5047474289996634,0.5409261230079053,0.039015653774663435,0.18282137819058875,0.27341519545916837,COMPLETE,9.581465673332827,241.56373827275667,299.33919661056103,1894.0481536902157,110.0566038469745,7167.08458266763,6323.834533397361,2.3145346661823734,62.24394432747055,44.503359608307086,-0.7987831571212203,57.27103118571524,1.0220240768451079,False
465,9.796978866241457,292.8735188102011,6474.960814167755,112.5798896641454,0.46484882617128653,0.5351511738287135,0.5409261230079053,0.2023588218664081,0.05072542988982364,0.21176410110649913,COMPLETE,9.585002167828142,241.57290064547007,299.3505503729539,1894.230912982954,110.144004719964,7172.281006980637,6334.862439507339,2.315476776375363,62.26035683629622,31.313931300453817,12.869255311852253,35.60597145128305,1.022115456491477,False
466,9.794576704100699,292.88223940503934,6436.908774366896,112.52622353597778,0.4805952819119571,0.5194047180880429,0.5409261230079053,0.15232524510449222,0.06934506487669188,0.25892468593695583,COMPLETE,9.583193838252873,241.56643418760896,299.3425373147238,1894.1153271895755,110.09772495633938,7169.529691191033,6297.9898333005585,2.314977963635412,61.94937870962258,56.46476815135789,3.79783768772258,25.918183290721494,1.0220576635947878,False
467,9.788856916177659,292.9034104819122,6804.619962614087,112.39818256508539,0.47520574203827937,0.5247942579617206,0.5409261230079053,0.010836956504456301,0.08003301113080122,0.3843353656357341,COMPLETE,9.57893905530783,241.5500612486647,299.32224841530217,1893.8290419550192,109.98785148641514,7162.995493404496,6658.697790207684,2.3137933155068326,65.62547509543708,35.54410907241995,10.563176865719962,45.69768990130677,1.0219145209775096,False
468,9.805648892707266,292.8416208815501,8468.463855591657,112.7739991101173,0.13462161547469048,0.8653783845253096,0.5409261230079053,0.03499009565788038,0.0156673791134613,0.08396404796132811,COMPLETE,9.5914732885656,241.59724189387387,299.38071338414835,1894.6595841322926,110.31078227916952,7182.191204267994,8283.495131719428,2.3172734922162133,81.16327862681929,35.357426653208975,9.368656240585702,32.10752152747142,1.0223297920661463,False
469,9.801864803481497,292.8545405266702,6619.29604751536,112.69000968844509,0.4812236474710556,0.5187763525289444,0.5409261230079053,0.2920954668435246,0.11541621504236989,0.0737112823864637,COMPLETE,9.58852142636649,241.58901323198802,299.3705166507491,1894.4997445650702,110.23724506497096,7177.822402519249,6475.223159221763,2.3164814297496545,63.52419737689432,49.03330805353026,7.9948344056252605,27.58343367656635,1.022249872282535,False
470,9.793086600271296,292.88635819649363,6077.629915929484,112.4939046649378,0.4812236474710556,0.5187763525289444,0.5409261230079053,0.03431826898546197,0.1839576202990452,0.26294746775944194,COMPLETE,9.581907408424783,241.56550725216061,299.34138868159533,1894.0787377387587,110.06807378602552,7167.766643221781,5946.571238887598,2.3146583235593683,58.51880844135078,35.076221871615935,11.770741360827863,33.65249603304952,1.0220393688693794,False
471,9.800960676163974,292.8539421907497,5164.6189698875605,112.67270174795107,0.4812236474710556,0.5187763525289444,0.5409261230079053,0.02476783312404988,0.4457531140720172,0.010702167064804324,COMPLETE,9.587346277049793,241.59584491704115,299.3789822885552,1894.561736468314,110.21697191944612,7176.6177373818855,5052.054802520854,2.3162630243160938,49.56880792167819,34.178048179735086,3.7459817520686376,73.95131900517798,1.0222808682341569,True
472,9.795975854099218,292.87459076826843,5843.953169081554,112.5594015029736,0.4812236474710556,0.5187763525289444,0.5409261230079053,0.03854114203906623,0.2672376442248717,0.17544403148053872,COMPLETE,9.58391953083441,241.5763388996721,299.35481096379397,1894.2525258236064,110.12279557548759,7171.020200694097,5717.447424189524,2.3152481925680397,56.204400252700985,24.130419970831603,4.839488181326352,43.978193545455376,1.0221262629118033,False
473,9.788985302364836,292.90290591068424,5848.062259489334,112.40107779755985,0.4812236474710556,0.5187763525289444,0.5409261230079053,0.01947818899663136,0.08210167582965296,0.3796433633118126,COMPLETE,9.579030825437895,241.5504990446029,299.32279092008935,1893.8362671032207,109.99029580473064,7163.140892104302,5722.632828879132,2.3138196762481584,56.397372319724425,27.13107474995736,8.32336981562955,23.242822773837997,1.0219181335516103,False
474,9.792622404275265,292.888908175523,6501.636569082618,112.48289023670391,0.49525257100033665,0.5047474289996634,0.5409261230079053,0.08994909223011724,0.11816689848995791,0.2871362194623871,COMPLETE,9.58166819151368,241.56219073260687,299.3372789410115,1894.0328778966536,110.059766115358,7167.272630589047,6361.577291039387,2.3145687592149797,62.61507930104471,22.211571319502458,12.984002397780932,49.0093333099194,1.0220164389483268,False
475,9.790523900542109,292.8976592618473,6904.198465568812,112.43517881634256,0.46484882617128653,0.5351511738287135,0.5409261230079053,0.061116712191522725,0.04387940353395907,0.3598521932300357,COMPLETE,9.580232617193039,241.5538321165915,299.32692117199906,1893.9010808509333,110.02017648479605,7164.918197830594,6755.902749162792,2.3141419012513413,66.547830721227,32.673273762699864,0.6800160250574616,46.622656556392236,1.0219505404254667,False
476,9.809077340602196,292.82878915314836,8994.428348106678,112.85096267301999,0.05988106590962561,0.9401189340903744,0.5409261230079053,0.029874370503583214,0.019913147265821014,0.01009351459338779,COMPLETE,9.594003678299122,241.60738393395619,299.3932811236275,1894.8350176870483,110.37659439211664,7186.099859011284,8797.216665704842,2.317982130166604,86.08449376599279,61.57650307982432,13.351550468548748,28.969392290112182,1.0224175088435241,False
477,9.80110996563117,292.85577141332254,6269.67153888956,112.6742659754711,0.46484882617128653,0.5351511738287135,0.5409261230079053,0.15561137513434936,0.247171712657466,0.062065374411177064,COMPLETE,9.587760894914322,241.59058609854074,299.3724657040865,1894.504462106479,110.22158969453298,7176.892143007823,6133.1942826183285,2.3163127739750204,60.1809528544551,55.87728760056385,3.152547687240846,48.37969436594253,1.0222522310532396,False
478,9.797462921243085,292.8682523221468,5882.28441252569,112.5933293479737,0.4812236474710556,0.5187763525289444,0.5409261230079053,0.02366933867312924,0.33413078896273357,0.123423099445111,COMPLETE,9.584919109699918,241.5825856315455,299.3625517435724,1894.349630729397,110.15075665682672,7172.682360172631,5754.675544835222,2.315549541590517,56.53811744408596,25.30710017377295,14.29706829192121,39.67575038827677,1.0221748153646986,False
479,9.79730001898878,292.87153498349835,6176.313744682011,112.58767712334203,0.4812236474710556,0.5187763525289444,0.5409261230079053,0.1822821188671732,0.11512976615054855,0.18381153147416232,COMPLETE,9.58513961225213,241.5757191275647,299.3540429591007,1894.268610645057,110.14959241370502,7172.613155302006,6042.565749452183,2.315536994767915,59.37807453198948,37.704071836863214,5.541012554149344,30.393619756253145,1.0221343053225285,False
480,9.78791767617234,292.90735778293896,7280.17468807194,112.37681136133646,0.4812236474710556,0.5187763525289444,0.5409261230079053,0.024057139674646337,0.04501689842207611,0.41214909146419487,COMPLETE,9.57830031969314,241.54624607299814,299.31752075366256,1893.7692178116872,109.97015747371029,7161.942929498977,7124.262979033414,2.3136024859816757,70.23732909083701,50.79234160205361,8.966620326937008,54.19667971307523,1.0218846089058435,False
481,9.805041741700398,292.84270992246365,7366.185700944053,112.76125714346469,0.2685532709092739,0.731446729090726,0.5409261230079053,0.10985129580772898,0.11589272602400989,0.04280910326591219,COMPLETE,9.590874246117734,241.59827016642762,299.3819875914542,1894.6606826628672,110.29825936361225,7181.447325668102,7205.289135164167,2.317138627245785,70.60747180537247,35.621406255876174,1.6544709880914117,31.208324477912356,1.0223303413314335,False
482,9.798525585563302,292.86749800698186,7553.76584157635,112.61475426525409,0.29342055901043956,0.7065794409895605,0.5409261230079053,0.012216637805321446,0.07190711504169106,0.2092965431595679,COMPLETE,9.586114681880431,241.57803299687538,299.35691024284733,1894.316370235872,110.17350925215227,7174.034747045789,7390.01648820608,2.3157947289311425,72.59378566926655,58.89345752195342,13.61434752073692,37.701415921977016,1.022158185117936,False
483,9.79903078606855,292.8650111319777,6834.173827933358,112.62653220520188,0.372719737092165,0.627280262907835,0.5409261230079053,0.0848266507305793,0.1218640285841567,0.1660288612645719,COMPLETE,9.586411695021864,241.58095195174846,299.36052733212114,1894.358431039864,110.18276491555771,7174.58485358803,6685.886118763578,2.3158944630847564,65.66111527541638,45.36837831627139,7.893381883027422,29.54534760585537,1.022179215519932,False
484,9.808616561635638,292.83026410219327,8780.713133305822,112.84080420938443,0.06379015139778188,0.9362098486022181,0.5409261230079053,0.00668220858362693,0.041060388614399174,0.01604749764986087,COMPLETE,9.593631792233628,241.60661662071496,299.39233028998495,1894.818224017321,110.36756508135326,7185.563665417811,8588.257900064025,2.3178849184264925,84.05372308156024,29.787565754548652,1.0697597911349983,28.646078303222225,1.0224091120086605,False
485,9.790375643890282,292.89763857780264,7690.362881659259,112.43228627494365,0.4812236474710556,0.5187763525289444,0.5409261230079053,0.04447157749557719,0.08913649440514548,0.3476146181713586,COMPLETE,9.580049706855661,241.55476911786664,299.32808227842554,1893.9091535995074,110.01691154123978,7164.724010122393,7525.151368020285,2.3141066950772053,74.12641429861868,36.92523616105211,6.356557576046232,73.97461641822945,1.0219545767997538,False
486,9.797539518348897,292.87167885584023,6571.570890722868,112.59227060347327,0.46484882617128653,0.5351511738287135,0.5409261230079053,0.2306922534770763,0.030300171894791162,0.20385604364491272,COMPLETE,9.58544911014039,241.57394296526644,299.3518419872197,1894.2525761227269,110.15495043868177,7172.931643750328,6429.314036318321,2.315594736629518,63.17679932913514,17.31542950796475,4.240758696274405,55.78793826566957,1.0221262880613635,False
487,9.801409973115314,292.85706967375813,7614.173530130737,112.6791862895063,0.44360637128816327,0.5563936287118367,0.5409261230079053,0.2864849228759189,0.04547775472455704,0.11164331342060704,COMPLETE,9.588291077098141,241.58569294508285,299.36640224176614,1894.4539896220322,110.22912411967543,7177.339854961147,7448.613242246068,2.316393944019909,73.08986882878902,64.8568624244264,1.2727526309403037,43.59827548440381,1.022226994811016,False
488,9.795019379981621,292.87840256042176,5949.808301668835,112.53777982360477,0.4812236474710556,0.5187763525289444,0.5409261230079053,0.03210997440931555,0.24616049861055914,0.2029524831769267,COMPLETE,9.58324277750394,241.57295363396855,299.3506160348561,1894.1972738027284,110.10461785251849,7169.939507179261,5821.168414534351,2.3150522631530235,57.24402071143298,41.57121341607013,12.80322265554487,31.85738160352171,1.0220986369013643,False
489,9.800425912478925,292.859831616891,6464.402069887099,112.65779751096277,0.49325762439648985,0.5067423756035101,0.5409261230079053,0.2676464140887228,0.12079805903196474,0.10481270945087745,COMPLETE,9.587447110196255,241.58498038600328,299.36551925798744,1894.4286784239296,110.20956485291704,7176.177569828064,6323.920357907102,2.316183222068606,62.07222964752514,30.51146514826135,8.113488921841343,74.36664826219823,1.0222143392119647,False
490,9.793270338145168,292.8856194165257,5924.660737521599,112.49806219238685,0.4812236474710556,0.5187763525289444,0.5409261230079053,0.03514996720414796,0.18841580626353083,0.2576575765378119,COMPLETE,9.58203659236066,241.5661733529103,299.34221409547865,1894.0895301846197,110.0715604978674,7167.973973867121,5796.870097941835,2.3146959125441255,57.04185143270077,34.721507744912394,8.20607760900936,30.928939562815188,1.02204476509231,False
491,9.793270338145168,292.8856194165257,6221.1957016525275,112.49806219238685,0.4812236474710556,0.5187763525289444,0.5409261230079053,0.03514996720414796,0.18841580626353083,0.2576575765378119,COMPLETE,9.58203659236066,241.5661733529103,299.34221409547865,1894.0895301846197,110.0715604978674,7167.973973867121,6087.009017741641,2.3146959125441255,59.896850920086365,41.55206446152538,18.64457667434404,33.466456835030556,1.02204476509231,False
492,9.808153721854463,292.83237847570143,9036.477507257561,112.83012733360958,0.05089123631020187,0.9491087636897981,0.5409261230079053,0.003617078766253877,0.00724988271988382,0.04002419695438435,COMPLETE,9.593338927063227,241.60433581181178,299.3895039737937,1894.7841562618485,110.35896085959395,7185.052695275965,8838.563698358763,2.31779227969071,86.52130039988634,26.063236223480274,3.308132504859002,47.67039648254688,1.0223920781309241,False
493,9.801226666433816,292.85753303739983,6341.424708214529,112.67524017339606,0.4812236474710556,0.5187763525289444,0.5409261230079053,0.3146542616125606,0.0638428089794584,0.10272615922125496,COMPLETE,9.58812734995757,241.58568227958315,299.36638902536976,1894.4506645976471,110.22544307330676,7177.121121031255,6203.548775252581,2.316354287623031,60.87523635288353,26.82829641794207,9.32362176135297,54.70257862451649,1.0222253322988235,False
494,9.808760570067525,292.82952403657293,8699.317007376523,112.8441877930072,0.08034068662977784,0.9196593133702222,0.5409261230079053,0.017737202594598805,0.05877414880386599,0.003829020201638838,COMPLETE,9.59371243337633,241.60752235081065,299.3934526460187,1894.831057462812,110.37018181152054,7185.719058653502,8508.592409751906,2.317913091174222,83.26797445185579,51.29500569818913,5.921916125066188,35.516578147044044,1.022415528731406,False
495,9.793270877976271,292.8857391143761,6909.98175067038,112.49798328010684,0.4812236474710556,0.5187763525289444,0.5409261230079053,0.042388466344861965,0.17866979950568737,0.26016446906744456,COMPLETE,9.582052511005672,241.56588407947194,299.34185563572277,1894.086247018162,110.07166008206822,7167.979895403982,6760.9493099916,2.3146969861170095,66.52893162040667,42.338212055688004,-1.4729410224652753,72.2197408499562,1.022043123509081,False
496,9.807474245278028,292.8346398700646,8709.129073508635,112.8150842059795,0.08668679764737741,0.9133132023526226,0.5409261230079053,0.012248475316588537,0.03081324781641309,0.04362502586728853,COMPLETE,9.592801525523138,241.60299808069038,299.38784629387027,1894.7570439529516,110.34571030295498,7184.265760009828,8518.497685839517,2.3176496085594103,83.4079238150267,34.14357770860184,6.753588817206433,33.35120681538603,1.0223785219764758,False
497,9.793308492863526,292.8850994350171,6767.07143010223,112.49919963692187,0.4805952819119571,0.5194047180880429,0.5409261230079053,0.012781219776581754,0.21869898148620234,0.24911480549080456,COMPLETE,9.582016679543775,241.56718763665387,299.3434709682324,1894.1017419163602,110.07201581996897,7168.001048488023,6621.071046843344,2.314700821164898,65.15000367146604,29.57572006664781,9.94389493357774,65.49435399844089,1.0220508709581801,False
498,9.79825023640801,292.86508375232717,5469.230101069788,112.61115397789914,0.4812236474710556,0.5187763525289444,0.5409261230079053,0.02711035088107913,0.3545878959208967,0.09952481702839082,COMPLETE,9.585472173544902,241.58544523864998,299.3660952907099,1894.3959481621278,110.16569865454329,7173.57050987129,5350.4607128443195,2.3157105628685355,52.551330585850614,16.486396773304392,0.6891538094885559,56.35193658826691,1.0221979740810638,False
499,9.789090012975844,292.90221451696414,6929.5970001744,112.40364845181463,0.49525257100033665,0.5047474289996634,0.5409261230079053,0.021481901206095336,0.10574033408308753,0.3680298732416095,COMPLETE,9.579069980935971,241.5515253014206,299.3240626295501,1893.8497750737492,109.99208437201183,7163.2472828787195,6780.925961081807,2.313838964864134,66.82334118137432,29.206614359452296,11.294991885883793,54.31060342644391,1.0219248875368747,False
500,9.78707901549783,292.91050833058733,6340.383503550813,112.35800999351477,0.49525257100033665,0.5047474289996634,0.5409261230079053,0.024937928728353972,0.043075256251867616,0.4272388491480558,COMPLETE,9.577682254113515,241.54373374110358,299.3144075404944,1893.7259779200508,109.95408504604342,7160.986757300247,6204.72956947347,2.3134291322444875,61.18855208561915,28.413546958612212,7.5229548540712425,35.273938673719876,1.0218629889600255,False
501,9.800653560253691,292.85836610221156,6075.481191629708,112.66336350080017,0.4812236474710556,0.5187763525289444,0.5409261230079053,0.2201820504484989,0.17227846079410664,0.08876271644338,COMPLETE,9.587536959317347,241.5871190092955,299.3681693816472,1894.4570074338503,110.21348269114479,7176.410390549437,5943.368991902153,2.3162254323966187,58.330464989820655,34.110217416496205,4.780903345610518,42.269016983538826,1.0222285037169252,False
502,9.789866745068146,292.89891708225224,6921.547901517925,112.4213484518136,0.4911893084543032,0.5088106915456968,0.5409261230079053,0.00964302466483666,0.13768153538400216,0.34386438268187086,COMPLETE,9.579593957027436,241.55475899611486,299.3280697358268,1893.900146286776,110.00669348358662,7164.1162567504825,6772.882632346342,2.3139965095704005,66.72538473151837,39.66068246578158,19.557566331089166,53.13849309557899,1.021950073143388,False
503,9.808313552272821,292.8315869313828,8905.659160393057,112.83386021483636,0.05601945108402617,0.9439805489159738,0.5409261230079053,0.001550829534934903,0.024241848876244684,0.03022673928607037,COMPLETE,9.593432232761902,241.60526995842685,299.39066154280334,1894.7975894960916,110.36188696079451,7185.226466842061,8710.55326565376,2.3178237844243132,85.26183733175513,41.10054228299112,5.493190704255683,33.76337918249713,1.0223987947480457,False
504,9.794480555174479,292.88156924452164,6213.424247542928,112.52483798155636,0.4879260397312673,0.5120739602687328,0.5409261230079053,0.09767449053308329,0.15224401943444474,0.23800728426137424,COMPLETE,9.582991487439978,241.5686108662272,299.34523459550576,1894.138423374724,110.09512535436424,7169.3751290437,6079.259776630016,2.314949941563756,59.79663471856046,37.10027189856225,5.438749324424672,40.610452612666975,1.022069211687362,False
505,9.79744399786503,292.8682510441731,5724.411862353413,112.59295882980935,0.4812236474710556,0.5187763525289444,0.5409261230079053,0.018890265442276143,0.33997300467780084,0.12235997067503468,COMPLETE,9.584895945031349,241.58270182393923,299.36269572601793,1894.350622907672,110.15034071764931,7172.6576359816345,5600.225125973356,2.3155450591019924,55.0208558767125,33.15589226623482,11.864974677843637,33.39462546731915,1.022175311453836,False
506,9.794382816549458,292.88092908940615,5773.256380782505,112.52339868323898,0.4849394133538195,0.5150605866461805,0.5409261230079053,0.031821707908330034,0.23308048179074922,0.22003695435541876,COMPLETE,9.582791042243628,241.5707251493452,299.34785455748545,1894.1607822549975,110.09251293737258,7169.219803173901,5648.534529083167,2.314921781029443,55.55910666999123,56.423435626701696,0.33993298819466844,35.10518255463892,1.0220803911274987,False
507,9.792393509281123,292.8887313611177,6234.892472391331,112.47853167060316,0.4879260397312673,0.5120739602687328,0.5409261230079053,0.01499502209559564,0.20018986832876567,0.2727408264890618,COMPLETE,9.581367351736723,241.5639830660036,299.3394999516767,1894.049278103537,110.05461842383802,7166.96651585484,6100.530490317774,2.3145132607040897,60.0474842084759,35.887613859325356,11.07833709186207,42.55611348795609,1.0220246390517684,False
508,9.793715297641347,292.8839687234005,6225.809423521759,112.5080272957665,0.4805952819119571,0.5194047180880429,0.5409261230079053,0.04463472088688355,0.18813789031596942,0.24782170979792437,COMPLETE,9.5823670823565,241.56745564576732,299.34380307781674,1894.1119012595523,110.080105914398,7168.482097168732,6091.4565584061265,2.3147880351486148,59.93143264619482,53.214686319169694,-2.467004967965919,47.19688189436092,1.0220559506297762,False
509,9.79549053037641,292.87604807546165,5804.222466723133,112.54878672403098,0.4812236474710556,0.5187763525289444,0.5409261230079053,0.006638175728674237,0.2951227378018443,0.1794623696424775,COMPLETE,9.583515352591967,241.5757602991235,299.3540939777735,1894.2374577564824,110.11322221592735,7170.451060620024,5678.618640608585,2.315145007640727,55.83125884074675,15.23635906768156,10.723880693861435,35.00627424767854,1.0221187288782412,False
510,9.79141056253322,292.8943345446662,7176.682495610109,112.45505797796325,0.46484882617128653,0.5351511738287135,0.5409261230079053,0.07944795037767263,0.04548618432043706,0.339914202914293,COMPLETE,9.580886737044553,241.55647285809496,299.3301935068526,1893.9466265005883,110.03717662676539,7165.929262919944,7022.377592997332,2.314325207053385,69.1517524374678,42.68957524220673,9.910353679062622,51.728690623276506,1.0219733132502942,False
511,9.795669931598407,292.87644921686194,6487.152650020498,112.55200775853781,0.46484882617128653,0.5351511738287135,0.5409261230079053,0.054754527856522114,0.20865531487635142,0.20143780466464872,COMPLETE,9.583784583016197,241.57372901483768,299.35157686568317,1894.217468943887,110.11745028936285,7170.702424258503,6346.83222169311,2.315190579794134,62.4008483815383,62.80657692066807,7.441549366403558,48.10175331508502,1.0221087344719435,False
512,9.798633452087643,292.8654144405789,5998.678316570824,112.61843006162108,0.4879260397312673,0.5120739602687328,0.5409261230079053,0.15140662555692608,0.2104465852556486,0.1260726024801061,COMPLETE,9.585980134545407,241.5823644670223,299.3622776825268,1894.3675690033797,110.17434610990436,7174.084486267707,5868.492933973858,2.3158037466373838,57.636400417793055,30.372527444760898,3.3468473105503365,53.063487374320275,1.02218378450169,False
513,9.801015579500568,292.853649945953,5088.29070961558,112.6739983757911,0.4849394133538195,0.5150605866461805,0.5409261230079053,0.02517995552691679,0.45317018780376755,0.006588727940642207,COMPLETE,9.587375753603801,241.59621440768387,299.379440151283,1894.5669036840372,110.2179617333799,7176.676556333757,4977.377556534989,2.3162736881746935,48.83483220488349,63.41978496415945,2.1140477969295444,52.30236649420914,1.0222834518420185,False
514,9.789038654058453,292.9032672137148,7422.206744839341,112.40185389441241,0.4812236474710556,0.5187763525289444,0.5409261230079053,0.0531844272919287,0.03818433392738598,0.3898544361649565,COMPLETE,9.579141779557133,241.5493156266412,299.32132446082505,1893.823732716695,109.99172981028596,7163.226192267732,7263.059554527808,2.3138351411425915,71.57918887458662,32.56403407949458,6.008534822709477,59.94275355213319,1.0219118663583475,False
515,9.797129157586273,292.8716175204223,6662.682971578481,112.58426159735295,0.4812236474710556,0.5187763525289444,0.5409261230079053,0.14471719498123253,0.1603610567459087,0.17614514257039732,COMPLETE,9.58494243055425,241.57654383017206,299.3550649080807,1894.2750133491938,110.14590587095515,7172.394017694834,6518.382241206204,2.3154972651844647,64.05585451693067,40.05953017009555,15.25751298568651,54.35354877006825,1.022137506674597,False
516,9.806934181356175,292.83608844138496,8255.232453070166,112.80338918067821,0.1399895468301421,0.8600104531698579,0.5409261230079053,0.027563486587138527,0.07948775219677684,0.03293819857273694,COMPLETE,9.592329896121658,241.60276729304576,299.38756030811504,1894.7449759461012,110.33492245504523,7183.625048162824,8074.5839214012285,2.3175334476908067,79.07406978546223,36.887766694846185,8.68451854312894,23.472254321991226,1.0223724879730507,False
517,9.793751873272454,292.8851810367312,7732.681546911252,112.5078383658024,0.38474646659596845,0.6152535334040315,0.5409261230079053,0.007780981433667942,0.079870368789637,0.2970946893582917,COMPLETE,9.582566137487682,241.56433967882745,299.3399418565626,1894.0770734591852,110.08179664713498,7168.582628398653,7565.939315414618,2.314806261430904,74.4448225118172,46.83050780174344,3.0641292829600286,63.98458843065566,1.0220385367295926,False
518,9.787480642452111,292.90922551326355,6761.9037424888775,112.36684461857274,0.47520574203827937,0.5247942579617206,0.5409261230079053,0.021127715053626796,0.026419011916481168,0.4276585602236648,COMPLETE,9.578007060676391,241.54439648024098,299.31522878875944,1893.7405360945575,109.9619473549199,7161.454506049531,6617.184151379993,2.3135139349545657,65.24846505510688,37.06377923316566,4.011045975235307,40.92634154768011,1.0218702680472787,False
519,9.79424465090213,292.8813651077519,6300.696231161966,112.52036138762067,0.4812236474710556,0.5187763525289444,0.5409261230079053,0.01949287781241524,0.23929327979216447,0.22243675057506365,COMPLETE,9.582678665602883,241.570509907756,299.3475878359781,1894.1559177098707,110.08980324131107,7169.0586915072145,6164.594565976969,2.314892571531863,60.637879368896066,30.041260775801085,5.68983080184978,55.945912685049265,1.0220779588549354,False
520,9.795647713871539,292.8758049081886,5461.850994104054,112.5520534497842,0.49525257100033665,0.5047474289996634,0.5409261230079053,0.04796976088803595,0.2675666695360596,0.1797157181495239,COMPLETE,9.583675427643977,241.5754010970713,299.35364886438657,1894.2361154293958,110.11649055631952,7170.6453674810755,5343.659622173127,2.3151802354172397,52.535733527672626,30.240026383207628,5.936230397863799,24.74645226710985,1.022118057714698,False
521,9.799625962434495,292.86167202841517,6258.0629142169955,112.64071448381233,0.48132420733896253,0.5186757926610375,0.5409261230079053,0.16375106804654205,0.214931845398207,0.10264087047527957,COMPLETE,9.586709415099994,241.5853678223734,299.36599935857123,1894.4191094389776,110.19336882907812,7175.215065140938,6122.093933992147,2.316008720253142,60.10548413613593,58.71213027917413,5.65659326032147,29.392540358307116,1.0222095547194887,False
522,9.793020348433345,292.88650989409683,5795.224720690297,112.49249132786821,0.4879260397312673,0.5120739602687328,0.5409261230079053,0.03546667622149301,0.1915242964142322,0.2609347582514383,COMPLETE,9.581846203465217,241.5655411506443,299.34143068767185,1894.077965870869,110.06673248878874,7167.686884696645,5670.258001358838,2.3146438633623214,55.800559040199204,23.9839098140278,6.939426616374211,30.31712727651754,1.0220389829354346,False
523,9.790615730203829,292.89625175631363,6119.455178408307,112.43803271420391,0.4812236474710556,0.5187763525289444,0.5409261230079053,0.020861797666035083,0.12807853250351298,0.33228294677603787,COMPLETE,9.580164781989424,241.55664737238158,299.33040976019726,1893.9347240895163,110.02115810160242,7164.976580501484,5987.916449860459,2.314152486012328,58.97762753812587,41.61627534661992,8.803236763432157,32.07881550255557,1.0219673620447582,False
524,9.7938726563848,292.8830053861149,6552.754215012084,112.51183534251608,0.46484882617128653,0.5351511738287135,0.5409261230079053,0.0062865887820641,0.21852634452448688,0.24003554786150139,COMPLETE,9.582435560687044,241.5688161046132,299.34548892131653,1894.1301367191443,110.08284973783425,7168.645244954122,6411.288691755546,2.3148176137939145,63.07380062137878,44.802479826189185,10.102983310061612,53.62660667698876,1.0220650683595722,False
525,9.791985728622295,292.89042104978347,5861.778263596667,112.46926800454044,0.48132420733896253,0.5186757926610375,0.5409261230079053,0.008046485026734208,0.1863446649535948,0.2869327521857732,COMPLETE,9.581087016194973,241.56238498159817,299.337519649064,1894.0239634753007,110.04691727128031,7166.508542931029,5735.527927598584,2.314430230348282,56.46328813815857,37.31684515107621,7.195142653471594,29.67071350323092,1.0220119817376503,False
526,9.788856916177659,292.9034104819122,6364.6595283667175,112.39818256508539,0.47520574203827937,0.5247942579617206,0.5409261230079053,0.010836956504456301,0.08003301113080122,0.3843353656357341,COMPLETE,9.57893905530783,241.5500612486647,299.32224841530217,1893.8290419550192,109.98785148641514,7162.995493404496,6228.17211979591,2.3137933155068326,61.38238544762276,30.42315680807826,9.741679451181257,34.88690239719338,1.0219145209775096,False
527,9.805948255031701,292.84036045883255,8541.28659065853,112.78082311854594,0.14431527662012789,0.8556847233798721,0.5409261230079053,0.04546211536552848,0.028037747183557706,0.07081533585506469,COMPLETE,9.591676400188142,241.59846170864907,299.3822249453513,1894.6787080597,110.31642543543619,7182.526402146689,8354.649126036817,2.3173342634926075,81.85019372546064,47.79467609531487,10.425173311659167,44.9186043896697,1.02233935402985,False
528,9.801089315585891,292.8534187703753,5022.347915705148,112.67561920946518,0.4812236474710556,0.5187763525289444,0.5409261230079053,0.024987018394772065,0.44969784821544384,0.006538242931961775,COMPLETE,9.58743590153648,241.59632560300687,299.3795779414948,1894.5694586631178,110.21940950163695,7176.76258841475,4912.866026071923,2.3162892857655653,48.20074667491559,25.542225228909928,2.44235156525404,30.109953489441615,1.022284729331559,False
529,9.806787051594968,292.8375064736499,8901.479947074173,112.79943764462426,0.07718135763710116,0.9228186423628988,0.5409261230079053,0.0020668935560493335,0.004528355681023078,0.07058603043732099,COMPLETE,9.592331900742433,241.60026204917168,299.38445587822855,1894.713872095259,110.33273572799351,7183.495170351627,8706.822082595498,2.317509900882001,85.27618406380996,38.00497417682528,5.063868161434657,42.514069229955396,1.0223569360476294,False
530,9.79593065787692,292.8747779488384,6351.510503443308,112.55837449288694,0.4849394133538195,0.5150605866461805,0.5409261230079053,0.04323442018251074,0.2656639750159623,0.17604065227303572,COMPLETE,9.583888453282508,241.57616207363043,299.3545918457855,1894.249722986245,110.12194178357173,7170.969443400868,6214.026038037081,2.31523899028577,61.08685934470966,38.378991968905396,12.175779381741318,58.423728953535274,1.0221248614931224,False
531,9.798732393078497,292.86718810933684,8254.923327497554,112.61904593450241,0.26629471627579293,0.7337052837242071,0.5409261230079053,0.01193254210527417,0.03393658500542414,0.22042493431621543,COMPLETE,9.586326565197725,241.57753648345485,299.3562949769574,1894.3143317591314,110.17781775035915,7174.290823663906,8075.98244482706,2.3158411555463654,79.32891731021593,40.60789196657451,19.65352275469554,58.08611174715371,1.0221571658795656,False
532,9.80723236662417,292.8358503370981,8923.969417027256,112.80942608788298,0.06720733846948712,0.9327926615305129,0.5409261230079053,0.0017296615017490572,0.0041347351134955945,0.06134287661184342,COMPLETE,9.592661919703696,241.60155424440828,299.3860571313254,1894.7363721804347,110.34129154516579,7184.003324845085,8728.72370095422,2.317602029141562,85.47631495245028,46.54745414729287,10.463234195562654,37.36828904456956,1.0223681860902174,False
533,9.789173395042301,292.9022489350541,6508.6296855508035,112.4052580176835,0.47520574203827937,0.5247942579617206,0.5409261230079053,0.018667239577229874,0.07868347784638763,0.3778546227400932,COMPLETE,9.579175761674948,241.55094376337252,299.3233420034604,1893.8446143158842,109.99393714214207,7163.357491793373,6369.00637158209,2.3138589457078065,62.76377997868296,17.43650519914221,15.262854121123603,38.069725647771904,1.0219223071579422,False
534,9.7901935330457,292.8984909985503,6230.956290215992,112.42807675081437,0.4812236474710556,0.5187763525289444,0.5409261230079053,0.050679116913719395,0.07539328411622272,0.35515080015552464,COMPLETE,9.57993697669569,241.55382134739423,299.32690782710347,1893.895185711865,110.01354427248378,7164.5237335183265,6097.138770886456,2.314070384988047,60.063982216904634,57.142931725434146,6.447048823722659,29.1218898521104,1.0219475928559325,False
535,9.791039346291882,292.89447843832636,6789.28048319555,112.44766842130801,0.4812236474710556,0.5187763525289444,0.5409261230079053,0.018616519026037396,0.14366684093538307,0.31893988672699547,COMPLETE,9.580453724384904,241.55835087391935,299.33252069284543,1893.961513298891,110.02914457016458,7165.451574513041,6643.256674865527,2.3142386022863164,65.42230537987251,61.69701885158015,2.031316690226911,55.57974485239975,1.0219807566494454,False
536,9.798983549565731,292.8629206915457,6020.782771311894,112.62716794225726,0.4812236474710556,0.5187763525289444,0.5409261230079053,0.0785439384938867,0.3088198689639428,0.0938595280614336,COMPLETE,9.58608775787085,241.5862265407922,299.3670634590171,1894.4176596485006,110.18019474711582,7174.432098943927,5889.973355392612,2.315866768712902,57.836668928237934,47.11778371348633,5.6099571972065885,65.70743742200841,1.0222088298242502,False
537,9.806148535325935,292.83966664422917,8608.948730057704,112.78527684858261,0.16117692248736148,0.8388230775126385,0.5409261230079053,0.07476040296719927,0.023506159577465453,0.06291026763159432,COMPLETE,9.591831340103225,241.59892109595148,299.3827942055682,1894.6874403069737,110.32031069907671,7182.757178091721,8420.796802825984,2.317376103103274,82.49165866890635,52.057031889323724,10.864411228860636,58.10729711410622,1.0223437201534868,False
538,9.793641080517608,292.88374401925944,6146.744907651901,112.50673901823819,0.4812236474710556,0.5187763525289444,0.5409261230079053,0.01394909729721468,0.22829705409892098,0.23897719577409424,COMPLETE,9.582248203194954,241.56843661286976,299.34501866549743,1894.1217703486686,110.07831397348482,7168.375547263587,6014.069217220305,2.3147687176822855,59.170040926124,23.664332900049473,13.789959699100994,39.36833212962886,1.0220608851743342,False
539,9.798101187198212,292.8687596338917,6550.673239547724,112.60547941037697,0.4812236474710556,0.5187763525289444,0.5409261230079053,0.213807645473484,0.09814090038141138,0.169274742660923,COMPLETE,9.585759649426777,241.577557384404,299.3563208768436,1894.3035389029667,110.16512691731128,7173.5365269916865,6408.708995399976,2.3157044017825013,62.95863900966758,54.912664290827706,10.036973650881578,23.293069859479004,1.0221517694514834,False
540,9.788691059545622,292.9043403465999,7745.697704812093,112.39423444758691,0.47520574203827937,0.5247942579617206,0.5409261230079053,0.02537750235880533,0.05559955259443933,0.3942277298519957,COMPLETE,9.578855958413415,241.54883081550454,299.32072369608613,1893.8121425028637,109.98489744752011,7162.819772202904,7579.657194253352,2.3137614573048895,74.70741797272352,31.931514037092462,2.007278720138927,68.55149539992044,1.0219060712514318,False
541,9.804406085302112,292.84549808154486,8077.570118873663,112.74668505447106,0.17443413327149765,0.8255658667285024,0.5409261230079053,0.004445442152557473,0.08000577495030743,0.08998282046566927,COMPLETE,9.590457195301603,241.59541313761414,299.37844723926463,1894.6170366320646,110.28635977736909,7180.74043555725,7901.303739676554,2.317010468277495,77.45088986690891,44.78372555683519,9.09157969954272,33.00082219921223,1.0223085183160323,False
542,9.799127345104202,292.8627815247364,5731.455415530266,112.6300951788955,0.4647645721239129,0.5352354278760871,0.5409261230079053,0.08586853366114072,0.27628332275037787,0.10261237466961622,COMPLETE,9.586244797396906,241.58569924162967,299.3664100442752,1894.4141688860484,110.18324651923626,7174.613476887891,5606.9415901702505,2.315899652480566,55.05599973759952,36.025578699003255,1.145787801193682,38.154778609495615,1.0222070844430242,False
543,9.796811837342634,292.874207914845,6552.1809851955495,112.5760958438822,0.4812236474710556,0.5187763525289444,0.5409261230079053,0.22263854686699333,0.04528121616787753,0.21330361639700246,COMPLETE,9.584886987183577,241.57225336842166,299.3497482848879,1894.2206257501905,110.14084725083809,7172.093314453301,6410.44406133122,2.3154427477755988,63.0067728292393,35.96677162225285,11.296501039822846,38.542638507255745,1.0221103128750952,False
544,9.790318402483912,292.8973331490536,5933.414830986303,112.43139191239403,0.4849571989073016,0.5150428010926984,0.5409261230079053,0.01747718042424562,0.1300588977287839,0.3374207444996944,COMPLETE,9.579941156261915,241.55584197668855,299.329411735819,1893.9203629313492,110.0154330388364,7164.636072917745,5805.91586501611,2.3140907520879783,57.19064299388323,45.52182874824305,11.739351032922015,26.258427975775675,1.0219601814656747,False
545,9.796546294576638,292.8730991730031,5793.457015128572,112.57171304328592,0.4812236474710556,0.5187763525289444,0.5409261230079053,0.08962114228794002,0.21625374190856497,0.17534840732759263,COMPLETE,9.584422799860338,241.5764903749815,299.35499866786637,1894.2642189614987,110.13421063591592,7171.698799109011,5668.0119540239175,2.315371222260214,55.70892118061351,29.041688300371803,8.3859907617593,28.54268022262529,1.0221321094807494,False
546,9.79297936724563,292.8864741814758,6048.790315363768,112.49171395410637,0.4812236474710556,0.5187763525289444,0.5409261230079053,0.015147948209548883,0.206559355181421,0.2595160179699971,COMPLETE,9.581791826126258,241.5658717037291,299.3418403000398,1894.0810121847016,110.0658078457232,7167.631901703227,5918.346953283282,2.314633894961856,58.24239893566127,34.56567589080114,6.997414887345071,38.470357033337784,1.0220405060923508,False
547,9.802665997759673,292.85043781754695,6056.109856447076,112.70881264454644,0.48132420733896253,0.5186757926610375,0.5409261230079053,0.2421071221788316,0.2097317068973073,0.02948512738161036,COMPLETE,9.5889721306741,241.59401965744289,299.376720476639,1894.570755691737,110.25180941357426,7178.687774492306,5924.089288265419,2.3166383214327504,58.09669101313655,38.0627793472866,6.894066609901477,40.92804377782777,1.0222853778458685,False
548,9.788130543597452,292.90642909758736,6583.723918672127,112.38168021768291,0.4812236474710556,0.5187763525289444,0.5409261230079053,0.02077228141425841,0.055584800092446436,0.40486611877173834,COMPLETE,9.578440737734823,241.5471922721197,299.3186932578095,1893.783703758075,109.9741425778446,7162.179998627979,6442.681685509173,2.3136454665447372,63.51276478565421,60.215659173286404,9.322096722367007,38.08362165322659,1.0218918518790374,False
549,9.789323606455591,292.90169342861293,7428.240857302687,112.40861947417021,0.46484882617128653,0.5351511738287135,0.5409261230079053,0.009401176610443106,0.07837107415137823,0.3770760594800084,COMPLETE,9.579287573871671,241.55137266480102,299.32387348641373,1893.852119683057,109.99682256033432,7163.529124239401,7268.863325057582,2.3138900626195733,71.6281443017074,50.761748899756,6.908520417482896,60.734885362195435,1.0219260598415285,False
550,9.794903965732077,292.87909671098834,6627.510439039235,112.53499583546963,0.4691702284105189,0.5308297715894811,0.5409261230079053,0.030525917321489283,0.22472350414319203,0.21392053813142609,COMPLETE,9.583190973361521,241.57198560202167,299.34941647606746,1894.1842373712593,110.10259621235043,7169.819312197388,6484.259410552891,2.3150304718383135,63.768376502509696,37.55538563295204,14.282078595143279,56.54106355731766,1.0220921186856295,False
551,9.789223532598465,292.90237618793606,6563.501781484089,112.40614615125382,0.47520574203827937,0.5247942579617206,0.5409261230079053,0.03802118994713034,0.05403677082343346,0.3831468509404028,COMPLETE,9.57925295762616,241.55033927902,299.32259294293607,1893.8386116122226,109.99512927548179,7163.428403361465,6422.720213027644,2.313871801954155,63.29305021119832,31.90957408946155,12.110291863361287,38.03170515263133,1.0219193058061113,False
552,9.801444025978096,292.8547648850449,5863.377074843381,112.68157871041285,0.49525257100033665,0.5047474289996634,0.5409261230079053,0.21574384257322093,0.22760898590097678,0.051899456157557027,COMPLETE,9.588038599493418,241.5909925348293,299.37296934885103,1894.514928526874,110.22817895646558,7177.283692122592,5735.714611844968,2.3163837617138694,56.273905679814,27.764623580130227,16.958166986558364,27.488424709037282,1.022257464263437,False
553,9.799940273924541,292.8578326595179,5539.341648015457,112.64975626872928,0.49525257100033665,0.5047474289996634,0.5409261230079053,0.024242820485483325,0.4363043255003206,0.03470490310699588,COMPLETE,9.586602009076334,241.59265585946375,299.37503049537634,1894.5075877033855,110.19744504374259,7175.4573147760075,5418.753817624959,2.3160526400404224,53.18660584219245,32.995201785385866,13.92748665615184,37.49721368541376,1.0222537938516927,False
554,9.800994996182634,292.8567070454264,5964.914834246627,112.6713087010365,0.4849394133538195,0.5150605866461805,0.5409261230079053,0.2089952188370987,0.20475696815687686,0.07118694436092916,COMPLETE,9.587740440558155,241.589039420951,299.37054910339776,1894.4848412296121,110.21975456005116,7176.783093060873,5835.127474615225,2.3162930032518503,57.259735892478545,31.687431675532352,8.681117909106826,41.39369159190819,1.022242420614806,False
555,9.799112003591754,292.865184340457,7126.514889996823,112.62799714779707,0.28723655658995595,0.712763443410044,0.5409261230079053,0.010701664556509255,0.0825865639775891,0.19394809766684853,COMPLETE,9.586532507940923,241.58005261454838,299.35941289798933,1894.3496113896742,110.18467342406925,7174.698282204665,6971.914050603583,2.3159150276594467,68.47185870689798,26.612804186894852,2.2988973183487444,22.762905902693007,1.0221748056948372,False
556,9.793234676206195,292.8857503358737,6000.445071970875,112.49726457222533,0.4879260397312673,0.5120739602687328,0.5409261230079053,0.042497119583625564,0.18854833696459763,0.25688027913784856,COMPLETE,9.582009928762027,241.5660738727119,299.3420908223298,1894.0877746974866,110.07087461190291,7167.933189224064,5871.024861306562,2.314688518300387,57.77211552152894,41.87913052746562,4.360604398860563,36.88640501674793,1.0220438873487432,False
557,9.793367513315461,292.8849627706003,6413.038109802266,112.50045988615014,0.47520574203827937,0.5247942579617206,0.5409261230079053,0.012387281154341895,0.21207991938088938,0.2507382748255219,COMPLETE,9.582071008646167,241.56716108618818,299.3434380676194,1894.102471058425,110.0732096154632,7168.072034373257,6274.673799970146,2.3147136908849224,61.74063362848513,27.241182377454102,2.374206861549984,56.29906537612311,1.0220512355292124,False
558,9.799679515788588,292.8601719780492,5840.064320022626,112.64288752170502,0.4849394133538195,0.5150605866461805,0.5409261230079053,0.08959063644214608,0.3226298136975491,0.07271851887634102,COMPLETE,9.586583272629918,241.5886294662638,299.3700410987296,1894.4571829396336,110.1934425055954,7175.219443778684,5713.070803102326,2.316009514098872,56.08487535717368,31.306367208376933,13.065499940338732,43.23087305673228,1.0222285914698168,False
559,9.806986049779448,292.83660438918645,8769.413198580001,112.80402233331546,0.08213289896549647,0.9178671010345035,0.5409261230079053,0.0031138415246735663,0.018328067370448273,0.06069092303455424,COMPLETE,9.59245871940572,241.60122613955144,299.3856505527348,1894.7283301703944,110.33643997480596,7183.715178539382,8577.582722541156,2.317549788301453,84.003085432365,34.73764235835295,9.219541105930707,32.737492669224416,1.0223641650851971,False
560,9.799492275088292,292.8599277106,5360.256926419727,112.63939368120398,0.4812236474710556,0.5187763525289444,0.5409261230079053,0.0229475847661444,0.4002148679851473,0.0580607006964943,COMPLETE,9.586324558557811,241.5903317990476,299.37215058308976,1894.4732942700514,110.18915629457531,7174.964709422494,5243.655606989502,2.31596333083534,51.47775134742545,65.8348429987288,5.937280768792737,22.648853760747084,1.0222366471350257,False
561,9.797329649247398,292.872609286718,7107.809420582293,112.58745518661,0.4812236474710556,0.5187763525289444,0.5409261230079053,0.25489543691078326,0.01817543232469112,0.20815246531715825,COMPLETE,9.585312627642608,241.57297539258116,299.3506429975355,1894.2378939197797,110.1510303878832,7172.698631226105,6953.994387564384,2.3155524915277055,68.33774588329342,63.92827857013596,9.345431696047239,26.791295827389728,1.02211894695989,False
562,9.791765469366174,292.8927081250965,6029.513613513111,112.46323662858889,0.4812236474710556,0.5187763525289444,0.5409261230079053,0.08955676646267803,0.06964119886312256,0.3220253264539775,COMPLETE,9.581110855193742,241.55823652083768,299.3323789896252,1893.9728998768949,110.04376490056436,7166.321072923287,5899.798000136165,2.314396242091255,58.08906104453418,33.10390403615606,5.013194373822994,26.217395333458438,1.0219864499384474,False
563,9.80079885617947,292.85976095014456,7748.717009554154,112.66517320229595,0.26153271238455966,0.7384672876154403,0.5409261230079053,0.07302547164046802,0.010967663581152469,0.17753938833749994,COMPLETE,9.587891428452476,241.58291946383443,299.3629654194407,1894.4117310496829,110.21769391280996,7176.660641322328,7580.387934455505,2.3162708027878227,74.40594780695596,31.765803665701746,4.947332353363379,34.936001173217086,1.0222058655248414,False
564,9.804503581010172,292.8449959538343,8167.492073399175,112.74897575332335,0.17941524206175125,0.8205847579382488,0.5409261230079053,0.0042783194586734396,0.09182948887843345,0.08330732903992905,COMPLETE,9.590511665095764,241.59602915904935,299.37921059622715,1894.6257558276523,110.28813016950697,7180.845607340216,7989.229373756982,2.3170295358906796,78.30917134468437,31.330509589619055,7.375996051001051,52.89987715531926,1.0223128779138262,False
565,9.80256103684351,292.85294047952846,8034.467049228179,112.70487947544338,0.1962225537113177,0.8037774462886823,0.5409261230079053,0.02051117946536643,0.03197226834353078,0.143738925278835,COMPLETE,9.58916365671415,241.58867203737086,299.3700938516845,1894.5080275546125,110.25134453519071,7178.660153608033,7859.560286332566,2.3166333137745907,77.09672596945975,27.334748389010425,13.583236045540904,31.056323829302087,1.0222540137773062,False
566,9.791200135896535,292.8942893644379,7140.734920802552,112.45096393244896,0.4812236474710556,0.5187763525289444,0.5409261230079053,0.046202674853752485,0.11123992506748663,0.3237806406842432,COMPLETE,9.580625115949035,241.55784043619963,299.33188817234367,1893.958513645827,110.0325306817203,7165.65295791422,6987.162286445392,2.3142751130374637,68.80668803027301,21.70296015122285,12.421301521593794,62.35481750118967,1.0219792568229136,False
567,9.804642748619484,292.8445736620709,7039.678605466113,112.75202533526378,0.40829971973578855,0.5917002802642115,0.5409261230079053,0.2955831127096596,0.08366485902623408,0.02905107489669363,COMPLETE,9.590626961073514,241.5962055997323,299.3794292367096,1894.6301974656335,110.29087360151732,7181.008581831738,6886.016468104559,2.3170590831178526,67.48707976765348,45.05394317706494,2.8520123529444894,42.00460084583941,1.0223150987328167,False
568,9.790887283984018,292.8954795882938,7053.120688920646,112.4439368669516,0.4812236474710556,0.5187763525289444,0.5409261230079053,0.040813072938804915,0.10921219750588945,0.33119749838889495,COMPLETE,9.580396498651504,241.55686781396525,299.33068292539593,1893.9419778423871,110.02654486860624,7165.296959500077,6901.488168823672,2.314210570630137,67.9703627487319,34.58967241657488,7.532829973159499,58.84916248250171,1.0219709889211936,False
569,9.795057976855935,292.88010854323414,7252.027917939046,112.53726156382213,0.4849394133538195,0.5150605866461805,0.5409261230079053,0.14842654464786176,0.09668128559099094,0.2398312623174104,COMPLETE,9.583507224152363,241.56864666959544,299.3452789620633,1894.148921215486,110.10671521613557,7170.064203100872,7095.400773077596,2.315074870486778,69.77995585628899,34.170275904074565,1.342945173499833,78.06729136051578,1.022074460607743,False
570,9.792393509281123,292.8887313611177,6990.163072965917,112.47853167060316,0.4879260397312673,0.5120739602687328,0.5409261230079053,0.01499502209559564,0.20018986832876567,0.2727408264890618,COMPLETE,9.581367351736723,241.5639830660036,299.3394999516767,1894.049278103537,110.05461842383802,7166.96651585484,6839.525003478752,2.3145132607040897,67.32140267009362,23.46405504602373,12.824805601319277,68.86507809530022,1.0220246390517684,False
571,9.791763637753327,292.89157324424343,6557.334203319857,112.46404941506667,0.47520574203827937,0.5247942579617206,0.5409261230079053,0.014820379044056139,0.16039699753063186,0.2999880464055211,COMPLETE,9.580963908213313,241.5609602203153,299.33575412373796,1894.0038667423232,110.04289301498119,7166.269221834604,6416.166143335878,2.314386841504193,63.16978217017095,29.339321539500503,5.816858863548722,49.99741570973539,1.0220019333711616,False
572,9.798552094162721,292.8646756018276,5332.75618605163,112.61738524616669,0.4849571989073016,0.5150428010926984,0.5409261230079053,0.08225513915125493,0.29612360812977206,0.1065780974030092,COMPLETE,9.585787048073456,241.5846152946044,299.36506684668257,1894.391773992523,110.17201955008314,7173.9462051127,5216.961106859877,2.3157786763048276,51.23633263060994,37.485555767012954,-1.6422843668190585,25.23180918116971,1.0221958869962615,False
573,9.792337259903432,292.88909102371446,5713.971536347324,112.47715916534759,0.4812236474710556,0.5187763525289444,0.5409261230079053,0.014388167240526903,0.18818900464829869,0.2786461658289599,COMPLETE,9.58134482313265,241.56346009783255,299.3388519037814,1894.0423428371712,110.05364889772984,7166.908860836956,5590.854373805406,2.3145028078663783,55.03235010011899,36.58020359548857,8.001988198408785,23.938635860816568,1.0220211714185856,True
574,9.805120028508869,292.84250038867447,7975.247075435548,112.76295176871474,0.1919456106866057,0.8080543893133942,0.5409261230079053,0.02275272891396404,0.1089078295847887,0.06028485182494922,COMPLETE,9.59094267537069,241.5983025380546,299.3820277054915,1894.662419615578,110.29982327343365,7181.54022633552,7801.0404054230075,2.3171554701093466,76.44557933032138,37.562180171108864,11.242615555957277,39.565706088337386,1.022331209807789,False
575,9.801410413417948,292.85308352044507,5496.022848253622,112.68217566807914,0.45323605548227347,0.5467639445177266,0.5409261230079053,0.05124963069913631,0.3784883940898693,0.023496097570021544,COMPLETE,9.587783409957408,241.59520715014511,299.3781919852106,1894.5623340299232,110.22620713742442,7177.1665232914065,5376.234078831646,2.316362519039385,52.74358794818267,32.10972099294865,4.808391200268606,22.195997339885054,1.0222811670149616,False
576,9.801089315585891,292.8534187703753,5110.179434138676,112.67561920946518,0.4812236474710556,0.5187763525289444,0.5409261230079053,0.024987018394772065,0.44969784821544384,0.006538242931961775,COMPLETE,9.58743590153648,241.59632560300687,299.3795779414948,1894.5694586631178,110.21940950163695,7176.76258841475,4998.782910002057,2.3162892857655653,49.0436880324526,38.11271261197755,3.0903839834677185,66.95357705351043,1.022284729331559,False
577,9.790394056046424,292.8970184656266,5821.118493236176,112.43311117419404,0.4849571989073016,0.5150428010926984,0.5409261230079053,0.017192258200391202,0.1326755781110911,0.3350889924751424,COMPLETE,9.579993016370793,241.55614140524506,299.32978277952026,1893.9250924955973,110.01686078124825,7164.720991069035,5696.019403655044,2.3141061477237233,56.1065879036256,51.74130659697447,6.37142841712274,24.95080082573182,1.0219625462477986,False
578,9.799843550732357,292.8628046595753,6491.24219520688,112.64413951475632,0.4812236474710556,0.5187763525289444,0.5409261230079053,0.2882856632681104,0.053985866642114036,0.13895165574071588,COMPLETE,9.587118319468368,241.5813620310288,299.3610354911818,1894.3773038311233,110.19897286441538,7175.548112107471,6350.336782787031,2.3160691015697963,62.347610668802176,38.091687364056824,6.117739803188824,34.41847706062382,1.0221886519155616,False
579,9.78748137271208,292.9092226614293,6763.78578431491,112.36686107091252,0.47520574203827937,0.5247942579617206,0.5409261230079053,0.021135769040858052,0.026429082971685086,0.4276404350078407,COMPLETE,9.578007585015008,241.54439892741843,299.315231821235,1893.7405766988109,109.96196127046137,7161.455333906034,6619.025781873194,2.3135140850447047,65.26660815833085,19.528495536150157,5.417895533695969,41.75893934355624,1.0218702883494055,False
580,9.798270005300292,292.86487555947195,5997.3377703105,112.61169771301542,0.4805952819119571,0.5194047180880429,0.5409261230079053,0.01858785319605275,0.3656663424079218,0.09634006622066801,COMPLETE,9.585469663058582,241.58582419327547,299.36656488094707,1894.4006083628476,110.16597945859023,7173.587200252099,5867.086661760639,2.315713588829646,57.624776745773694,28.41504465610597,13.923073782720959,59.2352816312858,1.0222003041814238,False
581,9.799723118719472,292.8621016676355,7118.176080037722,112.6423007637251,0.31385402653570893,0.6861459734642911,0.5409261230079053,0.008568417371276652,0.14943655561287617,0.15584886908780501,COMPLETE,9.586882288763974,241.58376099441648,299.364008221188,1894.4025124215727,110.19581523630738,7175.360455765125,6963.575946310416,2.3160350795303604,68.37133234044202,26.57118279761118,4.43574737196295,40.491364970109764,1.0222012562107863,False
582,9.788293002372914,292.90621225175994,6576.604505038473,112.3850282278534,0.4849394133538195,0.5150605866461805,0.5409261230079053,0.05132451861869218,0.025228432979335177,0.40838602740895946,COMPLETE,9.578610640423825,241.54673796844747,299.31813029708854,1893.7813728567655,109.97754429160236,7162.382359241739,6435.7221299515,2.313682154464237,63.441841529006844,23.15741429964398,3.4981224000091626,39.62115333482846,1.0218906864283828,False
583,9.79767654532579,292.86780758672353,5904.787678830652,112.59785537822988,0.47520574203827937,0.5247942579617206,0.5409261230079053,0.042397750803547025,0.3056860846109739,0.12712099387081777,COMPLETE,9.585122080055775,241.58237048866985,299.3622851443882,1894.3509145725518,110.15511532350862,7172.941444613764,5776.687002940755,2.3155965135231638,56.75118847870097,25.064097962666075,8.147037087166916,50.42424329785547,1.0221754572862758,False
584,9.799958771035229,292.8614036273807,6713.9726102864315,112.64744962766311,0.397012594635148,0.6029874053648521,0.5409261230079053,0.12760357386534132,0.13462131617950404,0.13478753521511186,COMPLETE,9.58707972833736,241.58401912171814,299.36432808550063,1894.4095696979853,110.20047185975969,7175.637195773257,6568.128725085422,2.316085252412089,64.48184642430417,46.9737580351422,6.913186310243814,28.076030646697753,1.0222047848489926,False
585,9.795508730303235,292.8775801206161,6416.063401804568,112.54799840657014,0.48132420733896253,0.5186757926610375,0.5409261230079053,0.10326467383648136,0.16556958526900772,0.2124896812170892,COMPLETE,9.583732808534956,241.57199141918886,299.3494236845424,1894.1948718728215,110.11474488580193,7170.54158556883,6277.350060981602,2.3151614197872052,61.722459036385565,52.026037484605965,10.746962160112066,39.07223072529624,1.0220974359364108,False
586,9.796321037484187,292.8739533142781,5931.412907077722,112.56665311044364,0.4812236474710556,0.5187763525289444,0.5409261230079053,0.08540778434138743,0.21485867884288792,0.18095684507395335,COMPLETE,9.58425787243011,241.57579720656958,299.35413971247425,1894.2523913435375,110.12989745014981,7171.442394418947,5803.0142776836265,2.3153247361656444,57.0404152996824,48.58157719645755,8.874947645260994,25.906582015694024,1.0221261956717687,False
587,9.801673017029502,292.85232712864644,5986.415309289131,112.68789832163655,0.4469462915254788,0.5530537084745212,0.5409261230079053,0.06340905152409904,0.360376435345836,0.023160268040268297,COMPLETE,9.588006147493974,241.59544345727969,299.3784848105673,1894.5696146307484,110.23141253323195,7177.47583452644,5855.91732015472,2.3164185970749305,57.4446486369972,38.59665182251483,13.049399701362914,42.87102410999779,1.0222848073153743,False
588,9.79211159955544,292.8898759206187,5902.415801439982,112.47214503566148,0.4879260397312673,0.5120739602687328,0.5409261230079053,0.014418134931136629,0.19248818141177704,0.28101941298992905,COMPLETE,9.581170543742228,241.56293460234974,299.33820072411027,1894.032418554742,110.04927711976924,7166.648880300774,5775.266329301525,2.3144556734719637,56.85168839639615,42.02545447915554,5.83839478097765,33.495985442237476,1.022016209277371,False
589,9.799308389456085,292.86268635704806,6223.468330305283,112.63372086389688,0.3942986056122654,0.6057013943877346,0.5409261230079053,0.038842072160805034,0.22862438879116648,0.12683130845519072,COMPLETE,9.58645272357238,241.58484417754767,299.3653504721839,1894.4075972669868,110.18714762600996,7174.845330321875,6088.285270143748,2.315941687439661,59.78178525527604,28.293496855690222,1.4705325989953661,34.15304590839076,1.0222037986334933,False
590,9.793321421109999,292.88668052791655,7353.0929196746,112.49827096181993,0.4812236474710556,0.5187763525289444,0.5409261230079053,0.11062499331755127,0.08818467561779697,0.282413623652288,COMPLETE,9.58223400551823,241.5633317916317,299.33869291023643,1894.0580798736933,110.07345835180128,7168.086824773159,7194.602728831427,2.314716372380056,70.79887295029296,47.379754578521215,7.345217635969467,66.17820168005959,1.0220290399368466,False
591,9.792670737963734,292.8900490222953,7023.619197885284,112.48298522700823,0.3719731462863385,0.6280268537136615,0.5409261230079053,0.017535472828186658,0.012658813210480999,0.3417784827381547,COMPLETE,9.581872446771584,241.55917455469304,299.333541375597,1893.9993941399573,110.06166200390395,7167.38537051637,6872.427866682979,2.3145891989305007,67.6494770773797,38.59944412991337,12.241938503402274,31.45484989243476,1.0219996970699787,False
592,9.79218775538148,292.8898252240676,6432.965744022421,112.47367703201012,0.47520574203827937,0.5247942579617206,0.5409261230079053,0.014180848825432538,0.17398165043330802,0.2870429374894888,COMPLETE,9.581256670881087,241.56260003158366,299.33778613314126,1894.0299413210469,110.05090948845779,7166.745954457984,6294.394826589307,2.314473272987991,61.96135825657042,32.26485621141614,15.396960953321624,41.81232984548154,1.0220149706605235,False
593,9.79462416574234,292.8797363647978,6090.6389491254595,112.52902666506917,0.4849571989073016,0.5150428010926984,0.5409261230079053,0.019645946475031404,0.2569577522073979,0.2083530772803746,COMPLETE,9.582932379783825,241.57213107152143,299.34959673790433,1894.1810038031992,110.09693021871243,7169.482439394539,5959.001612669156,2.314969396898665,58.60706385346406,53.83831865405372,5.887481142562702,48.51103196520788,1.0220905019015996,False
594,9.793365504578531,292.8849792325605,6070.820418637453,112.50040816305476,0.47520574203827937,0.5247942579617206,0.5409261230079053,0.012876397577199711,0.21135918065932707,0.2509698865943647,COMPLETE,9.582070665466238,241.56713376712628,299.3434042145829,1894.102124997637,110.07317764339666,7168.070133243943,5939.840621851974,2.3147133462107394,58.4460577700059,59.47375665147027,8.877764908467038,35.74997539951775,1.0220510624988186,False
595,9.798956140845739,292.8620950029984,5915.125058145611,112.62724705654723,0.4805952819119571,0.5194047180880429,0.5409261230079053,0.020410541125934094,0.3852551578993238,0.07492914348175261,COMPLETE,9.5859491892958,241.58836188366044,299.36970951766494,1894.4414939707367,110.17898764889706,7174.360356019939,5786.543733914527,2.315853761741975,56.818931849138224,32.0930456072625,14.339088716570316,57.89976530760194,1.0222207469853684,False
596,9.787950391625142,292.9072366117119,6783.980280887145,112.37754352296032,0.4805952819119571,0.5194047180880429,0.5409261230079053,0.02402572667551088,0.04495811687903573,0.41161092112354175,COMPLETE,9.578324649936594,241.5463399387054,299.3176370694871,1893.7708575037566,109.97078572714089,7161.980303830083,6638.68971022812,2.3136092619368656,65.44941934808642,35.71334618959226,5.560788384631508,43.678561814473674,1.0218854287518784,False
597,9.7901935330457,292.8984909985503,6175.031061698015,112.42807675081437,0.4812236474710556,0.5187763525289444,0.5409261230079053,0.050679116913719395,0.07539328411622272,0.35515080015552464,COMPLETE,9.57993697669569,241.55382134739423,299.32690782710347,1893.895185711865,110.01354427248378,7164.5237335183265,6042.414606057525,2.314070384988047,59.52488488180462,41.90936570800404,4.925949011910843,30.11580667282098,1.0219475928559325,False
598,9.805664049300415,292.8414998958801,8174.971647300672,112.77438737136126,0.17104087435795373,0.8289591256420463,0.5409261230079053,0.07610610655767551,0.021188382277149944,0.07374629285289436,COMPLETE,9.591476281959906,241.59744011631074,299.3809590159862,1894.6621064461917,110.31102597912707,7182.205679976134,7996.403534381057,2.317276116657823,78.34858375274206,38.9513073991399,3.513300600279916,19.792154443805728,1.0223310532230958,False
599,9.78707901549783,292.91050833058733,7617.000823793119,112.35800999351477,0.49525257100033665,0.5047474289996634,0.5409261230079053,0.024937928728353972,0.043075256251867616,0.4272388491480558,COMPLETE,9.577682254113515,241.54373374110358,299.3144075404944,1893.7259779200508,109.95408504604342,7160.986757300247,7454.033374420502,2.3134291322444875,73.50868466897211,49.41694443270477,12.083743446094205,62.62689414041727,1.0218629889600255,False
600,9.798557089555946,292.86493514055206,5555.65290976851,112.61728927568426,0.4812236474710556,0.5187763525289444,0.5409261230079053,0.09475137146187487,0.27324458795356427,0.1132273117330035,COMPLETE,9.585826207232035,241.5839656495709,299.364261824274,1894.3844646721043,110.17231956294167,7173.964036724061,5435.037299268044,2.3157819091707004,53.378814209819325,25.61853323409479,3.929384678475403,31.849345488373707,1.0221922323360522,False
601,9.808878982134747,292.8292721657105,8892.211554194588,112.84670321087476,0.055315868477603614,0.9446841315223964,0.5409261230079053,0.0023489285851461188,0.042274276732952004,0.01069261259098635,COMPLETE,9.593824215420067,241.6074161268464,299.39332101617913,1894.831917259652,110.37259567241539,7185.8624030050305,8697.254262454333,2.317939079462812,85.11191527192439,33.52970147185871,13.386737548219813,34.50623843306081,1.022415958629826,False
602,9.803129244611135,292.8503586809195,6196.674795843309,112.71797011543494,0.4812236474710556,0.5187763525289444,0.5409261230079053,0.35641005386434965,0.07113236684107392,0.0536808057022628,COMPLETE,9.589525076820083,241.59144011136686,299.3735239734902,1894.5494779105127,110.26191474772267,7179.288171831686,6061.6530563752185,2.3167471732930296,59.44058299358708,27.935230577905582,13.006252807961141,43.51323942977415,1.0222747389552564,False
603,9.800411798344356,292.85875084461213,5992.883160763222,112.65832860848981,0.44360637128816327,0.5563936287118367,0.5409261230079053,0.13627739324445037,0.21503210203575912,0.09229633475705762,COMPLETE,9.587292156169667,241.58764550278542,299.36882179802154,1894.4587770359208,110.20846189114474,7176.112024700574,5862.561992520848,2.316171338756353,57.5417283342019,23.692200514944624,2.5228604784785342,45.20054923681073,1.0222293885179603,False
604,9.79549053037641,292.87604807546165,6165.097812982866,112.54878672403098,0.4812236474710556,0.5187763525289444,0.5409261230079053,0.006638175728674237,0.2951227378018443,0.1794623696424775,COMPLETE,9.583515352591967,241.5757602991235,299.3540939777735,1894.2374577564824,110.11322221592735,7170.451060620024,6031.68461627639,2.315145007640727,59.30254633563255,42.708181128231246,8.485657997066847,57.228068360419684,1.0221187288782412,False
605,9.796645536785334,292.8736818464626,7120.148959252592,112.57322522984684,0.3986476828897768,0.6013523171102232,0.5409261230079053,0.047818787446598045,0.13871189718206026,0.21211607300579874,COMPLETE,9.584617735844231,241.57450490316543,299.35253832533914,1894.2433504986159,110.13681438894139,7171.853581283168,6966.0483009675945,2.3153992842226683,68.4697749509242,45.04618264430327,10.517739454994404,53.05053316884541,1.0221216752493079,False
606,9.799185210473082,292.863743876496,5910.4767975031755,112.63051168118882,0.4812236474710556,0.5187763525289444,0.5409261230079053,0.17962803418955142,0.17907689534727322,0.1225184692289414,COMPLETE,9.58643782625077,241.5830551796831,299.36313359481915,1894.3850756825943,110.18522197300125,7174.730884002372,5782.156079895801,2.315920938355741,56.77837394378859,41.11115032668632,0.5196573041255732,24.68130744878918,1.0221925378412973,False
607,9.796783138302457,292.87372368075967,6077.899170796945,112.57589473649662,0.4812236474710556,0.5187763525289444,0.5409261230079053,0.18618140573747696,0.09352783778858252,0.20151411355726606,COMPLETE,9.584790348479002,241.57358193176577,299.3513946043517,1894.235248162125,110.13986265788957,7172.034785794737,5946.3793868746725,2.31543213654709,58.44443427242555,30.67422928140691,4.622994081564563,29.859185217793943,1.0221176240810625,False
608,9.801239955767866,292.85311080598234,5331.1586667813735,112.67880772985377,0.47520574203827937,0.5247942579617206,0.5409261230079053,0.03670778225470184,0.42889200599354327,0.009605163532637063,COMPLETE,9.58757972498619,241.5961605664617,299.3793734327088,1894.570212068194,110.22248789966771,7176.945517096417,5214.943106687069,2.316322450681516,51.16240743025721,34.457790466248866,5.781627289241488,64.88683941621349,1.022285106034097,False
609,9.794970673926235,292.8810980900997,7360.246738532108,112.53480821376101,0.4849394133538195,0.5150605866461805,0.5409261230079053,0.18625850450651638,0.04296508011486695,0.255715089021552,COMPLETE,9.58352727368213,241.56680437472195,299.3429960404986,1894.1264253141458,110.10552656640739,7169.993533678538,7201.361566861961,2.3150620581413834,70.8265972422985,48.77140906454156,13.121596685519147,59.75087227531355,1.0220632126570728,False
610,9.807337373619463,292.8350213360587,8760.276479349503,112.81210948130328,0.09079885840071283,0.9092011415992871,0.5409261230079053,0.005455042241442675,0.041938335510498595,0.04340543448408491,COMPLETE,9.592683827515508,241.6029053537743,299.3877313892047,1894.7535955450226,110.34298678050112,7184.104007448993,8568.539992726584,2.3176202828679107,83.90166096208722,25.231425240523198,3.4042263132695845,61.58524650694746,1.0223767977725113,False
611,9.802866624662014,292.85073375710584,7415.711309759612,112.71253166414361,0.29169589738306023,0.7083041026169398,0.5409261230079053,0.07884520409325825,0.12197657085337181,0.09087392574209215,COMPLETE,9.589253704907724,241.59211420169555,299.3743592878419,1894.5525640113087,110.25642837277543,7178.9622082121805,7254.116563489433,2.316688076185099,71.14332324187718,40.178114447763384,6.558120267587505,44.704835525130505,1.0222762820056543,False
612,9.802993550455504,292.850846967316,6562.777225749162,112.71493982072445,0.4805952819119571,0.5194047180880429,0.5409261230079053,0.35116512280516443,0.07258125950005699,0.05684852889914681,COMPLETE,9.589422409979983,241.59108534426133,299.3730843557681,1894.5430665882966,110.25929623366697,7179.132598266663,6419.798470374494,2.316718967851646,62.955703600134,40.20941714745833,19.24608580004604,20.15898682266874,1.0222715332941483,False
613,9.799498316076987,292.8635708655031,7600.353249884365,112.63678829458964,0.2931149160083986,0.7068850839916014,0.5409261230079053,0.016488471803751688,0.09705112468322499,0.17957496455209362,COMPLETE,9.586796363421358,241.58159630804528,299.36132580087144,1894.3739377770028,110.19196264756519,7175.131494692332,7435.38460302305,2.315993568955495,73.01262543340052,49.618360202303805,2.9131780772918385,49.61761778782094,1.0221869688885015,False
614,9.795975854099218,292.87459076826843,5811.334564234675,112.5594015029736,0.4812236474710556,0.5187763525289444,0.5409261230079053,0.03854114203906623,0.2672376442248717,0.17544403148053872,COMPLETE,9.58391953083441,241.5763388996721,299.35481096379397,1894.2525258236064,110.12279557548759,7171.020200694097,5685.534923718245,2.3152481925680397,55.89068981227546,25.14906493321089,16.857744935895987,23.4711431284541,1.0221262629118033,False
615,9.801237927872654,292.8577421473414,7653.837526651235,112.67530489197392,0.3057271177173239,0.694272882282676,0.5409261230079053,0.11450372642654547,0.04286026171732882,0.14836263647497214,COMPLETE,9.588167703361641,241.58511560211417,299.3656868141045,1894.4444092141418,110.22584364158364,7177.144923640628,7487.449883358062,2.3163586030290797,73.47928283400664,64.92113655549187,10.174428515600383,24.984413245365648,1.022222204607071,False
616,9.809847501155081,292.8261053464464,9252.120123421659,112.86810628895626,0.009055091910420254,0.9909449080895798,0.5409261230079053,0.00023249635599437081,0.003473739698920302,0.005348850166632867,COMPLETE,9.594597380102272,241.6091878250552,299.3955164562822,1894.8690262916514,110.39152614448015,7186.986514335137,9049.107795622765,2.3181428805149125,88.5249421870601,41.1810563266087,15.773241592309382,49.06390593608948,1.0224345131458257,False
617,9.799532211802175,292.85975443824407,5886.871124687845,112.64030735131021,0.4812236474710556,0.5187763525289444,0.5409261230079053,0.022353980820515384,0.4023103883470275,0.05655879705954718,COMPLETE,9.58635101151545,241.59050677766223,299.37236741181704,1894.4759846641632,110.18990508691459,7175.009211344049,5758.806822722208,2.3159713990205724,56.53417430567169,39.9226468897682,16.528361953343868,48.463645398513,1.0222379923320817,False
618,9.799711089350739,292.86096120142986,6956.575099470513,112.64291739403518,0.43606195447207574,0.5639380455279243,0.5409261230079053,0.08585918095610619,0.24760123426626682,0.10260119824407056,COMPLETE,9.586722261826438,241.58655629952358,299.3674720870439,1894.4341291438902,110.19471431070716,7175.295027662212,6805.37954273302,2.316023217434629,66.81147757313265,57.49365525353272,13.727482375041177,80.34149321815698,1.022217064571945,False
619,9.793985473906613,292.8832182850464,6286.121075280852,112.5138899079592,0.4812236474710556,0.5187763525289444,0.5409261230079053,0.06667211747208077,0.16772573116344572,0.24682553403487173,COMPLETE,9.582599862979787,241.56763241767877,299.3440221287485,1894.1186345980002,110.08547938812404,7168.801602142605,6150.446426038371,2.314845961306,60.506841618810036,30.788924161397098,4.449178486653981,46.356930712605454,1.022059317299,False
620,9.798647355588784,292.86434982742196,6000.491300028382,112.61949902011153,0.4812236474710556,0.5187763525289444,0.5409261230079053,0.0816218795695666,0.2938438343168864,0.10575758208840423,COMPLETE,9.585861307477044,241.58482372823673,299.36532513195544,1894.395811974823,110.17386981567391,7174.056177411781,5870.185474731622,2.3157986142501668,57.64989609621812,21.426177503135058,7.5589801315004035,70.47986215716384,1.0221979059874113,False
621,9.79334283168894,292.8851393846241,5665.677513664386,112.49984354104515,0.47520574203827937,0.5247942579617206,0.5409261230079053,0.016872729864974036,0.20527997462395783,0.2530526743075833,COMPLETE,9.582063520729111,241.56688672010307,299.34309808064916,1894.0989167944385,110.07279796172263,7168.047556516934,5543.447498665395,2.3147092530568014,54.546320850374556,23.717422328422067,7.890446970984758,22.384024791734134,1.0220494583972193,False
622,9.79638637089571,292.8761729886479,6643.974421179579,112.56627535117133,0.47520574203827937,0.5247942579617206,0.5409261230079053,0.22822457009467062,0.014369773776666851,0.23261115076886799,COMPLETE,9.584620335960942,241.57010336844203,299.3470840635473,1894.188716404391,110.13295832017785,7171.624353566552,6500.353287211117,2.3153577253053563,63.90148327506614,40.51386219981401,14.776087037014111,32.76866697228413,1.0220943582021955,False
623,9.790944890519555,292.89620102270595,7188.838737209424,112.44452729110527,0.4849571989073016,0.5150428010926984,0.5409261230079053,0.10161445804760197,0.03510965917424197,0.34823264409328397,COMPLETE,9.5805585470404,241.55479824649146,299.32811837382303,1893.9194317212634,110.02833628956832,7165.403502910877,7034.366057330768,2.3142298869190436,69.28076011768167,55.42468354578639,14.28227674271092,49.3990993530606,1.0219597158606317,False
624,9.797165210567401,292.871770414242,6717.013050613425,112.58485493132832,0.3536193171566993,0.6463806828433007,0.5409261230079053,0.005911592430383515,0.13690371722833147,0.21080378329355653,COMPLETE,9.585005752938448,241.57596297827084,299.35434513224556,1894.269030837861,110.14680869590288,7172.447684268244,6571.554868060002,2.3155069949183718,64.58137327403949,34.96386364147496,19.99788321072249,18.73511312057363,1.0221345154189305,False
625,9.807286350262608,292.8354494553707,8878.407452716667,112.81078667904801,0.07626952145713067,0.9237304785428693,0.5409261230079053,0.0014973226491855182,0.021378528881798288,0.05339361313834024,COMPLETE,9.592676408713338,241.6021884654975,299.3868430408029,1894.7445389389623,110.3421816571635,7184.056190043898,8684.12389287882,2.3176116135864917,85.03662358022576,35.90031619126572,4.831146975973898,49.325824048165664,1.0223722694694812,False
626,9.793962833604153,292.88453228936476,6473.930039834732,112.51246296766149,0.4812236474710556,0.5187763525289444,0.5409261230079053,0.13947601059995196,0.06885504321733166,0.27289203969897485,COMPLETE,9.582739894402554,241.56462776789166,299.34029884867425,1894.0840389135426,110.08594639529923,7168.829369876087,6334.309075937711,2.314850995587878,62.31999262771479,60.097783794854095,3.253235807347022,27.09024732605802,1.0220420194567712,False
627,9.790687654372547,292.89623576393734,7195.265320998891,112.43945549699575,0.4879260397312673,0.5120739602687328,0.5409261230079053,0.045439103797981203,0.1081828267959792,0.3343037134532231,COMPLETE,9.580250196040629,241.55625506756564,299.32992362676816,1893.931516197539,110.02272297867817,7165.069652652893,7040.612920715385,2.314169359965886,69.34510671026706,60.52845862684506,13.439811699155268,58.29302692982385,1.0219657580987695,False
628,9.792151031634154,292.889870534158,6310.714030742986,112.47292267400306,0.4805952819119571,0.5194047180880429,0.5409261230079053,0.014608984507235133,0.18124677978915765,0.2847392031084663,COMPLETE,9.581217798982935,241.56271150495593,299.3379242679041,1894.030568363368,110.05013762006391,7166.700052860157,6174.774612882529,2.3144649510418636,60.78420593818605,35.914431174621996,8.859536534556756,43.2511679426571,1.022015284181684,False
629,9.796582522079918,292.8742012682814,7140.304791850481,112.57159995154808,0.4812236474710556,0.5187763525289444,0.5409261230079053,0.1652051842675397,0.11548845891290219,0.2005297319960906,COMPLETE,9.584607362948127,241.5736409096426,299.3514676881282,1894.2324137243716,110.13581351687378,7171.794083856274,6985.80527724009,2.315388497356747,68.66446467218756,59.16871472136168,14.810620758547927,54.54366796409025,1.0221162068621858,False
630,9.787491453286755,292.9091832944584,8225.800042242556,112.3670881806042,0.47520574203827937,0.5247942579617206,0.5409261230079053,0.0212469530350273,0.02656811226375115,0.4273902193279993,COMPLETE,9.578014823031912,241.5444327084405,299.31527368175625,1893.7411372033214,109.96215336191608,7161.466761710488,8049.74748758919,2.3135161569022773,79.37390339922727,41.49131463804846,13.458799900423285,73.4310563381499,1.0218705686016607,False
631,9.794356120263112,292.88079382301254,5958.721801146883,112.52297593925259,0.4812236474710556,0.5187763525289444,0.5409261230079053,0.012644460786217107,0.2519528693308796,0.21662604513978376,COMPLETE,9.582741341730992,241.5712080310263,299.3484529312957,1894.1658124717567,110.09182841502715,7169.179103390937,5829.978923228091,2.3149144021708135,57.34373276043336,47.68707794001949,17.10613482477027,28.28751893280585,1.0220829062358783,False
632,9.793452058771207,292.8845035566035,6696.006194029314,112.50246215547719,0.4812236474710556,0.5187763525289444,0.5409261230079053,0.01308309660893361,0.22370314242181621,0.2444369122477445,COMPLETE,9.582115243876698,241.56775257498597,299.3441710244067,1894.110681100305,110.0747265749028,7168.162235804749,6551.510401017018,2.3147300443778076,64.46213427808192,22.2334562341465,15.787034958440422,58.90849476060308,1.0220553405501525,False
633,9.800093679587595,292.8610947557192,6017.172013492331,112.65032947589843,0.49525257100033665,0.5047474289996634,0.5409261230079053,0.2636761737124521,0.11858726821156317,0.11298808183758345,COMPLETE,9.587204331098143,241.58395017634513,299.3642426502746,1894.4111424221767,110.20320437349272,7175.79958457818,5886.45981097844,2.316114693454454,57.7854364580245,33.6791012832284,10.603465688051413,23.296579282341934,1.0222055712110882,False
634,9.800186211811527,292.859954131929,6831.824639701949,112.65299934195937,0.49525257100033665,0.5047474289996634,0.5409261230079053,0.21685496324200668,0.1847193373832245,0.09367805018228297,COMPLETE,9.58717137287255,241.5861207930932,299.3669324193524,1894.4374739230623,110.20439683664182,7175.870450090325,6683.329499524766,2.3161275413508733,65.60308829447627,66.75030205267149,3.653075982437058,58.392561754259106,1.0222187369615312,False
635,9.799670872211065,292.8597110530648,5903.532140422096,112.64306237615132,0.4849571989073016,0.5150428010926984,0.5409261230079053,0.059143059411489195,0.363418317894254,0.06239532108832949,COMPLETE,9.586514010751998,241.58978160525058,299.3714687979412,1894.4701507179761,110.19291461564589,7175.1880709442175,5775.121870425836,2.31600382621325,56.692776063305196,38.78042498844066,16.420469949229627,40.22885106470456,1.0222350753589882,False
636,9.797626007904494,292.8712089158891,7629.127573862509,112.59431982075924,0.46042094130868616,0.5395790586913138,0.5409261230079053,0.21831081622451834,0.042396259044926,0.19971361507737362,COMPLETE,9.585494325316688,241.5745483490695,299.3525921623186,1894.2609792230614,110.15650248683185,7173.02389823836,7463.946777247613,2.3156114623409474,73.34076604468137,48.41999145963284,5.610927169997675,72.51441805303114,1.0221304896115306,False
637,9.795729617850256,292.8783962107816,6571.0128015740665,112.55172304585426,0.4849394133538195,0.5150605866461805,0.5409261230079053,0.21137093743130958,0.032686657813934615,0.24088141071568175,COMPLETE,9.584105412247272,241.56872008933894,299.3453699418071,1894.1614937441225,110.12018706966496,7170.865126364439,6429.054477039857,2.3152200776378797,63.21433627364785,43.35465084526673,14.948584771238977,31.554756974985466,1.0220807468720612,False
638,9.796558192904254,292.8718552121618,5842.526678726428,112.57287663705273,0.4812236474710556,0.5187763525289444,0.5409261230079053,0.017443764485487318,0.31393995193687785,0.14983955551350228,COMPLETE,9.584278670523886,241.57939053749143,299.35859247015634,1894.297443694584,110.13355907113389,7171.660066042182,5715.92621880644,2.3153641999666394,56.17620828495842,40.008343089754675,8.321093281596301,44.056392739651656,1.022148721847292,False
639,9.790318402483912,292.8973331490536,7184.651707049877,112.43139191239403,0.4849571989073016,0.5150428010926984,0.5409261230079053,0.01747718042424562,0.1300588977287839,0.3374207444996944,COMPLETE,9.579941156261915,241.55584197668855,299.329411735819,1893.9203629313492,110.0154330388364,7164.636072917745,7030.26579445179,2.3140907520879783,69.25098994721404,47.875908771486266,14.144374599096786,61.24613834185518,1.0219601814656747,False
640,9.796163416037421,292.8735481945233,5910.905101415107,112.56386229060841,0.4849571989073016,0.5150428010926984,0.5409261230079053,0.026623483687766333,0.2953702774811216,0.16296295156808968,COMPLETE,9.584014616113027,241.57770756976055,299.3565069824416,1894.2713848886917,110.12614384047389,7171.219250701936,5782.896679089356,2.315284280275664,56.84293152355857,45.04013295042372,5.023639017546978,50.545514364850035,1.0221356924443459,False
641,9.795869619803268,292.8766081698336,7204.034039438456,112.55580798856613,0.4014267242990057,0.5985732757009943,0.5409261230079053,0.03556171504344947,0.135516479465911,0.23034776420516576,COMPLETE,9.584047606934867,241.5721548221253,299.3496261690049,1894.203038539819,110.12194568399147,7170.969675278349,7048.256854744059,2.3152390323250893,69.29690332594303,45.14852442277146,11.817747310996722,55.288555245957895,1.0221015192699094,False
642,9.795375209084412,292.87643807354516,5756.043320703621,112.54623185537643,0.4812236474710556,0.5187763525289444,0.5409261230079053,0.0017049774819005578,0.2981904654492203,0.18132783645508718,COMPLETE,9.583424885114297,241.57551838490093,299.35379420426636,1894.2326885243986,110.11097952515024,7170.317728265552,5631.495233410579,2.315120834524246,55.37008966261098,29.73476501946164,3.9366905918945796,43.43119694176275,1.0221163442621992,False
643,9.791698668147081,292.8922084410897,6055.0403911547655,112.46229985586612,0.4812236474710556,0.5187763525289444,0.5409261230079053,0.04396876506697401,0.1291287217885045,0.3081257734220464,COMPLETE,9.580965912049862,241.5598307828762,299.33435455566513,1893.9898770190139,110.0419342779553,7166.212205454214,5924.726398337676,2.31437650445127,58.33367327462749,25.288174608825,14.095157278164955,29.46969011075621,1.0219949385095068,False
644,9.795279947932343,292.8782738206989,5740.444549182002,112.54298974321814,0.49525257100033665,0.5047474289996634,0.5409261230079053,0.10570373117875469,0.178285720792322,0.21126285355451804,COMPLETE,9.58354313043033,241.5717025756368,299.34906575748994,1894.1875858688825,110.11023696769172,7170.273581480205,5616.357900678695,2.3151128307251025,55.22694742638946,31.82440366598336,11.22149855742126,22.745446660564927,1.0220937929344411,False
645,9.788785295394282,292.9043834008964,6372.9496095661425,112.39605031357615,0.47520574203827937,0.5247942579617206,0.5409261230079053,0.05029433633013035,0.024722049567995886,0.4001889305115009,COMPLETE,9.578976043247419,241.54816355879493,299.3198968497688,1893.8061962363433,109.9869943838636,7162.944508838655,6236.35413308942,2.3137840720201055,61.46662866844273,29.29427678335218,7.8948996533136295,32.29193493928652,1.0219030981181716,False
646,9.788786479844232,292.90366875960916,7356.4559301021745,112.39660804118617,0.4849571989073016,0.5150428010926984,0.5409261230079053,0.021085535421594057,0.0803515107327349,0.3835196988165233,COMPLETE,9.57888634237828,241.54986540324944,299.3220057290046,1893.8255826331972,109.98649688725209,7162.914915268054,7198.712055090689,2.3137787067144977,70.94906130826648,70.32474815623972,14.660210785475147,58.30970715934177,1.0219127913165986,False
647,9.805074427435835,292.8426942188986,7631.8107026590615,112.76191098215418,0.26869780146896144,0.7313021985310386,0.5409261230079053,0.1175745467413315,0.10685370834315948,0.044269418565990454,COMPLETE,9.590911968246346,241.59811235799447,299.3817920395475,1894.6594567645996,110.29896505170092,7181.489245616319,7465.116674964917,2.317146227320014,73.15311856391453,46.43199916504393,8.385850098040496,37.31326279394833,1.0223297283822999,False
648,9.79549053037641,292.87604807546165,5994.158217348848,112.54878672403098,0.4812236474710556,0.5187763525289444,0.5409261230079053,0.006638175728674237,0.2951227378018443,0.1794623696424775,COMPLETE,9.583515352591967,241.5757602991235,299.3540939777735,1894.2374577564824,110.11322221592735,7170.451060620024,5864.444166801776,2.315145007640727,57.65826532044198,23.414752515144745,10.84871970553105,44.774791529850745,1.0221187288782412,False
649,9.7955372619487,292.8768831694858,5448.583147980654,112.54907951160949,0.49525257100033665,0.5047474289996634,0.5409261230079053,0.08556161994111657,0.21344144212341978,0.19624926232726778,COMPLETE,9.583678630321778,241.5734858394214,299.35127552933915,1894.2123822801454,110.11485938273259,7170.548392553984,5330.740773522976,2.3151626538916035,52.41251682002199,33.14108313497849,0.7672865537919917,22.197279846975068,1.0221061911400726,True
650,9.795785331209279,292.87802745977405,6261.018538462966,112.55309225842115,0.4812236474710556,0.5187763525289444,0.5409261230079053,0.19838648135489023,0.04576574141028374,0.23707063677724388,COMPLETE,9.58412612054145,241.5692679075563,299.34604878320215,1894.1687031255117,110.1211383251575,7170.921678221643,6125.735639030122,2.315230330472886,60.23035028043439,35.34632559889296,4.4361710755164,28.338855946790904,1.0220843515627558,False
651,9.795989241628675,292.87678805145634,7156.948083125454,112.55802115899459,0.48132420733896253,0.5186757926610375,0.5409261230079053,0.17433332398886892,0.08473547963937146,0.22225516732695405,COMPLETE,9.584215969471964,241.57100947537344,299.3482068865456,1894.192091002803,110.12470076016966,7171.133461812429,7002.226566305251,2.3152687267753373,68.84164621643279,42.09192655230028,6.527288676811315,66.3485404337876,1.0220960455014014,False
652,9.792611181250221,292.88747502736544,6059.262727542943,112.48374169128734,0.49525257100033665,0.5047474289996634,0.5409261230079053,0.0024160917571591097,0.23587966604172905,0.2569562915952831,COMPLETE,9.581471807164153,241.56568297975528,299.34160643843825,1894.0724302769847,110.05846957785648,7167.195530815884,5928.61841663984,2.3145547810488787,58.349546477598054,56.981672325128194,11.794202969468904,40.454104569680034,1.0220362151384923,False
653,9.797350213156507,292.86844131461424,5779.246986683781,112.59097556970724,0.49525257100033665,0.5047474289996634,0.5409261230079053,0.024404803797640585,0.3528410430493497,0.11800619875857868,COMPLETE,9.58480620313326,241.58280815841874,299.362827492805,1894.3501945722737,110.14842356132036,7172.543676089244,5653.871828835995,2.315524398207164,55.5490720355553,44.03735128395318,12.437751846465776,42.99322865075636,1.0221750972861368,False
654,9.798094720897392,292.86725334303395,5942.252178700768,112.6064789118386,0.4849571989073016,0.5150428010926984,0.5409261230079053,0.1250093571827733,0.22383490191050712,0.13611266351331638,COMPLETE,9.585559730810111,241.5811938338433,299.3608270658165,1894.344826187697,110.16387985957108,7173.462404158391,5813.35604696582,2.31569096333472,57.10553994280447,45.817077648093814,5.5885119624558985,30.738677244068775,1.0221724130938485,False
655,9.80120657209782,292.8547769105028,5869.69978634827,112.67690664960796,0.48132420733896253,0.5186757926610375,0.5409261230079053,0.1388890848803607,0.3002273131400935,0.042207450186388246,COMPLETE,9.5877515293508,241.59238295409264,299.374692318483,1894.52661129016,110.22297878383232,7176.974686841072,5741.866849700045,2.316327739147606,56.33694252347161,34.69560302849045,13.587411650453182,28.324753491034585,1.02226330564508,False
656,9.799006836828699,292.8622944458703,5308.356771328934,112.62809331719457,0.49525257100033665,0.5047474289996634,0.5409261230079053,0.06334586904893519,0.3533318260612433,0.07857431805982891,COMPLETE,9.586036230654798,241.5875826544589,299.3687439180893,1894.4335074580356,110.18024592761806,7174.4351408079665,5192.985491544918,2.3158673202019537,50.99051416781943,17.564908203255868,6.600866579361515,32.15989050701061,1.0222167537290179,False
657,9.807896546496817,292.83273299048744,8650.06842445857,112.82480862942725,0.08819349325311165,0.9118065067468883,0.5409261230079053,0.0038164186708810766,0.05965648872676463,0.024720503694330084,COMPLETE,9.593071594645162,241.6050259747192,299.3903592048467,1894.7875218551624,110.35357700839776,7184.732960121135,8460.603688162839,2.317734311801585,82.82597474733451,36.71405009652169,8.86554100493598,39.28447578204627,1.0223937609275813,False
658,9.795131861178278,292.87968538819734,6418.131029454008,112.53902796553754,0.47520574203827937,0.5247942579617206,0.5409261230079053,0.12926261711058143,0.10865750744579562,0.23728535810996015,COMPLETE,9.58354308898181,241.56921576795366,299.3459841732285,1894.1566903246323,110.10802498478259,7170.142073039932,6279.490275703616,2.3150889882837276,61.75400196149823,38.44758680245691,14.818396013548877,35.19658324255156,1.022078345162316,False
659,9.794706775597918,292.8807988676703,6199.5917841617065,112.52985333105575,0.47520574203827937,0.5247942579617206,0.5409261230079053,0.09144563937087824,0.14650432314637793,0.2372555271833332,COMPLETE,9.583168280743127,241.56909826383384,299.34583856532777,1894.1479244979694,110.0995206681947,7169.636456143142,6065.697799912684,2.314997320089692,59.658997841861826,37.50815138561079,7.144610058573903,35.224734563362865,1.0220739622489847,False
660,9.796933726872155,292.8724232805212,6331.250976199816,112.57982301713511,0.4812236474710556,0.5187763525289444,0.5409261230079053,0.1449114175940211,0.15392079807595482,0.18239120260670577,COMPLETE,9.584807597256559,241.57578783750057,299.3541281025794,1894.2629917112397,110.14221112802639,7172.1743890614825,6194.1648426555585,2.315457446578114,60.87426355667558,58.42210949488171,8.370702660589245,26.458730261931642,1.0221314958556198,False
661,9.810030492171238,292.8254317401763,9259.36051450746,112.87220669081341,0.006547228294166818,0.9934527717058332,0.5409261230079053,0.0026673552868083377,0.00269965851101769,0.0011802104764386723,COMPLETE,9.594733859681801,241.60970214925672,299.3961537928062,1894.8780832565121,110.39504762167729,7187.195612989087,9056.14920549369,2.3181807900391083,88.58753077580478,27.22171850876075,16.7241878737226,42.778439794965344,1.022439041628256,False
662,9.78791767617234,292.90735778293896,6074.36208393398,112.37681136133646,0.4812236474710556,0.5187763525289444,0.5409261230079053,0.024057139674646337,0.04501689842207611,0.41214909146419487,COMPLETE,9.57830031969314,241.54624607299814,299.31752075366256,1893.7692178116872,109.97015747371029,7161.942929498977,5944.273972809851,2.3136024859816757,58.60394660655668,34.74276693262534,4.34586012036948,27.206004913013615,1.0218846089058435,False
663,9.793962693127478,292.8836712297339,6402.774431665698,112.5131041816368,0.4812236474710556,0.5187763525289444,0.5409261230079053,0.08810285625026941,0.1381279480541388,0.25499206732370683,COMPLETE,9.582629922443012,241.56668635061814,299.34284978824786,1894.1074678652703,110.0853120008783,7168.791649466925,6264.616251661493,2.314844156888839,61.631677611693476,40.939356439881436,7.577143685260312,41.96531107234409,1.0220537339326352,False
664,9.78707901549783,292.91050833058733,6211.390367562106,112.35800999351477,0.49525257100033665,0.5047474289996634,0.5409261230079053,0.024937928728353972,0.043075256251867616,0.4272388491480558,COMPLETE,9.577682254113515,241.54373374110358,299.3144075404944,1893.7259779200508,109.95408504604342,7160.986757300247,6078.496270702188,2.3134291322444875,59.943689970305144,43.23018318511977,5.821185631037805,31.636293758749737,1.0218629889600255,False
665,9.793769118244148,292.88530954453967,7024.906681610841,112.5080806221432,0.47520574203827937,0.5247942579617206,0.5409261230079053,0.13098760928977482,0.06438661698206166,0.2798304072503817,COMPLETE,9.582603491963814,241.56392936143502,299.3394334024399,1894.0727045541269,110.08226896379848,7168.610712286016,6873.441111913074,2.314811353031387,67.6291579282074,48.28503747236291,2.503684946877726,51.279050873345994,1.0220363522770635,False
666,9.798552094162721,292.8646756018276,6110.571697468414,112.61738524616669,0.4849571989073016,0.5150428010926984,0.5409261230079053,0.08225513915125493,0.29612360812977206,0.1065780974030092,COMPLETE,9.585787048073456,241.5846152946044,299.36506684668257,1894.391773992523,110.17201955008314,7173.9462051127,5977.887188946165,2.3157786763048276,58.70946901221246,44.83719281832066,8.64522901847772,61.52058858332009,1.0221958869962615,False
667,9.793344047998199,292.8849460666409,6803.326203351213,112.50001195206472,0.4805351587347276,0.5194648412652725,0.5409261230079053,0.012246406195629061,0.22040174732087736,0.24788674157349816,COMPLETE,9.582040350930413,241.5673413957173,299.34366150227055,1894.1041133890171,110.07268290805953,7168.040715159642,6656.535896375312,2.3147080127207458,65.49809542151567,47.88349205384171,6.291560645650929,69.57498397774351,1.0220520566945086,False
668,9.792136496446147,292.8904946119061,6150.936942411576,112.47217083827637,0.4812236474710556,0.5187763525289444,0.5409261230079053,0.04871179695485582,0.1358584389835594,0.2966530838661319,COMPLETE,9.581279704463967,241.56130688868717,299.33618370573015,1894.0143276234683,110.05027637848836,7166.708304580752,6018.487110668289,2.31446644707637,59.24768030052576,38.36302729974638,11.396848476267632,32.084796643339985,1.022007163811734,False
669,9.795647713871539,292.8758049081886,5856.06880759255,112.5520534497842,0.49525257100033665,0.5047474289996634,0.5409261230079053,0.04796976088803595,0.2675666695360596,0.1797157181495239,COMPLETE,9.583675427643977,241.5754010970713,299.35364886438657,1894.2361154293958,110.11649055631952,7170.6453674810755,5729.346784740148,2.3151802354172397,56.327583950477994,45.73602650561825,8.221305563575909,38.438923434264986,1.022118057714698,False
670,9.798560481881257,292.86382314930887,5409.822606508267,112.61818718854458,0.4812236474710556,0.5187763525289444,0.5409261230079053,0.027741210787354892,0.36368332551688903,0.08979805904720692,COMPLETE,9.585688574335617,241.58660069728302,299.36752710353664,1894.4145260707874,110.17157797737659,7173.919959684937,5292.295214616327,2.315773918016527,51.97396715887768,46.89774897291389,6.025878934131031,24.506574814812645,1.0222072630353938,False
671,9.794570737244538,292.88071568027425,5734.056206434924,112.52724595149516,0.49525257100033665,0.5047474289996634,0.5409261230079053,0.07777427152293605,0.19401517509110008,0.2234629002227214,COMPLETE,9.58299228868872,241.57011087016446,299.3470933594771,1894.1570737368856,110.09647682874602,7169.455482636886,5610.1913890135675,2.3149645096464653,55.179481443306,26.359956296923492,2.0529466550376045,34.42899374182245,1.0220785368684429,False
672,9.801448642246006,292.85456758312785,6294.705357501562,112.68181689425931,0.49525257100033665,0.5047474289996634,0.5409261230079053,0.2046842902221023,0.24266660793512415,0.04790126526381139,COMPLETE,9.588019056469609,241.59143598324454,299.3735188580336,1894.520058735675,110.22813536389701,7177.281101789286,6157.636194965178,2.316383292087206,60.41278013037443,48.84763543415814,11.241862440516641,56.4029149647817,1.0222600293678374,False
673,9.800595118873941,292.8577502361769,6050.072451708077,112.66267647179717,0.4812236474710556,0.5187763525289444,0.5409261230079053,0.1673142937525269,0.24160933745203186,0.07229641426849608,COMPLETE,9.587387406664204,241.58893884285033,299.3704244697584,1894.4767074002948,110.21174862398526,7176.307342696455,5918.45573961192,2.316206749851312,58.084893727775594,25.059066680749027,13.848060807072375,59.69325929204712,1.0222383537001474,False
674,9.800419501756288,292.85880682222853,6293.863357708833,112.65843801186134,0.4849394133538195,0.5150605866461805,0.5409261230079053,0.19255456234039958,0.2079990030348086,0.08438559122566248,COMPLETE,9.587308656231615,241.58746579497173,299.3685991089998,1894.4568654595582,110.20867196093931,7176.1245084321,6157.002834387589,2.3161736020531913,60.430901453172716,42.082623504327785,6.7558776888566925,59.517082250766364,1.022228432729779,False
675,9.789458821115497,292.90108754376627,7611.217638793598,112.41172452536114,0.47520574203827937,0.5247942579617206,0.5409261230079053,0.019121003870366835,0.08640624319500209,0.3696780833295526,COMPLETE,9.579374724868204,241.5520118075752,299.324665494709,1893.8617555490155,109.99934239208412,7163.679008824358,7447.879112302385,2.313917236650552,73.38820307740126,64.43048259559586,5.740395810483427,67.3456569139165,1.0219308777745078,False
676,9.806094115858148,292.83992277504666,8718.186446442045,112.78401611049884,0.10256982024100358,0.8974301797589964,0.5409261230079053,0.004612512142432242,0.0189352338433632,0.07902197495550611,COMPLETE,9.591797861675992,241.5986349020211,299.38243956185465,1894.6832298329334,110.31930468732232,7182.697423630168,8527.664646767204,2.317365269637045,83.54224290786934,39.518763558338016,8.9076773396584,41.35267481730226,1.0223416149164668,False
677,9.809895408223065,292.8258503249453,9180.728888250831,112.86923862437688,0.01827483392404744,0.9817251660759525,0.5409261230079053,0.007901816849184954,0.010169549461404716,0.0002034508746944851,COMPLETE,9.594623079201062,241.60951017205812,299.3959158998973,1894.8735353635025,110.39239021137112,7187.037821293415,8979.263244872343,2.3181521824512927,87.83936613481931,37.00763815424608,16.01389856784806,30.279662323090633,1.0224367676817512,False
678,9.801143855387775,292.85327572000693,5164.693409959185,112.67679720188053,0.4812236474710556,0.5187763525289444,0.5409261230079053,0.02995721276519682,0.4447988866434241,0.006467015993697964,COMPLETE,9.587483951933237,241.5963411580714,299.3795972169065,1894.5705890149532,110.22050087902979,7176.827441985564,5052.105745536979,2.3163010436987967,49.56600124244314,35.815114357582694,4.305553351723999,48.63706173560772,1.0222852945074765,False
679,9.800759037018121,292.85442893961596,5669.433188010205,112.6683781759651,0.4812236474710556,0.5187763525289444,0.5409261230079053,0.0038324093533309623,0.4673341302732389,0.010056280471791473,COMPLETE,9.587163259505926,241.59588795484427,299.3790356198271,1894.5587024504687,110.21290613072489,7176.376128230929,5545.874697767503,2.3162192206483936,54.41729237000752,46.82519472959528,15.593209832630878,69.52628744854705,1.0222793512252344,False
680,9.809084596277128,292.82881927595423,9063.133882774697,112.85108272679389,0.03285431971417618,0.9671456802858238,0.5409261230079053,0.0005101416678130604,0.014923025068668603,0.01742113373527846,COMPLETE,9.594016336571801,241.60726872702395,299.39313836233896,1894.833832288882,110.37677579940487,7186.110631422419,8864.420902729187,2.317984083201561,86.74295063182971,50.299013779761275,16.490353001976576,21.524599296592953,1.022416916144441,False
681,9.806775072668852,292.83600104832027,7801.280617473437,112.80032836813653,0.2266444173740138,0.7733555826259861,0.5409261230079053,0.08659226768676186,0.13804492304753962,0.002007061510279618,COMPLETE,9.592125393344137,241.60392625568787,299.3889964630142,1894.7553947686415,110.3313664379886,7183.41384251271,7630.526993529345,2.317495156168828,74.72507572659545,39.337134859829646,16.889731662104563,57.27274158213571,1.0223776973843208,False
682,9.799435687561084,292.86193615285447,6110.147687232863,112.63678113619848,0.49525257100033665,0.5047474289996634,0.5409261230079053,0.14914315299048098,0.2515530363557477,0.09455600708133169,COMPLETE,9.586511810347691,241.58587460094958,299.3666273447621,1894.421554247409,110.18938917190417,7174.978549708912,5977.385314235866,2.3159658400751795,58.68719890824763,45.51266308433716,11.377786345044719,42.679637249230275,1.0222107771237046,False
683,9.792421060557096,292.89089188748085,6048.5216437001645,112.47745642467186,0.4879260397312673,0.5120739602687328,0.5409261230079053,0.14944268571426086,0.019693522328505124,0.3187894926337905,COMPLETE,9.581676359865538,241.55865414992,299.3328965041946,1893.989108539357,110.05680603166101,7167.096605891029,5918.350169705614,2.314536845989224,58.260294535361425,38.71519673484817,5.640682729300385,20.750022887308333,1.0219945542696784,False
684,9.790318402483912,292.8973331490536,6791.973866866554,112.43139191239403,0.4849571989073016,0.5150428010926984,0.5409261230079053,0.01747718042424562,0.1300588977287839,0.3374207444996944,COMPLETE,9.579941156261915,241.55584197668855,299.329411735819,1893.9203629313492,110.0154330388364,7164.636072917745,6646.0259313877,2.3140907520879783,65.46607033359578,33.549418413337854,-1.8962676613478897,56.92388875321059,1.0219601814656747,False
685,9.803927457105765,292.84696235635226,7922.522725722314,112.73618834552278,0.200381530437663,0.799618469562337,0.5409261230079053,0.0042237956970337005,0.1069953886034678,0.08916218681664467,COMPLETE,9.590062180104638,241.59477786369956,299.3776600251547,1894.601436984383,110.27693349545844,7180.180444705279,7749.6988727616035,2.3169089421014464,75.9765748852986,59.58923825194867,9.212280062138774,39.20943762898553,1.0223007184921915,False
686,9.791100335121794,292.89465552463344,5843.882278944497,112.44873236875208,0.4849394133538195,0.5150605866461805,0.5409261230079053,0.04826043779820767,0.1116638957131074,0.32501467142623736,COMPLETE,9.58055046191507,241.55756250115678,299.33154376281834,1893.953606641645,110.030611265696,7165.538804182023,5718.214209907037,2.3142544169995363,56.31243833032221,29.958495639203484,4.276373757663942,25.79737103685789,1.0219768033208225,False
687,9.790731786426491,292.89655959848517,7220.081703655604,112.44007897354989,0.47520574203827937,0.5247942579617206,0.5409261230079053,0.05937212694389464,0.06957899347345547,0.3462542391677414,COMPLETE,9.580345154536758,241.55521669671904,299.32863690593325,1893.920470191015,110.02392765609102,7165.1413012395815,7064.9340901026835,2.314182349833489,69.58559849471153,48.980053304840496,17.651941468728673,53.860383846758836,1.0219602350955075,False
688,9.79896867040674,292.8654259057615,6439.8965067754425,112.62500252589884,0.43089281050675865,0.5691071894932413,0.5409261230079053,0.16617821084858703,0.10671077742622363,0.15800364658931498,COMPLETE,9.586389076136077,241.58033272216144,299.35975999970435,1894.3502955246934,110.18170689479909,7174.521971700089,6300.188887269546,2.315883062617047,61.873949375185035,33.073010364092774,14.000390731253264,26.090840304965436,1.0221751477623466,False
689,9.78932387294254,292.9016784055168,7107.487470504679,112.40863593624266,0.49525257100033665,0.5047474289996634,0.5409261230079053,0.0460098810875558,0.0794728158682663,0.3697688835284267,COMPLETE,9.579285982033086,241.55140699086934,299.32391602234145,1893.8525149585055,109.99681739611705,7163.52881705981,6954.990556790714,2.3138900069280037,68.53445719963703,39.89454922779973,7.923150920440412,56.96425171033843,1.0219262574792527,False
690,9.793769757166638,292.8835634156773,6417.1530055250005,112.50939897028827,0.4812236474710556,0.5187763525289444,0.5409261230079053,0.034566230199345176,0.2044227358551409,0.24223437702274153,COMPLETE,9.582381612649716,241.56809832160752,299.344599464191,1894.1201682550127,110.08100278794593,7168.535425502257,6278.645556345231,2.3147977035597305,61.77126176038849,34.48820361774471,15.64441827234143,45.875636442118974,1.0220600841275063,False
691,9.800662214326783,292.856464928323,5718.5780784939625,112.66495495820219,0.4849394133538195,0.5150605866461805,0.5409261230079053,0.1095597228732297,0.32782103517095773,0.047558250648954595,COMPLETE,9.587305102642494,241.59160644157149,299.37373008534365,1894.5082553230693,110.21227687867574,7176.338734592961,5594.086561993679,2.3162124411928757,54.89694674953174,22.65606855758431,14.967242172954641,33.35808679611501,1.0222541276615347,False
692,9.7995853869217,292.8618461585825,6825.63992039115,112.63978761616765,0.4812236474710556,0.5187763525289444,0.5409261230079053,0.16408395986993846,0.21299848732234442,0.10414094548983444,COMPLETE,9.586682295991713,241.58519457766175,299.36578467844924,1894.4164277810698,110.1926066387781,7175.169767649823,6677.34794892001,2.316000507831383,65.55789239034887,60.73304637767602,11.545393112258171,66.34718399511529,1.0222082138905348,False
693,9.787694388834737,292.90843521642984,6662.169672826367,112.37162701538243,0.4879260397312673,0.5120739602687328,0.5409261230079053,0.041708830709910924,0.025908271610541104,0.4203079168518994,COMPLETE,9.578166200200574,241.54500649110852,299.31598469759047,1893.7512117151978,109.96605298261883,7161.698753804336,6519.550554526848,2.313558217000364,64.2809600754217,24.383694796607273,12.234073940192363,40.992011195386425,1.0218756058575988,False
694,9.790451277612464,292.8975623139377,6946.16115107676,112.4338268466298,0.4812236474710556,0.5187763525289444,0.5409261230079053,0.05815336467817698,0.07291529858741433,0.35015461179177637,COMPLETE,9.580131947356902,241.5544986695447,299.3277471462406,1893.9073973952077,110.01851354901645,7164.819292432518,6796.943109975601,2.3141239697318854,66.95213100677151,51.66270204546056,12.36514966419792,47.876272274649274,1.0219536986976039,False
695,9.803187461605962,292.84706103563565,6125.0996367426105,112.72157954538858,0.35798611442369876,0.6420138855763012,0.5409261230079053,0.013249818857552697,0.3311196311933323,0.013616161857105723,COMPLETE,9.589175411220047,241.59896386204667,299.38284720014707,1894.6361738540113,110.26077009379664,7179.220164821538,5991.383420745395,2.3167348436421786,58.7433521601542,25.258505497229716,1.1232235841644527,59.49557222248458,1.0223180869270057,False
696,9.806498977590167,292.8380760880407,8660.206671761975,112.79335168431358,0.11098608096647472,0.8890139190335253,0.5409261230079053,0.0039406892578512185,0.04794390696267133,0.059101399909477596,COMPLETE,9.59205443016448,241.6006235964505,299.3849038977565,1894.7129546619994,110.32683235770749,7183.144541081147,8470.82878016347,2.317446331898834,82.97082784429394,38.34944143611861,10.841606399123012,53.08772403820831,1.0223564773309997,False
697,9.79334283168894,292.8851393846241,6598.57976696975,112.49984354104515,0.47520574203827937,0.5247942579617206,0.5409261230079053,0.016872729864974036,0.20527997462395783,0.2530526743075833,COMPLETE,9.582063520729111,241.56688672010307,299.34309808064916,1894.0989167944385,110.07279796172263,7168.047556516934,6456.22353473741,2.3147092530568014,63.527839037406,58.85997763896763,8.908884590680298,55.00359720597673,1.0220494583972193,False
698,9.798104514670612,292.8663658546318,6221.4111867557785,112.60733472935169,0.47520574203827937,0.5247942579617206,0.5409261230079053,0.0614109941840351,0.29370322243199926,0.12009100571603953,COMPLETE,9.585458490287975,241.58325478163934,299.3633809361198,1894.368461789927,110.1634434633759,7173.4364654694,6086.389320747671,2.315686260658068,59.78500734302204,60.80724081271312,11.391465543348266,49.26968423684591,1.0221842308949636,False
699,9.800400805708879,292.8586821109274,5867.054501800561,112.65816415649957,0.4849571989073016,0.5150428010926984,0.5409261230079053,0.18014586387156706,0.22414047840806758,0.08067058851067127,COMPLETE,9.587270031958251,241.5878753282721,299.3691065914969,1894.461201789493,110.20817030706299,7176.094696833711,5739.4627950534805,2.3161681972192096,56.33257421294541,30.095121983165015,6.803631722365701,43.03437959720731,1.0222306008947466,False
700,9.796116868748626,292.87490340425114,6335.499936844402,112.5619354366261,0.4812236474710556,0.5187763525289444,0.5409261230079053,0.09219982739269754,0.1993022451975571,0.18972133647531705,COMPLETE,9.584130812671548,241.5747486856049,299.35284041388974,1894.2368870418181,110.12611713460728,7171.217663084499,6198.400955392603,2.3152839924410915,60.931832981668734,24.85916691958139,4.360136610752065,60.83021653975021,1.022118443520909,False
701,9.809753907153874,292.8264810404856,9229.640696488616,112.86598577562273,0.009855268877182077,0.990144731122818,0.5409261230079053,0.0004254080604846456,0.0011383545951540626,0.008291497063216554,COMPLETE,9.594531548776247,241.6088504037551,299.3950983330092,1894.863546965996,110.38974795465859,7186.880927552388,9027.145806557914,2.318123737662389,88.31346285863074,58.33366065903208,0.7144379532387082,18.891580095841025,1.022431773482998,False
702,9.809062359782635,292.8285677341816,8934.996499268786,112.85083390564337,0.05205429099228692,0.947945709007713,0.5409261230079053,0.0018754030364987319,0.04410815344286308,0.006070663385953885,COMPLETE,9.59395724094867,241.60800169563052,299.3940466370469,1894.841792272298,110.37610276953473,7186.070665209326,8739.05896586739,2.317976837338933,85.51486788362044,30.979931133349034,18.379919904116257,43.11324617651873,1.022420896136149,False
703,9.800773989664632,292.857484351559,5741.544320896396,112.6663876408672,0.4812236474710556,0.5187763525289444,0.5409261230079053,0.1962997063064816,0.20842558983124457,0.0764980907740112,COMPLETE,9.58757091813449,241.58850451630488,299.3698862641481,1894.4748880296418,110.21547713843448,7176.5289106515775,5616.644503205218,2.3162469200561278,55.12019288982359,16.049459493068895,9.660201695675795,48.602523358632965,1.022237444014821,False
704,9.80854308524549,292.8300509604349,8553.801790998474,112.8395197392321,0.0892723310271668,0.9107276689728332,0.5409261230079053,0.0046353694155359774,0.08342394514290441,0.0012129166769453746,COMPLETE,9.59351532554202,241.60756400395655,299.3935042614612,1894.8277304839391,110.36579566781103,7185.458588646167,8366.281093981534,2.3178658680388318,81.88072587819936,21.572729936867226,7.797723415495037,37.96934649681336,1.0224138652419696,False
705,9.802778193790743,292.85111784632136,7519.74499930888,112.71050761527503,0.4879260397312673,0.5120739602687328,0.5409261230079053,0.3215883065803238,0.11734546754400665,0.04899177293711816,COMPLETE,9.589195196482576,241.59172573831307,299.3738779146124,1894.5465949815084,110.25477031624649,7178.86369605316,7355.904744618345,2.3166702159597676,72.1392489419177,67.70238177747353,14.937394076339935,61.20488203713796,1.0222732974907542,False
706,9.789816829747464,292.8997602413059,6210.383098307229,112.41973887729539,0.4849394133538195,0.5150605866461805,0.5409261230079053,0.03922400881465364,0.08593585413650423,0.3597780708828638,COMPLETE,9.579640784982564,241.55304195587664,299.3259420263902,1893.8797340072254,110.00621710445316,7164.0879218268765,6077.05335590482,2.3139913724571204,59.87332745614638,38.100263239490296,18.60261559471124,29.949782338308246,1.0219398670036126,False
707,9.798147083765942,292.86797723593776,6939.911366820198,112.6069655244841,0.3611334659278296,0.6388665340721704,0.5409261230079053,0.029817622796994892,0.14839103024221173,0.18292455031152693,COMPLETE,9.58571567843527,241.57915176434713,299.3582965889876,1894.3224924370697,110.16555943699815,7173.562235076007,6789.448722003756,2.3157090626505954,66.69861320742397,24.755932503569703,10.861314273455367,40.36438321717134,1.0221612462185348,False
708,9.790962212189495,292.8962962131695,6466.133212835593,112.44479586405053,0.4278482340531429,0.5721517659468571,0.5409261230079053,0.041088697458061256,0.022456039165429875,0.3643026128584488,COMPLETE,9.58059174941918,241.55446696740137,299.32770786180913,1893.9159643313408,110.02878574886655,7165.430234031039,6327.200653722536,2.314234733263233,62.317360777100966,47.61371510295362,5.0827873945544155,25.071090544397496,1.0219579821656704,False
709,9.804222432046071,292.8453083258274,6053.135215331074,112.74321948199527,0.4812236474710556,0.5187763525289444,0.5409261230079053,0.3223093646148221,0.15419526384563734,0.0047186307888993344,COMPLETE,9.59020979458137,241.59696346755493,299.38036836584706,1894.6314819068134,110.28219068294057,7180.492763395138,5921.003632093104,2.3169655653876626,58.03457443554863,32.99593031152203,6.796005719797824,26.381468860759384,1.0223157409534067,False
710,9.801887765082862,292.8529321664085,6503.421012761797,112.69166338927039,0.3340425682853231,0.6659574317146769,0.5409261230079053,0.016810688499559037,0.2430464474840632,0.07418507039558384,COMPLETE,9.588344274744012,241.59271587814985,299.37510486889533,1894.542307664386,110.23656782921302,7177.782161750209,6361.7377721971225,2.3164741341101145,62.40860581187415,65.56806453505827,-0.2102500095131532,26.721098658090177,1.022271153832193,False
711,9.78904850396677,292.90269226205487,7660.95533763627,112.40247708541412,0.4812236474710556,0.5187763525289444,0.5409261230079053,0.02210591183682616,0.08039677995830129,0.3787204797724746,COMPLETE,9.579080431987602,241.5506314900327,299.32295504285395,1893.838878579204,109.99152454086975,7163.213982086939,7496.633338300975,2.3138329274404206,73.87891982603892,40.18388043559268,11.9713955810807,68.13245363716482,1.021919439289602,False
712,9.798949646532067,292.863621941889,6385.197813868405,112.62597803387268,0.47520574203827937,0.5247942579617206,0.5409261230079053,0.10552499491729692,0.2613725995161398,0.10830778763277388,COMPLETE,9.586135947393993,241.58475470310339,299.36523959789264,1894.4003090099986,110.17996577041397,7174.4184899249385,6246.524015602834,2.3158643014017795,61.34051013543667,40.183563849396734,17.254689905498935,53.688938383000064,1.0222001545049992,False
713,9.795165176004195,292.87848917065475,5497.566896165209,112.54057630835004,0.49525257100033665,0.5047474289996634,0.5409261230079053,0.09038553502320511,0.19538040984373867,0.2094863924192111,COMPLETE,9.58343106117689,241.57187461100057,299.349278939021,1894.1875385706178,110.10787824980399,7170.133349198163,5378.730466197187,2.3150874066537916,52.89186984714342,28.26260486497206,6.0876333289218785,19.493827460825887,1.022093769285309,True
714,9.792304719388374,292.88891624689074,5858.965218490432,112.4766514280894,0.4879260397312673,0.5120739602687328,0.5409261230079053,0.0044396751975057285,0.21175230813739965,0.27173371493340887,COMPLETE,9.581282975342722,241.5640725209422,299.33961080179705,1894.0487447429982,110.05280741700834,7166.858820121008,5732.705967564477,2.314493735499358,56.42830581601238,27.493345824537673,-0.22820509901542518,39.235852291769284,1.022024372371499,False
715,9.80117379690355,292.85337527290426,5035.543324357513,112.67731079595171,0.4812236474710556,0.5187763525289444,0.5409261230079053,0.043702674282889334,0.42726224563366433,0.010258216463107357,COMPLETE,9.587533029433667,241.59592463094762,299.37908106785414,1894.5663690156805,110.22123077393489,7176.87081479192,4925.781232312634,2.316308907175777,48.326627453739974,25.365513426183064,1.633881622588627,24.644991608200595,1.0222831845078402,False
716,9.806556721506462,292.8379395614388,8536.060260758055,112.79458831118234,0.10394312757301366,0.8960568724269864,0.5409261230079053,0.001798217014604062,0.04117628128518484,0.06096856149834172,COMPLETE,9.59210719900318,241.60060446243557,299.38488018740696,1894.7137460110052,110.32799924315201,7183.2138486889025,8349.393921189114,2.317458897347648,81.78011138966062,43.477247917212054,3.2341120982100553,28.883610615846077,1.0223568730055026,False
717,9.801015579500568,292.853649945953,5485.4303638723395,112.6739983757911,0.4849394133538195,0.5150605866461805,0.5409261230079053,0.02517995552691679,0.45317018780376755,0.006588727940642207,COMPLETE,9.587375753603801,241.59621440768387,299.379440151283,1894.5669036840372,110.2179617333799,7176.676556333757,5365.860470487246,2.3162736881746935,52.64637708003853,49.592534343560764,11.474833545088126,41.18376928817583,1.0222834518420185,False
718,9.807824154164956,292.83337045291495,8794.080836473777,112.82290927637835,0.09071771754489866,0.9092822824551013,0.5409261230079053,0.028670553942548655,0.02778992529772834,0.03425718913050465,COMPLETE,9.593064900066883,241.60393722842682,299.3890100601331,1894.7738561836638,110.3524567620885,7184.666430185926,8601.519243684896,2.317722249943984,84.2094223393778,37.49004747189998,2.324915498415819,61.88668169100282,1.0223869280918318,False
719,9.793112627210425,292.88821790574394,6953.87917083754,112.49302449668473,0.47520574203827937,0.5247942579617206,0.5409261230079053,0.14362684701445458,0.02734468102852498,0.30423387318258066,COMPLETE,9.582176201805051,241.56090679421814,299.3356879195754,1894.0268308498935,110.0700076915437,7167.881639606808,6804.097740680009,2.3146791723700053,66.96360624945939,43.844408969831385,7.996604932042091,44.81578010877585,1.0220134154249467,False
720,9.793879579789271,292.8827538597016,6037.087787954389,112.51215926102178,0.4812236474710556,0.5187763525289444,0.5409261230079053,0.013149811478377616,0.23666056641245373,0.23141298648669056,COMPLETE,9.58241190812586,241.56937568589532,299.3461823391806,1894.1366273315987,110.082817123525,7168.643305718414,5906.736083326446,2.314817262211053,58.108914738317615,63.55786682457179,0.11120529252258304,47.447895322880896,1.0220683136657993,False
721,9.802623994545652,292.8529726163587,8256.46680438137,112.70609185954258,0.17090867584893799,0.829091324151062,0.5409261230079053,0.007598624099197352,0.009501649379311146,0.15380823878471184,COMPLETE,9.589244279141848,241.58821897900066,299.36953243410784,1894.5039690704175,110.25274938525759,7178.743623009663,8076.7432387381195,2.31664844675245,79.22707947303287,15.350881977257856,1.1672525351696703,33.87881481095977,1.0222519845352087,False
722,9.792949089749499,292.88689269264074,6352.869589316222,112.49080695859597,0.4812236474710556,0.5187763525289444,0.5409261230079053,0.03260517023653906,0.182098386538839,0.2665193887606822,COMPLETE,9.581808378103158,241.56505272895475,299.34082544883427,1894.0711613746837,110.06545083581472,7167.610672398778,6215.898653003622,2.31463004609523,61.1721981401357,37.07606996958095,14.62657487959946,41.33492685825411,1.0220355806873418,False
723,9.799006836828699,292.8622944458703,5683.42669744558,112.62809331719457,0.49525257100033665,0.5047474289996634,0.5409261230079053,0.06334586904893519,0.3533318260612433,0.07857431805982891,COMPLETE,9.586036230654798,241.5875826544589,299.3687439180893,1894.4335074580356,110.18024592761806,7174.4351408079665,5559.903686485865,2.3158673202019537,54.59332558487985,40.929585109771764,6.037562843209033,62.01718585768624,1.0222167537290179,False
724,9.794323756662887,292.88112983720544,5947.92452535615,112.52208962183347,0.49525257100033665,0.5047474289996634,0.5409261230079053,0.04205599764721517,0.2345807653856423,0.21861543761797786,COMPLETE,9.58274483809815,241.57059881211435,299.34769800383447,1894.1583120785106,110.09136519120229,7169.151561328716,5819.4362835902575,2.314909408803068,57.2410250499996,20.71131742656921,6.996936435314014,44.42061453075499,1.0220791560392553,False
725,9.806243559648184,292.83927141753554,8302.192179789112,112.78743938364545,0.13403182041143813,0.8659681795885619,0.5409261230079053,0.041200915506465666,0.027025818161603005,0.06580502073201383,COMPLETE,9.591896430726436,241.59929667922526,299.38325961811825,1894.6933785137865,110.32210557225606,7182.863788194843,8120.720952129922,2.317395431483478,79.54974270588184,21.693549114602654,4.642572160474931,21.16013511461548,1.0223466892568933,False
726,9.799224219616283,292.86306092899815,5988.087185400017,112.63178824202987,0.4812236474710556,0.5187763525289444,0.5409261230079053,0.14759858975098555,0.22351257487998083,0.11011221547419212,COMPLETE,9.58639816946352,241.58445289869823,299.36486561010446,1894.4016712826929,110.18557637097094,7174.751946823153,5858.033936787959,2.3159247570389265,57.52106755063721,42.037145193097174,7.665007162593906,30.292705535927418,1.0222008356413463,False
727,9.78823509018336,292.9064271885317,6526.089413286674,112.3837318015383,0.4849394133538195,0.5150605866461805,0.5409261230079053,0.05002813498325191,0.02530385872706506,0.4096069839980979,COMPLETE,9.57856762861088,241.54657075221778,299.31792308729695,1893.7784582626343,109.97643247211144,7162.316219834057,6386.298267214679,2.313670163409161,62.95584642604339,39.82468941656998,4.738535855106067,36.24203524313322,1.021889229131317,False
728,9.79117925914518,292.89386265409,7500.776625864858,112.45087350375375,0.4812236474710556,0.5187763525289444,0.5409261230079053,0.0161053222020039,0.15121411977340685,0.3139038587748891,COMPLETE,9.58054531892035,241.55898541372687,299.33330699727,1893.971179763401,110.03176034680729,7165.607143780922,7339.415252159384,2.31426680694863,72.2742348723544,51.78445071065045,7.237137306707384,76.93213962401929,1.0219855898817005,False
729,9.805631920735294,292.84095620505025,8228.981201746545,112.77416289928573,0.14723287977095884,0.8527671202290412,0.5409261230079053,0.0038191980805212427,0.0779827527313749,0.06543084673809077,COMPLETE,9.591367908409644,241.5989297780257,299.3828049641578,1894.6785097541265,110.30992144857713,7182.140071050973,8049.168769065884,2.3172642217790713,78.8644420857498,56.228273036867606,4.976467312174098,35.15308840877379,1.0223392548770633,False
730,9.799383889253344,292.863110116987,6978.582994067986,112.6348863066153,0.3818028970798804,0.6181971029201196,0.5409261230079053,0.06847327687074375,0.17039875853245218,0.14292964552582932,COMPLETE,9.58659852313685,241.58338083742368,299.36353714101,1894.3922556270495,110.18911463452818,7174.962233495202,6827.04894313693,2.315962881950453,67.03671789869516,58.99900341565926,6.953665831833353,46.914932358967064,1.0221961278135248,False
731,9.792352639689845,292.8896078547025,6167.3941554900675,112.47707443055444,0.4849394133538195,0.5150605866461805,0.5409261230079053,0.0532287415493362,0.14243543591516372,0.2892740899631926,COMPLETE,9.581429423924787,241.56213282756153,299.3372071866585,1894.0275049646318,110.05436488243406,7166.951438477465,6034.551042498602,2.3145105271800257,59.40113513043148,15.363495676600499,5.056511697670777,41.17379252974704,1.0220137524823159,False
732,9.801087030651999,292.8534139663496,4894.898027503411,112.67557792775155,0.4812236474710556,0.5187763525289444,0.5409261230079053,0.024111387366589472,0.4508026206048636,0.0063091204216017905,COMPLETE,9.58743251231012,241.5963507223336,299.3796090686794,1894.5697047812437,110.2193558520003,7176.759400352272,4788.193834679884,2.3162887077707794,46.97757859703529,25.259182765309454,-0.242172201372564,32.9148063195319,1.0222848523906218,True
733,9.794634103053605,292.8820954838663,6348.05005153778,112.52745752626622,0.4812236474710556,0.5187763525289444,0.5409261230079053,0.15859424017070237,0.06370405990749285,0.25892502202542245,COMPLETE,9.583245269592611,241.56643468367255,299.3425379294323,1894.116335857901,110.0988779868434,7169.598245297461,6211.0457611245,2.3149903924746575,61.09314166850142,28.61638085799884,8.875452448662951,37.49476664117391,1.0220581679289504,False
734,9.797645001122348,292.86989506084456,6202.764014690303,112.59567530719178,0.47520574203827937,0.5247942579617206,0.5409261230079053,0.16137339684596605,0.14429046818816924,0.1695416966084198,COMPLETE,9.585349878141024,241.57757333709313,299.3563406449809,1894.2957483410084,110.1559550750577,7172.9913598917,6068.362681597303,2.31560556314831,59.6232627311314,46.136597129016735,12.999218399663592,20.466426909317228,1.0221478741705041,False
735,9.796356839582883,292.8753749511719,6678.322078170899,112.56629266662672,0.47520574203827937,0.5247942579617206,0.5409261230079053,0.1726827319616081,0.08832555038478489,0.2141959390297394,COMPLETE,9.584482665812594,241.57218677627648,299.34966576571765,1894.2119165233687,110.13172534290909,7171.551057221582,6533.884304450052,2.315344436699664,64.228910216791,32.08249687994635,0.41428635634531163,55.471487609009,1.0221059582616843,False
736,9.802195728099223,292.8539272206093,8209.841618159291,112.69696718612137,0.21260675223461672,0.7873932477653833,0.5409261230079053,0.008224861078294838,0.06347265063884097,0.14090906344992443,COMPLETE,9.588845454518413,241.58849957070925,299.36988013570084,1894.4996792560203,110.24405465021255,7178.227015549483,8031.1498225784,2.316554785972519,78.78860824645957,33.62979480950536,4.664389202470776,57.30337029651546,1.0222498396280102,False
737,9.79211159955544,292.8898759206187,5838.893154766465,112.47214503566148,0.4879260397312673,0.5120739602687328,0.5409261230079053,0.014418134931136629,0.19248818141177704,0.28101941298992905,COMPLETE,9.581170543742228,241.56293460234974,299.33820072411027,1894.032418554742,110.04927711976924,7166.648880300774,5713.112083510814,2.3144556734719637,56.23984235974179,38.27628332919001,14.237431513603845,25.687784646357137,1.022016209277371,False
738,9.79925321343057,292.86147014283347,5657.737165061777,112.63354684275518,0.4849571989073016,0.5150428010926984,0.5409261230079053,0.06202902723810284,0.3459867200797348,0.07694090535538103,COMPLETE,9.586230611261527,241.5880780990982,299.36935785957473,1894.443454535465,110.18504482761308,7174.720355765001,5534.7455587587465,2.3159190295894154,54.34189191404645,39.66734057502329,8.020756939040046,41.31834893038748,1.0222217272677325,False
739,9.78875202712477,292.904402221879,7720.614449734444,112.39538380914787,0.49525257100033665,0.5047474289996634,0.5409261230079053,0.06814223082856691,0.032962221527226804,0.3941466516558374,COMPLETE,9.57893798816543,241.54831776785514,299.32008794143064,1893.8073697143795,109.98627901498861,7162.901955122638,7555.129278952931,2.3137763570439622,74.464713148261,25.09292627363105,5.630902227180528,70.03719601347045,1.0219036848571899,False
740,9.79242145661891,292.8887760544949,6430.944536265466,112.47904656250019,0.4812236474710556,0.5187763525289444,0.5409261230079053,0.01615245870035469,0.18834545853759913,0.27672538249757583,COMPLETE,9.581407028771832,241.5637090171413,299.3391603578003,1894.0466472645255,110.05526386888174,7167.004898537017,6292.365729394453,2.3145202194730308,61.935726774262115,39.9463483940936,19.12724657873433,41.20117822187973,1.0220233236322627,False
741,9.801089315585891,292.8534187703753,5599.23691570558,112.67561920946518,0.4812236474710556,0.5187763525289444,0.5409261230079053,0.024987018394772065,0.44969784821544384,0.006538242931961775,COMPLETE,9.58743590153648,241.59632560300687,299.3795779414948,1894.5694586631178,110.21940950163695,7176.76258841475,5477.179454071227,2.3162892857655653,53.737296713915065,49.182879997252286,13.48763402167919,28.64713498316676,1.022284729331559,False
742,9.797735526056567,292.87026117056115,7189.354566495072,112.59717846686563,0.31673910991307364,0.6832608900869264,0.5409261230079053,0.011228744664595725,0.08665413074142686,0.21885599277088538,COMPLETE,9.58550660645333,241.57615740843542,299.3545860648031,1894.2812108564726,110.15820902613676,7173.125335023706,7033.6258322141675,2.3156298528001678,69.11129775115111,53.65946702020247,8.109605241155347,31.34009392472933,1.0221406054282363,False
743,9.798337326806395,292.86567830779023,5874.234045404553,112.61241925110832,0.49525257100033665,0.5047474289996634,0.5409261230079053,0.10236173426692642,0.27921086298317993,0.11367953293998867,COMPLETE,9.585653825854562,241.58350479362932,299.36369074415956,1894.3753769572147,110.16804498860397,7173.7099702191435,5746.727447038207,2.3157358469884066,56.443981892225274,30.129708882191956,5.185774116878937,60.919408036608644,1.0221876884786074,False
744,9.792646447273217,292.8875466782202,5993.914919207089,112.4843800409169,0.49525257100033665,0.5047474289996634,0.5409261230079053,0.015196474939045763,0.21970838662036668,0.26034738228613596,COMPLETE,9.581523818130965,241.56530073801935,299.3411327749035,1894.0686957835974,110.05929524085376,7167.24462966269,5864.690293013183,2.3145636826553018,57.720234849622706,39.240790626290924,7.805049384096412,39.84230325161745,1.0220343478917986,False
745,9.790471041521627,292.89780184818585,6731.326278632083,112.43403535618098,0.49525257100033665,0.5047474289996634,0.5409261230079053,0.09419142713325622,0.04817800569035971,0.35288230871718995,COMPLETE,9.580186527226807,241.55380766069976,299.32689086692494,1893.8998789213952,110.0191222825597,7164.85549778376,6586.747568265752,2.314130533751371,64.88191466916265,51.41637115666205,8.606559833299702,41.29793311944036,1.0219499394606977,False
746,9.799206908200386,292.8616737034199,5534.628039506504,112.63248551214352,0.49525257100033665,0.5047474289996634,0.5409261230079053,0.07554192805704163,0.34335454212326494,0.07635555874155553,COMPLETE,9.586200278564133,241.58786885470565,299.3690985696299,1894.4402627624129,110.18417858779245,7174.668872632468,5414.32111303483,2.3159096957126946,53.16031297585924,49.79105073188293,1.509155822164566,50.74628897997941,1.0222201313812065,False
747,9.797377116932863,292.87088956456887,6202.610183027006,112.58967316375676,0.49525257100033665,0.5047474289996634,0.5409261230079053,0.17960381657624513,0.14446369735171774,0.17118484196001027,COMPLETE,9.585151038238354,241.57679980909813,299.3553821101849,1894.282260727633,110.15080972593488,7172.685514694918,6068.252219553356,2.315550113504476,59.62746486360989,29.947700870573712,8.251471495456219,47.07892328320117,1.0221411303638166,False
748,9.796462919665744,292.8724637507359,5782.429602773833,112.57055164414338,0.4849394133538195,0.5150605866461805,0.5409261230079053,0.03519268781556315,0.29318164573796135,0.156564781973196,COMPLETE,9.584240437860792,241.57850677355682,299.3574973339903,1894.285717408884,110.13191618520493,7171.562402179317,5657.163823560843,2.3153464935371506,55.60120965227884,57.14190081614842,6.514715224446704,36.625507336232026,1.022142858704442,False
749,9.789524345698657,292.9014601953956,6554.617367125651,112.4127309306007,0.49525257100033665,0.5047474289996634,0.5409261230079053,0.08115306280574464,0.03792661513382998,0.37617242035922216,COMPLETE,9.57950192694455,241.55072844015965,299.3230751808072,1893.8482961548075,110.00105158693853,7163.7806741682525,6413.99596971769,2.313935668547369,63.20084492393429,33.175727232077335,9.285704786899723,40.14383143671819,1.0219241480774037,False
750,9.80721507959832,292.8346124688571,8224.32926545571,112.81001239086694,0.13615366325968448,0.8638463367403155,0.5409261230079053,0.002646802419866221,0.11659223562921366,0.016914481289720944,COMPLETE,9.59248307536743,241.60461153254727,299.38984563940977,1894.7708904031954,110.3400023154894,7183.926755029873,8044.255035178056,2.317588147056682,78.7668285159274,55.816727948318345,8.58033010697579,40.81556074149059,1.0223854452015977,False
751,9.794668248264845,292.8797518094861,5726.491148976334,112.52988020411037,0.4849394133538195,0.5150605866461805,0.5409261230079053,0.031342843303562774,0.242514839681518,0.21108146512193118,COMPLETE,9.582987939103628,241.5718304808999,299.34922425420376,1894.178352410828,110.09790811197742,7169.540580840537,5602.731427248237,2.31497993792565,55.102767329885516,32.78734507783972,5.7131471412331525,31.86709300732167,1.022089176205414,False
752,9.808950000654018,292.8294726605183,8935.035989179973,112.84794885815016,0.05887554144507057,0.9411244585549294,0.5409261230079053,0.038749208168763136,0.0017062845936041957,0.018419981470039214,COMPLETE,9.59393608459613,241.60651358240287,299.3922026077186,1894.8228785687058,110.37430189272844,7185.963724013284,8739.178422567475,2.3179574489316797,85.52182751636731,30.960715085692605,1.9512263443316047,29.271176748476165,1.0224114392843529,False
753,9.79660751006262,292.8742095626364,6525.98816992436,112.5720841968563,0.4812236474710556,0.5187763525289444,0.5409261230079053,0.1719134202749907,0.10723060944967053,0.20207930753303432,COMPLETE,9.584638797951811,241.57347163132485,299.35125792305337,1894.2309233721157,110.13636757941221,7171.827020461293,6384.785686696531,2.3153944687535075,62.756726103975076,40.43335147842746,4.08220245972368,45.08635738565057,1.022115461686058,False
754,9.793353564127981,292.8852812530885,6338.845719607767,112.4999480464175,0.4812236474710556,0.5187763525289444,0.5409261230079053,0.035317801406529764,0.19072035459539452,0.25518518392143064,COMPLETE,9.582094657703058,241.56648349030883,299.3425984092849,1894.0945146070108,110.07313726689031,7168.067732367788,6202.106286485924,2.3147129109326023,61.02757538534706,37.74519827202108,4.098000795210401,49.57554965411412,1.0220472573035053,False
755,9.800137632169749,292.8588235215196,6010.931960995351,112.65289084877476,0.4812236474710556,0.5187763525289444,0.5409261230079053,0.11767152925204737,0.29354260610902366,0.07000917295320899,COMPLETE,9.586968184861899,241.58911076554247,299.3706375116699,1894.4706696001037,110.20250133577073,7175.757804388098,5880.184098871013,2.316107118718333,57.716895616884685,55.34307620118953,5.780740983918696,46.51010629423344,1.022235334800052,False
756,9.795447164007136,292.8796029491401,6776.049876291039,112.5452772771577,0.4805952819119571,0.5194047180880429,0.5409261230079053,0.20874859396229156,0.020213212762321752,0.2516316369254547,COMPLETE,9.58391590766492,241.56752636960445,299.34389071686695,1894.1429700302442,110.11487838885607,7170.5495224913675,6629.722065077262,2.3151628587489173,65.19460683590647,29.435827024620977,19.287323306186888,49.10633239944373,1.022071485015122,False
757,9.789762544027308,292.90018079996764,6684.732471570196,112.41835961429837,0.4812236474710556,0.5187763525289444,0.5409261230079053,0.046212287897074926,0.06874816222659294,0.366262790397161,COMPLETE,9.579628408550228,241.55236141977088,299.3250987246073,1893.8710410290084,110.00533532458111,7164.03547360082,6541.246817807739,2.313981863609229,64.44861748431914,19.411267823751064,10.154012808488181,45.22696600621328,1.0219355205145042,False
758,9.78986346119515,292.8997851288228,6416.203755258655,112.42063487226753,0.4812236474710556,0.5187763525289444,0.5409261230079053,0.047256457493047556,0.07030153134209491,0.36366524249062004,COMPLETE,9.579700661134947,241.5527032705883,299.3255223368174,1893.8766945845896,110.00725745357805,7164.149801481299,6278.464618006446,2.3140025912201887,61.85735026523261,32.84263078506234,-0.893775044285646,38.65957022243866,1.0219383472922947,False
759,9.798204373372492,292.8671135735357,5957.7397153607935,112.60873602169578,0.4812236474710556,0.5187763525289444,0.5409261230079053,0.13932538789311047,0.20184879709091727,0.14004922927254462,COMPLETE,9.585675200050485,241.58087200025952,299.3604282584165,1894.343078371962,110.1661821961636,7173.599250518903,5828.512619423265,2.3157157735394582,57.2530233192738,37.47067323755897,7.767463089549688,29.916682098250114,1.0221715391859811,False
760,9.803857737801263,292.84750556508374,7686.949448190879,112.73441261820435,0.33251833727312774,0.6674816627268723,0.5409261230079053,0.18293465421867525,0.08295462134960051,0.0666285886820058,COMPLETE,9.590046705772915,241.59389776282435,299.3765694281519,1894.5901961873951,110.2758027779096,7180.113270154386,7519.305788049801,2.3168967633752118,73.71748992464914,60.6469597619274,9.944745830558679,34.934290864518985,1.0222950980936976,False
761,9.79567359846379,292.87647929255183,6355.3097523002325,112.55205723603687,0.49525257100033665,0.5047474289996634,0.5409261230079053,0.09488769266013095,0.2051124250833216,0.195252207901259,COMPLETE,9.583792875347354,241.57363523118826,299.3514606515425,1894.2164654166224,110.11755275447128,7170.708515864065,6217.84420565753,2.3151916842004225,61.13201045766551,44.7103612144826,0.8593003628923994,60.06759488830282,1.0221082327083113,False
762,9.793806087973463,292.8832722549901,6098.958257910009,112.51032956907449,0.4849394133538195,0.5150605866461805,0.5409261230079053,0.030666848679454035,0.21695860240971615,0.23731370273861865,COMPLETE,9.582388657629153,241.5685766891361,299.34519224418653,1894.1262482452094,110.08158587627311,7168.57009597168,5967.300956235645,2.3148039893055956,58.70687838452344,50.46307439516552,13.79988796138534,34.56272574734549,1.0220631241226046,False
763,9.794431010413554,292.8812858528482,6101.753651257125,112.52407765927856,0.4849394133538195,0.5150605866461805,0.5409261230079053,0.06492470669636516,0.18992408685423523,0.23009007036132506,COMPLETE,9.58289511980154,241.56958441737504,299.3464409935378,1894.148639417937,110.09383123070671,7169.298184858733,5969.9706113294915,2.3149359916057497,58.72136542092069,32.4845178504879,9.085250729851122,38.84366946785461,1.0220743197089686,False
764,9.79876549188897,292.8628041087213,5398.708806405826,112.62297389862358,0.4849571989073016,0.5150428010926984,0.5409261230079053,0.021393552418609095,0.3850253093960862,0.07853787652506419,COMPLETE,9.585807856181152,241.58780839168733,299.36902364550656,1894.4318598709442,110.17532656308043,7174.142759949189,5281.378080995688,2.3158143116386234,51.862135084281576,55.43098968138251,6.296640766445812,29.408569098745396,1.022215929935472,False
765,9.792861410287056,292.8877668468377,5900.665387214545,112.48843298817687,0.4812236474710556,0.5187763525289444,0.5409261230079053,0.06311959539352911,0.13828867846029674,0.2798129927618852,COMPLETE,9.581813242133798,241.56348826494076,299.3388868076937,1894.0518225141823,110.06416936124073,7167.534470276894,5773.498814679494,2.3146162306730416,56.82179925873015,19.56764626474526,9.04835046118465,28.66810414507586,1.022025911257091,False
766,9.798968008478486,292.8642058550379,6615.379210326652,112.62590192800677,0.4812236474710556,0.5187763525289444,0.5409261230079053,0.15327115494284432,0.20758840509299611,0.1203636873941239,COMPLETE,9.586232710811561,241.5832505096461,299.36337564238227,1894.383503735935,110.18079701992568,7174.467894406831,6471.759528716228,2.315873258419753,63.55387535744126,61.972483560276444,11.651737515972451,44.74085277477465,1.0221917518679675,False
767,9.80971645228836,292.8264723745462,9139.08544884548,112.86525614615529,0.023482983387527523,0.9765170166124725,0.5409261230079053,0.006538301502984766,0.01413341224353132,0.0028112527346139116,COMPLETE,9.594484928253141,241.60909475689445,299.39540112875557,1894.8656755718944,110.38891942336494,7186.831730073005,8938.56800280001,2.318114818173909,87.44708018738716,52.46306097200066,5.537824311882826,38.464792399419416,1.0224328377859473,False
768,9.794517653176426,292.8829373136116,7789.7964996062,112.52454277324827,0.3690168082131852,0.6309831917868147,0.5409261230079053,0.04223621750437392,0.030795849751818656,0.29598436902045644,COMPLETE,9.583211046022706,241.56511966356726,299.34090839238064,1894.0993329143926,110.09694192582648,7169.483135452093,7621.739681798956,2.314969523093694,74.9765607729104,25.973002644115383,1.7725024769219462,59.42851855188019,1.0220496664571963,False
769,9.800960676163974,292.8539421907497,5582.472439456215,112.67270174795107,0.4812236474710556,0.5187763525289444,0.5409261230079053,0.02476783312404988,0.4457531140720172,0.010702167064804324,COMPLETE,9.587346277049793,241.59584491704115,299.3789822885552,1894.561736468314,110.21697191944612,7176.6177373818855,5460.801050790605,2.3162630243160938,53.579268033686496,20.609876736685788,14.559365117609207,30.243341463887475,1.0222808682341569,False
770,9.8022395126128,292.8520790350371,7052.963552132117,112.69920930985313,0.3015760547331941,0.698423945266806,0.5409261230079053,0.013789995879792431,0.2049993802061204,0.08278634122465382,COMPLETE,9.5886630238919,241.59265041261767,299.3750237457932,1894.5477097669893,110.24365806821608,7178.203451710706,6899.289772930681,2.316550513855509,67.67552385751061,43.692043199169305,11.738861572714741,29.11850566735152,1.0222738548834946,False
771,9.799403470946851,292.8618698949913,5632.8656138572105,112.63619813805656,0.4849571989073016,0.5150428010926984,0.5409261230079053,0.1242975943840584,0.2669187994534099,0.09374048578138033,COMPLETE,9.586464204453765,241.58622540559392,299.36706205231036,1894.4249854694403,110.18863390792795,7174.933663064603,5510.4644620294475,2.315957702139825,54.103183161274174,27.39526692755964,5.880404925042685,34.117690660635205,1.0222124927347203,False
772,9.792482694471717,292.8895977910962,6718.262218910735,112.47963350387533,0.4849394133538195,0.5150605866461805,0.5409261230079053,0.08416353757028948,0.10463461588801545,0.29614089745392835,COMPLETE,9.581586266191373,241.56137856171839,299.3362725209958,1894.0211928215879,110.05720870105783,7167.120551214055,6573.573936028302,2.314541187269216,64.70559079392515,26.458970329115928,2.5494795818657905,55.026982614534525,1.022010596410794,False
773,9.788906557383019,292.90323142384347,6463.995560376853,112.39929002433013,0.4805952819119571,0.5194047180880429,0.5409261230079053,0.018878953837250054,0.07957586550869535,0.38214005613358776,COMPLETE,9.578976583988135,241.550192177546,299.32241065880123,1893.831399221874,109.98880834018178,7163.052411421747,6325.370637556327,2.313803634726547,62.339197956582865,52.09851557775292,20.77580703231833,34.84839207808365,1.021915699610937,False
774,9.80540236001062,292.8421557013533,8319.361367919886,112.76875590537651,0.17783635823247457,0.8221636417675254,0.5409261230079053,0.0574406788190199,0.04853346421224311,0.07186213531663337,COMPLETE,9.591241857578897,241.59743836189494,299.380956841962,1894.6575126791317,110.30576534807014,7181.893196525045,8137.657594321466,2.3172194635004444,79.73901160852914,41.843706828956115,6.992730920467778,52.54495758883883,1.0223287563395658,False
775,9.789831042069132,292.89915831351965,6993.787893264338,112.42046778281586,0.49525257100033665,0.5047474289996634,0.5409261230079053,0.02019078189677434,0.12915105390140502,0.3459103005282607,COMPLETE,9.579581306272617,241.5543960006652,299.32761992176506,1893.8953914737053,110.00608764204667,7164.080221421749,6843.586929585102,2.3139899763759457,67.42303317965707,21.843133516182874,4.204485705547505,62.015717848513006,1.0219476957368527,False
776,9.789816829747464,292.8997602413059,6342.314353203004,112.41973887729539,0.4849394133538195,0.5150605866461805,0.5409261230079053,0.03922400881465364,0.08593585413650423,0.3597780708828638,COMPLETE,9.579640784982564,241.55304195587664,299.3259420263902,1893.8797340072254,110.00621710445316,7164.0879218268765,6206.152199345193,2.3139913724571204,61.145255950900285,59.617824131602845,4.769775198109121,34.476192079608836,1.0219398670036126,False
777,9.800024401100167,292.86075233869633,6091.320949676,112.64922530561836,0.47520574203827937,0.5247942579617206,0.5409261230079053,0.2003661537597186,0.16840326031651548,0.10643597421114095,COMPLETE,9.587076461904633,241.58518205695066,299.36576916312555,1894.4239576145462,110.20143340235414,7175.694338894756,5958.960642178555,2.3160956124431373,58.49719671155989,26.239054497478925,10.709286508571525,43.754828139332695,1.0222119788072732,False
778,9.794703323162915,292.87940225873143,6467.023697124368,112.53082987050838,0.4812236474710556,0.5187763525289444,0.5409261230079053,0.014457666399501396,0.2601983705039734,0.20656729931810955,COMPLETE,9.582986012941308,241.57245579394248,299.34999912507277,1894.186083530894,110.09842086013565,7169.5710666021905,6327.235812068506,2.314985464985233,62.226890949064426,34.50990572998947,4.224409445784634,69.7567696540113,1.022093041765447,False
779,9.801087320856915,292.8534250241987,5190.228719324411,112.67557536208446,0.48132420733896253,0.5186757926610375,0.5409261230079053,0.024992239857354735,0.44979182023126685,0.006539609209053594,COMPLETE,9.587434274399874,241.59632259492648,299.3795742139636,1894.5693895451325,110.21937033611958,7176.760261052998,5077.0873767988005,2.3162888638155668,49.811974881696734,53.02699128405402,4.643640429011983,21.62273259705482,1.0222846947725663,False
780,9.794287425475453,292.8816600116497,5721.277018945265,112.52098026635174,0.468414869662379,0.531585130337621,0.5409261230079053,0.03178617602180133,0.20277176492355417,0.2338566519227452,COMPLETE,9.582768267332757,241.569549394409,299.34639759403336,1894.1457316386866,110.09095733712631,7169.12731135841,5597.719311684115,2.314905012290615,55.0624778620532,29.220727940701842,4.894912746648972,24.306197895208708,1.0220728658193432,False
781,9.794382039878498,292.8806382193879,5910.652665668992,112.52360091579868,0.4849394133538195,0.5150605866461805,0.5409261230079053,0.014265016509789452,0.2567312004921832,0.21394288924980684,COMPLETE,9.582753013239326,241.57142474986654,299.3487214833722,1894.168732377176,110.09228263162437,7169.206109852407,5782.9400988786865,2.314919298434301,56.88030265354698,49.51982560373638,10.26876813960816,35.431119674098,1.022084366188588,False
782,9.793020348433345,292.88650989409683,6047.72620832667,112.49249132786821,0.4879260397312673,0.5120739602687328,0.5409261230079053,0.03546667622149301,0.1915242964142322,0.2609347582514383,COMPLETE,9.581846203465217,241.5655411506443,299.34143068767185,1894.077965870869,110.06673248878874,7167.686884696645,5917.314612556929,2.3146438633623214,58.23182354635165,38.93888575083754,12.127855211981869,33.821303417439744,1.0220389829354346,False
783,9.798341492424244,292.86459929546635,6142.239332508757,112.61330767991687,0.4812236474710556,0.5187763525289444,0.5409261230079053,0.020369609240790783,0.36659713855613846,0.09425646115037496,COMPLETE,9.585521337486798,241.58605651483032,299.36685276748204,1894.4045028839807,110.16734459453265,7173.668340663125,6008.8297827989345,2.3157282995621973,59.01533709682183,36.350082182010276,18.5742373141739,55.39773293374307,1.0222022514419904,False
784,9.809490407130719,292.8274650039205,9230.029997463374,112.86007105418399,0.015591567530642336,0.9844084324693576,0.5409261230079053,0.00046951186365101636,0.001028653221569706,0.014093384735551598,COMPLETE,9.594336805238344,241.6080763846938,299.3941391896973,1894.8501248726027,110.38468754399821,7186.580441889709,9027.585821761308,2.3180692597005046,88.32678190908723,28.11767460178342,-1.8809903321660932,49.328133747548215,1.0224250624363014,False
785,9.793350690501107,292.8852555007716,6701.8184751384615,112.49991091813067,0.4849394133538195,0.5150605866461805,0.5409261230079053,0.03766194942988454,0.19363903751428288,0.25363810768579675,COMPLETE,9.58208788048811,241.56656222329795,299.34269597305786,1894.0953605619063,110.07305538544475,7168.062863515059,6557.246402923377,2.3147120282110403,64.52195179171922,47.091837562487086,7.559574241168459,60.6344727391865,1.022047680280953,False
786,9.807223182481588,292.83483317985736,8262.07871358692,112.81000651979166,0.13113202214991254,0.8688679778500874,0.5409261230079053,0.012757152111775324,0.09493414278164623,0.023440452616259287,COMPLETE,9.59252106283862,241.6040364659288,299.3891330325392,1894.7644822954255,110.34034236857697,7183.946951475188,8081.203273163293,2.317591808666252,79.12956787427706,43.28554338151889,6.080023643253066,26.519456335440942,1.0223822411477128,False
787,9.794965951089054,292.8782314179391,5822.730487082855,112.53685923494419,0.4812236474710556,0.5187763525289444,0.5409261230079053,0.00875283272275371,0.27600273260362185,0.19646775199001992,COMPLETE,9.583156006739273,241.57368207549953,299.3515186997355,1894.2046324198056,110.10332082236785,7169.862393423857,5696.817622598046,2.3150382824519466,56.02117267833635,40.50693916958645,8.482059887697764,35.836255124509236,1.0221023162099028,False
788,9.79985590862151,292.858885025405,5571.8591236765915,112.64731308378002,0.4812236474710556,0.5187763525289444,0.5409261230079053,0.05039637861696159,0.37503174387051597,0.055794440033506254,COMPLETE,9.586633612208393,241.59064776109688,299.3725421146444,1894.48324720402,110.19636696738253,7175.393245070448,5450.628300619744,2.3160410242217297,53.50342800023105,59.154722318189684,6.121799788592243,35.15313863576966,1.02224162360201,False
789,9.806211417174852,292.8376838525142,7389.568156566297,112.78799533980285,0.24818312360061817,0.7518168763993818,0.5409261230079053,0.07205149073350628,0.17360731527272744,0.002524109925193518,COMPLETE,9.591654950648254,241.60327746686283,299.3881925015959,1894.7381536618138,110.32023355931103,7182.752596201218,7227.8869970051755,2.3173752724078787,70.79531242192327,40.05770790107683,4.875215733080319,36.81091634782247,1.0223690768309068,False
790,9.796149828936523,292.8736177626485,5803.011377425381,112.56354359964185,0.4812236474710556,0.5187763525289444,0.5409261230079053,0.022866664569093195,0.29381450944070625,0.1645419811800636,COMPLETE,9.584006968683415,241.57762265274556,299.35640175559246,1894.270180718003,110.12589692044178,7171.2045717272285,5677.342879782364,2.315281618981886,55.80578682650705,61.13462734108168,8.445720433115163,34.30295074022342,1.0221350903590016,False
791,9.800196669053076,292.8591201445282,6234.600441099282,112.65382828998789,0.38545610187291096,0.614543898127089,0.5409261230079053,0.03299317455331951,0.2507378109197604,0.10172480689030736,COMPLETE,9.587077756089645,241.5880496608102,299.3693226196238,1894.4596191635267,110.2040140426733,7175.847701511403,6099.020379429276,2.316123417040234,59.86718097906911,48.75964466857802,-2.547312932991956,40.34317511696562,1.0222298095817632,False
792,9.792434719958042,292.8906823629452,6979.849233171613,112.47788112370223,0.49525257100033665,0.5047474289996634,0.5409261230079053,0.14938045931331326,0.03235051956902154,0.31352116156869875,COMPLETE,9.581666246946481,241.5590732475243,299.3334158385163,1893.9941170104375,110.05695191355375,7167.105280975499,6829.617732344943,2.314538418779476,67.22980751483702,58.70834729313935,3.328168271746574,42.458969442239216,1.0219970585052187,False
793,9.789016282177228,292.9027918958877,6509.8316650786455,112.40177063933604,0.4805952819119571,0.5194047180880429,0.5409261230079053,0.01945275503638561,0.08199447023884972,0.3791476378513139,COMPLETE,9.579053956612798,241.55058617919602,299.32289889490085,1893.8377999571626,109.99089129449695,7163.1763141907495,6370.20380503295,2.313826098261968,62.778643331486485,23.677522464128828,10.787802892814552,39.737953590343245,1.0219188999785813,False
794,9.801017184653075,292.8536551650216,5045.9114371893575,112.67402599732813,0.4849571989073016,0.5150428010926984,0.5409261230079053,0.025930657354133062,0.45224082253149955,0.006785160777816351,COMPLETE,9.587378369580774,241.59619235940463,299.37941282965664,1894.5666806580082,110.21800077566162,7176.678876386838,4935.922594185501,2.316274108799632,48.4281024925011,56.3076629500283,1.6563543097683584,41.86040307372024,1.0222833403290041,False
795,9.796346063502751,292.8733668547932,6044.837660990014,112.56758280439415,0.4849571989073016,0.5150428010926984,0.5409261230079053,0.06081244278856415,0.2550000531079981,0.16914418836992767,COMPLETE,9.584213523832085,241.57704843801937,299.3556902043636,1894.2670729618403,110.13001607593317,7171.449446396571,5913.941227094109,2.315326014687104,58.12873457692088,37.27293462353161,8.510292063036532,45.905960068748996,1.02213353648092,False
796,9.790394056046424,292.8970184656266,7003.87683481114,112.43311117419404,0.4849571989073016,0.5150428010926984,0.5409261230079053,0.017192258200391202,0.1326755781110911,0.3350889924751424,COMPLETE,9.579993016370793,241.55614140524506,299.32978277952026,1893.9250924955973,110.01686078124825,7164.720991069035,6853.359607479086,2.3141061477237233,67.50655080378466,26.07432998943827,10.615029339829247,58.89775663226382,1.0219625462477986,False
797,9.795844646110922,292.87631403186214,5749.237552566357,112.55553781463,0.47520574203827937,0.5247942579617206,0.5409261230079053,0.10248662759430983,0.16693488865687772,0.20578393039674225,COMPLETE,9.583979741633817,241.57300693870548,299.3506820886324,1894.2123022353107,110.12118231707387,7170.924293522281,5624.892821826446,2.3152308046261187,55.30065505499618,18.989247639774263,3.7691451954034005,28.65407201734721,1.0221061511176555,False
798,9.795799311288416,292.8751423166693,5703.868669583804,112.55552416085091,0.49525257100033665,0.5047474289996634,0.5409261230079053,0.045472364393494856,0.2756599890273068,0.17411981714515182,COMPLETE,9.583775239172482,241.57607722443097,299.3544867029715,1894.2464617177814,110.11932882718108,7170.814103898746,5580.411928208343,2.315210827279921,54.8601342926348,21.33332718586682,10.741811076542717,33.87379340061176,1.0221232308588908,False
799,9.790296421918919,292.89775444809857,7020.020923655045,112.43064570746728,0.49525257100033665,0.5047474289996634,0.5409261230079053,0.04952560683337215,0.10327277978364349,0.3424537652602383,COMPLETE,9.579968154327878,241.5549663541188,299.3283266882102,1893.9100139379946,110.01525990945905,7164.625775626957,6869.207426729707,2.3140888851922,67.6658946863243,33.428317647673204,18.421278539509363,55.78299450925589,1.0219550069689973,False
800,9.801087030651999,292.8534139663496,4931.978095509311,112.67557792775155,0.4812236474710556,0.5187763525289444,0.5409261230079053,0.024111387366589472,0.4508026206048636,0.0063091204216017905,COMPLETE,9.58743251231012,241.5963507223336,299.3796090686794,1894.5697047812437,110.2193558520003,7176.759400352272,4824.465591929527,2.3162887077707794,47.33344541986654,39.66537090657454,-0.1878774279430777,30.369256170069256,1.0222848523906218,False
801,9.793597540253295,292.8843414291664,6053.953507687647,112.50543798208894,0.47520574203827937,0.5247942579617206,0.5409261230079053,0.03146707816801257,0.19335679842501724,0.25038159914707264,COMPLETE,9.582271440728096,241.56726957742765,299.3435725070046,1894.1077255705754,110.07779734376288,7168.344827986646,5923.321390508219,2.31476314828645,58.27947938954245,52.95617726637468,11.333141698299386,30.266132508468132,1.0220538627852878,False
802,9.795670673679162,292.87688320995505,6568.274229664847,112.55169780019564,0.40955115883709986,0.5904488411629001,0.5409261230079053,0.012976686079115651,0.1732442313829547,0.2233299620085973,COMPLETE,9.583840820472615,241.57268774300556,299.35028655002606,1894.2056284478444,110.11778485871366,7170.72231457534,6426.236322078916,2.3151941859027008,63.18407605240676,18.831566608211265,6.302706040875309,41.126658602165136,1.0221028142239221,False
803,9.801404351152966,292.8556304277106,7179.035683051245,112.68015234438396,0.3473482354272134,0.6526517645727866,0.5409261230079053,0.07727067399122282,0.16758528887740112,0.10249198862673317,COMPLETE,9.58810072870566,241.58916317179515,299.37070245206894,1894.4934045819314,110.22794408811056,7177.269735900241,7022.801508639986,2.3163812314548795,68.90882463437202,50.509064845008126,12.727304159639624,45.94579176917924,1.0222467022909656,False
804,9.79462971399359,292.8798683868349,6392.766655526779,112.52903683766525,0.48132420733896253,0.5186757926610375,0.5409261230079053,0.024425627394834337,0.24465442618394875,0.2122438870526623,COMPLETE,9.582955956818296,241.5717824635083,299.3491647523616,1894.17713242743,110.09714867912517,7169.49542815936,6254.611260556921,2.3149717517578905,61.514819255674716,49.35951239540218,8.289316489538642,56.7532154481049,1.022088566213715,False
805,9.80908765756347,292.82875778378957,8897.996899140215,112.85118889031834,0.0684093154594807,0.9315906845405193,0.5409261230079053,0.041106633404094206,0.019293911917242713,0.008008726878811526,COMPLETE,9.594012215891249,241.60739716514075,299.3932975193506,1894.8353487221905,110.37679778065123,7186.111936722326,8702.898162143507,2.317984319852049,85.16098181187331,38.709194499758894,8.884014354412402,59.05386619765882,1.0224176743610953,False
806,9.801089315585891,292.8534187703753,5354.579958363166,112.67561920946518,0.4812236474710556,0.5187763525289444,0.5409261230079053,0.024987018394772065,0.44969784821544384,0.006538242931961775,COMPLETE,9.58743590153648,241.59632560300687,299.3795779414948,1894.5694586631178,110.21940950163695,7176.76258841475,5237.855760463491,2.3162892857655653,51.389261846350216,16.289600487706217,10.101067104404075,27.58707699396147,1.022284729331559,False
807,9.79814792901532,292.86576033749964,5278.7497564279065,112.60863970479579,0.4812236474710556,0.5187763525289444,0.5409261230079053,0.042785567866891944,0.33018349802482855,0.10825366047733918,COMPLETE,9.585434068754473,241.58444122360717,299.36485114265,1894.3827287810004,110.16395131839202,7173.466651551172,5164.1502171909415,2.3156917333857767,50.72406929356516,34.6742845040619,1.591067581457644,22.42149061173955,1.0221913643905003,False
808,9.792949724134504,292.8870606009686,6999.440425861396,112.49069384988441,0.47520574203827937,0.5247942579617206,0.5409261230079053,0.03530687652106808,0.1684856949247644,0.27141285967641005,COMPLETE,9.58183055918583,241.564647661766,299.34032350062085,1894.0665619465126,110.06558782778815,7167.61881851926,6848.544520190191,2.314631522984467,67.39889596082274,62.83527462835521,14.06095247400255,59.071361342405055,1.0220332809732562,False
809,9.802284831190912,292.8517113684927,6157.496747939303,112.7003742712322,0.4812236474710556,0.5187763525289444,0.5409261230079053,0.2236033832079612,0.22173034780950585,0.035889611078303886,COMPLETE,9.588671229987712,241.59325729322947,299.3757757756967,1894.5554125445747,110.24438230409189,7178.24648383321,6023.311190451835,2.316558315566608,59.0776841405261,50.53097917792984,2.705332714354346,25.929848399129984,1.0222777062722874,False
810,9.787480642452111,292.90922551326355,5727.848493190197,112.36684461857274,0.47520574203827937,0.5247942579617206,0.5409261230079053,0.021127715053626796,0.026419011916481168,0.4276585602236648,COMPLETE,9.578007060676391,241.54439648024098,299.31522878875944,1893.7405360945575,109.9619473549199,7161.454506049531,5605.259955488976,2.3135139349545657,55.27042922845657,15.436180970604465,4.0093909235782785,18.495206805453886,1.0218702680472787,True
811,9.79211159955544,292.8898759206187,6228.222957271158,112.47214503566148,0.4879260397312673,0.5120739602687328,0.5409261230079053,0.014418134931136629,0.19248818141177704,0.28101941298992905,COMPLETE,9.581170543742228,241.56293460234974,299.33820072411027,1894.032418554742,110.04927711976924,7166.648880300774,6094.054967753298,2.3144556734719637,59.98984191247192,38.506696471872075,8.03173096122898,43.42994608660082,1.022016209277371,False
812,9.801278012844186,292.8562153158351,5998.487174291289,112.67723400306456,0.4879260397312673,0.5120739602687328,0.5409261230079053,0.25431384394089246,0.1579721136026898,0.07563385947042238,COMPLETE,9.588021742130312,241.58852182599287,299.3699077138414,1894.4838938520159,110.22560201319969,7177.130565578973,5867.972051361606,2.316355999916743,57.57799161140066,32.42594799275935,13.185662652123801,21.019529355160433,1.022241946926008,False
813,9.797943631946342,292.8684884539501,6289.527186771662,112.60258934640707,0.4805952819119571,0.5194047180880429,0.5409261230079053,0.15707097526468933,0.1685502069163123,0.15497390498939653,COMPLETE,9.585533545981894,241.57914732117305,299.3582910831275,1894.3188863604753,110.16147245684823,7173.319311382983,6153.176227774308,2.3156650206568066,60.44908685640512,41.598734226845,13.68777951518133,34.08952129475246,1.0221594431802377,False
814,9.7963884454081,292.87573235249766,7382.852795396274,112.56664566559593,0.3293916833553587,0.6706083166446413,0.5409261230079053,0.022654186636610216,0.04963304203770152,0.25710360017079553,COMPLETE,9.584566665368788,241.5711437941959,299.3483733307673,1894.2005961113866,110.13268059869236,7171.607843994723,7223.217534952709,2.3153547321248604,71.00963376812834,16.797344374203643,8.61870286410354,40.42461868938003,1.0221002980556932,False
815,9.800054039431666,292.8625393278252,7626.712829953512,112.64847066202897,0.34613828225892623,0.6538617177410737,0.5409261230079053,0.15910010974977143,0.010882190757323818,0.17615579439793974,COMPLETE,9.587340351710036,241.5807371552041,299.36026116210127,1894.3738680214246,110.20339520486223,7175.810925299858,7461.172292653845,2.3161167495239443,73.25357184763168,27.4011834184481,9.381115083417262,59.87016619624431,1.0221869340107124,False
816,9.801176225489032,292.85505761703996,5484.803080691277,112.67610084613443,0.49525257100033665,0.5047474289996634,0.5409261230079053,0.16569250303165123,0.28620047417918915,0.04335602670594788,COMPLETE,9.58775043035697,241.59189419528641,299.37408666189964,1894.520515355992,110.22251916754698,7176.94737512535,5365.368593267711,2.316322787541613,52.6438462191338,25.11271295715698,7.980924345009573,27.51326697615727,1.022260257677996,False
817,9.801087320856915,292.8534250241987,5377.882041489924,112.67557536208446,0.48132420733896253,0.5186757926610375,0.5409261230079053,0.024992239857354735,0.44979182023126685,0.006539609209053594,COMPLETE,9.587434274399874,241.59632259492648,299.3795742139636,1894.5693895451325,110.21937033611958,7176.760261052998,5260.650060584515,2.3162888638155668,51.61293261894885,27.45608804708382,9.74674571372048,44.832914377530116,1.0222846947725663,False
818,9.807759989317624,292.8331514835272,8545.282718725468,112.82181226356853,0.12483400442959297,0.875165995570407,0.5409261230079053,0.03950359805218379,0.06747555828478263,0.017854767378316944,COMPLETE,9.592959002455697,241.60484301386325,299.3901324847436,1894.7830511538602,110.35088754271881,7184.573235785608,8358.131405582035,2.3177053538267347,81.8257145977702,63.65661068525135,0.601253237224507,75.76371843180308,1.02239152557693,False
819,9.786615309623455,292.9123322662024,7560.871250585973,112.34755380191929,0.49525257100033665,0.5047474289996634,0.5409261230079053,0.02064398165473177,0.035658326299784875,0.4389498186152877,COMPLETE,9.577350960601592,241.54214853227194,299.3124431929416,1893.6998393152164,109.94525873189248,7160.461638004747,7399.199339487542,2.313333928271327,72.97944387648694,64.32701456613545,-2.9404194408685833,60.93905244170156,1.0218499196576083,False
820,9.788856916177659,292.9034104819122,7297.06799962155,112.39818256508539,0.47520574203827937,0.5247942579617206,0.5409261230079053,0.010836956504456301,0.08003301113080122,0.3843353656357341,COMPLETE,9.57893905530783,241.5500612486647,299.32224841530217,1893.8290419550192,109.98785148641514,7162.995493404496,7140.585489128347,2.3137933155068326,70.37476845288934,29.918715119321092,0.9740536164745719,60.330541534799835,1.0219145209775096,False
821,9.800810608085019,292.8542925684286,5361.386049087718,112.66949284183535,0.49525257100033665,0.5047474289996634,0.5409261230079053,0.025715455104246283,0.46280771253123715,0.006728849753946497,COMPLETE,9.587208553734905,241.59590530509487,299.3790571197845,1894.5598013546708,110.21393726628446,7176.437403785478,5244.538257609689,2.3162303298883336,51.45942033175903,62.81762628565266,10.072898976959085,25.425474200899686,1.0222799006773353,False
822,9.797593765557078,292.86765493996995,5793.156467849262,112.5963444682895,0.47520574203827937,0.5247942579617206,0.5409261230079053,0.012535142501840407,0.34331227508635015,0.11935785162765024,COMPLETE,9.585002000179452,241.58322995480802,299.36335017138754,1894.359253211141,110.15318789144402,7172.8268763271735,5667.454444466905,2.315575742326647,55.678392883728904,32.752343609116686,11.354384935624031,38.2467691222814,1.0221796266055705,False
823,9.800812612877563,292.85429676401026,5538.299614030572,112.66952907590864,0.49525257100033665,0.5047474289996634,0.5409261230079053,0.026481150813513227,0.46184164411763706,0.006929205974126633,COMPLETE,9.58721152495225,241.59588331154328,299.3790298659751,1894.5595859378677,110.21398432291284,7176.440200133736,5417.596681575879,2.3162308368654467,53.15746350455685,57.66714775684477,13.403107017036469,62.868182189775474,1.0222797929689338,False
824,9.794111610794044,292.8823414814628,7003.349102909574,112.51702068606704,0.47202966984330663,0.5279703301566934,0.5409261230079053,0.03390582801670406,0.200517154593845,0.2376063886545,COMPLETE,9.582641414808043,241.56897289599473,299.3456832129205,1894.1360971014144,110.0876021372708,7168.927818011788,6852.135836591629,2.3148688442058005,67.40580175943722,30.537229354742195,15.675057567799506,68.13962099285098,1.0220680485507072,False
825,9.800825647598192,292.8543672935761,5616.11851462444,112.66973233566372,0.4879260397312673,0.5120739602687328,0.5409261230079053,0.02511279483552278,0.45196147942858717,0.010851224830522189,COMPLETE,9.587236355794019,241.5956370782224,299.37872474035913,1894.5570097320258,110.21432202610093,7176.4602681868655,5493.726502016717,2.316234475197551,53.904657546645275,47.60009549241901,14.780440474587293,34.1917201147901,1.0222785048660128,False
826,9.793993655565627,292.88276310471485,6267.871521050153,112.51439081676033,0.47520574203827937,0.5247942579617206,0.5409261230079053,0.03413396485743937,0.20186634300298034,0.23920513359060533,COMPLETE,9.582551771535073,241.56867112999998,299.3453092727295,1894.1306009237835,110.0853250432363,7168.792424952551,6132.554855563119,2.3148442974841545,60.32950247418939,39.007988727128776,6.074570949881776,45.84596310229548,1.0220653004618918,False
827,9.809649882891813,292.82680569931046,9166.048038104293,112.86369847396273,0.01971340568425295,0.980286594315747,0.5409261230079053,0.005638585868394933,0.006680713660845836,0.007394098163537863,COMPLETE,9.594446534597543,241.60869703393948,299.39490828131636,1894.8599817651282,110.38770329549753,7186.7595171147495,8964.96397781929,2.3181017259859082,87.7081353535911,33.34171621625588,13.739956083359356,23.45585920335445,1.022429990882564,False
828,9.795909401255527,292.8751975006533,5721.18560266197,112.55764360731172,0.4812236474710556,0.5187763525289444,0.5409261230079053,0.05867091853545542,0.2380207431222812,0.1845316609023048,COMPLETE,9.583916103107187,241.57528697872138,299.35350745203954,1894.23938938272,110.12178338007635,7170.960026410001,5597.373411721162,2.315237282988108,55.026295949637046,27.099185983054735,2.2211594579248017,35.91727458845329,1.02211969469136,False
829,9.793852667964869,292.88285761961805,6047.163289313372,112.51155360230128,0.4805952819119571,0.5194047180880429,0.5409261230079053,0.011992306152564315,0.23635561668624597,0.23224710089877443,COMPLETE,9.582392420155585,241.56928876239868,299.3460746259541,1894.1351676152394,110.08230315176394,7168.612745095716,5916.598261325554,2.314811721579185,58.20650321727849,47.066474378713025,5.158311554939154,43.4539575019131,1.0220675838076196,False
830,9.79742016558103,292.86826867551343,6009.99592972613,112.59247781254926,0.4812236474710556,0.5187763525289444,0.5409261230079053,0.014039829540569032,0.3457557825776117,0.12142762175956799,COMPLETE,9.584869224052275,241.58280220751004,299.3628201186013,1894.351349311137,110.14983099699405,7172.62733718477,5879.611576308792,2.315539565939071,57.76604486268824,36.42218996859115,13.045245121717638,53.490529040906736,1.0221756746555686,False
831,9.78980591585068,292.8996187895825,6600.375581012471,112.4196306040605,0.4812236474710556,0.5187763525289444,0.5409261230079053,0.02378835970161743,0.10026929079901345,0.35716548484667143,COMPLETE,9.579609475325245,241.55344549512503,299.3264420812216,1893.8841355833658,110.00587425370243,7164.067529104405,6458.659242079387,2.31398767526256,63.63273183822382,59.963277494673775,13.079746334584978,40.84878639038535,1.0219420677916828,False
832,9.78791767617234,292.90735778293896,6178.040547958141,112.37681136133646,0.4812236474710556,0.5187763525289444,0.5409261230079053,0.024057139674646337,0.04501689842207611,0.41214909146419487,COMPLETE,9.57830031969314,241.54624607299814,299.31752075366256,1893.7692178116872,109.97015747371029,7161.942929498977,6045.732066141126,2.3136024859816757,59.60421084598884,64.49309275583217,4.136780573265419,27.918553345943067,1.0218846089058435,False
833,9.793920480236668,292.88287538735847,5949.931418759825,112.5128709691561,0.4849394133538195,0.5150605866461805,0.5409261230079053,0.03493965921671637,0.2146948823190378,0.23530457613228542,COMPLETE,9.582477126444113,241.5688406174706,299.3455192969809,1894.1312514504311,110.08380297431646,7168.701923946752,5821.476888568675,2.314827889678536,57.270052565927465,19.122295139040297,4.637331858246414,41.05196462243015,1.0220656257252156,False
834,9.807458696744588,292.8334802201437,8093.790253868716,112.8156461117199,0.14867450368627538,0.8513254963137247,0.5409261230079053,0.009979618229083977,0.13608334791222068,0.0026113227004161896,COMPLETE,9.592634771851028,241.60585816742872,299.391390435357,1894.789347244606,110.34451667477748,7184.194869548901,7916.502758365068,2.3176367561397844,77.50734963648578,26.064005358519637,9.95422463159,30.68644906814489,1.022394673622303,False
835,9.79750583108554,292.8703786267816,6356.315783363295,112.59258183060066,0.4805952819119571,0.5194047180880429,0.5409261230079053,0.16264723812260726,0.1470904558097306,0.17085741202991397,COMPLETE,9.585242358236105,241.57725053168386,299.35594063332115,1894.2896412873793,110.15325769561319,7172.831025566499,6218.605871681121,2.3155764945825115,61.10226142015585,33.15471315320116,1.9515490088892027,53.4249094288632,1.0221448206436896,False
836,9.787776168539775,292.90800596768094,6927.192818234471,112.37355169312535,0.47520574203827937,0.5247942579617206,0.5409261230079053,0.02061111059142601,0.0356015481490976,0.41899263957488264,COMPLETE,9.578210904655291,241.54554333379787,299.3166499384105,1893.7587490963742,109.96753089650146,7161.786675239947,6778.875267246934,2.31357415713067,66.83586648326744,38.82986115335165,17.079365615853487,44.352228153986644,1.0218793745481871,False
837,9.802826760573039,292.8509638698823,7836.27743739421,112.71157662604158,0.23710710832873189,0.7628928916712681,0.5409261230079053,0.015775733374014354,0.1150880113207523,0.10624323012779685,COMPLETE,9.589234593319205,241.59180308159176,299.37397375629405,1894.5483245143766,110.25572276733831,7178.920285293695,7665.534087344688,2.316680475572361,75.18108697183713,29.229819456834825,2.8271849926581614,60.583662450883025,1.0222741622571883,False
838,9.788865232909043,292.90348242446777,7393.430187188812,112.39829186406494,0.49525257100033665,0.5047474289996634,0.5409261230079053,0.04166597801767675,0.07196959698002045,0.3816160990035477,COMPLETE,9.578958343368011,241.5498394193357,299.32197353044734,1893.8266629870798,109.9880864650169,7163.009471023613,7234.889651926956,2.3137958496450493,71.30388732091852,37.333563098546804,12.589051021033317,62.50171013549611,1.0219133314935398,False
839,9.797385051238003,292.86862238272164,5839.429422205406,112.59152409309317,0.49525257100033665,0.5047474289996634,0.5409261230079053,0.044033289067245615,0.32748394076450543,0.12373495340684983,COMPLETE,9.584871631755027,241.5821674470425,299.3620335407409,1894.3435087391072,110.14932041683778,7172.596987228977,5712.767347799587,2.3155340635010506,56.12789589239134,35.0495730390119,7.082499871594996,58.771625633875146,1.0221717543695537,False
840,9.79343838380378,292.88428043599055,6187.088501247598,112.50236065037237,0.49525257100033665,0.5047474289996634,0.5409261230079053,0.01376570312319276,0.24565130131699173,0.23583527020749745,COMPLETE,9.582070171093882,241.56836753785942,299.3449330696284,1894.1174420424368,110.0742631871117,7168.134681907446,6053.5548241940505,2.314725048864366,59.56177358400489,25.21937037100367,1.8616323602525289,58.36947377984711,1.0220587210212184,False
841,9.801017184653075,292.8536551650216,4983.062886764578,112.67402599732813,0.4849571989073016,0.5150428010926984,0.5409261230079053,0.025930657354133062,0.45224082253149955,0.006785160777816351,COMPLETE,9.587378369580774,241.59619235940463,299.37941282965664,1894.5666806580082,110.21800077566162,7176.678876386838,4874.443992367973,2.316274108799632,47.824913934920765,29.302567823864187,2.1381601693180596,23.91705338875581,1.0222833403290041,True
842,9.800167107771005,292.85780845634525,5664.1372691046745,112.65422846924469,0.4812236474710556,0.5187763525289444,0.5409261230079053,0.06263703899757364,0.368681534219464,0.04990372578292099,COMPLETE,9.586874614124433,241.59135800264642,299.37342222660305,1894.4967733973124,110.20240279670257,7175.751948388955,5540.862028060484,2.316106057027419,54.383223791514155,31.896077772051633,12.14373445518801,33.03753769702308,1.0222483866986563,False
843,9.800774834621226,292.8596077480417,7404.140074717626,112.66481613425951,0.47520574203827937,0.5247942579617206,0.5409261230079053,0.32040097221107045,0.03121077632765581,0.12359345615734653,COMPLETE,9.587842692250822,241.5834289638935,299.3635967780189,1894.4171122128444,110.21705449560918,7176.622644418386,7243.277343441429,2.316263913960362,71.09145757653577,63.022371910745264,7.925600483152959,31.256915583595926,1.0222085561064223,False
844,9.79929239776943,292.8627495705416,5600.804834575507,112.63335962444161,0.49525257100033665,0.5047474289996634,0.5409261230079053,0.16294189654262511,0.2283097833378222,0.10399953965513607,COMPLETE,9.586441344789982,241.58478882832472,299.3652818849363,1894.4066875963576,110.18684326147113,7174.827241249644,5479.149396796843,2.315938407896209,53.79903877003189,32.07933487544523,-0.7180095844403827,35.80176807919219,1.0222033437981788,False
845,9.790190953321387,292.8982065522873,6035.0094060788815,112.42823888330305,0.47520574203827937,0.5247942579617206,0.5409261230079053,0.02602291066553935,0.09858524628280477,0.3505970815674117,COMPLETE,9.579897565408508,241.55451685538333,299.32776968163586,1893.903055638552,110.0132793217812,7164.50797479584,5905.377350877767,2.314067527936315,58.17424011405376,42.935775890084855,18.005679876102214,23.93902459315424,1.021951527819276,False
846,9.79122194964186,292.8937540727514,6228.239891570322,112.45179214721983,0.48132420733896253,0.5186757926610375,0.5409261230079053,0.0201222625870086,0.1472334230680953,0.3139680884850687,COMPLETE,9.580583379302912,241.55898944845717,299.3333119969977,1893.9719716429786,110.03261659877775,7165.658067650245,6094.25175880857,2.314276039431096,60.01187785402441,27.135566835343035,9.64594906191811,37.43016956791619,1.0219859858214893,False
847,9.800238443935745,292.85701369949186,5660.723770359928,112.65622332034916,0.4812236474710556,0.5187763525289444,0.5409261230079053,0.03171789988129867,0.4126873286458394,0.03681785560369445,COMPLETE,9.58686000986858,241.59282896245477,299.375244999882,1894.5147699763043,110.20338417183929,7175.810269629917,5537.474077945189,2.3161166306511776,54.34703371407414,23.08090543338384,14.264664202203218,39.99493087214846,1.0222573849881522,False
848,9.805863729211172,292.8403258714049,8185.640460815365,112.77918841566317,0.15764516891530517,0.8423548310846949,0.5409261230079053,0.037436344643452205,0.05801027810620571,0.06219847677371235,COMPLETE,9.59156926192003,241.59904927303256,299.38295303911144,1894.6839221902765,110.31454513991922,7182.414715388409,8006.753877192777,2.317314014716322,78.44260020380626,35.908846600351346,8.88642209951138,24.855230682195696,1.0223419610951383,False
849,9.792673169017089,292.88743814344247,5677.751580163682,112.48498547402912,0.49525257100033665,0.5047474289996634,0.5409261230079053,0.015247536223731437,0.22044662312074267,0.2595580834018099,COMPLETE,9.581542467299265,241.56540021908734,299.3412560491299,1894.0702950361886,110.05980151190218,7167.274735470301,5555.3388686793305,2.3145691408293287,54.67507215001842,32.71095796273405,7.359528534837901,28.865136564943306,1.0220351475180942,False
850,9.798779175035184,292.8629189655975,5318.213907399403,112.62315668808625,0.4812236474710556,0.5187763525289444,0.5409261230079053,0.027236146018824577,0.3713955633759705,0.08259135172741186,COMPLETE,9.585839128157824,241.58745236056583,299.3685824614504,1894.4280451675559,110.1757109567101,7174.16560649084,5202.642293985491,2.315818453709876,51.089216981065555,21.48408118197017,5.375564810673541,27.00768831709211,1.022214022583778,False
851,9.789108570769066,292.9026100282803,5937.301722708276,112.40371661706922,0.4812236474710556,0.5187763525289444,0.5409261230079053,0.031629897991480055,0.06929792191798793,0.3802946344897498,COMPLETE,9.579142985864046,241.5504684703442,299.32275303330175,1893.8380730332278,109.99278083733182,7163.28871105288,5809.953147508228,2.313846475779872,57.256061414795354,24.380912792986358,10.505355497364667,24.718546206643875,1.021919036516614,False
852,9.801089315585891,292.8534187703753,5412.630888492631,112.67561920946518,0.4812236474710556,0.5187763525289444,0.5409261230079053,0.024987018394772065,0.44969784821544384,0.006538242931961775,COMPLETE,9.58743590153648,241.59632560300687,299.3795779414948,1894.5694586631178,110.21940950163695,7176.76258841475,5294.6412415177,2.3162892857655653,51.94639134521742,20.57751534016706,11.057773768542766,30.802130847329956,1.022284729331559,False
853,9.796664244225788,292.87319569219693,5600.5538478837025,112.57395597104751,0.4849394133538195,0.5150605866461805,0.5409261230079053,0.12927544997172927,0.17266846982594977,0.182995287009997,COMPLETE,9.584578489574783,241.57555438969527,299.3538388204256,1894.2556247792622,110.13686801835577,7171.856769307714,5479.308732232005,2.3153998622105765,53.85334815813319,22.944373387756343,5.859727893061494,21.352731099017785,1.0221278123896311,False
854,9.803139543837856,292.84897649563106,6906.988272196071,112.71920614895028,0.3079315940911523,0.6920684059088478,0.5409261230079053,0.05921275146180707,0.1845551280013836,0.06416346045177272,COMPLETE,9.589361363016906,241.59467821282752,299.37753654051164,1894.5865314129103,110.26112557931772,7179.241285222256,6756.366792089744,2.3167386727645902,66.25205721443935,25.08902059141762,7.249234972649337,27.203633123731443,1.0222932657064552,False
855,9.791962062687361,292.89273689813746,6521.241546915475,112.46707175823506,0.4849571989073016,0.5150428010926984,0.5409261230079053,0.1434447196631354,0.009050538833393771,0.33246156949893046,COMPLETE,9.581353564018432,241.55699099107528,299.3308355631114,1893.962159889359,110.04809576741184,7166.578626871057,6380.980700022816,2.3144429365459076,62.82482136228437,48.80704142296872,3.674037233398765,29.458171678891063,1.0219810799446796,False
856,9.801012810227244,292.85364597918243,5355.504639209917,112.67394695700737,0.4849571989073016,0.5150428010926984,0.5409261230079053,0.024255783946864947,0.45435398873572114,0.006346904038096951,COMPLETE,9.587371882464236,241.5962404227315,299.37947238842054,1894.5671515368604,110.21789807423309,7176.672773444369,5238.7661957537475,2.316273002337965,51.39942299055518,43.68673334923055,9.266029040304765,31.817080304845533,1.02228357576843,False
857,9.809919303069883,292.82587062881316,9241.400619318649,112.86969305564588,0.010634705425193569,0.9893652945748064,0.5409261230079053,0.006268859370829952,0.0005750235583799615,0.0037908153291294406,COMPLETE,9.59465470527224,241.6093190352624,299.39567904839265,1894.8717758814926,110.39292965642368,7187.069852608757,9038.611347975513,2.3181579897193023,88.41985557137347,28.475237236065745,17.639866187621507,46.02435907618858,1.0224358879407462,False
858,9.80089204068661,292.8541106221036,5468.784311949479,112.67122799520186,0.4849571989073016,0.5150428010926984,0.5409261230079053,0.022401232230391633,0.452875924294862,0.009679560120838275,COMPLETE,9.58728433046971,241.59585300702932,299.3789923134479,1894.5606290277685,110.21558998598088,7176.535616589853,5349.593682188824,2.316248135840756,52.48916416379947,48.38713932872924,10.91904221239849,55.397365318485356,1.0222803145138843,False
859,9.793159120137537,292.8856221422673,6635.580586017956,112.49587793414514,0.4849571989073016,0.5150428010926984,0.5409261230079053,0.012867960312285683,0.2212835230983749,0.2508054384708934,COMPLETE,9.581901725427777,241.56683228400422,299.34303062492006,1894.0950869176916,110.06912413627356,7167.829100625549,6492.438271082393,2.3146696470682224,63.88738443537615,53.680767468436386,1.953149116973044,67.2821439202828,1.0220475434588459,False
860,9.803674135479397,292.84657380685434,5806.793356459882,112.73150312942676,0.47520574203827937,0.5247942579617206,0.5409261230079053,0.2524405050534104,0.21969035043928206,0.0030746335824880402,COMPLETE,9.589704763711218,241.5972190038349,299.3806850194363,1894.6248090093181,110.27108996495895,7179.8332840680205,5680.057613380371,2.316846001980458,55.682294989026516,23.894749678033264,12.528293832387947,42.11389879095309,1.022312404504659,False
861,9.797463412534954,292.8685529289624,5274.830586360216,112.59311426609182,0.4812236474710556,0.5187763525289444,0.5409261230079053,0.04202774583258062,0.30939683860338035,0.1297986929343818,COMPLETE,9.584958028376793,241.58186479087746,299.36165849747516,1894.3414323837471,110.15098797347737,7172.696110040821,5160.420370886528,2.315552034437558,50.70048933333807,21.600377529756624,-1.6804698820479333,31.052096123788573,1.0221707161918736,True
862,9.797341470410647,292.8707048655677,7094.459130409582,112.58911157384672,0.38359414446556345,0.6164058555344365,0.5409261230079053,0.022083595814323616,0.17042286169075727,0.1910872115374557,COMPLETE,9.585084155342866,241.5774541823146,299.3561929916289,1894.2890874253756,110.14989246520318,7172.630990979471,6940.759185232952,2.315540228370971,68.20328839710609,45.218153209826966,13.142405038562087,52.43727719666993,1.0221445437126877,False
863,9.786904363005037,292.91125935601957,7427.816464098275,112.35402376500143,0.4879260397312673,0.5120739602687328,0.5409261230079053,0.017984647353902098,0.035307670125128775,0.4346332821921367,COMPLETE,9.577565643711058,241.54298349092116,299.31347785092896,1893.714389873472,109.95080753133743,7160.791764801779,7268.937872045944,2.3133937801621136,71.68801374399433,26.632694513387552,10.511931230958615,57.91127604229467,1.021857194936736,False
864,9.795220095255274,292.87726180438057,6204.32238953166,112.54257179758186,0.4879260397312673,0.5120739602687328,0.5409261230079053,0.021264379188324155,0.27812592716069756,0.1885352755955879,COMPLETE,9.583341339830605,241.57447834014988,299.3525054091747,1894.2181381026367,110.10818239000605,7170.1514312539875,6070.117737327454,2.3150906849251713,59.686585128102614,28.675024964215993,14.063166408763788,50.43143787475842,1.0221090690513184,False
865,9.79888424802895,292.86280889284393,5683.511968125442,112.62530190060426,0.4812236474710556,0.5187763525289444,0.5409261230079053,0.04681574469699959,0.34838595264468936,0.08602094226437784,COMPLETE,9.585952808265448,241.58708709526107,299.3681298346461,1894.4257225176202,110.17793472282392,7174.297775882193,5560.0082756994925,2.315842415981487,54.59723106418465,18.12364267376543,6.663399858999782,60.254965758987304,1.0222128612588102,False
866,9.79801710384136,292.86585781837806,5494.884640853379,112.60599851065287,0.4879260397312673,0.5120739602687328,0.5409261230079053,0.024349642674704356,0.3619770230584019,0.10159877819519776,COMPLETE,9.585287478404977,241.5849905583901,299.36553186333174,1894.3866969907056,110.16115363732952,7173.3003610659225,5375.582465823843,2.315661584969921,52.80212730844029,46.41710905054025,7.96239702752753,30.614905287834254,1.0221933484953527,False
867,9.803980729346732,292.84606002016466,7618.854381468339,112.73790959752726,0.23993781015195442,0.7600621898480455,0.5409261230079053,0.009953329279409713,0.16668712308542452,0.06329716519815345,COMPLETE,9.59001187816953,241.59661343995253,299.37993462118806,1894.6232713567906,110.27743954289983,7180.21050825802,7452.5752378946045,2.3169143926146774,73.05847052534979,22.011158878871043,14.425733910794811,42.93775284006798,1.0223116356783952,False
868,9.797939134338854,292.86948697454034,7576.8099817394905,112.60175429229456,0.31375273160918504,0.686247268390815,0.5409261230079053,0.011398411820751608,0.08796348101799113,0.21439059338162547,COMPLETE,9.585655399247118,241.57678910581814,299.3553688469722,1894.2919604867934,110.16210645908079,7173.356995769597,7412.649590360152,2.315671852824968,72.83022690388522,30.261030719155215,10.153587771501275,48.59984090375675,1.0221459802433968,False
869,9.791983026298107,292.89065789500705,6161.662629381485,112.46903788752381,0.47520574203827937,0.5247942579617206,0.5409261230079053,0.013833392622015371,0.1683022551262146,0.2930697964801525,COMPLETE,9.58111393075067,241.56183507622697,299.33683822132485,1894.0176574606116,110.04703161639992,7166.515342932464,6028.972016842982,2.314431463186534,59.35294275822098,33.817176484280424,5.024622109554029,38.23769109247169,1.0220088287303057,False
870,9.799647664905317,292.85940994357463,5399.550419446805,112.64283178064144,0.4812236474710556,0.5187763525289444,0.5409261230079053,0.03023352945761164,0.39543728680099743,0.05555218033492602,COMPLETE,9.586447422172313,241.5906391894376,299.372531492878,1894.479510155117,110.19218458403148,7175.1446845817245,5282.078291933712,2.3159959602785456,51.85218824780794,46.91472489927846,7.17449725733521,23.832696312747657,1.0222397550775584,False
871,9.787480642452111,292.90922551326355,6219.85699499128,112.36684461857274,0.47520574203827937,0.5247942579617206,0.5409261230079053,0.021127715053626796,0.026419011916481168,0.4276585602236648,COMPLETE,9.578007060676391,241.54439648024098,299.31522878875944,1893.7405360945575,109.9619473549199,7161.454506049531,6086.738394764126,2.3135139349545657,60.018027058763344,45.72456725663967,16.73139779096073,27.37564250796469,1.0218702680472787,False
872,9.798626524843565,292.8663332767195,6956.901768831867,112.61760695388764,0.3841367069322591,0.6158632930677409,0.5409261230079053,0.0780660095972683,0.13689211974876375,0.1691783907211795,COMPLETE,9.586088866970755,241.58021140764734,299.35960967006696,1894.3429350222523,110.17486843777687,7174.1155310943805,6806.002701064577,2.3158093750552897,66.84963311172118,34.69308848955236,11.198299504752105,45.55679174876932,1.0221714675111262,False
873,9.799404385742342,292.86021564182505,5298.869999076368,112.63745277266753,0.4849571989073016,0.5150428010926984,0.5409261230079053,0.02312562254236812,0.4033199165483787,0.058511161960428514,COMPLETE,9.586254438632942,241.5901696847096,299.3719496954232,1894.469912304935,110.18743987841825,7174.8626995199065,5183.612600199553,2.3159448364701327,50.88975859381736,31.626707421328696,1.9196243161166389,59.15645047239761,1.0222349561524675,False
874,9.790234357602152,292.89779967733887,6476.3719712191105,112.42939451624663,0.4812236474710556,0.5187763525289444,0.5409261230079053,0.02003586600862693,0.11793108259415534,0.3432562675294577,COMPLETE,9.579898456156377,241.55522976104962,299.32865309489534,1893.9119271270786,110.0139326201568,7164.546831605222,6337.2319377012445,2.3140745726643783,62.42665815843689,29.19552437247237,4.585365076248081,43.72841403176897,1.0219559635635393,False
875,9.79321128027961,292.88540716001864,5574.23971863539,112.49706211641069,0.4849571989073016,0.5150428010926984,0.5409261230079053,0.012785211713207664,0.2229791008556445,0.24919261109414126,COMPLETE,9.581937728718978,241.56703392794296,299.3432804965897,1894.098293589908,110.07011010105576,7167.887729185889,5453.984024266993,2.314680276408894,53.66768300845627,24.111433313739703,-1.921179221214016,31.366466726017876,1.022049146794954,True
876,9.801087320856915,292.8534250241987,5227.543479243027,112.67557536208446,0.48132420733896253,0.5186757926610375,0.5409261230079053,0.024992239857354735,0.44979182023126685,0.006539609209053594,COMPLETE,9.587434274399874,241.59632259492648,299.3795742139636,1894.5693895451325,110.21937033611958,7176.760261052998,5113.58871552511,2.3162888638155668,50.17009433736969,47.311883813362364,5.428074094206684,44.66144705252004,1.0222846947725663,False
877,9.787480642452111,292.90922551326355,7120.181982646272,112.36684461857274,0.47520574203827937,0.5247942579617206,0.5409261230079053,0.021127715053626796,0.026419011916481168,0.4276585602236648,COMPLETE,9.578007060676391,241.54439648024098,299.31522878875944,1893.7405360945575,109.9619473549199,7161.454506049531,6967.794450319446,2.3135139349545657,68.70564311075168,47.781746590989314,13.92369471199481,47.91916626796787,1.0218702680472787,False
878,9.80113655728929,292.8583813116487,7902.6819295959485,112.67283624015711,0.2106785011385351,0.789321498861465,0.5409261230079053,0.01123607366426966,0.021025491544219822,0.17841669403609878,COMPLETE,9.58812598914461,241.5841952670029,299.36454635993374,1894.432158773434,110.22408912580956,7177.040666311674,7730.93095379325,2.3163397012061364,75.87508170287262,39.40446306510245,5.621755988560114,27.687418165662486,1.022216079386717,False
879,9.80621943853789,292.8392621029295,8734.567247074987,112.78697245918491,0.11938857288415117,0.8806114271158488,0.5409261230079053,0.016225698207330844,0.035548871126278185,0.06761339152126573,COMPLETE,9.591865927706577,241.59946302178176,299.3834657452778,1894.6948513348464,110.32156938777807,7182.831940527705,8543.638911569386,2.3173896575108337,83.69341256849238,36.34434194698087,13.735390618453085,62.23911501807659,1.0223474256674232,False
880,9.791005571009011,292.8946177894714,6582.199772844692,112.44690166790078,0.4812236474710556,0.5187763525289444,0.5409261230079053,0.018676303410017515,0.14258282379400414,0.31996411819733606,COMPLETE,9.580430427196166,241.55821992505474,299.3323584245836,1893.9594328069188,110.0285063030632,7165.413614291355,6440.636411071545,2.3142317201093374,63.4276881469372,66.94578293417158,9.246427245425991,45.552559033195564,1.0219797164034594,False
881,9.806339825400139,292.8384603500613,8353.4824798526,112.78993739581445,0.14361949582704087,0.8563805041729591,0.5409261230079053,0.026650124011168983,0.06588795881709572,0.05108132305819685,COMPLETE,9.591910006257676,241.60065730999253,299.38494567465835,1894.7105569177716,110.3236221031066,7182.953864936587,8170.8214902013015,2.317411762370149,80.03538741324236,60.35447666148786,4.716480913404066,36.100716457326676,1.0223552784588859,False
882,9.791265948364554,292.89487316155015,6914.429044529093,112.45181831081247,0.47520574203827937,0.5247942579617206,0.5409261230079053,0.08897927437690682,0.04551203987163218,0.34071364422897044,COMPLETE,9.580779587645841,241.55605087547315,299.3296705974958,1893.9392971716268,110.03440118443991,7165.7642016840455,6765.787079975592,2.3142952815000735,66.62808270132597,31.649275566707907,6.630480606023363,49.02177874873591,1.0219696485858134,False
883,9.79054524761906,292.89669659020404,7187.228270487891,112.43631751697188,0.47520574203827937,0.5247942579617206,0.5409261230079053,0.022599853716836486,0.11365886095936024,0.33894654082488324,COMPLETE,9.580135806864593,241.5560058511649,299.32961480460096,1893.9261916524606,110.01993905276011,7164.904076277507,7032.766936341479,2.3141393410179383,69.27125558776756,32.84220772002307,10.780165256929687,60.55476943493565,1.0219630958262302,False
884,9.809543568619747,292.82727069276524,9194.324655430317,112.86126120010601,0.02104659481818094,0.9789534051818191,0.5409261230079053,0.008870396796361965,0.0006827744421872095,0.011493385380183664,COMPLETE,9.59437663136673,241.6082225128599,299.39432026773557,1894.8527185288044,110.38571157467565,7186.641249065071,8992.65220631175,2.318080284023436,87.98299676395888,32.94701736240998,7.704215647753914,47.94148804180872,1.0224263592644023,False
885,9.79148864505313,292.8927497661451,6620.166807622281,112.45777493076213,0.4812236474710556,0.5187763525289444,0.5409261230079053,0.02517790436429263,0.14819711400818172,0.30784808706024636,COMPLETE,9.58077958077391,241.55979385661553,299.33430879764995,1893.9857868564386,110.03772692932206,7165.961990298322,6477.703367794755,2.3143311405174174,63.78200374883596,52.609421358093385,9.537784018867635,47.97662482531627,1.0219928934282192,False
886,9.791968844944556,292.8907154471107,6949.150289275932,112.46871663663133,0.47520574203827937,0.5247942579617206,0.5409261230079053,0.013801917353699646,0.16791931517916153,0.2934842123731315,COMPLETE,9.581104027176254,241.5617823893128,299.3367729331377,1894.016809998137,110.04676290967865,7166.499363179927,6799.504050343172,2.314428566062119,66.93887974105428,44.21411313342534,9.011693437609656,61.47537935032163,1.0220084049990685,False
887,9.797515408183555,292.8695025394804,5772.014239547943,112.59342495290383,0.4849571989073016,0.5150428010926984,0.5409261230079053,0.11719981676256874,0.21590091298882214,0.1518559644469985,COMPLETE,9.585142297517649,241.57928587926762,299.3584627805395,1894.3129802508843,110.15282497407617,7172.805304084791,5646.898782435539,2.315571831285476,55.482203048738185,27.67151798584716,7.438354144687169,30.878309277072105,1.022156490125442,False
888,9.789219325676939,292.9020896328631,6784.976530518537,112.40627796099105,0.49525257100033665,0.5047474289996634,0.5409261230079053,0.045017915582667295,0.07775939496705477,0.3724742912898914,COMPLETE,9.579211297245099,241.55104966775167,299.32347323727885,1893.8466220057674,109.99482715653002,7163.410432480468,6639.418493996358,2.3138685438387387,65.42717882420835,45.57936007389519,9.668495040554289,47.21645234925855,1.0219233110028836,False
889,9.801015579500568,292.853649945953,5040.3921480893505,112.6739983757911,0.4849394133538195,0.5150605866461805,0.5409261230079053,0.02517995552691679,0.45317018780376755,0.006588727940642207,COMPLETE,9.587375753603801,241.59621440768387,299.379440151283,1894.5669036840372,110.2179617333799,7176.676556333757,4930.523074600528,2.3162736881746935,48.375126117224546,19.87840657571055,3.8285981604274837,31.027203353019992,1.0222834518420185,True
890,9.796531800301102,292.8719899129065,5796.14516125502,112.57225789187271,0.4849571989073016,0.5150428010926984,0.5409261230079053,0.023644860014426533,0.31094484655484517,0.15036703482888586,COMPLETE,9.584263760534588,241.57922663334807,299.3583893646118,1894.295116468012,110.13307910881973,7171.631534022889,5670.556187865075,2.3153590271199698,55.73086814430426,37.337038841649,14.062074018222516,30.089512415857172,1.022147558234006,False
891,9.798228772309285,292.8655004071321,5563.262073815013,112.61042112307031,0.4812236474710556,0.5187763525289444,0.5409261230079053,0.047132194387515945,0.32691009542603316,0.10718044568721365,COMPLETE,9.585499197948101,241.5845786181129,299.3650213981746,1894.3857059435613,110.16553363260415,7173.56070131706,5442.477960632537,2.315708784580551,53.45645605721915,31.651365017786127,9.620911988918909,23.675894112599913,1.0221928529717808,False
892,9.80547414104333,292.84236053400724,8977.197828102111,112.7700127972315,0.10912694393253208,0.8908730560674679,0.5409261230079053,0.004708130595195671,0.008132348683181823,0.09628636329594659,COMPLETE,9.591355217084864,241.59652053553233,299.37981949656415,1894.6483148861093,110.30749100097735,7181.995701753191,8781.165702427566,2.3172380476680283,86.04645142927949,57.242906508705936,12.96099149468478,65.99648474309186,1.0223241574430546,False
893,9.799573316470195,292.8615052094641,6131.325409346608,112.63980556292016,0.393172507207776,0.6068274927922239,0.5409261230079053,0.03173742715773916,0.244923118698617,0.11651127809748732,COMPLETE,9.586624156172366,241.58608089079993,299.3668829735188,1894.4263083289272,110.19209164353755,7175.139161043812,5998.088935138218,2.315994958862754,58.88989187657364,48.373128220321874,-0.8810510218641636,29.603862770515505,1.0222131541644637,False
894,9.799398326944791,292.8603878313252,5290.425651732211,112.63720510222926,0.4849394133538195,0.5150605866461805,0.5409261230079053,0.03213377650127332,0.3909516051961915,0.061853339869681126,COMPLETE,9.586269023133237,241.5897948045535,299.3714851541574,1894.4655378014616,110.18743336055928,7174.862312149576,5175.363002128496,2.3159447662400066,50.809279746721884,30.434523824848505,5.278209641043411,29.54152023944347,1.0222327689007307,False
895,9.788576354887038,292.9051595511032,6080.236534244721,112.39137226787636,0.47520574203827937,0.5247942579617206,0.5409261230079053,0.04563670809149372,0.024941644970125777,0.40462640649436493,COMPLETE,9.578820951712416,241.54755864596257,299.3191472582839,1893.7956621659418,109.98298347376664,7162.705918118013,5949.94562988856,2.3137408155929298,58.64786092099977,44.458980649723344,5.652313323776815,23.654083916552192,1.021897831082971,False
896,9.796295619267566,292.8747232029126,7139.158299389899,112.56557852168845,0.47520574203827937,0.5247942579617206,0.5409261230079053,0.11816173962628318,0.15991425842801157,0.19712946101660092,COMPLETE,9.584325135533655,241.57411004799633,299.35204903158194,1894.2327405918304,110.1299047672031,7171.442829397816,6984.682475365329,2.3153248150271843,68.65866240581673,48.497078578055195,4.450165261672678,78.54923562593163,1.0221163702959153,False
897,9.797016841671924,292.8719611193783,6106.732240432369,112.58180004128464,0.49525257100033665,0.5047474289996634,0.5409261230079053,0.15485776539831184,0.16641570152027663,0.17397892793052475,COMPLETE,9.584849706461691,241.57639476646773,299.3548801924035,1894.2713535856901,110.14369481215304,7172.262584943392,5974.483015399151,2.315473436465452,58.712816612347055,41.03106933444429,18.30608178771316,24.55660257995307,1.0221356767928451,False
898,9.792955795422246,292.88664969871525,6720.547494828251,112.49112022316656,0.4812236474710556,0.5187763525289444,0.5409261230079053,0.019829455057070112,0.19953142971635573,0.26186233580249807,COMPLETE,9.58178554742158,241.5655933056,299.3414953166706,1894.0774314882242,110.0654197245997,7167.608822394039,6575.629074809798,2.314629710689917,64.71152320541154,19.82643214894184,15.35846416972097,57.319207269324515,1.0220387157441122,False
899,9.807434183430052,292.8347156298032,8821.61959217863,112.81424036225597,0.08351697304603761,0.9164830269539623,0.5409261230079053,0.002571269987036564,0.037175041098883185,0.04377060660495876,COMPLETE,9.5927624989591,241.60305659718176,299.38791880591054,1894.757010192683,110.3448867517272,7184.216848732829,8628.52607738202,2.3176407409593383,84.48632994312196,30.734632943130975,3.0168520101301213,61.69750857904408,1.0223785050963416,False
900,9.790068943060419,292.89833175925406,6349.51217227055,112.42575209839308,0.4849571989073016,0.5150428010926984,0.5409261230079053,0.016135442797837716,0.12451995405890587,0.3443014546813561,COMPLETE,9.579765175498409,241.55494792115223,299.32830384658075,1893.905829362058,110.0106966606023,7164.354362455494,6213.116163235713,2.3140396780643857,61.20710849614772,55.38636241901484,4.629839394236816,39.98387531431462,1.0219529146810291,False
901,9.808030282407712,292.8316750299931,8337.19580235085,112.8282279216359,0.1158358506917217,0.8841641493082784,0.5409261230079053,0.005331285307578713,0.10820080516250052,0.0023036454479516697,COMPLETE,9.59309922437592,241.60675162407614,299.39249758246837,1894.8095142153131,110.35573449484193,7184.861089438137,8154.496293558389,2.31775754160891,79.82200498238193,59.423862856365744,5.9709724017934604,57.003555740980346,1.0224047571076567,False
902,9.799442426883541,292.8601120437533,5589.38391124833,112.63827713684344,0.4879260397312673,0.5120739602687328,0.5409261230079053,0.029979517771414384,0.40023920451455247,0.05770667203622831,COMPLETE,9.586287468921297,241.5901896519066,299.37197443822924,1894.4708045013865,110.188198226009,7174.907769666468,5467.805066173582,2.3159530076743917,53.67911243806121,46.80982601619681,11.981281392622765,31.402544923254702,1.0222354022506932,False
903,9.795676097895143,292.87865035356276,7078.202986202923,112.5504826107792,0.32482332449618423,0.6751766755038158,0.5409261230079053,0.016356141068043707,0.028251944075717222,0.2802148872319552,COMPLETE,9.584072755046465,241.56843300075084,299.34501418945814,1894.1572905917808,110.11919985687206,7170.8064366046365,6925.301706263312,2.3152094372017635,68.09902600738032,34.01630167471779,5.370973727894345,25.438403698275224,1.0220786452958903,False
904,9.79352229249207,292.88422932645767,5642.797342217715,112.50404530459915,0.4849571989073016,0.5150428010926984,0.5409261230079053,0.018474589393391323,0.22476879984525533,0.24171341194152385,COMPLETE,9.582165665256026,241.56798765610537,299.3444623305188,1894.1145842431847,110.07606537502667,7168.241843024999,5521.018621670771,2.3147444771433245,54.32140379393426,62.751087334786206,6.378868778659788,23.748963601573887,1.0220572921215925,False
905,9.787480642452111,292.90922551326355,6252.539508135842,112.36684461857274,0.47520574203827937,0.5247942579617206,0.5409261230079053,0.021127715053626796,0.026419011916481168,0.4276585602236648,COMPLETE,9.578007060676391,241.54439648024098,299.31522878875944,1893.7405360945575,109.9619473549199,7161.454506049531,6118.721430347514,2.3135139349545657,60.33339443133129,42.93658261311559,1.7556143995610802,29.191735107830148,1.0218702680472787,False
906,9.78707901549783,292.91050833058733,7121.830836685276,112.35800999351477,0.49525257100033665,0.5047474289996634,0.5409261230079053,0.024937928728353972,0.043075256251867616,0.4272388491480558,COMPLETE,9.577682254113515,241.54373374110358,299.3144075404944,1893.7259779200508,109.95408504604342,7160.986757300247,6969.457660790058,2.3134291322444875,68.72999351718052,34.616764717283615,13.406369835871438,52.09557481890522,1.0218629889600255,False
907,9.802009280278742,292.8548007766712,8038.669442355505,112.6926522632937,0.2563442555082543,0.7436557444917458,0.5409261230079053,0.06858052351333138,0.04845534476671371,0.1393077833009668,COMPLETE,9.588730219975387,241.58752822496206,299.36867647054123,1894.4853605035312,110.24060571951358,7178.022087953225,7863.758379150909,2.3165176326598504,77.15133718324195,25.40877245461455,14.27967397845596,60.86322945469861,1.0222426802517657,False
908,9.789646835260013,292.90046349901036,6107.253932792853,112.4158787589533,0.49525257100033665,0.5047474289996634,0.5409261230079053,0.05231365189895649,0.08041693975531336,0.36252152379836233,COMPLETE,9.579523762109718,241.55237824365858,299.32511957231014,1893.8692106973842,110.00300623012576,7163.896938184885,5976.169023759608,2.3139567471792417,58.88268412845684,43.85061618052828,-2.2466975668412257,32.25018723167951,1.0219346053486922,False
909,9.787467584936238,292.9092147395539,7170.773717065448,112.36659663888616,0.4812236474710556,0.5187763525289444,0.5409261230079053,0.024827667944202606,0.03104559360117506,0.4253498514273497,COMPLETE,9.577989807487166,241.5445004528223,299.31535762874665,1893.741490993303,109.96165330506018,7161.43701256899,7017.300131809035,2.313510763391711,69.1937502694832,43.227698109912915,5.89083018018785,50.899860050706344,1.0218707454966514,False
910,9.794853145892652,292.8807115587237,6849.586138325726,112.53279096810309,0.4812236474710556,0.5187763525289444,0.5409261230079053,0.12958907405430836,0.10957765504453255,0.24205633062990373,COMPLETE,9.583335096117834,241.56843120312985,299.34501196189524,1894.1428892245465,110.10266607222633,7169.823465677775,6701.670587151707,2.315031224863081,65.91211063368688,46.79053061426394,-2.3541148844501514,57.29019789341335,1.0220714446122732,False
911,9.793752823376478,292.88332727562437,5702.866187983213,112.50924325399525,0.49525257100033665,0.5047474289996634,0.5409261230079053,0.03364852032613463,0.22842728422980074,0.2331764734328137,COMPLETE,9.582330917503135,241.56876388364634,299.3454242105185,1894.1274482573249,110.08045838816213,7168.503055375323,5579.75599109054,2.314791834865279,54.89460095085669,33.23821924126914,8.429267655477055,29.148329164695813,1.0220637241286625,False
912,9.790991529991217,292.8962077798323,7715.436016492285,112.44543709481643,0.49525257100033665,0.5047474289996634,0.5409261230079053,0.1259196973287398,0.020802647437894888,0.348529866591848,COMPLETE,9.580616120080853,241.55450288466992,299.3277523695088,1893.9168853596836,110.02936362065284,7165.464602270998,7549.657299430295,2.3142409642149855,74.35502172953743,46.26912591508772,13.235569183255297,66.79865819802608,1.0219584426798418,False
913,9.80163485898712,292.85593113324177,6199.687116213416,112.68445400759968,0.4805952819119571,0.5194047180880429,0.5409261230079053,0.3188727889568645,0.07064207096481974,0.09108006118705762,COMPLETE,9.588419247754992,241.58706731576225,299.3681053244306,1894.4735687338764,110.23322162818091,7177.583331580818,6064.824912412856,2.3164380862591356,59.50474556659621,31.813732328973913,7.01125484230613,28.130889596335763,1.0222367843669382,False
914,9.80017258277639,292.86148983579676,7046.611086236736,112.65158319417759,0.4812236474710556,0.5187763525289444,0.5409261230079053,0.29077804009559344,0.0613652625526813,0.12908003140071195,COMPLETE,9.587350619281542,241.58253490855128,299.3624888890213,1894.396407713896,110.20522514040992,7175.9196741762125,6893.585861967409,2.3161364656631043,67.67279216429145,41.456490864112055,1.1909498103515506,72.40844419087216,1.022198203856948,False
915,9.786931647570055,292.9114668602291,6383.569078953593,112.35440353701635,0.47520574203827937,0.5247942579617206,0.5409261230079053,0.02069237785491513,0.011308921340476414,0.4432039973704659,COMPLETE,9.57762529031383,241.5423237312969,299.31266029479536,1893.7073597915562,109.95155739760679,7160.836377604336,6247.048089707591,2.3134018684500393,61.61053814373904,64.01658343412939,4.1632279767986,30.097261757055108,1.021853679895778,False
916,9.797642208164039,292.86821787119646,6265.018171977936,112.5968745839122,0.47520574203827937,0.5247942579617206,0.5409261230079053,0.058768892868640746,0.2825242573515319,0.13391225386239414,COMPLETE,9.58513264688066,241.58159594578498,299.36132535196845,1894.341496171685,110.15466329355009,7172.914575636245,6129.130757958058,2.3155916421854763,60.21522855920093,60.92467616393863,10.817216413992725,50.715379274133,1.0221707480858426,False
917,9.794212928355527,292.8814801489883,6076.415975076356,112.5196528717264,0.49525257100033665,0.5047474289996634,0.5409261230079053,0.03587131973136711,0.23951736090697728,0.21986357447540963,COMPLETE,9.582654767900951,241.5704248111645,299.3474823866027,1894.1543947014004,110.08919205260197,7169.022351507028,5945.163428777079,2.314885983100564,58.47977684998952,45.84581448815809,11.352990387210465,41.34368408520318,1.0220771973507001,False
918,9.794368658399021,292.88314145515363,6152.041028987376,112.52146640833615,0.47520574203827937,0.5247942579617206,0.5409261230079053,0.14853420425702432,0.05910710310104425,0.2675640506082461,COMPLETE,9.583055931523653,241.56552332669742,299.34140860072296,1894.1013239169877,110.09382469624164,7169.297796340576,6019.311231792161,2.314935921167523,59.21299036827459,25.948789860259964,5.65943196050161,30.601149056371177,1.022050661958494,False
919,9.79395206349333,292.88273079915564,6169.035992582442,112.51359882517552,0.4812236474710556,0.5187763525289444,0.5409261230079053,0.029460840119016243,0.21688269534449048,0.23487985257231836,COMPLETE,9.582497087851708,241.56899715186552,299.34571327013407,1894.1335851611575,110.08438943710723,7168.736794629452,6035.844269048671,2.3148342117230087,59.37828048082575,32.38205292103144,6.571412531380178,45.68479538348569,1.0220667925805786,False
920,9.799809469774987,292.85856566777505,5479.153859501678,112.64663994834946,0.4849394133538195,0.5150605866461805,0.5409261230079053,0.02366895183089443,0.4157102985037148,0.0455596534661095,COMPLETE,9.58653646322207,241.59168772041573,299.3738308038708,1894.494277442353,110.19511396164881,7175.31877898881,5359.91117212229,2.316027523543125,52.61241315618082,59.05536574324842,4.264907858752551,77.38871674888858,1.0222471387211765,False
921,9.80540970242548,292.8425817888963,8862.377157701172,112.76858140186502,0.11222028591833033,0.8877797140816697,0.5409261230079053,0.005650735919359669,0.009760509799729327,0.09680891854831104,COMPLETE,9.591305113207518,241.59637743651948,299.37964217217,1894.645559012221,110.3062395384989,7181.921363911581,8668.86401766635,2.317224570239303,84.94792014261344,32.32464582374583,9.085274421539937,58.10196473835277,1.0223227795061105,False
922,9.78970219694787,292.8999952663133,6714.6292093476295,112.41731476177861,0.4812236474710556,0.5187763525289444,0.5409261230079053,0.02096786433562239,0.10103198462008364,0.3592233471121627,COMPLETE,9.579531367821827,241.55316632097464,299.326096136228,1893.8791462872637,110.00387666363376,7163.948712065255,6570.47577548296,2.3139661337684596,64.73661314156855,44.10998077236462,6.754648690039527,46.88832638965103,1.0219395731436318,False
923,9.793109113068285,292.8859754944176,6210.7039796171985,112.49463254294471,0.4812236474710556,0.5187763525289444,0.5409261230079053,0.017086402562371733,0.20787959698801203,0.2562572800788905,COMPLETE,9.581885982204337,241.56628709932733,299.3423550469366,1894.0880075710008,110.0682868118018,7167.77931048359,6076.748121033601,2.314660620130193,59.79849588647485,23.764735336744796,7.244048850351728,45.321713089106375,1.0220440037855005,False
924,9.796934608291028,292.8702900016657,6078.885050223531,112.58143535656788,0.4812236474710556,0.5187763525289444,0.5409261230079053,0.01602114741302902,0.3277174998477567,0.13748460819436936,COMPLETE,9.584536689564194,241.58087804654494,299.3604357508085,1894.320956892595,110.14066551241906,7172.082511118787,5947.0945887709795,2.315440789134243,58.43981934209253,60.012698884547135,11.72985724581999,53.714706351732985,1.0221604784462974,False
925,9.800352841819421,292.8579813441768,5782.401823174612,112.65774630236417,0.49525257100033665,0.5047474289996634,0.5409261230079053,0.13747207471417836,0.2971642563473182,0.06061588447075067,COMPLETE,9.58712239636984,241.58983517121317,299.37153517542123,1894.482679292865,110.20660379605627,7176.001603940871,5656.5916471100645,2.316151319505236,55.5174671847615,33.717793184453,13.701879387322968,29.754007025523983,1.0222413396464325,False
926,9.794482316361657,292.8803742502631,6036.406471925355,112.52576608276627,0.48132420733896253,0.5186757926610375,0.5409261230079053,0.018576337851402315,0.2480019438981144,0.21474552567183994,COMPLETE,9.582841263225571,241.57145557809483,299.34875968487194,1894.1708356264369,110.09428773919741,7169.325327349067,5905.970642688967,2.31494091253123,58.08877736827959,38.05476981867911,14.771497131972092,34.637502170027034,1.0220854178132184,False
927,9.794978463149544,292.8781796140729,5639.953400765953,112.53714351464261,0.4812236474710556,0.5187763525289444,0.5409261230079053,0.008718831860138105,0.27643558838817683,0.19606889655029816,COMPLETE,9.58316461253944,241.57373099536855,299.35157931990307,1894.2054079573984,110.10355718322012,7169.876446077699,5517.990881749483,2.315040830193938,54.2623797424084,53.103348065649186,4.85793429973303,31.430248595906882,1.0221027039786992,False
928,9.796121838914802,292.8740156737666,5910.203526089263,112.56269673937594,0.4849571989073016,0.5150428010926984,0.5409261230079053,0.04452707922226293,0.26992953486234267,0.17050019271259265,COMPLETE,9.584023672919805,241.57683957182348,299.3554313830698,1894.2607767329066,110.12557499564338,7171.185433823026,5782.240302565334,2.3152781492855063,56.83820881376781,70.73679680518796,2.8241531729368483,40.97255664893412,1.0221303883664532,False
929,9.804989533859828,292.8421899049004,7174.524024061697,112.7606204598208,0.2900431039189056,0.7099568960810945,0.5409261230079053,0.08976199146824304,0.17679155549070896,0.023487624533819727,COMPLETE,9.59074449625185,241.59982321301806,299.3839120844348,1894.6774570403181,110.29673171341402,7181.356578305067,7017.756271883449,2.317122174775673,68.76815407275576,35.90200927532498,8.105268129527122,36.644209721990535,1.022338728520159,False
930,9.793315435298654,292.8872508630285,6757.720038076241,112.49772694383466,0.4387304313151902,0.5612695686848098,0.5409261230079053,0.09076258643616156,0.04425868732222496,0.30370881583025294,COMPLETE,9.58229945996425,241.56200447343477,299.33704813372503,1894.0428680435314,110.07374522581571,7168.103882901448,6612.1118531574,2.3147194650136758,65.0697252825183,56.00321502165483,5.143048541424113,31.78925760885982,1.0220214340217657,False
931,9.794155903560432,292.8816027939509,6111.80358457752,112.5184421604802,0.4812236474710556,0.5187763525289444,0.5409261230079053,0.01199048974756026,0.24668735584412307,0.22254554374410407,COMPLETE,9.582601079633232,241.5704729096417,299.34754198892387,1894.1539457124718,110.08803167342946,7168.953357521914,5979.787967923624,2.3148734745114425,58.82155402086898,20.669420182925617,7.45383068485452,47.045104902120556,1.022076972856236,False
932,9.796033091569083,292.87737706667116,6471.291862632863,112.55844118590774,0.49525257100033665,0.5047474289996634,0.5409261230079053,0.23785498249931653,0.023574573459446625,0.23382272121790534,COMPLETE,9.58434439249928,241.56933976657197,299.3461378289346,1894.1738506883098,110.12609436130622,7171.216309251107,6331.449607824563,2.3152837469914975,62.24807627095061,30.629743061524152,-0.4007572143000817,42.61058948820808,1.022086925344155,False
933,9.792016361345722,292.89011126985474,6200.611570289502,112.47010060613464,0.49525257100033665,0.5047474289996634,0.5409261230079053,0.014314907257096552,0.201929921276366,0.2790074342907693,COMPLETE,9.581084760728665,241.56294204544852,299.3382099473953,1894.0308390719244,110.04736176798659,7166.534976731108,6067.043071722772,2.3144350227884285,59.72538256543466,19.555170543851983,16.030038609286223,40.034422429978385,1.0220154195359623,False
934,9.79602733693327,292.87469538657433,5972.089434010451,112.5603337377818,0.47520574203827937,0.5247942579617206,0.5409261230079053,0.050139721306988065,0.24322314789563418,0.18184243130004216,COMPLETE,9.5839954525798,241.5757810892939,299.3541197403858,1894.2470753252276,110.12400124860065,7171.091876735679,5842.825464784219,2.3152611874132063,57.436819346072866,51.84273287997082,7.591800062042912,33.932982493634114,1.0221235376626139,False
935,9.808573773562031,292.8307446988834,9007.461957418653,112.83960384275589,0.04349337995570507,0.9565066200442949,0.5409261230079053,0.0013121348378107437,0.013113869258289279,0.029067343753432697,COMPLETE,9.593641074786472,241.6057254160587,299.3912259334796,1894.8073254148385,110.36697926526026,7185.5288767708935,8810.083811286495,2.3178786112550824,86.22827444780006,53.39900407091443,3.0438223389200725,33.13538818482334,1.0224036627074193,False
936,9.793038554668684,292.8880380517557,7637.271639789255,112.49170572603428,0.4805952819119571,0.5194047180880429,0.5409261230079053,0.12152838907512827,0.06384468562885268,0.29522188112229464,COMPLETE,9.58206320368725,241.56177998141334,299.3367699493343,1894.0354747191082,110.0682518648488,7167.777232415687,7472.738838682602,2.3146602433770957,73.54421277455636,42.694543582192594,13.043141959015012,72.02622668035048,1.022017737359554,False
937,9.789019807007875,292.9033398781921,6706.224742625419,112.40142992279162,0.4879260397312673,0.5120739602687328,0.5409261230079053,0.06116645816984635,0.03799476477154314,0.3887633201290227,COMPLETE,9.57912812847443,241.54925471874805,299.3212489854249,1893.8227103173476,109.99136995139747,7163.204786528511,6562.432943691219,2.3138312602883944,64.67467838006745,50.5176686026452,9.214225797526915,39.914871280528864,1.0219113551586738,False
938,9.79459774015489,292.882749570745,6842.174266153893,112.52625473420343,0.4879260397312673,0.5120739602687328,0.5409261230079053,0.19704739863942336,0.021854314756486685,0.26902405395227735,COMPLETE,9.583284473551643,241.5650891280684,299.3408705536232,1894.100384828696,110.09856029515264,7169.579356786151,6694.557974683123,2.3149869679931365,65.85146395122625,48.78468271398478,1.1492958549164372,39.1303624815101,1.022050192414348,False
939,9.7994461431973,292.8602736118861,6167.3789431919595,112.63822933579128,0.4805952819119571,0.5194047180880429,0.5409261230079053,0.03179270355417413,0.38575395218355996,0.06304784824958407,COMPLETE,9.586312580430548,241.58978170475547,299.37146892124497,1894.4662243127443,110.18839831766365,7174.9196614970715,6033.241214601282,2.3159551636597673,59.23078304583022,39.83993079867461,19.707482295243757,64.5361865887866,1.0222331121563721,False
940,9.801635997862059,292.85394497679243,5998.099873425569,112.68596174109045,0.47520574203827937,0.5247942579617206,0.5409261230079053,0.18916443145626366,0.23653941546128224,0.04949782272567002,COMPLETE,9.588167396302618,241.59180263793928,299.373973206532,1894.527508278956,110.2317883078495,7177.498163256341,5867.468008268232,2.316422645267066,57.562783321390945,31.576974620736664,11.149422539339646,43.946086382330535,1.0222637541394781,False
941,9.80730272636787,292.8351948800017,8569.185038324624,112.81129888815158,0.11009160097490567,0.8899083990250943,0.5409261230079053,0.0311400098484026,0.03810039559007898,0.04085114996070445,COMPLETE,9.592663849485021,241.60269817280388,299.38747465619633,1894.7506303255632,110.34235394287651,7184.066422348517,8381.64313167151,2.3176134687002965,82.07234028100532,39.37179877189149,13.77906229308006,26.281736479464772,1.0223753151627817,False
942,9.799763707988395,292.85877255847123,5337.008554274737,112.64558674957264,0.4879260397312673,0.5120739602687328,0.5409261230079053,0.028538953443270586,0.4126119670519108,0.04677450483996384,COMPLETE,9.586507215977388,241.59146730480833,299.37355767086126,1894.4909678168465,110.19426206598325,7175.268150627145,5220.867823127353,2.3160183446361104,51.24847912695801,53.78986980673251,5.365143230814477,39.15910499358603,1.0222454839084232,False
943,9.78843715343627,292.9054052626532,6413.640800916512,112.38845866345348,0.47520574203827937,0.5247942579617206,0.5409261230079053,0.026809836227538568,0.04630859997040552,0.4020867286692262,COMPLETE,9.578683013959719,241.54780462804374,299.3194520725706,1893.7960289887164,109.98011256442652,7162.535138231233,6276.204386295851,2.313709853249903,61.86577796158905,23.265715370352282,5.810849062595068,35.080897752762574,1.0218980144943581,False
944,9.79068476877141,292.89714648899525,6518.435344854915,112.43871775750993,0.42560345702438435,0.5743965429756157,0.5409261230079053,0.021430819947844237,0.03701743119874409,0.367154744507946,COMPLETE,9.58036283046733,241.55409502633228,299.3272469625798,1893.9068837007335,110.02332704504269,7165.105579747063,6378.407349998764,2.314175873537447,62.827078801788495,37.466154421069575,2.628445172350095,28.93849711672355,1.0219534418503669,False
945,9.80125321816985,292.8537633497567,6198.614758184763,112.67858041026398,0.4812236474710556,0.5187763525289444,0.5409261230079053,0.08786674011521266,0.3703633132626022,0.022991702468711125,COMPLETE,9.58767901928759,241.5945237239041,299.377345102051,1894.551804133745,110.22325791153499,7176.99127338132,6063.543849221321,2.3163307462824534,59.489603749614176,70.84739517506951,16.52088286033548,39.06799013814083,1.0222759020668726,False
946,9.797980723674296,292.8683344828674,6003.179455744938,112.60343261539414,0.49525257100033665,0.5047474289996634,0.5409261230079053,0.17501266477386765,0.16986635867106728,0.15037319409909083,COMPLETE,9.585559002636728,241.57929328076867,299.3584719522778,1894.3211962868597,110.16217296960765,7173.360949075115,5873.029606745388,2.3156725695580906,57.69581189253024,20.293529675393536,7.476105890018266,52.4524902387268,1.0221605981434299,False
947,9.793989741733153,292.88251400975037,5652.7152988305015,112.51450026834551,0.47520574203827937,0.5247942579617206,0.5409261230079053,0.018333590140188975,0.22305334992393225,0.233818407282506,COMPLETE,9.582515253355105,241.56928974007667,299.34607583746595,1894.137574068354,110.08505659862512,7168.776463494053,5530.660333766244,2.3148414036764433,54.40767776456788,25.465577782798263,6.156159265669421,24.444645038110117,1.0220687870341771,False
948,9.801015579500568,292.853649945953,5236.368953423994,112.6739983757911,0.4849394133538195,0.5150605866461805,0.5409261230079053,0.02517995552691679,0.45317018780376755,0.006588727940642207,COMPLETE,9.587375753603801,241.59621440768387,299.379440151283,1894.5669036840372,110.2179617333799,7176.676556333757,5122.228031754554,2.3162736881746935,50.25601204744089,37.240915408561214,6.718160033082329,52.11059942910204,1.0222834518420185,False
949,9.796922167612149,292.87034405396514,5973.739439116709,112.58115074744103,0.4812236474710556,0.5187763525289444,0.5409261230079053,0.016208666833544206,0.32707197458040654,0.13794260945285663,COMPLETE,9.584528457943296,241.58082334050275,299.36036796057294,1894.3201166548424,110.14043234252331,7172.068650457361,5844.230940594221,2.3154382762004206,57.429295166463774,58.48719769522305,6.722997594096361,58.268240622452424,1.0221600583274213,False
950,9.79663640254003,292.87165107199627,5640.802756501663,112.57456438905567,0.47520574203827937,0.5247942579617206,0.5409261230079053,0.01705475758931848,0.3069388939721269,0.15121172331631613,COMPLETE,9.584347715255088,241.57941044043997,299.3586171333473,1894.2990370533091,110.13512441049012,7171.753119370088,5518.569107807654,2.315381070507502,54.23542400560272,33.79221445801293,9.962817708233459,24.943434612789112,1.0221495185266545,False
951,9.801029680948696,292.8536795575305,5399.213932434348,112.6742531708314,0.4849394133538195,0.5150605866461805,0.5409261230079053,0.030579638772999792,0.44635747700448625,0.00800163924765598,COMPLETE,9.587396665583768,241.59605946962805,299.3792481562696,1894.5653857489415,110.2182928031503,7176.696229849516,5281.527282099193,2.3162772549772894,51.81890987887235,27.161651547547194,10.86319495899356,26.45003784753223,1.0222826928744708,False
952,9.788576354887038,292.9051595511032,7117.512099194163,112.39137226787636,0.47520574203827937,0.5247942579617206,0.5409261230079053,0.04563670809149372,0.024941644970125777,0.40462640649436493,COMPLETE,9.578820951712416,241.54755864596257,299.3191472582839,1893.7956621659418,109.98298347376664,7162.705918118013,6964.993840579226,2.3137408155929298,68.65306264749199,28.40364191042869,6.860950387233471,50.335165511823675,1.021897831082971,False
953,9.788045896813541,292.90691826333637,7709.348077488834,112.37965444758959,0.4849571989073016,0.5150428010926984,0.5409261230079053,0.033608192577535896,0.042025142706801986,0.4093231400945684,COMPLETE,9.578400188863846,241.5465293366103,299.31787176620566,1893.7746813279812,109.97264568770251,7162.090950895788,7544.225053692846,2.3136293222171944,74.37457065297811,46.16733974738556,2.3740342599656965,65.52074769591167,1.0218873406639906,False
954,9.801130396676117,292.8538910405856,5708.948548320153,112.67607296872691,0.4849394133538195,0.5150605866461805,0.5409261230079053,0.06917467154531359,0.3976626212909972,0.01810063130207455,COMPLETE,9.58754602459937,241.59495285740797,299.3778768725858,1894.5545443075298,110.22065738714656,7176.8367422352285,5584.54022585513,2.316302729831314,54.79154282642747,45.523231289497474,13.004898942532844,30.25280462069106,1.022277272153765,False
955,9.79801710384136,292.86585781837806,5519.897105483573,112.60599851065287,0.4879260397312673,0.5120739602687328,0.5409261230079053,0.024349642674704356,0.3619770230584019,0.10159877819519776,COMPLETE,9.585287478404977,241.5849905583901,299.36553186333174,1894.3866969907056,110.16115363732952,7173.3003610659225,5400.051872386713,2.315661584969921,53.042480187167186,29.72475277870391,11.522701363839396,24.251083862781474,1.0221933484953527,False
956,9.789981226752959,292.8997545389961,7554.757645972539,112.42296755461132,0.439314993177579,0.560685006822421,0.5409261230079053,0.022082151140552127,0.03814247483554089,0.3790898918095605,COMPLETE,9.579839960155793,241.55207133805231,299.3247392632527,1893.8715610012653,110.0098163698083,7164.302003838971,7392.595298181618,2.314030185462676,72.83374904256779,34.81367405411232,-0.6988002572225436,58.30031343861425,1.0219357805006326,False
957,9.803057218145424,292.84825086441873,5995.145793927812,112.71813177427862,0.4812236474710556,0.5187763525289444,0.5409261230079053,0.20587855356774049,0.27154443390763466,0.003800347325044969,COMPLETE,9.589168799273242,241.59690220244673,299.3802924477958,1894.6104189736222,110.25878644486436,7179.10231001613,5864.340451651739,2.3167134766007713,57.500165811847396,51.83382011498378,1.7225752342461864,30.815609858149877,1.022305209486811,False
958,9.795737998723297,292.8763385668091,6094.005773777524,112.55342638893134,0.42529086454712095,0.574709135452879,0.5409261230079053,0.016201582558155462,0.19711454417996924,0.2119743890159155,COMPLETE,9.583853221746153,241.57358622719426,299.35139992712953,1894.217032977168,110.11886171891463,7170.786334258064,5962.190584922681,2.315205792652268,58.61890237361156,19.252054997481483,7.876412000497604,25.775625075162335,1.022108516488584,False
959,9.798406186059557,292.866815460232,6217.616332886805,112.61292078097166,0.4849571989073016,0.5150428010926984,0.5409261230079053,0.17629540531032883,0.16467222899016246,0.14398936133621873,COMPLETE,9.585882508209764,241.58037727755152,299.35981521152866,1894.3409728145068,110.1703896546514,7173.849329978408,6082.758615679284,2.3157611128715963,59.74742252627243,22.96092214997539,12.377572093798525,53.899221500853855,1.0221704864072534,False
960,9.793924187989822,292.8825646164576,6057.752339408126,112.51317608567169,0.4812236474710556,0.5187763525289444,0.5409261230079053,0.01275907277658781,0.23855215615440326,0.22991214385848419,COMPLETE,9.582442010869801,241.56956099340906,299.3464119671979,1894.1395161859841,110.08365641852284,7168.693209823796,5926.946073339318,2.3148263098106177,58.306761669355424,29.01364473640343,11.091897599924382,39.178905483426014,1.022069758092992,False
961,9.78805881531239,292.9069676137611,6873.875432660536,112.3798708640828,0.47520574203827937,0.5247942579617206,0.5409261230079053,0.0275228482743809,0.034415764065861595,0.41326653717696626,COMPLETE,9.578422192579762,241.54633394690322,299.3176296446092,1893.7726837505722,109.97296495601657,7162.109943734818,6726.653592459349,2.3136327656133,66.31481001406631,37.47850251821485,6.94737526956046,44.04220615395945,1.0218863418752862,False
962,9.796874822532754,292.8726985042723,5397.787361320073,112.5784610088807,0.49525257100033665,0.5047474289996634,0.5409261230079053,0.16419518706785363,0.14934115875079748,0.1817159837681519,COMPLETE,9.584771083528453,241.57548266517614,299.35374994135753,1894.2584882113258,110.14112125065357,7172.109602196388,5280.92449408685,2.3154457007386093,51.90021175483519,19.27889174662955,-1.5194651289305823,21.548629738658608,1.0221292441056629,True
963,9.801017184653075,292.8536551650216,5594.17076363021,112.67402599732813,0.4849571989073016,0.5150428010926984,0.5409261230079053,0.025930657354133062,0.45224082253149955,0.006785160777816351,COMPLETE,9.587378369580774,241.59619235940463,299.37941282965664,1894.5666806580082,110.21800077566162,7176.678876386838,5472.231174020525,2.316274108799632,53.690017843939884,23.996469678573177,14.68529340895461,74.84782450109921,1.0222833403290041,False
964,9.808098748900218,292.83262196661605,9026.792002005139,112.82886495090604,0.07930255264653685,0.9206974473534631,0.5409261230079053,0.039609835067062164,0.0039085169296065436,0.03578415568318643,COMPLETE,9.593303167991076,241.60408313281923,299.3891908608771,1894.7803175085357,110.35793330442701,7184.991671607558,8829.106896924595,2.3177812161176536,86.42989570431546,56.313067606835496,10.741134156873613,61.453995834993236,1.0223901587542679,False
965,9.789919974650257,292.899065416159,5966.338137759158,112.42228156594582,0.4812236474710556,0.5187763525289444,0.5409261230079053,0.018757236962881424,0.11040507360925929,0.3520609330868525,COMPLETE,9.579677596626574,241.55408569986844,299.32723540548017,1893.8934141369682,110.00796889735663,7164.192117780007,5838.208682010395,2.314010263152645,57.51727338020706,31.0594467253637,7.942768142303663,27.60147486793927,1.021946707068484,False
966,9.801015579500568,292.853649945953,5329.844996717779,112.6739983757911,0.4849394133538195,0.5150605866461805,0.5409261230079053,0.02517995552691679,0.45317018780376755,0.006588727940642207,COMPLETE,9.587375753603801,241.59621440768387,299.379440151283,1894.5669036840372,110.2179617333799,7176.676556333757,5213.666510119194,2.3162736881746935,51.15314767705458,40.660963557053485,8.827557255008786,30.208688419843753,1.0222834518420185,False
967,9.800706559703684,292.8568115867236,5944.247860437987,112.66556658887146,0.47520574203827937,0.5247942579617206,0.5409261230079053,0.13021473127701944,0.28528736586622266,0.05969873322795566,COMPLETE,9.587403191793065,241.59051380712805,299.3723761225394,1894.4965886264615,110.21350411209315,7176.411663495623,5814.87677064941,2.3162256631813856,57.06467249203197,26.376471051422683,17.138093269027042,32.71968652093128,1.0222482943132307,False
968,9.796091903865019,292.8742492056857,6030.837081297988,112.56193459574742,0.4812236474710556,0.5187763525289444,0.5409261230079053,0.046610930774631666,0.259987360380079,0.17462494585562743,COMPLETE,9.584017056663823,241.57646075822808,299.3549619675933,1894.2559411043076,110.12508985048265,7171.156592682984,5900.275948852206,2.3152729203953366,57.99952363621155,51.47141187997707,-0.2996999584296458,53.99136953152518,1.0221279705521538,False
969,9.80977462330981,292.8264044855625,9211.470637274508,112.86645019108168,0.014623641517279573,0.9853763584827204,0.5409261230079053,0.006898934084341132,0.0010765883842257483,0.006648110694638887,COMPLETE,9.594546961704104,241.6089093388812,299.3951713638102,1894.8645803631523,110.39014639398513,7186.90458647464,9009.369838699657,2.318128027018005,88.13869398121558,29.56237473376811,5.68844800665185,33.67561486942619,1.022432290181576,False
970,9.79469536360637,292.88057381894447,6557.655616452975,112.52979767642289,0.4879260397312673,0.5120739602687328,0.5409261230079053,0.09083422785652893,0.16808742621925865,0.2290041146046967,COMPLETE,9.583125711056066,241.56970427074324,299.346589512563,1894.1546232261603,110.09910541779291,7169.611767296946,6416.007421301077,2.31499284400917,63.10358222610498,22.143309752256215,12.740230296364441,58.137993071259196,1.0220773116130801,False
971,9.803137894151599,292.84708787316356,6575.007983746652,112.72058588349643,0.3717541281458039,0.6282458718541961,0.5409261230079053,0.01913360712317392,0.34435248799797785,0.008267621109967106,COMPLETE,9.589118593041746,241.59919594952103,299.3831347966159,1894.637950617308,110.25970231009782,7179.156724570959,6431.464291036518,2.3167233419434883,63.058530598864145,43.10979135230765,17.18301727259981,39.62650326555619,1.022318975308654,False
972,9.789163042118608,292.90234058600055,6549.098220550623,112.40498642936035,0.47520574203827937,0.5247942579617206,0.5409261230079053,0.021531378626020933,0.07451779192062387,0.37915610795692384,COMPLETE,9.579174860803711,241.5507866010185,299.3231472521574,1893.842644980651,109.99377736383859,7163.347987685403,6408.612949371769,2.3138572226158383,63.15447368826608,41.36191989450896,16.544570123589725,37.38449339459809,1.0219213224903254,False
973,9.79801710384136,292.86585781837806,5663.311673728134,112.60599851065287,0.4879260397312673,0.5120739602687328,0.5409261230079053,0.024349642674704356,0.3619770230584019,0.10159877819519776,COMPLETE,9.585287478404977,241.5849905583901,299.36553186333174,1894.3866969907056,110.16115363732952,7173.3003610659225,5540.352695568222,2.315661584969921,54.42059725154258,64.42139428551685,12.81653485801102,24.896923394088503,1.0221933484953527,False
974,9.787701475195593,292.9083631102807,6383.81349321927,112.37181990369933,0.47520574203827937,0.5247942579617206,0.5409261230079053,0.023565953463104777,0.029467891051386162,0.422171390188071,COMPLETE,9.578165621390047,241.54513650614254,299.3161458086749,1893.7528149101138,109.96615548014945,7161.704851424509,6247.148330900316,2.3135593224971003,61.595110564050835,47.47079021630579,14.177852878740374,31.19635267947254,1.0218764074550568,False
975,9.793067291848194,292.88578096027084,6478.838536674896,112.4939574224349,0.49525257100033665,0.5047474289996634,0.5409261230079053,0.012658653007183761,0.23586775101397514,0.24672589445946772,COMPLETE,9.581810334419037,241.56700219078843,299.3432411687734,1894.0954162221926,110.06722732184517,7167.716309366767,6339.076429855511,2.3146491980463226,62.37944918992141,53.8673105436313,1.6999447816159692,66.15266051601,1.0220477081110964,False
976,9.794474032343825,292.88028433942986,6593.512821990371,112.52567074005051,0.4879260397312673,0.5120739602687328,0.5409261230079053,0.019304401218027047,0.2577218968645334,0.2108993260571096,COMPLETE,9.582819729314112,241.5717199448506,299.349087280946,1894.1737002277641,110.09404017624607,7169.310608078686,6451.029891692388,2.3149382439318575,63.449417127230134,37.508547006118526,9.095884459829975,69.988937255139,1.022086850113882,False
977,9.79314639217056,292.8852762921183,5878.302524607398,112.49588677784712,0.49525257100033665,0.5047474289996634,0.5409261230079053,0.0019305928841059704,0.2527356238084882,0.24058605198521402,COMPLETE,9.581842155919444,241.56773487090825,299.34414908599643,1894.1051382005028,110.06859155677402,7167.797431670572,5751.4678817179365,2.3146639054960403,56.594967921898736,59.40171416443455,1.2803993288948212,46.29125695892688,1.0220525691002513,False
978,9.79234892145002,292.88877378119696,6369.071792778919,112.47762516582335,0.49525257100033665,0.5047474289996634,0.5409261230079053,0.015731026512452354,0.21001583766449697,0.2695053681605943,COMPLETE,9.581318550899754,241.56414849615427,299.3397049482079,1894.0503818820323,110.05367202569741,7166.9102361956675,6231.814880134883,2.314503057218506,61.340123321879496,27.27499774801292,6.4128970748268,54.029990998893226,1.022025190941016,False
979,9.800825766733142,292.8543242919149,5213.62996642713,112.66976681500653,0.49525257100033665,0.5047474289996634,0.5409261230079053,0.03150554002314973,0.45550243697004866,0.008243915745349441,COMPLETE,9.587231019734963,241.59573900717706,299.37885104794,1894.5581725439813,110.21429307126535,7176.458547543405,5100.006482026353,2.3162341632454,50.04122838025031,33.94723813359722,8.090521976482812,33.261173605384975,1.0222790862719906,True
980,9.805664759523651,292.8408937430975,8334.076755896736,112.77485475358866,0.1435190665874564,0.8564809334125436,0.5409261230079053,0.0038969269227923484,0.07285955148042264,0.066762504289897,COMPLETE,9.591399854341619,241.59888266127288,299.3827465783627,1894.6785471226174,110.31059616905705,7182.18014936977,8151.967718959934,2.3172714879664307,79.87100401274232,33.771905816965266,3.8282026047281295,47.614036164142355,1.0223392735613086,False
981,9.79608047195938,292.8738881757938,6004.165840743565,112.56198013581437,0.4812236474710556,0.5187763525289444,0.5409261230079053,0.022042455605900426,0.29275486296223635,0.16642585436557222,COMPLETE,9.58395713256736,241.57739151109124,299.35611533115804,1894.2663372671404,110.12457436078694,7171.125947538759,5874.152238665909,2.3152673644397406,57.74178939645647,66.26604474523461,15.637852106538515,32.56379737940383,1.0221331686335702,False
982,9.792718278134014,292.8872001473401,6083.197315363017,112.4860484688517,0.49525257100033665,0.5047474289996634,0.5409261230079053,0.012091263909631637,0.22606635503853037,0.2570946917474066,COMPLETE,9.58156696472691,241.56569905758298,299.3416263616438,1894.0744847235164,110.06061599958446,7167.323169481762,5952.030966411516,2.3145779219012996,58.578154956496185,48.19692912373881,15.945590402683337,36.35377842298515,1.0220372423617583,False
983,9.793642182034477,292.88353939873684,5789.343138074618,112.50691362171531,0.49059308901371174,0.5094069109862882,0.5409261230079053,0.013578788475361724,0.24438097664427386,0.2326330315653824,COMPLETE,9.582223453536416,241.56891895317122,299.3456163684447,1894.1272799623625,110.07818810948685,7168.368063281343,5664.366592848576,2.3147673608385153,55.72869232524957,47.27797449676844,1.9656993987696718,39.364417195851495,1.0220636399811813,False
984,9.78604630455715,292.9145351627507,6167.339821233698,112.33475014277252,0.49525257100033665,0.5047474289996634,0.5409261230079053,0.013385023803848322,0.02932523951482045,0.4525418028019192,COMPLETE,9.576939934281313,241.54028750903106,299.3101370636948,1893.6687233522946,109.93440263498896,7159.815729129453,6035.557280650863,2.3132168251830296,59.54102143101645,31.407531133921722,9.197306791147438,30.36443450533475,1.0218343616761474,True
985,9.797463412534954,292.8685529289624,6021.309767933875,112.59311426609182,0.4812236474710556,0.5187763525289444,0.5409261230079053,0.04202774583258062,0.30939683860338035,0.1297986929343818,COMPLETE,9.584958028376793,241.58186479087746,299.36165849747516,1894.3414323837471,110.15098797347737,7172.696110040821,5890.708540708775,2.315552034437558,57.875479916125606,65.41019026872941,10.817696287506882,42.495709114153534,1.0221707161918736,False
986,9.799726284565201,292.8631812586223,7345.231197728199,112.64155547262757,0.3159067635083342,0.6840932364916659,0.5409261230079053,0.07827459980730321,0.05898868929626199,0.17864317312100886,COMPLETE,9.587023796119313,241.5811637374555,299.3607897711936,1894.37299686937,110.1966770693216,7175.41167435283,7185.80338223626,2.316044365445182,70.5570842362629,49.648158735869416,10.825473772543948,28.129725420016104,1.022186498434685,False
987,9.794227797295147,292.88418589294935,6616.893274611102,112.51792116405423,0.4849571989073016,0.5150428010926984,0.5409261230079053,0.18836105972309478,0.01725645477171418,0.2793393873157019,COMPLETE,9.583017866418059,241.56387011450406,299.3393599852589,1894.0800453095749,110.09150196661055,7169.159693638243,6474.2017219868485,2.314910883188384,63.692392822117256,52.9956669990671,15.151433907853038,26.708943775876126,1.0220400226547874,False
988,9.790234357602152,292.89779967733887,6281.683667216049,112.42939451624663,0.4812236474710556,0.5187763525289444,0.5409261230079053,0.02003586600862693,0.11793108259415534,0.3432562675294577,COMPLETE,9.579898456156377,241.55522976104962,299.32865309489534,1893.9119271270786,110.0139326201568,7164.546831605222,6146.726367065708,2.3140745726643783,60.550030278590576,48.80358500776591,10.3704074182698,35.05147853129254,1.0219559635635393,False
989,9.794512444432739,292.88299397448657,7500.544480070879,112.52439818131796,0.4849571989073016,0.5150428010926984,0.5409261230079053,0.18704110154717565,0.027791508313996,0.27012424266434154,COMPLETE,9.583211939118918,241.5650154193427,299.3407792157805,1894.0980553610189,110.09686926339201,7169.478815237643,7338.732562656999,2.3149687398400904,72.18989605920379,67.21922469108962,11.857502697975049,49.44188239603186,1.0220490276805094,False
990,9.79321128027961,292.88540716001864,6991.890509193433,112.49706211641069,0.4849571989073016,0.5150428010926984,0.5409261230079053,0.012785211713207664,0.2229791008556445,0.24919261109414126,COMPLETE,9.581937728718978,241.56703392794296,299.3432804965897,1894.098293589908,110.07011010105576,7167.887729185889,6841.051167763621,2.314680276408894,67.31654582826012,56.6746804276966,14.899347302069746,69.76882731992522,1.022049146794954,False
991,9.799175752678321,292.8612582567202,5628.634024515569,112.63218435958909,0.4849394133538195,0.5150605866461805,0.5409261230079053,0.02960094556405425,0.38716345099585064,0.06817437953487142,COMPLETE,9.586109453246468,241.58904699950307,299.3705584945329,1894.4531330402647,110.18319034987714,7174.6101385602,5506.249014517972,2.3158990472427416,54.06224649675392,54.41673123389778,10.45791876953274,36.21621052693013,1.0222265665201324,False
992,9.793213028953133,292.8853124903816,5746.868121836985,112.49716721062761,0.4879260397312673,0.5120739602687328,0.5409261230079053,0.011245784190266736,0.23003597580436097,0.24664400456744578,COMPLETE,9.58192778423517,241.56724968741932,299.34354785984874,1894.100780025828,110.07007903906397,7167.8858821462745,5622.8813941007065,2.314679941541158,55.329313558212164,20.71226493611638,1.4876006940024706,36.733648128546776,1.022050390012914,False
993,9.790563236706893,292.8964018471822,6710.57937294738,112.43689079446791,0.4812236474710556,0.5187763525289444,0.5409261230079053,0.017059899756303745,0.13165414550564147,0.33250923493789025,COMPLETE,9.5801200942517,241.55660278838477,299.33035451292426,1893.9332994544532,110.02011741232306,7164.914684426302,6566.338906204524,2.3141412642721813,64.6757724837134,47.015874246701244,10.318243386971922,48.83877502826593,1.0219666497272266,False
994,9.787265445188169,292.9099196757895,6477.552611460711,112.36210576992565,0.4812236474710556,0.5187763525289444,0.5409261230079053,0.01773760138502161,0.034822666588315884,0.42866294548250056,COMPLETE,9.57783389419929,241.54402508422078,299.3147685649398,1893.7325502409722,109.95773958454326,7161.204177116623,6338.943528297728,2.3134685503929737,62.508882605486,48.90718251668155,9.220834702244813,34.944583755855724,1.0218662751204861,False
995,9.78707901549783,292.91050833058733,7179.44146785813,112.35800999351477,0.49525257100033665,0.5047474289996634,0.5409261230079053,0.024937928728353972,0.043075256251867616,0.4272388491480558,COMPLETE,9.577682254113515,241.54373374110358,299.3144075404944,1893.7259779200508,109.95408504604342,7160.986757300247,7025.835699524473,2.3134291322444875,69.28597110185366,50.03465098669779,-2.2150764318254037,54.08603846723325,1.0218629889600255,False
996,9.795981713365657,292.87640256326034,5800.218869568886,112.55816171462662,0.49525257100033665,0.5047474289996634,0.5409261230079053,0.16638110076829596,0.11833538412079536,0.2105358674844378,COMPLETE,9.58415766135099,241.57197553552314,299.349404001937,1894.2029564828358,110.12425293454145,7171.106839160893,5674.797457047496,2.3152639000964776,55.789877776330414,25.20293895165659,1.5021448469485779,30.316225362855242,1.022101478241418,False
997,9.791406617800506,292.89481065809713,6895.827405269552,112.45462447166358,0.47520574203827937,0.5247942579617206,0.5409261230079053,0.11926553445803754,0.008856284823814061,0.3470835738963968,COMPLETE,9.580942661309725,241.5553582272696,299.3288122867317,1893.9338724655327,110.03743906451643,7165.944870525161,6747.603235276231,2.3143280367076002,66.44731466945076,24.124127893990774,13.755355183264669,47.944263212086206,1.0219669362327664,False
998,9.806116025464961,292.83986578626946,7386.132696160026,112.78448918046637,0.31631094656697406,0.683689053433026,0.5409261230079053,0.26981936299177534,0.01681503287597636,0.029676261202198212,COMPLETE,9.59181722264664,241.59864002021047,299.38244590417537,1894.6836710591926,110.31974361299754,7182.723494697554,7224.719207870273,2.3173699963138605,70.77201713479722,31.5666304651522,5.1264110061592945,43.13310405748166,1.0223418355295963,False
999,9.793100483725869,292.8881931800961,6861.225162027038,112.49280473770793,0.4812236474710556,0.5187763525289444,0.5409261230079053,0.14660388043232928,0.032949797953067454,0.3016695900050245,COMPLETE,9.582158283694366,241.56103857056777,299.3358512132341,1894.028118464805,110.06972332865672,7167.864730515688,6713.435201840818,2.3146761067567803,66.07124617298012,46.76208392568562,8.793850593822642,41.902439900591226,1.0220140592324025,False
