Trial,TSFC,SpecThrust,Lifecycle_CO2e,NOx_correlation,SAF_Total,JetA_Frac,Phi,HEFA_Frac,FT_Frac,ATJ_Frac,State,Raw_TSFC,Raw_Thrust_kN,Raw_SpecThrust_Ns_kg,Raw_T4_K,Raw_NOx_g_s,Raw_CO2_combustion_g_s,Raw_Lifecycle_CO2e_g_s,Fuel_Flow_kg_s,LCEF_blend_gCO2e_MJ,LCEF_draw_HEFA,LCEF_draw_FT,LCEF_draw_ATJ,TIT_Penalty,ParetoOptimal
0,8.76170553216425,300.5290184439648,7437.62595171038,93.15525248544246,0.18727005942368125,0.8127299405763188,0.3968055921327309,0.07804104622256479,0.06008700264883848,0.04914192846552941,COMPLETE,8.76170553216425,242.52391259409515,300.5290184439648,1795.2737223194317,93.15525248544246,6586.207767243053,7437.62595171038,2.1249231066578025,79.4581412551363,39.22912396312118,13.359922675866624,65.65824515265692,1.0,True
1,13.417926696031136,278.1922070709348,12462.122821141598,207.61702426010513,0.07799726016810132,0.9220027398318986,0.5624217733388136,0.0029699977538765474,0.04429031031960264,0.030736900961477298,COMPLETE,11.892139476762804,253.30195044051885,313.88486900769385,2106.604326286236,184.00835435939004,9337.831880448937,11045.022537602685,3.0123021243747092,83.19579420048618,36.35460965424951,5.688677663051298,23.976755388514153,1.1283021631431178,False
2,8.915676312526223,301.2067678931258,8457.033649627943,96.79959555834019,0.010292247147901223,0.9897077528520988,0.40454749016213015,0.00495487594067522,0.004252611728502429,0.0010847543701292758,COMPLETE,8.915676312526223,243.0708496220736,301.2067678931258,1810.7440459702125,96.79959555834019,6718.897415200276,8457.033649627943,2.1671410162411453,88.49362078137985,59.65791278896558,15.136732260533801,43.56776213059177,1.0,True
3,9.667767429771406,300.2524662446986,8823.00592192766,114.05970881167862,0.09170225492671691,0.9082977450732831,0.43736874205941256,0.02212602969270484,0.038162933177155446,0.0314132193318153,COMPLETE,9.549640303312332,245.29794904104025,303.96652875629223,1874.7395970334296,112.6660524432816,7261.4934334736045,8715.200645905072,2.3425071804821727,84.4190696713769,30.431968370001535,18.516466447891208,69.39908847345166,1.0123697985167148,False
4,11.10533901132567,290.75698072583396,8640.186874220595,146.89105531466967,0.30592644736118974,0.6940735526388102,0.4868209952651108,0.053477179061541334,0.11199827439402249,0.14045061053980026,COMPLETE,10.484438584626506,248.53350477481976,307.97594118244314,1968.4422840932275,138.67836420905329,8073.5169289027945,8157.113308299468,2.605734267033576,71.16599019268874,26.19401496044032,7.106387653137233,50.691237975422354,1.0592211420466138,False
5,8.108159421733648,297.63431406289607,5602.061976266984,78.58450797190821,0.3925879806965068,0.6074120193034932,0.3639351238159993,0.060007731291143514,0.15454228225367522,0.17803766662284226,COMPLETE,8.108159421733648,240.1879151056165,297.63431406289607,1729.1650377181936,78.58450797190821,6032.803229814999,5602.061976266984,1.947481906850166,65.4415827179387,38.19103276094525,5.084139728593954,46.122910760854495,1.0,False
6,15.854432040201008,267.5391033356564,13057.179402316227,281.97072900660197,0.3037724259507192,0.6962275740492808,0.6396896099223678,0.043733370619381096,0.016683419119182263,0.243355379747735,COMPLETE,13.275767482449474,257.83773156531794,319.50548527902197,2238.476908948657,236.10923593204663,10603.322371491799,10933.477609430727,3.4229937724633843,72.68256348512335,32.90615560543596,14.603482361658475,36.60393246338957,1.1942384544743285,False
7,10.957989209851895,291.6488421139163,8137.864583750119,143.3425242249747,0.40419867405823057,0.5958013259417694,0.4820457481218804,0.11332004181558805,0.03633521909878224,0.25454304113164916,COMPLETE,10.390668971432358,248.2079964491982,307.5725801425026,1959.1980198732736,135.92135292596865,7988.105117615549,7716.548666434899,2.5790471271660764,68.11078383916686,24.41712714906528,2.3566752150887083,47.689677807706325,1.0545990099366367,False
8,9.389916136151047,302.26643647761756,8803.170096804097,108.14997560350076,0.06101911742238941,0.9389808825776106,0.42763399448000505,0.020999051018854638,0.001458319834014804,0.03856170416235076,COMPLETE,9.362414758607812,244.6425055237808,303.15432102477206,1855.8748470885569,107.83322375319268,7100.288876546832,8777.387193006112,2.2904446042986386,86.94775441264457,34.9545941524446,13.162083536597446,67.74087872100819,1.0029374235442785,False
9,8.927038545003013,301.2512983614325,6815.19033702173,97.0683640915861,0.331261142176991,0.668738857823009,0.4054563366576581,0.07490641127904889,0.12497608226231902,0.13137840832843792,COMPLETE,8.927038545003013,243.10678526469238,301.2512983614325,1812.148278461086,97.0683640915861,6724.140725906483,6815.19033702173,2.1702236426096793,71.38921453456459,58.91840156072174,5.414610775754733,51.03951481159578,1.0,True
10,12.383907981762025,283.4382566956737,8258.18019033211,179.25386850095163,0.4847923138822793,0.5152076861177207,0.5293699936433256,0.14400619990028526,0.1745425665221368,0.16624336167724602,COMPLETE,11.275008842706924,251.22765608024812,311.31446000600766,2046.7003582036878,163.20283996087045,8774.26984272089,7518.713382543523,2.832594043837332,60.39361930460957,37.60095848419447,14.584109945648343,39.02573979208715,1.098350179101844,False
11,9.955526236956336,298.20451583855044,6336.836291182695,120.31742586878804,0.4609371175115584,0.5390628824884416,0.4475990992289793,0.12371558033658558,0.2739908240585659,0.06322931508179985,COMPLETE,9.740428786388543,245.96228256569134,304.78975274252633,1894.1659099994392,117.71786749816313,7422.950147805424,6199.923656083702,2.3957780974686926,58.821771187541195,47.38512730907317,12.881751270889048,21.524090680890634,1.0220829549997197,False
12,9.57716320220236,300.89158804405054,7788.546840521164,112.11258792022569,0.194338644844741,0.8056613551552589,0.4342803529062142,0.036197229420837224,0.11055134986964571,0.04758993215695357,COMPLETE,9.488556787945425,245.08398125246808,303.7013857079618,1868.6764786757672,111.07533981251963,7207.610195127844,7716.4884247627215,2.325493273929795,75.33573064774878,33.23661950303812,3.9228918705250755,40.625647167404914,1.0093382393378836,False
13,16.073204488797824,266.70071117091777,12638.245122450544,289.1842646098186,0.27134804157912423,0.7286519584208757,0.6460660809801552,0.03757544723747016,0.21389445519235187,0.01987787251347546,COMPLETE,13.39651011358554,258.22787451063357,319.9889397769905,2249.61069749021,241.0259838500311,10721.360779382652,10533.579580778733,3.4593523324914,69.13832191826191,36.493982638668896,10.14748395175515,34.05891029588333,1.199805348745105,False
14,13.387190809253472,278.3074872029775,11108.717375867065,206.71630657104274,0.3861223846483287,0.6138776153516713,0.5620572031542851,0.07524620548360349,0.0020910194735469655,0.3087847810285338,COMPLETE,11.873000136211276,253.2340052101607,313.80067313121685,2105.064542351699,183.33515754317895,9311.359030908272,9852.238964550712,3.006647378353565,74.63129108404148,28.306580699908167,16.320651756956373,57.48854894965712,1.1275322711758495,False
15,8.522960079522928,299.4744750705082,6983.509836698519,87.66481116800658,0.36450358402049365,0.6354964159795063,0.3847607178575389,0.23353968524236557,0.022420626871191424,0.10854296910820176,COMPLETE,8.522960079522928,241.67290663714942,299.4744750705082,1771.1479540040468,87.66481116800658,6382.682187500828,6983.509836698519,2.0597685355706963,77.04302766091764,60.84099970754286,6.931476988237408,55.94803360301786,1.0,True
16,9.83436456135591,299.0604226778514,7164.05399273026,117.66471201543997,0.43155171293779676,0.5684482870622032,0.44329469651469866,0.2642927243170803,0.14030836400001354,0.02695020059773068,COMPLETE,9.6604446258449,245.6836661022062,304.4444988193239,1886.0066109267307,115.58382117618218,7355.287757694993,7037.35828192561,2.3734134518549306,67.34328263514655,56.798694863390494,6.723263424129515,27.346210257111586,1.0180033054633653,False
17,11.255340004583081,289.86746131025285,9706.025221817463,150.54592938683845,0.16259166101337352,0.8374083389866265,0.4916644775485848,0.052621127601965675,0.04598233135880091,0.06398812992996164,COMPLETE,10.579584782295205,248.86144334517502,308.38231371538063,1977.7470214934601,141.50735765680514,8160.41392049098,9123.28874041128,2.632850738914634,78.66968540889508,34.01420955466117,15.84977156117698,24.315658411132787,1.06387351074673,False
18,14.01020563299874,275.392588823073,13372.728140785424,224.71798511730927,0.05979712296915085,0.9402028770308491,0.5812901539863683,0.02095505228131751,0.02235177985763173,0.016490261450313168,COMPLETE,12.236800889097733,254.44681433630745,315.30355312495504,2139.847773118709,196.27329620365953,9652.507117385307,11680.014975468994,3.113615003898613,85.0946074497746,33.837822307992674,3.3871930954352654,37.00722809683753,1.1449238865593545,False
19,8.47852970441759,299.28262607321267,6730.14803365287,86.66717618884766,0.24689779818219537,0.7531022018178046,0.3823674280979913,0.13227670559319976,0.10818857021337623,0.006432269327220351,COMPLETE,8.47852970441759,241.5180864148219,299.28262607321267,1766.5753147772689,86.66717618884766,6347.183112134947,6730.14803365287,2.0477182698221617,74.59289437989402,46.58177225614384,8.960324418636619,61.2409760409203,1.0,True
20,15.314233035670467,269.72755944851434,15297.670263605905,264.58779432130785,0.015714592843367126,0.9842854071566329,0.6222699421778279,0.006853059347475852,0.0033850800622071296,0.005476442665382391,COMPLETE,12.976935010080684,256.87189978558627,318.308652877466,2210.223430844669,224.20571786851386,10334.596444409472,12962.90009131146,3.3334099494335114,88.19026329239772,23.787630678371606,7.950287945683247,72.21989619272529,1.1801117154223346,False
21,8.2959945106106,298.47512187165637,7130.64708088774,82.62817854002722,0.12464611457443747,0.8753538854255625,0.3730939729486379,0.03667557053296855,0.0675229584796696,0.020447496192655346,COMPLETE,8.2959945106106,240.86643859920795,298.47512187165637,1748.010396601227,82.62817854002722,6194.190575594955,7130.64708088774,1.998226652409354,80.97215003351934,31.323750961594335,4.441603485500455,77.6838823153518,1.0,False
22,12.72143221770329,281.6848965130994,11477.017837495794,188.3121088318765,0.144875726456884,0.8551242735431159,0.5400211269531271,0.012299397161592191,0.0709256256485891,0.061650627357787216,COMPLETE,11.479126562709737,251.91781371753723,312.16968452835505,2066.446024565879,169.92257582158805,8962.99868861216,10356.23490063894,2.8917964670647454,81.30401756124135,24.983815914446375,7.826399509244121,69.75895941841662,1.1082230122829395,False
23,11.850283202585532,286.37900646299227,8638.565493125325,165.38597560761173,0.43573029509385885,0.5642697049061411,0.5118026725746952,0.1859910103409593,0.043177254441231556,0.20656179888517495,COMPLETE,10.94934435305952,250.12087894648292,309.94297196555465,2014.5648945681878,152.81221276630268,8483.457751219432,7981.803192690737,2.7386596334749567,66.31560770311403,29.06708750258685,1.3550443822059317,51.12142539532195,1.082282447284094,False
24,9.180676960243744,302.3619110106517,6694.627354009432,103.25930081779093,0.40372007758203127,0.5962799224179687,0.4183805487625825,0.2732097403358619,0.09695624411305243,0.0335537882425993,COMPLETE,9.180676960243744,244.0030385664858,302.3619110106517,1837.6767412250485,103.25930081779093,6942.404707250164,6694.627354009432,2.2401130743968016,67.86983455331386,48.77563191128454,2.7570770036124537,34.32801065320063,1.0,True
25,11.603373668197532,287.8178339761757,9364.99272569786,159.16131026839497,0.21355389431312816,0.7864461056868719,0.5032241907732697,0.10363077440660708,0.10904225768799505,0.0008807355328245655,COMPLETE,10.797243620773367,249.60727052277298,309.306522413875,1999.3214519811727,148.1037749115521,8354.029464250068,8714.37142830871,2.695070509350663,73.37524215198478,29.577335222270065,2.1061526340100705,46.425345177661015,1.0746607259905863,False
26,15.64551515672794,268.37575125465776,13803.832949054675,275.18890235037674,0.2087055015743895,0.7912944984256105,0.6328729111737558,0.06821048923427524,0.036811291465835574,0.10368341376896308,COMPLETE,13.16072180096524,257.4670073439825,319.0460939342278,2227.6074585180368,231.48388213915013,10500.999109838984,11611.532340715828,3.388451656581228,77.83998731388138,49.61231410580501,7.2891028372496045,35.555918625168765,1.1888037292590183,False
27,15.92942178509123,267.2634655498186,14174.280219798962,284.4488673426237,0.16160146601037761,0.8383985339896224,0.6415346248162882,0.05287952577723962,0.07165763527848715,0.03706420302619734,COMPLETE,13.317816536237217,257.9732841949795,319.6734584009461,2242.1972106685726,237.81389433451082,10649.207571974273,11850.427846488063,3.4356408701593213,78.28889005975823,35.19532452964959,8.424559969133263,31.16159514753444,1.1960986053342864,False
28,9.603441013005739,300.6732172081738,5848.313286716085,112.66156938248612,0.4812236474710556,0.5187763525289444,0.43545214831324025,0.11540377927080706,0.22791259658917862,0.13790681326359602,COMPLETE,9.50549900829684,245.1403771701082,303.7712699910881,1870.6074409399048,111.51257498099733,7218.307864534603,5788.66846495991,2.330181612083977,56.51062465304328,36.07098943143918,6.014238955108926,34.128231421315945,1.0103037204699523,False
29,9.561627387145263,301.0212478952617,9067.494072430716,111.78849211944866,0.018443473677266398,0.9815565263227336,0.43359393927098344,0.009660789294842109,0.007966798343735168,0.0008158701900103927,COMPLETE,9.478552036255486,245.05023404754255,303.6595670919622,1867.5291227124171,110.81722772770425,7201.202810192599,8988.711954987939,2.322721394916218,87.7590246285873,34.86471067385023,2.6616403662356247,46.298348541188375,1.0087645613562086,False
30,16.04398193535057,266.7973480710687,12137.67132829666,288.1977757013797,0.45413294298332685,0.5458670570166732,0.6456951362331802,0.1244898002341489,0.07529550560554057,0.25434711748752725,COMPLETE,13.379833344557635,258.173178636641,319.92116214158915,2248.2334491298575,240.34171969867694,10698.370955246193,10122.176665245435,3.454314104192964,66.71924647371686,73.75610215024341,3.7142603406879773,33.58124036151169,1.1991167245649288,False
31,13.606625514936296,277.2825031605238,12367.645828756755,212.99605357142062,0.1210276357557502,0.8789723642442497,0.5684649045835579,0.04867014628721322,0.05514979565702933,0.017207621400300608,COMPLETE,12.002516694157112,253.66978017587724,314.34067358440285,2117.295411729787,187.88557721194312,9438.203692968747,10909.602484769384,3.0446757713641315,81.29945277309459,39.2574294310428,8.640745338984608,37.81540605401946,1.1336477058648935,False
32,8.373799994828227,298.81829554919415,6913.198343502106,84.33537734195505,0.1838915663596266,0.8161084336403734,0.37708693101632246,0.06453984520354852,0.06466476740531292,0.05468685168014983,COMPLETE,8.373799994828227,241.1433763252442,298.81829554919415,1755.951087362286,84.33537734195505,6258.685322304568,6913.198343502106,2.0192864034251907,77.72431604723224,27.398718528639343,5.6409101607052285,53.227588329316184,1.0,False
33,12.328030820249845,283.75802985810503,8643.441344484572,177.79171203843973,0.417651247794619,0.582348752205381,0.5272678829564725,0.24444512812855557,0.14213333729780547,0.03107202033484369,COMPLETE,11.241753396161753,251.11691681627156,311.17723493013733,2043.257650440718,162.12569645222837,8748.520438695492,7881.829426422144,2.8229944524529893,63.413772589908504,38.548402928229685,6.662106827009472,37.11787324361176,1.096628825220359,False
34,12.823691096958651,281.13822336614936,9650.749782734983,191.0777828278844,0.3387821809211412,0.6612178190788588,0.543551837122835,0.007441508323855457,0.2297313754859905,0.10160884849873983,COMPLETE,11.539598770389308,252.12179377400517,312.42245105144445,2072.5540683207,171.94432797061936,9014.324559067778,8684.377959836831,2.909384341422857,67.85169627821462,47.341159225337705,19.630778397714593,39.8776941053963,1.11127703416035,False
35,8.654064267949206,300.05636280796205,7870.612787638378,90.65710509953752,0.08718321450249572,0.9128167854975042,0.39125628324379796,0.02990371883778345,0.016737868584461406,0.04054158380034705,COMPLETE,8.654064267949206,242.1424842223973,300.05636280796205,1784.3186340557534,90.65710509953752,6495.812411315272,7870.612787638378,2.0955166204615026,85.22773326908352,51.541032219030384,2.0493022409340456,58.91116928367987,1.0,False
36,9.379698931567429,302.32789727554484,7896.90571984824,107.92971530094779,0.17053317552512925,0.8294668244748707,0.42738248831454667,0.010102283591633409,0.08232332146825302,0.07810748143756942,COMPLETE,9.355142354843792,244.6160082214841,303.1214862903928,1855.2498563447134,107.64714926616514,7092.362609408051,7876.231178735184,2.288417579185623,78.15894746825748,31.818245856875826,6.610949593186129,43.609545660143354,1.0026249281723567,False
37,9.260345719466201,302.70781995095297,6771.077183819848,105.24889940684528,0.3299920230170895,0.6700079769829105,0.4225556872701355,0.14178035314412216,0.096322110577874,0.09188938580451382,COMPLETE,9.260345719466201,244.28218362221955,302.70781995095297,1845.7510802775678,105.24889940684528,7009.862947063146,6771.077183819848,2.262137473447877,68.0101019922033,33.92433094702333,4.703641454624412,33.01963580657906,1.0,True
38,10.082775222800308,297.3686202366424,9427.394002018431,123.15540696780303,0.046551383902949606,0.9534486160970503,0.4517089373146102,0.017182709480529468,0.01724403717847443,0.012124618092800257,COMPLETE,9.82540544616963,246.25944464765996,305.15798789038274,1902.388632314611,120.01178044814323,7501.161725341567,9186.753282088248,2.4195988886118265,86.11972605182793,15.152053875375826,10.770929879448817,66.37697075283405,1.0261943161573055,False
39,14.089802815237503,275.01858301587043,12656.707309710233,227.05600942120816,0.17460478730633044,0.8253952126936696,0.5839626637572872,0.05049704881259898,0.06240246051605862,0.06170520841826271,COMPLETE,12.282342850050052,254.5973578504572,315.4901025421098,2144.318435375721,197.92894126662512,9692.042385198285,11033.08687631022,3.1270520378361972,80.10524278222124,32.51477733695862,14.043393175596318,66.30049834482251,1.1471592176878604,False
40,12.461179991500048,283.0278774845904,9554.150423945863,181.30518121699234,0.3210158230771439,0.6789841769228562,0.531928717897877,0.023603685006432097,0.04534151227313238,0.2520703452687605,COMPLETE,11.32188618456721,251.3840691749857,311.50828284735337,2051.255124519058,164.72891233505237,8815.888211322686,8680.638893261685,2.846141819812559,69.4163257761945,41.415172892603145,14.30838354274664,28.593472137715167,1.100627562259529,False
41,8.792551622004037,300.66688397421444,8338.772866467107,93.88000360298174,0.004598525808314824,0.9954014741916852,0.3982424154252496,0.0006059711127906453,0.003962321790019437,3.022693367169681e-05,COMPLETE,8.792551622004037,242.6351686983513,300.66688397421444,1798.2855109205352,93.88000360298174,6614.274941842285,8338.772866467107,2.133382246093912,88.63463502125185,50.58673801301529,2.7038175880004895,30.282968209644793,1.0,True
42,13.452536518528516,278.0150293650442,10821.703893806916,208.5915272505733,0.27436689468329306,0.7256331053167069,0.5636537664042608,0.12105726454887357,0.11407023336831668,0.0392392218013611,COMPLETE,11.912081386973647,253.36869531131455,313.96757743133685,2108.6374423598922,184.70563122572753,9354.138176629385,9582.506418117355,3.018148519459707,72.09018232104539,34.28026871889933,16.698853895371382,35.56574170763876,1.129318721179946,False
43,14.750520238264112,272.08941883002046,13672.040323788486,246.9713018169474,0.11862454374840004,0.8813754562516,0.6047670231482534,0.022422207448564296,0.05143823193079343,0.044764035462378976,COMPLETE,12.659641682421055,255.83839995265083,317.02796806980365,2180.321917206616,211.96324850516342,10039.348910172386,11734.035733721561,3.2388224720044874,82.22611478349761,53.76534873943204,3.631702773516898,52.57586199695088,1.165160958603308,False
44,9.439319080441555,301.88343540561095,7631.6158059838335,109.1813278582555,0.3288064461501717,0.6711935538498284,0.42956071030451765,0.18147373075886827,0.029912462165736328,0.11741993390305516,COMPLETE,9.395420035193267,244.75518621451135,303.29395186372983,1859.3447754509862,108.67356283716951,7125.7351045248015,7596.123770517143,2.2995777802772785,75.06507372623085,49.400185743804016,0.19341130928781514,53.68188340855497,1.004672387725493,False
45,12.7020757859834,281.7902199327296,11549.317342019607,187.79145338918502,0.12199482168954179,0.8780051783104582,0.5393415877991788,0.05256601307601368,0.02123674818742476,0.04819200640200994,COMPLETE,11.46770938059162,251.8790753674122,312.1216810213413,2065.2768899918005,169.54219514282036,8953.476686504391,10426.974067392863,2.888476035365617,81.92745676012767,43.87823484240575,5.96988914543946,27.055892785794235,1.1076384449959003,False
46,8.987324089779909,301.5151077798503,6403.227972962009,98.5192193430778,0.3974056517708242,0.6025943482291758,0.40857289633941335,0.12706312947565201,0.1458372531450733,0.1245050163571173,COMPLETE,8.987324089779909,243.3196768272614,301.5151077798503,1818.2641981719812,98.5192193430778,6775.206310066645,6403.227972962009,2.1867927930671085,66.57365681438213,31.68128383624537,13.536917065399681,55.24851633981117,1.0,True
47,8.87922506909008,301.037374429747,6809.192556664915,95.92379373593072,0.36122605763075266,0.6387739423692473,0.40313320382211465,0.10669723133385728,0.009240390588620181,0.24528805569497755,COMPLETE,8.87922506909008,242.9341507910615,301.037374429747,1807.3568258074074,95.92379373593072,6681.631421274373,6809.192556664915,2.157067001842103,71.84044865728934,40.534104394092516,-0.5230468449647896,43.0630532996559,1.0,True
48,7.9248127928708305,296.81974615150574,5384.771667804363,74.75478779052696,0.47022929217645715,0.5297707078235429,0.3546369849586602,0.20034597696788203,0.19214163876688672,0.07774146641969953,COMPLETE,7.9248127928708305,239.53056694680362,296.81974615150574,1710.4531438915922,74.75478779052696,5881.479289551213,5384.771667804363,1.8982349012236321,64.47853656371908,69.51608729425396,0.06086312911263825,42.615587472900856,1.0,True
49,14.770390116973983,271.9756126026104,10300.064019959838,247.5550909679465,0.4641592812938627,0.5358407187061374,0.605902836640208,0.08426924824908037,0.19024355580952954,0.18964628042916223,COMPLETE,12.6697095995733,255.8723879439284,317.07008506168404,2181.60673508593,212.34720868038926,10041.234914598628,8835.164065161474,3.241828849798933,62.02505704833196,54.22496481921257,11.790228539967224,39.1190057748051,1.1658033675429649,False
50,9.180151862129003,302.3578114494425,7166.7689473900655,103.2450499492904,0.36122605763075266,0.6387739423692473,0.4183805487625825,0.26644410439854,0.007230118068289285,0.08755153782356934,COMPLETE,9.180151862129003,243.99973026158565,302.3578114494425,1837.6095677078524,103.2450499492904,6941.530484772691,7166.7689473900655,2.23995457811987,72.68426663927421,48.959707543122775,0.8439180314898533,31.020802485762324,1.0,True
51,8.374054324095585,298.8197391866067,7168.291634983034,84.3411686731626,0.1838915663596266,0.8161084336403734,0.37708693101632246,0.07043024772224811,0.07056657128466955,0.04289463596634447,COMPLETE,8.374054324095585,241.14454132619971,298.8197391866067,1755.9698026790334,84.3411686731626,6259.07741119225,7168.291634983034,2.0193574890247095,80.57975862577744,61.62778849870043,3.216496299633414,78.0848262849448,1.0,True
52,8.91567616666523,301.20676787730366,8459.794873782226,96.79959245929254,0.010292247147901223,0.9897077528520988,0.40454749016213015,0.004909323067716362,0.0043081373861115655,0.0010747816324450845,COMPLETE,8.91567616666523,243.07084960930527,301.20676787730366,1810.7440545200184,96.79959245929254,6718.8972190146615,8459.794873782226,2.1671409806727517,88.52251656180069,68.89765280704329,8.606994196980356,56.71871734332056,1.0,True
53,9.388157645777014,302.27067311712824,8146.917539863424,108.1095226937811,0.15846100257813883,0.8415389974218612,0.42763399448000505,0.03998342237544715,0.06994002745457957,0.048537472002379546,COMPLETE,9.360999490071164,244.63709912953945,303.1476215684698,1855.8024051245072,107.79678239250127,7098.0999921502535,8123.350055867259,2.2900477602041076,80.52231411559701,39.7765492647229,18.87155601841236,55.11263777654648,1.0029012025622537,False
54,12.021333138850279,285.4511972513591,11252.773283556891,169.7973681419175,0.08474637334304624,0.9152536266569538,0.5170403787375051,0.0299192629442993,0.011131362515809382,0.04369562905304586,COMPLETE,11.055319377191624,250.48479086609447,310.39392169183566,2024.7599917649868,156.15274217373636,8584.080454742752,10348.519676807546,2.7691893621537256,84.80017014661581,19.37225417304196,13.313154215467542,59.31001919991034,1.0873799958824935,False
55,9.176478037268295,302.3390335855564,6325.57592827349,103.15197150705612,0.4680773870803905,0.5319226129196095,0.4183805487625825,0.2195876964826109,0.07792693729812925,0.1705625082490663,COMPLETE,9.176478037268295,243.98457671320816,302.3390335855564,1837.3857097596233,103.15197150705612,6935.819121474408,6325.57592827349,2.2389191096409564,64.26920441979046,19.84421856068742,19.760733149360863,64.45268674661109,1.0,True
56,12.471521790495517,282.9877208871484,9012.063793937097,181.59439297103262,0.3210158230771439,0.6789841769228562,0.531928717897877,0.042301886222260415,0.2766034254759825,0.002110094494668905,COMPLETE,11.328422043585174,251.4118675000534,311.5427297736693,2051.8109393368927,164.95003247256315,8826.68757802957,8186.046887977776,2.84809974180652,65.26494262535385,58.53528295910548,7.766246730413226,65.51050543103594,1.1009054696684464,False
57,12.552226288124771,282.5702428127953,9689.040109714466,183.7553788000532,0.2850305850446825,0.7149694149553175,0.5345021680097509,0.17482461529270882,0.09268989037025122,0.01751589913340879,COMPLETE,11.377498113023126,251.57562815494464,311.7456575111769,2056.5002627874765,166.55822063480258,8871.721132623468,8782.269617746868,2.86230123461549,69.6484384217512,25.063460271301057,6.865123761853631,54.25792671346767,1.1032501313937382,False
58,16.105072910884125,266.5843045754831,14749.34111314875,290.24513827932475,0.144875726456884,0.8551242735431159,0.647016155031279,0.008582351614015897,0.06993742399583286,0.06635587521395787,COMPLETE,13.414353930092709,258.2829058903792,320.0571331619713,2251.1701189358464,241.7530819581879,10738.554695713874,12285.127985588444,3.4646983137063736,80.5034178684248,35.55379938778928,17.932610436487472,41.9331918667847,1.2005850594679233,False
59,8.480114993093126,299.29060630105033,7641.1122146942525,86.7032981937988,0.07004200761826201,0.929957992381738,0.3823674280979913,0.0244765756097758,0.044365042157308444,0.0012003426291531385,COMPLETE,8.480114993093126,241.52452637888462,299.29060630105033,1766.6607760142283,86.7032981937988,6349.596174660718,7641.1122146942525,2.0481557573452958,84.62011712565403,48.10727183264066,13.925570010402552,34.55173277380303,1.0,True
60,15.01736060153255,270.9509784712522,13671.934318811369,255.23272169296737,0.1838915663596266,0.8161084336403734,0.6132119215783867,0.09215385825234201,0.013652398663076217,0.0780851637016677,COMPLETE,12.810145814233751,256.3293952315491,317.63639602913184,2194.604162873196,217.71924296184164,10177.153931910036,11662.4669829615,3.2836169293904973,80.6452571028789,43.292252471577484,5.036505673600304,50.05172786458485,1.172302081436598,False
61,7.924452719857723,296.8179791245197,5001.865338469506,74.7472944253034,0.47022929217645715,0.5297707078235429,0.3546369849586602,0.1761824471967024,0.20600904170142886,0.08803756544097292,COMPLETE,7.924452719857723,239.52914097369614,296.8179791245197,1710.433998790191,74.7472944253034,5880.941238208824,5001.865338469506,1.8981373526741905,59.90550288823986,34.23209230976132,14.432663810726863,41.7671194022525,1.0,True
62,11.102939605879362,290.7641597821932,7785.309847953192,146.82870517071822,0.348507870497634,0.651492129502366,0.4868209952651108,0.03479488455674008,0.1384874434983166,0.175225293005904,COMPLETE,10.482710230848289,248.5269116565279,307.96777117006144,1968.3337822705194,138.62660020777372,8070.766413828167,7350.408998914769,2.605235599463014,64.17568223953606,44.00330581958688,-0.34313278387553137,26.117529082664113,1.0591668911352596,False
63,8.913450559525053,301.1954989980211,7565.3434250047485,96.74540214597698,0.1838915663596266,0.8161084336403734,0.40454749016213015,0.0786616322940231,0.07881388838124426,0.02641592127995164,COMPLETE,8.913450559525053,243.06175573641303,301.1954989980211,1810.6185324144935,96.74540214597698,6715.466226083874,7565.3434250047485,2.166518942667872,79.25315820174296,59.47038827784043,11.185522448827536,38.51410333533693,1.0,True
64,8.523294239324626,299.47796338100096,6343.266510300023,87.67350781827652,0.36450358402049365,0.6354964159795063,0.3847607178575389,0.15530046269741188,0.14894077662822325,0.06026218189392515,COMPLETE,8.523294239324626,241.67572166883397,299.47796338100096,1771.2117441746723,87.67350781827652,6383.259964029045,6343.266510300023,2.0598732862845943,69.95794490701839,53.23097365460808,15.362515534280163,46.15782286828783,1.0,True
65,10.961463939301623,291.6315297393368,7598.510090005062,143.42948241672133,0.40419867405823057,0.5958013259417694,0.4820457481218804,0.06384976271194945,0.19692735705870115,0.14342134467866152,COMPLETE,10.3928848176085,248.2190301448124,307.58625279719996,1959.4169966609825,135.98969065268489,7991.771216624763,7204.369834919146,2.5797117898335276,63.51648337170748,56.767045286859094,9.476025703226732,34.115494262115156,1.0547084983304913,False
66,8.654064267949206,300.05636280796205,7705.402770337023,90.65710509953752,0.08718321450249572,0.9128167854975042,0.39125628324379796,0.02990371883778345,0.016737868584461406,0.04054158380034705,COMPLETE,8.654064267949206,242.1424842223973,300.05636280796205,1784.3186340557534,90.65710509953752,6495.812411315272,7705.402770337023,2.0955166204615026,83.43873974750468,25.765602276763207,1.1265677540709356,33.82135587876979,1.0,True
67,9.94692778189582,298.24112859895166,6920.56530533777,120.1153416878736,0.4609371175115584,0.5390628824884416,0.4475990992289793,0.04972804227377802,0.11013186248929072,0.3010766508020974,COMPLETE,9.734303521254938,245.9346766750442,304.7555442756963,1893.685562131202,117.54777145131325,7413.158028640594,6772.632183319675,2.3940027891565774,64.45315807109215,26.045070515637676,13.451872510834757,45.141207957526646,1.021842781065601,False
68,7.923611849734789,296.8131543178341,4927.425760642451,74.72945412360613,0.47022929217645715,0.5297707078235429,0.3546369849586602,0.14274433265944117,0.20653250458454742,0.12095222918042613,COMPLETE,7.923611849734789,239.52524740294896,296.8131543178341,1710.379021052524,74.72945412360613,5879.66013274854,4927.425760642451,1.8979050886326636,59.04334890062208,19.29805137320573,1.4812472228260627,72.66307927170841,1.0,True
69,12.822190784244958,281.1439629408278,9414.451763427542,191.03488551931758,0.3387821809211412,0.6612178190788588,0.543551837122835,0.006327213974827188,0.19533131002104961,0.13712327548812744,COMPLETE,11.538665464553947,252.11783419570727,312.4175444500022,2072.473790168182,171.91193557775216,9012.77466690821,8472.047504069886,2.9091033464321456,66.22068309671266,29.5277885365865,13.665414768689773,32.12782544373119,1.111236895084091,False
70,11.60252002570606,287.8182273359997,9170.690977789967,159.1375320696129,0.21355389431312816,0.7864461056868719,0.5032241907732697,0.028072160697946928,0.18355814605444917,0.0019233109101568556,COMPLETE,10.796541733285798,249.60547430595736,309.304296590983,1999.3030476481977,148.08291668663827,8352.956163274679,8533.641626595827,2.694875920200864,71.87169483539894,64.37702638561726,-0.4155177586912999,44.54421128530476,1.0746515238240988,False
71,14.369930993118844,273.75532623686877,12390.00869796595,235.40376165334956,0.18727005942368125,0.8127299405763188,0.5928083466435541,0.07869991909123221,0.06436833820592615,0.04420165157175637,COMPLETE,12.443079829870621,255.12764834754972,316.1472240641764,2159.7064697154256,203.8386823087119,9839.704127791838,10728.643540139972,3.1745736951957206,76.71611263794912,37.589206808102574,0.9638336770619289,29.531850231266638,1.1548532348577127,False
72,7.925799813248967,296.8248726817108,5711.486565763738,74.77546961503376,0.3925879806965068,0.6074120193034932,0.3546369849586602,0.17547586936065135,0.14902095989063982,0.06809096749447383,COMPLETE,7.925799813248967,239.53470400541383,296.8248726817108,1710.5047204028738,74.77546961503376,5882.96418468493,5711.486565763738,1.8985041122727555,68.35473901621282,52.1910251474087,15.855022084228558,39.73559346047784,1.0,False
73,14.919843904897917,271.3647056125566,13173.882756423089,252.19939523786888,0.194338644844741,0.8056613551552589,0.6101216955740312,0.12451396347564292,0.011953776132066647,0.0578707437969294,COMPLETE,12.755298110435657,256.15048406512835,317.4146941909173,2189.395563431223,215.61073225937443,10127.00523643049,11262.63806117575,3.2672757853831107,78.25357699748697,29.11545996037578,0.8423877890920548,49.65838347443264,1.1696977817156113,False
74,12.327310350890285,283.75654945228484,8658.67792604385,177.7698433091318,0.417651247794619,0.582348752205381,0.5272678829564725,0.14275960764458587,0.2567446709169821,0.01814652419414979,COMPLETE,11.241083267612277,251.11590030507136,311.17597529718006,2043.260214770873,162.10556514171137,8747.529221954994,7895.714213690244,2.82281474515073,63.53672069736505,55.70472336739139,9.825078568575305,64.3571829226569,1.0966301073854365,False
75,15.365389122986919,269.5121589264893,14317.086766750519,266.2080514834351,0.12464611457443747,0.8753538854255625,0.6239721657669414,0.04479759956569673,0.05487268677290211,0.024975719075352065,COMPLETE,13.005211038814503,256.96423141666224,318.4230677166535,2212.9588289076405,225.3175537607644,10359.257002260121,12117.931630124158,3.34187405900046,82.28103557807056,57.07868172656214,8.59828067214026,52.641687835490856,1.1814794144538203,False
76,8.926182003518235,301.24720621475586,6622.946569861912,97.04762582991566,0.331261142176991,0.668738857823009,0.4054563366576581,0.019623712458619106,0.15991326856725657,0.15172398821462546,COMPLETE,8.926182003518235,243.10348294324584,301.24720621475586,1812.1030645592791,97.04762582991566,6722.829592115153,6622.946569861912,2.1699859344406036,69.4046161303325,23.413902301842885,6.2307640182720885,55.05732849165459,1.0,True
77,8.650960341031018,300.03992570897617,6684.021459771387,90.58400914664188,0.24689779818219537,0.7531022018178046,0.39125628324379796,0.06970652499786596,0.06836702415118456,0.10882411271250109,COMPLETE,8.650960341031018,242.12921964788669,300.03992570897617,1784.127478140233,90.58400914664188,6491.03389342029,6684.021459771387,2.094650276578656,72.49948570087216,25.480497858187274,5.977926608149872,29.374199374796376,1.0,False
78,9.835559513074461,299.0560599037717,7637.11492998724,117.69276753671059,0.3387821809211412,0.6612178190788588,0.44329469651469866,0.1796616044653915,0.1415516402264725,0.017568659811469985,COMPLETE,9.66132994716529,245.6874182759376,304.4491484106837,1886.0674082889159,115.6079283599142,7356.687428900486,7501.829162331487,2.373667211831041,71.75774262458611,65.33216357109586,1.736086981648246,49.694580066958,1.018033704144458,False
79,9.259055731091259,302.70128202906216,6753.499514773433,105.21586919762262,0.3299920230170895,0.6700079769829105,0.4225556872701355,0.07555446666316004,0.12605731712075452,0.12837999684696397,COMPLETE,9.259055731091259,244.27690758463285,302.70128202906216,1845.6742786607383,105.21586919762262,7007.8553745527,6753.499514773433,2.2617735011447446,67.87719394161405,33.54795768808722,12.021525705165983,31.90310055927626,1.0,True
80,13.3452821239521,278.51755998887376,11087.457337706917,205.53799661146886,0.3210158230771439,0.6789841769228562,0.560590063177311,0.023603685006432097,0.04534151227313238,0.2520703452687605,COMPLETE,11.84852876814767,253.15357621716618,313.7010077165345,2102.6479675397577,182.48567869745608,9290.905271819352,9843.932560679817,2.999497430568557,74.69415257658147,27.129587543325812,13.09260847204976,51.31564662352663,1.1263239837698789,False
81,8.988604785839822,301.52248332500375,6281.355460676878,98.55130858383323,0.3978963347180505,0.6021036652819495,0.40857289633941335,0.15194296135624377,0.17533417152585207,0.07061900483244998,COMPLETE,8.988604785839822,243.32562881844478,301.52248332500375,1818.360631281141,98.55130858383323,6777.220205503646,6281.355460676878,2.1871579117149573,65.2601288222682,31.12492970952784,19.9273018351969,47.9373347579503,1.0,False
82,10.391309235777278,295.262700814984,6426.544405171564,130.09964676523313,0.4812236474710556,0.5187763525289444,0.4626748857919832,0.07922931132179985,0.2956357748811663,0.10635824659421193,COMPLETE,10.026088689914445,246.95366070395022,306.0182414948763,1922.8540425201345,125.52706953458294,7670.251731529511,6200.672380538959,2.475979304516845,56.956591391181945,46.83672560961183,9.196908203159683,40.104684537320395,1.0364270212600672,False
83,9.261427630236112,302.7131328573432,7037.886044637218,105.27649100653595,0.3299920230170895,0.6700079769829105,0.4225556872701355,0.20255174064038273,0.06494669219223347,0.06249292523836408,COMPLETE,9.261427630236112,244.2864710845474,302.7131328573432,1845.8132264361348,105.27649100653595,7011.53972611844,7037.886044637218,2.262441472995302,70.6518897997718,43.161200593972225,11.127032825865042,23.779986441094508,1.0,False
84,11.60261017104975,287.82100984590863,9887.693478128604,159.14113699775217,0.21355389431312816,0.7864461056868719,0.5032241907732697,0.1028087489315091,0.08823746481919331,0.022507574564173738,COMPLETE,10.796748274073458,249.60505169686624,309.30377290532255,1999.2786302912023,148.08795356253125,8353.215352374813,9200.941505465893,2.694922911108157,77.49177354450003,60.572130609706036,8.560812969926097,20.722797180694236,1.074639315145601,False
85,8.109567022048862,297.64213500950734,5504.576607027267,78.61515123613701,0.3925879806965068,0.6074120193034932,0.3639351238159993,0.12583008211505878,0.13785203723241854,0.1289056437553873,COMPLETE,8.109567022048862,240.19422653132233,297.64213500950734,1729.2526721943461,78.61515123613701,6034.950345915444,5504.576607027267,1.9478711783649456,64.25158422549863,25.36135323871786,6.294353222082902,46.97513507579753,1.0,True
86,13.409015508292443,278.24120030864657,13169.275100604953,207.36914608225726,0.017971136898371043,0.982028863101629,0.5620572031542851,0.0034521397234309912,0.00808848804048414,0.006430491762199752,COMPLETE,11.887120729994743,253.28519823766948,313.86411013478414,2106.05776417455,183.83318847168775,9334.438782897969,11674.590349350694,3.010831730571829,87.93745954366082,56.68918588740195,8.229096373035953,41.583957610677274,1.128028882087275,False
87,8.64742852827893,300.02129345674877,6202.336047387407,90.50092171743677,0.40419867405823057,0.5958013259417694,0.39125628324379796,0.08039509641464744,0.1432173202301209,0.18058599348876628,COMPLETE,8.64742852827893,242.11418360666167,300.02129345674877,1783.9162662621102,90.50092171743677,6485.599917895882,6202.336047387407,2.093665098421209,67.39695131081919,31.032998011094172,15.931750193326724,52.70541209014223,1.0,True
88,11.101237771455867,290.77140430439255,8955.003043617826,146.78532702812305,0.36122605763075266,0.6387739423692473,0.4868209952651108,0.04702605872104413,0.0965985577114284,0.21760110407908004,COMPLETE,10.481575802613262,248.52190399256537,307.96156580944665,1968.2383222736626,138.59189070903736,8068.9218208881,8455.14213339862,2.6049011753078495,73.8611759446084,51.878785820330705,12.634867476469616,61.04283953488128,1.0591191611368314,False
89,8.2959945106106,298.47512187165637,7120.654327955221,82.62817854002722,0.12464611457443747,0.8753538854255625,0.3730939729486379,0.03667557053296855,0.0675229584796696,0.020447496192655346,COMPLETE,8.2959945106106,240.86643859920795,298.47512187165637,1748.010396601227,82.62817854002722,6194.190575594955,7120.654327955221,1.998226652409354,80.85867720552473,35.198904688207264,6.030104930875643,59.73719316654059,1.0,True
90,8.930195685204971,301.2688580329775,6413.147206113089,97.1463841242181,0.331261142176991,0.668738857823009,0.4054563366576581,0.1714733367930806,0.15093564445720226,0.008851870703817436,COMPLETE,8.930195685204971,243.12095574403253,301.2688580329775,1812.3694063080914,97.1463841242181,6729.072158974722,6413.147206113089,2.171117709968268,67.06070830389122,35.84488065469415,5.592243467791905,56.133973176646066,1.0,True
91,8.058995012952698,297.42071307460884,6752.806373249726,77.54902444341762,0.18727005942368125,0.8127299405763188,0.3612044566247643,0.0756493834174356,0.06492744904751813,0.04669314896242378,COMPLETE,8.058995012952698,240.01554124407858,297.42071307460884,1723.9528356987048,77.54902444341762,5995.339699904102,6752.806373249726,1.9342840499171716,79.25086900125417,46.22885760195636,13.644504624903272,53.39980817691094,1.0,True
92,9.25920822753495,302.70161483771824,7485.638770693842,105.2194751574317,0.3299920230170895,0.6700079769829105,0.4225556872701355,0.1108480297593152,0.08435087025545601,0.1347929710737395,COMPLETE,9.25920822753495,244.27717615789024,302.70161483771824,1845.6697825841989,105.2194751574317,7008.074559330093,7485.638770693842,2.2618132392801416,75.23270633465286,49.98339568687102,15.150884570199663,64.80290302095531,1.0,True
93,8.924769449887224,301.2379508651113,6050.2211756960205,97.01185661972069,0.4113002803298291,0.5886997196701709,0.4054563366576581,0.14675303098239095,0.051768461492451935,0.21277838042343725,COMPLETE,8.924769449887224,243.09601396863616,301.2379508651113,1811.969869771848,97.01185661972069,6720.567836725986,6050.2211756960205,2.1695758788566417,63.45478068166572,32.336037652420885,3.672477670022643,28.191174854770793,1.0,True
94,8.338914366763033,298.6576119485222,6459.668230841981,83.56366507846228,0.3849967765493054,0.6150032234506946,0.3756042394981304,0.0734755930595087,0.09945973086705306,0.21206111217587476,COMPLETE,8.338914366763033,241.0137062663379,298.6576119485222,1752.6157259372883,83.56366507846228,6225.5050321774825,6459.668230841981,2.009792657771171,73.13823248379778,47.42190426732237,12.964121101373525,63.99740146795807,1.0,True
95,8.762657078475726,300.5346442909091,7205.173217250299,93.17839038640942,0.18727005942368125,0.8127299405763188,0.3968055921327309,0.09722951595584306,0.0847549535396922,0.0052854876581840005,COMPLETE,8.762657078475726,242.52845259632073,300.5346442909091,1795.3458853749921,93.17839038640942,6587.700076442842,7205.173217250299,2.1251936618749148,76.9310008962669,38.01957154683271,8.641086464914016,24.67953964802086,1.0,True
96,8.762736427863095,300.53424439864716,7951.746376489743,93.1797944312626,0.08718321450249572,0.9128167854975042,0.3968055921327309,0.024975566728513962,0.018177943456140246,0.04402965731426754,COMPLETE,8.762736427863095,242.52812988726427,300.53424439864716,1795.3293951520577,93.1797944312626,6587.790626340664,7951.746376489743,2.125210078544643,84.90685645271982,30.703460194460142,6.114351351089743,62.80702467506746,1.0,False
97,8.882635857503503,301.0586187757333,5918.1683754254245,96.00889781587986,0.36122605763075266,0.6387739423692473,0.40313320382211465,0.09811127406080969,0.18891603191308273,0.07419840222334334,COMPLETE,8.882635857503503,242.95129476582903,301.0586187757333,1807.6489636147517,96.00889781587986,6687.041693033224,5918.1683754254245,2.158047882513856,62.31547063911014,34.1645414867903,-1.8685682163437378,31.992322300226625,1.0,True
98,11.603887893141865,287.8177303082512,9657.061476968218,159.1756796166328,0.21355389431312816,0.7864461056868719,0.5032241907732697,0.15283868278390172,0.05941608178746285,0.0012989429007808533,COMPLETE,10.797673144561289,249.6083127843395,309.30781395598393,1999.3312008590779,148.11647414136175,8354.682892011066,8986.10830486091,2.6951889756107166,75.65179224260449,33.39832711518926,7.365779982318919,63.60197547631191,1.074665600429539,False
99,8.109609923915173,297.64212940724855,5621.890521947314,78.6159596161498,0.3925879806965068,0.6074120193034932,0.3639351238159993,0.14366024618407539,0.11541255697531434,0.1335149521629295,COMPLETE,8.109609923915173,240.19422201035553,297.64212940724855,1729.2484576525444,78.6159596161498,6035.006982065733,5621.890521947314,1.9478814464822634,65.62066357058305,32.90005844185321,13.269725259660879,39.07255248732347,1.0,False
100,8.650940867653501,300.0398804777038,7002.768192905399,90.58358476367704,0.24689779818219537,0.7531022018178046,0.39125628324379796,0.059052083175858375,0.08202508704676639,0.10582051499156887,COMPLETE,8.650940867653501,242.12918314670216,300.0398804777038,1784.1305196339206,90.58358476367704,6491.006144653121,7002.768192905399,2.0946452457353653,75.95677757504849,45.73393420409107,17.2298344546725,44.84982272993427,1.0,False
101,9.260345719466201,302.70781995095297,7020.225204690869,105.24889940684528,0.3299920230170895,0.6700079769829105,0.4225556872701355,0.14178035314412216,0.096322110577874,0.09188938580451382,COMPLETE,9.260345719466201,244.28218362221955,302.70781995095297,1845.7510802775678,105.24889940684528,7009.862947063146,7020.225204690869,2.262137473447877,70.51259632960127,45.74427312290119,6.500565056725161,40.22549855185678,1.0,False
102,8.109886621138044,297.6442949078489,5350.665969254178,78.62230779818073,0.3925879806965068,0.6074120193034932,0.3639351238159993,0.11614888733481026,0.16849246424778366,0.10794644689954376,COMPLETE,8.109886621138044,240.195969547685,297.6442949078489,1729.2833766809572,78.62230779818073,6035.451734052287,5350.665969254178,1.9479620798860515,62.441634213101565,23.507448354369615,9.910528685145387,36.06046849706202,1.0,True
103,8.649916191124548,300.0348140361351,6258.660705766688,90.55967388105998,0.3299920230170895,0.6700079769829105,0.39125628324379796,0.0928633543928976,0.12420522218794328,0.11292331915750954,COMPLETE,8.649916191124548,242.1250945790207,300.0348140361351,1784.076108547708,90.55967388105998,6489.442601792765,6258.660705766688,2.0943617758766337,67.91968363416142,35.56283031971188,3.255659659801109,39.81187699399181,1.0,True
104,9.380963600112096,302.3219025736319,7800.903860097769,107.95792658121759,0.17053317552512925,0.8294668244748707,0.42738248831454667,0.01762668970162306,0.11736540231768697,0.03554092816834926,COMPLETE,9.356057138824166,244.6202189155097,303.1267040675965,1855.3241362078859,107.67129825242968,7093.814163342593,7780.192457913022,2.288680745485185,77.16588973262857,51.47571728540794,10.357577549948529,32.70245112524736,1.0026620681039429,False
105,9.37660942291354,302.3363540475715,6673.435646481366,107.85903886225339,0.331261142176991,0.668738857823009,0.42738248831454667,0.05790860976904587,0.1717863945311355,0.10156595210025496,COMPLETE,9.352687560860458,244.60646103692287,303.10965567965263,1855.1155054410654,107.58386593646895,7088.558004535858,6656.410195195623,2.287727805446127,66.12929107754651,53.506323490930185,2.9439006654270323,28.597920632364406,1.0025577527205327,False
106,8.912178348217038,301.18963465315096,6827.202522099571,96.7147954215299,0.25815017415059766,0.7418498258494024,0.40454749016213015,0.07280299755932433,0.14767748886375784,0.03766951032491545,COMPLETE,8.912178348217038,243.0570232687463,301.18963465315096,1810.556459297615,96.7147954215299,6713.527985142899,6827.202522099571,2.1661675401578053,71.5645203693996,39.84056311929209,8.238416569010035,36.020275238376364,1.0,False
107,10.400293272465994,295.23740914796247,8691.43282204078,130.32203986740416,0.16147823647062298,0.838521763529377,0.4626748857919832,0.03676007333969155,0.1133765229594924,0.011341519493790631,COMPLETE,10.032857569862353,246.97925578864397,306.04995822580696,1923.2464704188324,125.71784563663269,7680.888216157786,8384.370065065112,2.477907696038067,76.78447526931559,36.12820340389417,2.6526973260353084,42.35601223721121,1.0366232352094162,False
108,8.654554072248665,300.0596355723024,7626.577770104354,90.66904320908073,0.08718321450249572,0.9128167854975042,0.39125628324379796,0.014823652246330402,0.06478323193483461,0.007576162808243135,COMPLETE,8.654554072248665,242.1451253104923,300.0596355723024,1784.3669456406014,90.66904320908073,6496.592665590284,7626.577770104354,2.0956580803310847,82.55773339280536,20.933642424050028,11.970897364304992,26.746576090582312,1.0,True
109,8.479248074920752,299.28571291301944,7641.751666503228,86.68324459998409,0.08718321450249572,0.9128167854975042,0.3823674280979913,0.020213127594532,0.030748403606624206,0.03622164463315864,COMPLETE,8.479248074920752,241.52057746367757,299.28571291301944,1766.5987108739744,86.68324459998409,6348.256592595882,7641.751666503228,2.0479128915126363,84.67154034401301,63.52727497147372,1.9858533142371217,56.85799392797445,1.0,False
110,8.110920272784695,297.64993085163024,5730.884086527753,78.64476082587832,0.3925879806965068,0.6074120193034932,0.3639351238159993,0.17618630869933247,0.14154307076000297,0.07485832483609846,COMPLETE,8.110920272784695,240.2005176979571,297.64993085163024,1729.343263996031,78.64476082587832,6037.02464694973,5730.884086527753,1.948247248529739,66.83971908935519,48.61854905205308,5.011116459211685,45.90713722126696,1.0,False
111,10.953050085696239,291.69583383798806,8295.03677019224,143.2342071379754,0.36122605763075266,0.6387739423692473,0.4816914262116908,0.20172204777942726,0.005473846853225187,0.15402993788482464,COMPLETE,10.387967308318157,248.20062960175989,307.56345134606363,1958.7956403031017,135.8445592360842,7988.568904178308,7867.08452128626,2.5783000262070654,69.36859214371977,35.57853343616146,14.217286577841605,33.57175250438545,1.054397820151551,False
112,8.927452865597457,301.2522403085993,7255.42445114721,97.07774426937472,0.3288064461501717,0.6711935538498284,0.4054563366576581,0.15779359242534588,0.02600924576621192,0.14500333030384763,COMPLETE,8.927452865597457,243.10754540663655,301.2522403085993,1812.141912227913,97.07774426937472,6724.733723448273,7255.42445114721,2.1703311528888416,75.99115901048934,65.45475398355333,17.035617274240725,37.21475703642641,1.0,True
113,8.110392704849595,297.646905499898,5882.797072374977,78.63322380332946,0.3925879806965068,0.6074120193034932,0.3639351238159993,0.15216138262296044,0.14593024455339015,0.0944961940099095,COMPLETE,8.110392704849595,240.1980762693627,297.646905499898,1729.3096874462778,78.63322380332946,6036.216465623088,5882.797072374977,1.9481007254939458,68.63264069372782,45.44755270548703,10.329525154683433,64.53544816162028,1.0,True
114,9.946843011060237,298.2413373224651,6542.913610590526,120.11331714927361,0.4609371175115584,0.5390628824884416,0.4475990992289793,0.04539250291121142,0.11338979061625505,0.30215424541416386,COMPLETE,9.73423610018418,245.93445623263125,304.7552711094701,1893.6823000157215,117.54597781499561,7413.054735489773,6403.063343593271,2.3939840621388453,60.93775764043504,18.850318151282202,5.544168299196064,37.55656059799781,1.0218411500078608,False
115,8.110503892440159,297.6500580265901,4750.357489734105,78.63695124959276,0.4812236474710556,0.5187763525289444,0.3639351238159993,0.12997828968893116,0.3347425589962507,0.016502147832662503,COMPLETE,8.110503892440159,240.20062032687795,297.6500580265901,1729.3765135351387,78.63695124959276,6036.477583719446,4750.357489734105,1.9481480661276844,55.405355172291195,15.896657906058428,18.707693458284716,50.74123606762025,1.0,True
116,8.11028345452828,297.6456436405042,6050.521046329923,78.6305074026875,0.3925879806965068,0.6074120193034932,0.3639351238159993,0.18263397547189453,0.09756072765512928,0.11239308784915232,COMPLETE,8.11028345452828,240.19705796145047,297.6456436405042,1729.287208234547,78.6305074026875,6036.026170316777,6050.521046329923,1.9480662250111223,70.59726989477852,56.608950276768724,8.250480922074244,47.37892039242074,1.0,True
117,8.988261556834342,301.51977018139473,6430.54490972516,98.54223846157494,0.3974056517708242,0.6025943482291758,0.40857289633941335,0.18117997080123233,0.11664372701826843,0.09958175176213711,COMPLETE,8.988261556834342,243.32343933868373,301.51977018139473,1818.3170444200182,98.54223846157494,6776.651004188209,6430.54490972516,2.187054715684604,66.82628858322644,53.726043793767886,4.6990410615878915,28.346556716246177,1.0,False
118,8.367528258467399,298.78284975211625,5477.85080550689,84.19272496800373,0.4609371175115584,0.5390628824884416,0.37708693101632246,0.17512378375851037,0.054279525441739265,0.231533531350738,COMPLETE,8.367528258467399,241.1147719214603,298.78284975211625,1755.529706372099,84.19272496800373,6249.023222511336,5477.85080550689,2.0175346675867405,61.801825712398944,42.061257370210356,3.5683857922373092,26.48501478259419,1.0,True
119,9.372781969650886,302.35455407393647,6818.130973070927,107.77352789877725,0.347987103046849,0.652012896953151,0.42738248831454667,0.06868971950072329,0.05670480175515567,0.22259197645398257,COMPLETE,9.349937014471207,244.5932663407458,303.093305171992,1854.8866543473653,107.51084373281931,7084.166541250933,6801.512652385209,2.2869316344497532,67.67233395454492,53.99821588570606,4.80209301414342,24.769507661224345,1.0024433271736826,False
120,8.863149215611738,300.9750340997924,7240.451412611343,95.54670905721316,0.20447647220713494,0.7955235277928651,0.40198829602125374,0.07669677585430278,0.09807900161797165,0.029700564923658326,COMPLETE,8.863149215611738,242.8838427681915,300.9750340997924,1805.549402378837,95.54670905721316,6672.44507585231,7240.451412611343,2.152715740515661,76.34574742001124,32.92929532128818,8.946753975610221,70.74924399541429,1.0,True
121,9.183641865966393,302.3767206166504,8270.650259978236,103.3342321981038,0.07821852133554302,0.9217814786644569,0.4183805487625825,0.04107018826850548,0.014574923992955294,0.02257336324148878,COMPLETE,9.183641865966393,244.01498977043073,302.3767206166504,1837.8491308399243,103.3342321981038,6947.000421203851,8270.650259978236,2.240946275979089,83.72829008859405,22.50557321041415,10.354845940925218,25.96931872178534,1.0,True
122,8.653494421132358,300.0534656655141,7520.820274794375,90.64375383696684,0.12512144908229766,0.8748785509177024,0.39125628324379796,0.038691419455568844,0.03822773460574629,0.04820222457389404,COMPLETE,8.653494421132358,242.14014625741325,300.0534656655141,1784.2873302415278,90.64375383696684,6494.939736474783,7520.820274794375,2.095358404770699,81.4641870036818,38.7420815071829,11.71781926488478,33.310465468112284,1.0,True
123,8.295005958405687,298.46942382213587,6732.3576422208835,82.60589739458732,0.18727005942368125,0.8127299405763188,0.3730939729486379,0.07815217739848157,0.06087985030920057,0.04823795113925558,COMPLETE,8.295005958405687,240.86184033022542,298.46942382213587,1747.9425095222998,82.60589739458732,6192.666846043575,6732.3576422208835,1.9979504006917792,76.49377400941474,30.839723880625755,5.800665836156945,27.734560319240884,1.0,True
124,9.259014624373652,302.6997003019649,6937.549569532556,105.21388558197646,0.35729796135003117,0.6427020386499689,0.4225556872701355,0.17848780292051789,0.027570963594051062,0.15123891255465083,COMPLETE,9.259014624373652,244.27563114668266,302.6997003019649,1845.636058034218,105.21388558197646,7007.7348008344325,6937.549569532556,2.2617516411652385,69.73453155860044,43.992414262545644,12.153237906603591,28.05805326919362,1.0,True
125,8.521350397083536,299.4656767656046,6111.013123469418,87.6274957810032,0.33009868835886563,0.6699013116411343,0.3847607178575389,0.12145809395341846,0.03571864430573408,0.17292146770640757,COMPLETE,8.521350397083536,241.66580649307525,299.4656767656046,1771.0446188286828,87.6274957810032,6380.202760132887,6111.013123469418,2.0593190161212798,67.47837507530032,30.265724275739124,13.453194017469883,20.653389596148383,1.0,True
126,9.377690667086123,302.33093175663237,6085.887918814344,107.88309650121741,0.43155171293779676,0.5684482870622032,0.42738248831454667,0.17913332769409984,0.21174593347195242,0.04067181185878772,COMPLETE,9.353456579994353,244.61016696418426,303.1142479636479,1855.181846279931,107.60430202514064,7089.786744974326,6070.160599254429,2.2879505757246665,60.276748285928164,32.32300724562298,10.778316927624047,37.8922097274946,1.0025909231399655,False
127,8.650861367759198,300.03931512734107,7188.31300046522,90.58162804534255,0.24689779818219537,0.7531022018178046,0.39125628324379796,0.06461873991017052,0.07016116191925248,0.11211776998198826,COMPLETE,8.650861367759198,242.12872691461297,300.03931512734107,1784.1212987195495,90.58162804534255,6490.878201559821,7188.31300046522,2.0946220496903423,77.97366320910203,44.524823194217966,8.675611721570156,66.15136330401836,1.0,False
128,10.778579560302276,292.77390442355363,7102.559708258012,139.08929601455392,0.47743264033159705,0.522567359668403,0.47588001872833696,0.18503210175935197,0.1390076217072596,0.153392666108955,COMPLETE,10.276196130855945,247.8161837381568,307.0870565163841,1947.7761465524864,132.60642346718944,7888.9568312625615,6771.5134619396395,2.546607708493533,60.48528429870768,52.904262043301834,-2.2171477327302056,28.59804398158426,1.0488880732762431,False
129,9.262093124567881,302.71704463483564,7566.724256271081,105.29390183081783,0.3299920230170895,0.6700079769829105,0.4225556872701355,0.20797443348757816,0.09064697437870399,0.03137033010054377,COMPLETE,9.262093124567881,244.28962784986604,302.71704463483564,1845.8674179729023,105.29390183081783,7012.597695388706,7566.724256271081,2.2626332825114908,75.93191507964524,67.38192165184725,12.88905897419473,34.151092274513395,1.0,True
130,9.29969852922547,302.88299563183483,8891.936626971456,106.24294570978631,0.004598525808314824,0.9954014741916852,0.42431929685034725,0.0003604283465923456,0.0023567676103678054,0.0018813262993406174,COMPLETE,9.29969852922547,244.42354864493439,302.88299563183483,1849.5127162106382,106.24294570978631,7047.318509904358,8891.936626971456,2.2730653158413663,88.70783277247432,45.433015577944985,16.34219887388759,31.864397589267227,1.0,True
131,13.884694738110923,275.96993714523734,12514.71866520593,221.03867350071624,0.12464611457443747,0.8753538854255625,0.5773538331393108,0.044783642041571196,0.054285951258721876,0.025576449424671237,COMPLETE,12.164100443948328,254.2062746300287,315.0054828808643,2132.8970875554705,193.64751456002318,9585.26853217895,10963.892094327133,3.092190658081583,80.45669428479596,31.108757762636195,0.720646265092864,42.22487982753075,1.1414485437777353,False
132,8.297540267532183,298.4829313544569,7805.201721270356,82.66243154981497,0.007196744314877934,0.9928032556851221,0.3730939729486379,0.0020038684535562627,0.004156035326960791,0.001036835651437297,COMPLETE,8.297540267532183,240.8727407737332,298.4829313544569,1748.0935623976075,82.66243154981497,6196.53262856435,7805.201721270356,1.9986512659208922,88.55738975102366,38.63015262018227,16.006120610057756,49.9880619882952,1.0,True
133,8.927038388122277,301.25138555471085,6670.049178022024,97.06841556773821,0.3299920230170895,0.6700079769829105,0.4054563366576581,0.0732978138432453,0.12514158209447274,0.13155238645395909,COMPLETE,8.927038388122277,243.10685562879613,301.25138555471085,1812.1484725912114,97.06841556773821,6724.143980210095,6670.049178022024,2.1702242326139634,69.86880275828095,56.03725252925243,0.777477265543641,45.211880668053844,1.0,True
134,8.477527902618291,299.2769705169378,6604.376532502732,86.64400809430289,0.3299920230170895,0.6700079769829105,0.3823674280979913,0.19816982858902846,0.10367526763471593,0.028146684301366208,COMPLETE,8.477527902618291,241.51352243746362,299.2769705169378,1766.5070726290544,86.64400809430289,6345.635153192962,6604.376532502732,2.047437625323227,73.24006091446651,54.67693735736204,8.992140566248542,63.93787552505182,1.0,True
135,8.108159421733648,297.63431406289607,5515.449427406817,78.58450797190821,0.3925879806965068,0.6074120193034932,0.3639351238159993,0.060007731291143514,0.15454228225367522,0.17803766662284226,COMPLETE,8.108159421733648,240.1879151056165,297.63431406289607,1729.1650377181936,78.58450797190821,6032.803229814999,5515.449427406817,1.947481906850166,64.42980128734105,54.69254360224711,6.0327951590341335,33.92353072075016,1.0,True
136,8.887793624592009,301.0843734737677,8308.834513703772,96.13371273532844,0.023001321010876374,0.9769986789891236,0.40313320382211465,0.0011803093038207917,0.015667454667859952,0.006153528059475221,COMPLETE,8.887793624592009,242.9720785495958,301.0843734737677,1807.9373680616477,96.13371273532844,6694.972252965367,8308.834513703772,2.1594856906869664,87.26087985850279,31.013545467518313,4.773368752088638,30.196274800909215,1.0,True
137,11.265463909064454,289.7868056916335,7930.535596813561,150.78078309780167,0.4277302920055036,0.5722697079944964,0.49225214872619755,0.20967837655536722,0.05839964391348751,0.15965197355322736,COMPLETE,10.585417837620911,248.87876084480843,308.40377308864845,1978.4873364236296,141.6788162349602,8161.827868250097,7451.804350538225,2.6344856744516236,64.3270815452363,38.87005371484622,17.071223279080332,25.93061157181927,1.0642436682118148,False
138,8.928954946276015,301.26264507145584,5983.024045123165,97.11615065906106,0.36122605763075266,0.6387739423692473,0.4054563366576581,0.13028470655888771,0.19555335446369213,0.03538763489775734,COMPLETE,8.928954946276015,243.11594194621415,301.26264507145584,1812.3012198414622,97.11615065906106,6727.161413395699,5983.024045123165,2.170771292359201,62.60246140765237,19.887491306619783,4.843019924871477,60.719014026727486,1.0,True
139,8.91143756444767,301.1838227893297,6908.505938575252,96.69547513267328,0.3288064461501717,0.6711935538498284,0.40454749016213015,0.22281303325748875,0.021519483602463984,0.08447369956471118,COMPLETE,8.91143756444767,243.0523331527612,301.1838227893297,1810.4635402112876,96.69547513267328,6712.304329681832,6908.505938575252,2.165945691784166,72.45355431198082,37.76292879296208,1.2841846085020454,50.019679861265985,1.0,False
140,9.605064930680884,300.6700519275004,6759.509763135703,112.69972932271827,0.36450358402049365,0.6354964159795063,0.43545214831324025,0.07397390164418938,0.14609213069181148,0.14443725788344772,COMPLETE,9.506827144745383,245.14499630032927,303.7769938912865,1870.6667870236388,111.54706955788633,7220.345888497686,6690.375480553317,2.330551105226477,65.27834524613213,42.80975618883288,10.449738493561819,27.074345976857032,1.0103333935118195,False
141,8.763367168497247,300.5377013249191,7872.1772991505495,93.19496899569967,0.08718321450249572,0.9128167854975042,0.3968055921327309,0.04861200102900609,0.01970795246682683,0.01886321004687169,COMPLETE,8.763367168497247,242.53091959219648,300.5377013249191,1795.3722912103435,93.19496899569967,6588.76922448806,7872.1772991505495,2.1253874980997,84.02651872767129,31.303663191502267,7.057041342976429,58.62183324540014,1.0,True
142,8.790197379812923,300.65512126288047,7246.923343373421,93.82381660936514,0.18727005942368125,0.8127299405763188,0.3982424154252496,0.06767568549271889,0.09483762247534287,0.024756608520623814,COMPLETE,8.790197379812923,242.62567630793188,300.65512126288047,1798.1569498861215,93.82381660936514,6610.6640041521805,7246.923343373421,2.1327275841573217,77.12224390314279,27.00081904223311,18.345171400115383,47.63385050800931,1.0,True
143,8.11178063990466,297.6540762042014,6436.928904536506,78.66317135930505,0.21692582461898652,0.7830741753810135,0.3639351238159993,0.03540127014420664,0.08435022519759311,0.09717416524650563,COMPLETE,8.11178063990466,240.20386295602847,297.6540762042014,1729.3822488738992,78.66317135930505,6038.314205737398,6436.928904536506,1.9484810451570238,75.0446747288067,37.12998919700788,8.03931542182105,33.70403776759715,1.0,True
144,8.37561023590068,298.82799881566365,7522.748472218605,84.37628849647763,0.07004200761826201,0.929957992381738,0.37708693101632246,0.023621235774131322,0.028871114356580997,0.017549611915710108,COMPLETE,8.37561023590068,241.1512067642524,298.82799881566365,1756.0605015297983,84.37628849647763,6261.454837844354,7522.748472218605,2.019788515774474,84.49206700418655,45.64072305141606,4.960072846740214,27.256909092146458,1.0,True
145,12.561505284111623,282.525593723016,11218.771315566999,184.00693625489194,0.12464611457443747,0.8753538854255625,0.534755029415665,0.03269709513633128,0.06019823455266103,0.03175070521084543,COMPLETE,11.383235073391038,251.59495609075023,311.76960816212124,2057.0185150572634,166.7470707649389,8877.623621197221,10166.449659599632,2.863964528460506,80.55669315345747,38.402464899483576,11.132128503154439,21.31406942494596,1.1035092575286316,False
146,8.372615910892648,298.8120586761809,6238.442259880753,84.30868429169156,0.3175468254338219,0.6824531745661782,0.37708693101632246,0.15473753979157148,0.10276537593206082,0.060043747499366355,COMPLETE,8.372615910892648,241.13834323109126,298.8120586761809,1755.8842804346955,84.30868429169156,6256.877960494663,6238.442259880753,2.018958729262927,70.18112970489922,43.34733304744387,-0.6454724029514045,45.619551944180216,1.0,True
147,7.920883604111424,296.7977265061549,5160.639403738307,74.67169928220174,0.47022929217645715,0.5297707078235429,0.3546369849586602,0.0269635626117442,0.22295798408252496,0.22030715031273723,COMPLETE,7.920883604111424,239.51279731320193,296.7977265061549,1710.2054249372914,74.67169928220174,5875.5117563280355,5160.639403738307,1.8971529892130041,61.9346758777054,20.173362473394,7.150140839505152,57.076720258027834,1.0,True
148,9.179156633218469,302.3535048827545,6523.6340623453425,103.22034985653787,0.40372007758203127,0.5962799224179687,0.4183805487625825,0.23005144684923556,0.08164029661554352,0.09202807738956512,COMPLETE,9.179156633218469,243.99625490533407,302.3535048827545,1837.5684082711605,103.22034985653787,6940.015113163587,6523.6340623453425,2.239679841694761,66.1907491258393,35.67422011638762,10.866998193986992,43.055975080809574,1.0,True
149,8.373401204878915,298.8164509961684,6667.443752838565,84.32652767694914,0.1838915663596266,0.8161084336403734,0.37708693101632246,0.03341045713100552,0.08604438436628954,0.06443655753712357,COMPLETE,8.373401204878915,241.1418877893979,298.8164509961684,1755.931517033854,84.32652767694914,6258.086150546938,6667.443752838565,2.0191777737625203,74.9772994656859,14.432252755652506,5.234444911764161,20.665863947834822,1.0,True
150,12.656101714624594,282.034988479273,11763.413937286012,186.55409270151392,0.07004200761826201,0.929957992381738,0.5377579747142709,0.030837918924146165,0.03769172334129242,0.0015123058580235765,COMPLETE,11.440282564873037,251.78760529392704,312.0083338008241,2062.550545470736,168.63261549744456,8930.091270768331,10633.351596298346,2.8805213508952474,83.72864614955547,21.359376073916803,6.349512009263854,30.210564244921997,1.106275272735368,False
151,8.375345781181426,298.82640745282123,7581.451607098626,84.37021537962055,0.07821852133554302,0.9217814786644569,0.37708693101632246,0.02995799620088228,0.018934725400153254,0.029325740191996512,COMPLETE,8.375345781181426,241.14992255035222,298.82640745282123,1756.039777852526,84.37021537962055,6261.043754382786,7581.451607098626,2.0197139864643203,85.1655728831138,45.34073039788815,0.6845658898048979,59.176941306041975,1.0,True
152,8.523803499461783,299.48059409154484,6355.404525854235,87.68522887122371,0.33009868835886563,0.6699013116411343,0.3847607178575389,0.1481687902617653,0.12716853919441076,0.05476120613716193,COMPLETE,8.523803499461783,241.67784462593576,299.48059409154484,1771.2386951159783,87.68522887122371,6384.038627627201,6355.404525854235,2.0600144577649324,70.07368586032408,46.19913983367634,6.006854780837227,50.83897121088755,1.0,True
153,14.82057292709854,271.79036914768034,14089.233431308392,249.13006095250435,0.08718321450249572,0.9128167854975042,0.6069469523564966,0.016638680582783675,0.022522835459201005,0.04802162136570349,COMPLETE,12.699352193278806,255.96798025708583,317.18854044918254,2184.067549515227,213.4728799980509,10076.256179478181,12072.686957354468,3.250627531486969,84.2835473588507,30.31031468850233,8.996604345578906,47.94561492879227,1.1670337747576134,False
154,8.910662020210152,301.18184511245175,6400.004680317167,96.67782242864283,0.3925879806965068,0.6074120193034932,0.40454749016213015,0.1487608106037649,0.19427209444607116,0.04955484227071796,COMPLETE,8.910662020210152,243.05073718729747,301.18184511245175,1810.4703388023436,96.67782242864283,6711.186186959709,6400.004680317167,2.1657429728389306,67.13633229569503,57.67264770008045,12.651486963738494,39.74837533226858,1.0,False
155,8.373456235882447,298.81587146217896,7239.505847519275,84.32728971173216,0.18727005942368125,0.8127299405763188,0.37708693101632246,0.08298265652557978,0.02572043111125634,0.07856684054868077,COMPLETE,8.373456235882447,241.14142011126378,298.81587146217896,1755.9158056127935,84.32728971173216,6258.137745764427,7239.505847519275,2.0191871279602105,81.41245382442179,45.34755132270895,13.617446260561838,62.76882657649459,1.0,False
156,8.111511219002718,297.6537364754155,6060.507363306435,78.65789990973562,0.3293468158094725,0.6706531841905274,0.3639351238159993,0.09653137824026162,0.17679716994627415,0.05601792381638328,COMPLETE,8.111511219002718,240.20358879829553,297.6537364754155,1729.3932608091668,78.65789990973562,6037.944984093727,6060.507363306435,1.9484141053820898,70.65847302110463,63.42629330377193,9.243228522705031,56.26259026542728,1.0,True
157,7.925565642158327,296.82502154003896,4910.182849029992,74.77123331978929,0.47022929217645715,0.5297707078235429,0.3546369849586602,0.18074635287470425,0.26151649076532396,0.027966162683691023,COMPLETE,7.925565642158327,239.53482413259601,296.82502154003896,1710.5239059946105,74.77123331978929,5882.660047250545,4910.182849029992,1.8984489722457403,58.765095276224855,45.93839362805376,7.523070541212949,45.54867581377944,1.0,True
158,8.887060909487792,301.0805367936696,7970.4667659555225,96.11586469698538,0.08718321450249572,0.9128167854975042,0.40313320382211465,0.044599944313112636,0.025276836126755672,0.017306387308661367,COMPLETE,8.887060909487792,242.96898238712342,301.0805367936696,1807.8911766178371,96.11586469698538,6693.83852196027,7970.4667659555225,2.1592801455906323,83.73985510221236,40.514160112759264,3.734307793867257,33.072375860705165,1.0,True
159,9.261322842940892,302.71365053632945,6674.283498888854,105.27451871424287,0.3299920230170895,0.6700079769829105,0.4225556872701355,0.14027363678479132,0.14643955217637056,0.04327837355922334,COMPLETE,9.261322842940892,244.2868888463125,302.71365053632945,1845.8348694082265,105.27451871424287,7011.419874340234,6674.283498888854,2.2624197439033162,67.00016982965313,31.469890214840547,6.815189899700078,43.71788043644765,1.0,True
160,8.258912900297473,298.3113861710762,7493.142992027937,81.82164646294753,0.07004200761826201,0.929957992381738,0.3711706242201289,0.03716787992210221,0.03190000395020229,0.0009740854249941473,COMPLETE,8.258912900297473,240.73430552619678,298.3113861710762,1744.1968352625258,81.82164646294753,6163.7928024756275,7493.142992027937,1.9882036614544598,85.48103644809257,58.66551791665617,15.615921688421771,23.573915173591494,1.0,False
161,8.654125597298401,300.0567030546172,7760.213908708143,90.65855885371904,0.08718321450249572,0.9128167854975042,0.39125628324379796,0.026535611348533904,0.024672249537425618,0.03597531521132268,COMPLETE,8.654125597298401,242.14275879804552,300.0567030546172,1784.3251542115759,90.65855885371904,6495.907428861783,7760.213908708143,2.095533847114618,84.02873607804152,51.42039410472804,1.1398202632803875,37.848319564568065,1.0,True
162,8.91564664492137,301.20654940523906,8420.476436136621,96.79883027613161,0.013255655270810907,0.986744344729189,0.40454749016213015,0.007271835345833394,0.0043918139063495384,0.001591998521193723,COMPLETE,8.91564664492137,243.07067330453387,301.20654940523906,1810.7419871239597,96.79883027613161,6718.848968817981,8420.476436136621,2.167132232926346,88.11257348889849,20.665654620207224,12.203745436917586,53.44054169759075,1.0,True
163,15.627496375234122,268.4570278513898,14824.468135690699,274.61719868885797,0.08718321450249572,0.9128167854975042,0.6320690724274873,0.03210430791390507,0.049311928776099447,0.005766850304288896,COMPLETE,13.151119668795635,257.43619512879866,319.0079122774739,2226.603174300713,231.1005906736288,10495.528809201274,12475.341526085962,3.3855742092182552,83.58809313669843,43.92905951480902,12.829694215640822,49.07361718845214,1.1883015871503564,False
164,9.17672253303986,302.3414175508942,6105.7744002813315,103.15891929717375,0.40372007758203127,0.5962799224179687,0.4183805487625825,0.09850037324131038,0.1478460435765546,0.15737338729683564,COMPLETE,9.17672253303986,243.9865005493961,302.3414175508942,1837.4276561658994,103.15891929717375,6936.2455298262275,6105.7744002813315,2.2389964173491856,62.02531385175015,40.54129098811038,3.8494258752267894,27.167800201421088,1.0,True
165,8.654742855284297,300.06051392272514,7640.572813736674,90.67341892943902,0.08718321450249572,0.9128167854975042,0.39125628324379796,0.03171901411431638,0.051768404713486954,0.0036957139604431267,COMPLETE,8.654742855284297,242.14583413049996,300.06051392272514,1784.375406902949,90.67341892943902,6496.878642596298,7640.572813736674,2.095709927877801,82.7010946775297,26.047003629856153,6.878284259422369,69.15400559583904,1.0,True
166,11.120600033628557,290.65060025692986,6813.073520787074,147.2521506876763,0.47022929217645715,0.5297707078235429,0.487475867147455,0.12124532140052384,0.1724313050513495,0.17655247724713635,COMPLETE,10.493699906422622,248.56441719196243,308.0142470067317,1969.4812378467664,138.95112450938555,8079.5285467090125,6429.001020748497,2.6083604014272894,56.08441851679385,22.13065583982531,8.306390696819976,26.631452886384494,1.0597406189233831,False
167,8.059448895332025,297.4243728827951,6290.583865980144,77.55940583792676,0.18727005942368125,0.8127299405763188,0.3612044566247643,0.03536080067389359,0.14741964606273636,0.004489435594193671,COMPLETE,8.059448895332025,240.0184946726868,297.4243728827951,1724.0079660534902,77.55940583792676,5996.071867847529,6290.583865980144,1.9344167917490416,73.79963937709643,29.01407512718405,1.1966258907452478,46.892252068822835,1.0,True
168,8.296973047556529,298.4801678412459,7427.918058834126,82.64991652419188,0.07004200761826201,0.929957992381738,0.3730939729486379,0.03332656840402437,0.035081024534481774,0.0016343503836689249,COMPLETE,8.296973047556529,240.87051064620704,298.4801678412459,1748.065362672306,82.64991652419188,6195.676967279816,7427.918058834126,1.9984961347827577,84.3017939144387,31.766433904415635,10.76357299984422,50.69079395108949,1.0,True
169,9.183765983837231,302.37735313351163,8444.602280351191,103.33737808488166,0.07004200761826201,0.929957992381738,0.4183805487625825,0.036776947332536086,0.013051345383670405,0.020213673860537396,COMPLETE,9.183765983837231,244.01550020521253,302.37735313351163,1837.8570100911998,103.33737808488166,6947.193330147876,8444.602280351191,2.240981250313658,85.48379713046718,55.001617397676895,2.845775977112201,31.429233230000598,1.0,True
170,8.786357997825537,300.63605250526365,5303.06506313205,93.73229775986911,0.4707324043882626,0.5292675956117374,0.3982424154252496,0.17011335527233207,0.23838910604115038,0.06222958378545013,COMPLETE,8.786357997825537,242.61028801122274,300.63605250526365,1797.9483565805235,93.73229775986911,6604.7801570855945,5303.06506313205,2.131660844422164,56.542672833361024,36.69559074244138,-2.278032400663448,58.963685561850355,1.0,True
171,8.914657258103267,301.2014409426539,8031.539572996732,96.77467600113886,0.08718321450249572,0.9128167854975042,0.40454749016213015,0.04861200102900609,0.01970795246682683,0.01886321004687169,COMPLETE,8.914657258103267,243.06655082631227,301.2014409426539,1810.6803969122336,96.77467600113886,6717.319780444359,8031.539572996732,2.1668549915259114,84.0869461980274,39.96583271560561,16.327371214526735,29.51376157584899,1.0,True
172,15.819703686634119,267.6784293148128,11066.521739137872,280.84215313112173,0.3849967765493054,0.6150032234506946,0.6383571691471743,0.1025457928830845,0.22605513738448363,0.05639558068968262,COMPLETE,13.256607554667916,257.77896359004654,319.43266160676905,2236.6895993407734,235.34032511700977,10589.017258040381,9273.532462867857,3.4172745561622766,61.660521313390085,19.694073166328344,8.831030167322528,50.300729289556415,1.1933447996703868,False
173,8.928886786143512,301.2616598672686,6598.843343398136,97.11408506014388,0.331261142176991,0.668738857823009,0.4054563366576581,0.12554343177092828,0.14736833463851406,0.058349212992676876,COMPLETE,8.928886786143512,243.11514689628706,301.2616598672686,1812.2802143273866,97.11408506014388,6727.030857608774,6598.843343398136,2.170747622633596,69.0524815742971,48.36626694653842,5.744225800202393,43.66421832935509,1.0,True
174,8.526598552267737,299.4949059017736,7527.118695338709,87.74950373995063,0.09789556739464822,0.9021044326053518,0.3847607178575389,0.04085411075906392,0.03182498850730211,0.02521642600672762,COMPLETE,8.526598552267737,241.68939411367228,299.4949059017736,1771.3946157890455,87.74950373995063,6388.307692404917,7527.118695338709,2.0607884379481045,82.87218135068,38.75446366370482,3.969062486820612,33.42460642124961,1.0,True
175,8.650794884269601,300.0412968317316,5719.314539657324,90.58143714308402,0.40419867405823057,0.5958013259417694,0.39125628324379796,0.1343243513493581,0.23928789814100326,0.03058598360175095,COMPLETE,8.650794884269601,242.13032613023907,300.0412968317316,1784.1733289971116,90.58143714308402,6490.8657190445,5719.314539657324,2.094619786614002,62.027660008305105,38.65268010160573,7.556965367820885,63.2745805054427,1.0,True
176,9.604446189230293,300.67022384519805,6523.077619280597,112.68488941041723,0.47022929217645715,0.5297707078235429,0.43545214831324025,0.14274433265944117,0.20653250458454742,0.12095222918042613,COMPLETE,9.5062826020664,245.14338624679428,303.7749987568548,1870.6523603963874,111.53317771921148,7219.525161639631,6456.407591062301,2.3304023076895444,63.0065094934506,58.592271463340964,13.087903357106075,38.8766415819616,1.0103261801981938,False
177,9.377793733179379,302.3328538448315,6245.528432289089,107.88607436300889,0.47022929217645715,0.5297707078235429,0.42738248831454667,0.2794487911644474,0.14624102541798548,0.04453903364208018,COMPLETE,9.353617723119077,244.61019631842524,303.11428433862284,1855.1693389180418,107.60794339815962,7090.0056742609295,6229.427421485589,2.287990267539659,61.856131118396654,39.73632522759958,14.526053548299293,31.753933134656755,1.0025846694590208,False
178,8.401108025710876,298.941478626224,7912.471807605922,84.94095228000847,0.009110912825774864,0.9908890871742251,0.3783328882267785,0.003558284651340103,0.0033563407058116333,0.0021962837999474835,COMPLETE,8.401108025710876,241.2427838365765,298.941478626224,1758.6099937945423,84.94095228000847,6283.492080008059,7912.471807605922,2.026706687434297,88.53312213752149,38.395369393554816,12.989613687828017,73.65847961521024,1.0,False
179,9.901882176470865,298.58062843020326,6833.513970886268,119.13926038126459,0.3415033867081784,0.6584966132918215,0.44569268908812837,0.019877852750496246,0.2623342628859337,0.059290991843905586,COMPLETE,9.705008674875035,245.8394679037152,304.63756416277175,1890.5715251147606,116.7704821075206,7392.989919620299,6697.647092279165,2.3858741686322187,63.785764707046276,50.07707241704678,3.8591711433152107,52.122731274158745,1.0202857625573802,False
180,8.792568647295091,300.6668252066286,8352.618471242627,93.88032240293047,0.004598525808314824,0.9954014741916852,0.3982424154252496,0.0025293117445247407,0.002053545310816009,1.566565796301845e-05,COMPLETE,8.792568647295091,242.63512127349722,300.6668252066286,1798.2858211211378,93.88032240293047,6614.295426972634,8352.618471242627,2.1333859600419935,88.78124922470683,70.99502042260595,4.717949787068038,23.093834264929658,1.0,False
181,8.92820423661751,301.256159326569,7100.541080305513,97.0961464259704,0.3288064461501717,0.6711935538498284,0.4054563366576581,0.18842541820518158,0.020891493779156903,0.11948931114426334,COMPLETE,8.92820423661751,243.1107080149479,301.256159326569,1812.1906840591337,97.0961464259704,6725.896992730755,7100.541080305513,2.1705420532661406,74.33930443393045,56.488064862867496,13.291133541881589,30.096971244359246,1.0,True
182,8.790785089181513,300.6570405100734,7430.98289749273,93.83722188016449,0.18727005942368125,0.8127299405763188,0.3982424154252496,0.15572484980329307,0.003736448999889207,0.02780860006449526,COMPLETE,8.790785089181513,242.62722512122411,300.6570405100734,1798.1661719743547,93.83722188016449,6611.525608798231,7430.98289749273,2.1328837928251434,79.06161845715948,33.464910936679374,3.8562723046104384,53.06644146479334,1.0,True
183,8.646813624754039,300.0173328375216,6197.963109238328,90.48603892973813,0.40419867405823057,0.5958013259417694,0.39125628324379796,0.08736922634487611,0.10327546876542187,0.21355366684129845,COMPLETE,8.646813624754039,242.1109874265516,300.0173328375216,1783.8614335737384,90.48603892973813,6484.626316537697,6197.963109238328,2.09348858478256,67.37425931746286,21.263381358959442,6.936999605875068,54.78583222783205,1.0,False
184,8.056544112765648,297.40797336534877,5952.331183287843,77.49655122690497,0.40372007758203127,0.5962799224179687,0.3612044566247643,0.17485036909504423,0.15892366638211394,0.0699458469792546,COMPLETE,8.056544112765648,240.00526042610278,297.40797336534877,1723.820067579307,77.49655122690497,5991.638193606002,5952.331183287843,1.9336129679187044,69.94850923303005,69.19419746136505,6.547072866558146,52.58275757608693,1.0,True
185,8.886223586604029,301.0758998340403,8134.444585653388,96.09531378007993,0.08718321450249572,0.9128167854975042,0.40313320382211465,0.015258724988702841,0.02101734031551525,0.05090709485274001,COMPLETE,8.886223586604029,242.96524040707217,301.0758998340403,1807.8332627244004,96.09531378007993,6692.532973443825,8134.444585653388,2.159043450030243,85.50378185768176,20.27780789454035,12.54241396069481,72.12320383957419,1.0,True
186,8.9891776437158,301.52608186156095,5849.6493945839175,98.56585518373703,0.3974056517708242,0.6025943482291758,0.40857289633941335,0.1433337314184874,0.21513954114034123,0.038931981273473776,COMPLETE,8.9891776437158,243.32853280146105,301.52608186156095,1818.4127974904643,98.56585518373703,6778.133033367632,5849.6493945839175,2.1873234071370606,60.75388845371184,25.835802459879787,6.232936056847553,51.61538427797885,1.0,True
187,8.534322540515072,299.525784657246,4726.42124525019,87.92230627824594,0.47022929217645715,0.5297707078235429,0.38544944828649685,0.08914282742985145,0.2913316298914893,0.08975451641269694,COMPLETE,8.534322540515072,241.71431296055096,299.525784657246,1772.4660255133244,87.92230627824594,6390.865968238533,4726.42124525019,2.0628679094643445,52.09740884908952,22.64450768687114,2.0911143641177987,24.6726623832987,1.0,True
188,9.26447036478531,302.728560080171,8622.337792272652,105.35444172239592,0.07004200761826201,0.929957992381738,0.4225556872701355,0.03668728123190003,0.005143007281940497,0.02821166644858073,COMPLETE,9.26447036478531,244.2989206990972,302.728560080171,1845.9989508521376,105.35444172239592,7016.275740290968,8622.337792272652,2.263300110965823,86.428570333171,56.80572123945924,11.349932735381136,53.27380518436868,1.0,False
189,8.51939976061993,299.4567581655631,5760.760870150998,87.58328395172413,0.47022929217645715,0.5297707078235429,0.3847607178575389,0.12021527294860167,0.1788614944894545,0.17115204728118918,COMPLETE,8.51939976061993,241.65860927202775,299.4567581655631,1770.9625788125159,87.58328395172413,6377.264431366383,5760.760870150998,2.058786297983858,63.66704607002514,50.12549492591553,12.619681664712573,47.62989634800543,1.0,True
190,8.342129007967138,298.67659891111845,6087.364277464224,83.6368848829892,0.3849967765493054,0.6150032234506946,0.3756042394981304,0.14424808361331312,0.16866838862369044,0.07208010958471735,COMPLETE,8.342129007967138,241.0290285552835,298.67659891111845,1752.8517470770282,83.6368848829892,6230.483490934092,6087.364277464224,2.01069525087317,68.79321963617959,45.692040839534286,13.277330422876243,71.8708667379186,1.0,False
191,9.260404429182788,302.70947144199306,6833.593976716589,105.25132110558518,0.314471423389942,0.6855285766100581,0.4225556872701355,0.05536429316205231,0.19294691725308416,0.0661599930852658,COMPLETE,9.260404429182788,244.28351635897397,302.70947144199306,1845.7894740951756,105.25132110558518,7010.010125566106,6833.593976716589,2.2621641568669886,68.62981352752315,46.25994887791374,9.212430406020008,48.46039444019588,1.0,True
192,8.7889182395414,300.64944091809843,6655.736153161981,93.79372929010435,0.3675355219019429,0.6324644780980571,0.3982424154252496,0.1670507691968378,0.19746365188501527,0.0030205040693174804,COMPLETE,8.7889182395414,242.62109232649627,300.64944091809843,1798.1053856915469,93.79372929010435,6608.729966188525,6655.736153161981,2.1323769436458013,70.87049169293572,62.71940046561898,19.73734460904265,51.885272272557245,1.0,True
193,8.522910922179408,299.4762065902514,5671.10158787511,87.66481359454819,0.3925879806965068,0.6074120193034932,0.3847607178575389,0.1672661058064719,0.1604164164722071,0.0649052830733525,COMPLETE,8.522910922179408,241.67430395626698,299.4762065902514,1771.1903522501586,87.66481359454819,6382.682348716081,5671.10158787511,2.059768564798974,62.55694570324082,35.45204859931854,1.429536142974912,34.80080129484754,1.0,True
194,14.304827039405888,274.03255336594924,11430.747192497247,233.43749593887057,0.33009868835886563,0.6699013116411343,0.5910442791154545,0.12145809395341846,0.03571864430573408,0.17292146770640757,COMPLETE,12.405356664657166,255.0020468445301,315.99158210700267,2156.233899773363,202.4404341309967,9800.850674078989,9912.912297074952,3.1633913413240102,71.25631705688058,32.768166419513896,5.525656845688372,42.61534035559253,1.1531169498866816,False
195,8.888198006042114,301.0851917016277,7569.764684734714,96.1427545728498,0.14101728628565324,0.8589827137143468,0.40323186313391685,0.052940433389111134,0.06347149363924126,0.024605290616734492,COMPLETE,8.888198006042114,242.97273885129655,301.0851917016277,1808.0455296330133,96.1427545728498,6694.270004439007,7569.764684734714,2.159589812980685,79.54176147949396,21.49721625026018,9.164277732158864,54.33330883397168,1.0,True
196,8.370674380487046,298.80189093071897,5126.337038155915,84.2649593223586,0.43155171293779676,0.5684482870622032,0.37708693101632246,0.18308906512915776,0.1545298200191195,0.09393258387069872,COMPLETE,8.370674380487046,241.13013796218092,298.80189093071897,1755.772077609875,84.2649593223586,6253.916780493076,5126.337038155915,2.0184218682033346,57.729482954342295,22.593083719259326,3.2298996385464265,25.636607292520765,1.0,True
197,8.654567669106815,300.05985904932515,7684.378799895906,90.66945279572906,0.08718321450249572,0.9128167854975042,0.39125628324379796,0.008202663787826234,0.07478819046911842,0.00419226755223132,COMPLETE,8.654567669106815,242.14530565421492,300.05985904932515,1784.3711190063832,90.66945279572906,6496.619434579685,7684.378799895906,2.095662933540956,83.18192612280811,62.68460066742151,15.97009698812396,49.51279377154192,1.0,True
198,8.786874660785399,300.635775260777,6790.898404472716,93.74288083669659,0.36122605763075266,0.6387739423692473,0.3982424154252496,0.21205134828822444,0.018364462306389377,0.1308094917931853,COMPLETE,8.786874660785399,242.61006427769445,300.635775260777,1797.907728794983,93.74288083669659,6605.4606978029105,6790.898404472716,2.13178422625319,72.40438073541996,53.65413496870791,9.532225454976901,29.89889431888878,1.0,False
199,8.764391085693548,300.5430566129447,8293.566555612782,93.21945072265709,0.007196744314877934,0.9928032556851221,0.3968055921327309,0.0018307521606306188,0.004418725358793822,0.0009472623343707883,COMPLETE,8.764391085693548,242.53524125608027,300.5430566129447,1795.4361128679814,93.21945072265709,6590.347872022185,8293.566555612782,2.125673706431324,88.47534189633916,28.107551792239562,6.197272337572159,36.355930021875984,1.0,True
200,8.055786261413868,297.40424158816825,5288.085025130538,77.48043555750554,0.3925879806965068,0.6074120193034932,0.3612044566247643,0.10017364653044797,0.20209704896941333,0.09031704242070034,COMPLETE,8.055786261413868,240.00224891923588,297.40424158816825,1723.7837152624284,77.48043555750554,5990.501135125222,5288.085025130538,1.933406819552012,62.16819882328516,29.156593474697694,10.787216560090622,32.290943078985386,1.0,True
201,14.063431788572313,275.15164438796154,13992.90017028327,226.28859839013126,0.007196744314877934,0.9928032556851221,0.5829238882225991,0.004521019524661002,0.0016044123175624977,0.0010713074273878145,COMPLETE,12.267629913170861,254.5487161665171,315.4298270939133,2142.770794051006,197.3931271082801,9681.530599861959,12206.104689217338,3.122709444803604,88.63818794022346,46.453276487545196,10.178849105244025,47.36791417891362,1.146385397025503,False
202,8.888034479632353,301.0854529614574,8434.7712363703,96.13946693942235,0.007196744314877934,0.9928032556851221,0.40313320382211465,0.0013016828891206447,0.0015799921795812064,0.004315064610096957,COMPLETE,8.888034479632353,242.97294968536653,301.0854529614574,1807.9488990497935,96.13946693942235,6695.337745753619,8434.7712363703,2.1595519544215143,88.57291864488472,45.959193431483655,2.7208202584885632,33.68242088599089,1.0,True
203,8.294349570001954,298.4665955032156,6038.5239112226645,82.59162052697975,0.3299920230170895,0.6700079769829105,0.3730939729486379,0.17380206097373346,0.13539025792667198,0.020799524922648065,COMPLETE,8.294349570001954,240.85955790513995,298.4665955032156,1747.922230134877,82.59162052697975,6191.690395746542,6038.5239112226645,1.9977733705413583,68.62891665733788,38.74783909751892,11.366387041421946,32.09530389491418,1.0,True
204,8.888000331023047,301.08402390286545,7628.092382561262,96.13785632677975,0.14101728628565324,0.8589827137143468,0.40323186313391685,0.050541878585449264,0.05625238059037837,0.03422296157913484,COMPLETE,8.888000331023047,242.9717964493734,301.08402390286545,1808.0298151760728,96.13785632677975,6693.958885843912,7628.092382561262,2.159533407271295,80.16418671390197,33.09946033711949,11.81300758834139,39.018001875242085,1.0,True
205,8.292500248890276,298.4565723358526,5401.947352266802,82.55029585128563,0.40372007758203127,0.5962799224179687,0.3730939729486379,0.17180555620353596,0.1631865070754116,0.06872782257534767,COMPLETE,8.292500248890276,240.8514693093097,298.4565723358526,1747.8085598629673,82.55029585128563,6188.863577305696,5401.947352266802,1.9972608691930394,61.45746964487127,29.40975533295503,7.045187042271088,30.62103796750891,1.0,True
206,8.373781004202671,298.81842419559064,6597.106497656606,84.33507508379405,0.21449701368750917,0.7855029863124908,0.37708693101632246,0.08587218229542842,0.08629210261582282,0.042332614412839295,COMPLETE,8.373781004202671,241.1434801415997,298.81842419559064,1755.9566155124278,84.33507508379405,6258.664858243983,6597.106497656606,2.019282693297052,74.16906184656213,23.880061636740507,11.199063017147243,27.902385143951534,1.0,True
207,8.452493159899234,299.1686846334236,7961.976232644075,86.08481547550134,0.009110912825774864,0.9908890871742251,0.38093716065077976,0.0031319325636702537,0.0029541854520673447,0.0030247915809407094,COMPLETE,8.452493159899234,241.4261368123265,299.1686846334236,1763.825206944342,86.08481547550134,6326.718049341249,7961.976232644075,2.0406527700270862,88.47894838272744,40.758905226204355,14.229614367786956,38.59495627676497,1.0,True
208,11.557036909060326,288.09826631856805,11260.237116952694,158.00853741665955,0.007196744314877934,0.9928032556851221,0.5015757117343571,0.001936319121061969,0.004258535998638456,0.0010018844768546642,COMPLETE,10.768799849220164,249.51002116327288,309.1860136597391,1996.3927403009989,147.2317106276657,8330.422421383786,10492.243013618858,2.686923478281973,88.55042906453617,21.587627882452537,19.512630209729608,63.9600413490677,1.0731963701504994,False
209,8.987531100042457,301.51677863585917,5910.030191856722,98.5247108864703,0.3974056517708242,0.6025943482291758,0.40857289633941335,0.1096559992946947,0.1803010970812682,0.10744833723348644,COMPLETE,8.987531100042457,243.321025191352,301.51677863585917,1818.290320748499,98.5247108864703,6775.550977668365,5910.030191856722,2.18685528120149,61.437077234292566,24.467315995141597,0.023393493254820097,46.89030390875192,1.0,True
210,9.17947748827592,302.35490106975016,7305.408982666024,103.22831779724481,0.3288064461501717,0.6711935538498284,0.4183805487625825,0.16354146964170901,0.061555539584170996,0.10370924335552775,COMPLETE,9.17947748827592,243.99738161427766,302.35490106975016,1837.58293644876,103.22831779724481,6940.503972381304,7305.408982666024,2.2397684717265305,74.11377139575497,45.59486481010907,6.18338181331028,62.62222689868067,1.0,True
211,8.882625895413131,301.0547537324245,6798.892381487794,96.00628347716511,0.3849967765493054,0.6150032234506946,0.40323186313391685,0.14945137664905503,0.06201697456090898,0.17352823156633132,COMPLETE,8.882625895413131,242.94817571452924,301.0547537324245,1807.669782147638,96.00628347716511,6685.598969156367,6798.892381487794,2.158017756845257,71.65413317601795,63.149964688915084,8.423482084936301,39.54463246755501,1.0,True
212,9.259330082967809,302.7022970554144,6987.627496891194,105.22263888734008,0.35729796135003117,0.6427020386499689,0.4225556872701355,0.14507418122660726,0.08929715992239831,0.12292639076429707,COMPLETE,9.259330082967809,244.27772670074887,302.7022970554144,1845.6797510453187,105.22263888734008,7008.266860576065,6987.627496891194,2.261848103439233,70.22215765920656,47.402322458009635,4.325374036418639,46.24118852765872,1.0,True
213,8.907921454376606,301.1683055226825,5941.621413285441,96.61135750856592,0.40372007758203127,0.5962799224179687,0.40454749016213015,0.0036408473835278553,0.27965437126344983,0.12042452299074038,COMPLETE,8.907921454376606,243.03981087374956,301.1683055226825,1810.3169159703266,96.61135750856592,6706.97532908404,5941.621413285441,2.1649795455499063,62.41378700025117,49.18843106376734,13.829616650992872,43.222776940043794,1.0,False
214,8.372283609102212,298.8096488619634,6264.561822922593,84.30083112415694,0.45269098820963183,0.5473090117903682,0.37708693101632246,0.3415346759340076,0.05629543752388954,0.05486027378480589,COMPLETE,8.372283609102212,241.1363985351159,298.8096488619634,1755.847339683271,84.30083112415694,6256.346176674916,6264.561822922593,2.018862317013489,70.4884129733611,55.513750733801814,-1.279749318498999,51.88150157483773,1.0,True
215,8.257600106034413,298.304582533184,6855.867263473442,81.79263946390832,0.15965681879520743,0.8403431812047926,0.3711706242201289,0.0576968079617437,0.08085367812191442,0.021106210852525117,COMPLETE,8.257600106034413,240.72881505845413,298.304582533184,1744.1246770690273,81.79263946390832,6161.7995686587155,6855.867263473442,1.9878422887522296,78.26775056235653,38.86441716275673,6.9611455460361,29.69556008754666,1.0,True
216,8.479586907880034,299.2874107751735,7604.635053346444,86.69096085056488,0.07004200761826201,0.929957992381738,0.3823674280979913,0.015008207096431607,0.027508992956350547,0.02752477861053386,COMPLETE,8.479586907880034,241.52194762145726,299.2874107751735,1766.6200906485997,86.69096085056488,6348.772056778018,7604.635053346444,2.048006345016596,84.2442296081,16.088617404730595,0.03102324941470691,43.87713699991652,1.0,True
217,8.375395175048222,298.82668538967846,7613.532028878113,84.37133904835181,0.07004200761826201,0.929957992381738,0.37708693101632246,0.02532839143317686,0.014275768286579258,0.030437799033095025,COMPLETE,8.375395175048222,241.1501468426166,298.82668538967846,1756.0417129112973,84.37133904835181,6261.1198155298825,7613.532028878113,2.0197277763278216,85.52394897635781,68.58160498056847,2.687536275100047,31.325335249542313,1.0,True
218,11.037052436152482,291.17167426572456,7778.633063771376,145.24431915802137,0.43155171293779676,0.5684482870622032,0.48453365659349595,0.1556037318942662,0.17145052707461242,0.10449718261654488,COMPLETE,10.441066021558948,248.38510038790602,307.7920425134215,1964.1619856368934,137.40131564636602,8035.1093297382795,7358.597039032517,2.5934052319216736,64.50538307611016,50.93725294642894,11.37773439196239,37.82584955060337,1.0570809928184468,False
219,8.991689381391597,301.53728665884967,7733.051661001114,98.6267338033929,0.14660538584903227,0.8533946141509677,0.40857289633941335,0.055664128416150475,0.03639768276209963,0.054543463926610726,COMPLETE,8.991689381391597,243.3375749608251,301.53728665884967,1818.520666117093,98.6267338033929,6781.952574790778,7733.051661001114,2.1880158888688324,80.22522092781861,42.873178719367104,7.0560171971634595,28.873681378827982,1.0,True
220,8.862913377374205,300.97358439599304,7154.291966114714,95.540852155707,0.20447647220713494,0.7955235277928651,0.40198829602125374,0.07647200598093927,0.08591364395053991,0.04209070856575637,COMPLETE,8.862913377374205,242.88267287172243,300.97358439599304,1805.5294691499557,95.540852155707,6672.071936863396,7154.291966114714,2.1526480905271916,75.4481490474241,40.03408802513403,6.9839529638498465,21.8945637833247,1.0,True
221,14.19256989905473,274.53632764758885,9762.734751048463,230.08817441295946,0.47022929217645715,0.5297707078235429,0.5874737131177545,0.23816864929493273,0.11858585975938474,0.11347446656616934,COMPLETE,12.340867808197444,254.79054902974514,315.72949978282895,2150.0926871005436,200.0686108897677,9741.949022391955,8488.992470434045,3.144336484354134,61.380268523643174,31.735881737853603,6.76987421400319,51.18537799663497,1.150046343550272,False
222,8.756495956113026,300.50260370498864,5791.187244929439,93.03128721959372,0.39480907139727694,0.605190928602723,0.3968055921327309,0.02732878976374306,0.2193330037729828,0.14814697822282025,COMPLETE,8.756495956113026,242.50259616388882,300.50260370498864,1794.9788394625539,93.03128721959372,6578.209386854633,5791.187244929439,2.1234730026560027,62.03242134888216,24.460551455861008,11.295036889942521,33.16692590983365,1.0,True
223,8.647440469022941,300.02073489119545,6237.121635915877,90.50083681964416,0.40419867405823057,0.5958013259417694,0.39125628324379796,0.11636232261741698,0.09382471969484724,0.19401134820024335,COMPLETE,8.647440469022941,242.1137328498458,300.02073489119545,1783.9002435495868,90.50083681964416,6485.594364278214,6237.121635915877,2.093664091551966,67.77771329683206,25.318421199857866,15.719413311327248,52.87162567774391,1.0,True
224,8.342129007967138,298.67659891111845,6012.00265624711,83.6368848829892,0.3849967765493054,0.6150032234506946,0.3756042394981304,0.14424808361331312,0.16866838862369044,0.07208010958471735,COMPLETE,8.342129007967138,241.0290285552835,298.67659891111845,1752.8517470770282,83.6368848829892,6230.483490934092,6012.00265624711,2.01069525087317,67.94155899551113,62.79999070518005,11.930102810763175,28.468490026825883,1.0,True
225,10.96804816597684,291.5814146353642,8465.161862704901,143.57957649610861,0.36122605763075266,0.6387739423692473,0.4824591504120131,0.032929319289210904,0.013911144406438512,0.31438502183592526,COMPLETE,10.396945878712566,248.22845115639083,307.5979270578208,1959.8596249180423,136.10344005865886,7992.522478092748,8024.383956855643,2.5808177722296413,70.81703211694897,23.898166060795763,9.854091142134546,41.056127275362556,1.0549298124590212,False
226,9.25853717729805,302.6973042899038,6351.468881613655,105.20167842337223,0.4438520913791499,0.5561479086208501,0.4225556872701355,0.2596464375096081,0.0401075163611616,0.14409772687411912,COMPLETE,9.25853717729805,244.27369758890947,302.6973042899038,1845.6081238585616,105.20167842337223,7006.992766518675,6351.468881613655,2.2616171105629794,63.85640125317912,33.048695631301904,4.736528492403295,38.23193891826786,1.0,False
227,8.528460996058024,299.49723813275705,6237.219410431125,87.78822889414847,0.3288064461501717,0.6711935538498284,0.38512010492828175,0.1173190121348587,0.04138534462545234,0.1701017636762006,COMPLETE,8.528460996058024,241.6912762007536,299.49723813275705,1771.7664238038924,87.78822889414847,6386.228906862342,6237.219410431125,2.061254622165614,68.80575072339872,27.747740212224503,6.591495661248059,31.94241127603653,1.0,True
228,8.679632298201716,300.16435896325737,5268.509601637901,91.24432938810119,0.4812236474710556,0.5187763525289444,0.39289750461585077,0.11540377927080706,0.22791259658917862,0.13790681326359602,COMPLETE,8.679632298201716,242.2296360397591,300.16435896325737,1787.207866127283,91.24432938810119,6512.8973608473625,5268.509601637901,2.102464172552339,57.003349293505465,37.87911351917983,6.530056410390474,35.34812203228669,1.0,True
229,8.375692303900196,298.82839696936054,7533.935215938874,84.37812050959339,0.07004200761826201,0.929957992381738,0.37708693101632246,0.029715849364373534,0.02508060681151304,0.015245511853692573,COMPLETE,8.375692303900196,241.15152807030424,298.82839696936054,1756.0647701006353,84.37812050959339,6261.578842225904,7533.935215938874,2.0198109977322196,84.61383008879689,33.67827151011316,10.032412377604684,37.617930925860016,1.0,True
230,8.5279544036034,299.50206811590647,8062.547125292461,87.78081862291452,0.004598525808314824,0.9954014741916852,0.3847607178575389,0.003068585501692912,0.0015095401037297017,2.0396173289242005e-05,COMPLETE,8.5279544036034,241.69517394885537,299.50206811590647,1771.4758002781969,87.78081862291452,6390.387039746009,8062.547125292461,2.0611654230068313,88.70067926892962,29.720903908902216,11.313110195636641,35.001102832336755,1.0,True
231,8.764352444844798,300.5429023484544,8292.913616483684,93.21855569556723,0.009110912825774864,0.9908890871742251,0.3968055921327309,0.004040979984254644,0.0025757103242090074,0.002494218350965261,COMPLETE,8.764352444844798,242.53511676617921,300.5429023484544,1795.433052015761,93.21855569556723,6590.290161829193,8292.913616483684,2.1256632435903815,88.47037783479202,45.94704190825461,2.36282976305788,34.587046373158145,1.0,True
232,8.933099666850985,301.28273425654487,8349.209159776525,97.21674970515402,0.05056133806139512,0.9494386619386048,0.4054563366576581,0.04259594180815098,0.004197017897379841,0.0037683335517191283,COMPLETE,8.933099666850985,243.13215371768916,301.28273425654487,1812.5159107083787,97.21674970515402,6733.518119930401,8349.209159776525,2.1719237613762514,87.18357654641275,59.819781796013444,0.9708221965402823,32.98929240563512,1.0,True
233,9.183392616341598,302.3755666234608,8214.889374950502,103.3279923630101,0.08718321450249572,0.9128167854975042,0.4183805487625825,0.0340693466789051,0.02665081153330105,0.026463018270339287,COMPLETE,9.183392616341598,244.01405850946665,302.3755666234608,1837.8363952568498,103.3279923630101,6946.617779765716,8214.889374950502,2.2408769031993825,83.17400614308073,21.061716130120118,11.219580077256715,33.45587428963671,1.0,True
234,8.36937409210247,298.7954153908326,5931.027989054737,84.23586701197998,0.43155171293779676,0.5684482870622032,0.37708693101632246,0.08736045888374486,0.21981468580676314,0.1243762212790534,COMPLETE,8.36937409210247,241.124912266248,298.7954153908326,1755.7071823060046,84.23586701197998,6251.946151128394,5931.027989054737,2.018064593681617,66.83626510288539,72.81196995980794,15.969740517610187,50.62149747492556,1.0,True
235,8.297539318752051,298.4829236897187,7805.710975102393,82.66240897171396,0.007196744314877934,0.9928032556851221,0.3730939729486379,0.002717097734743785,0.003121921564586543,0.001357721347603704,COMPLETE,8.297539318752051,240.8727345883661,298.4829236897187,1748.093198633871,82.66240897171396,6196.531084940229,7805.710975102393,1.9986509860622947,88.56329454765981,39.80340040094744,11.678086095721426,41.94268923385668,1.0,True
236,8.476564868075938,299.27252174685816,6389.2626170880785,86.6222978890945,0.3299920230170895,0.6700079769829105,0.3823674280979913,0.11216819252780412,0.1713136700627433,0.046509759731257413,COMPLETE,8.476564868075938,241.5099323244971,299.27252174685816,1766.4649150274802,86.6222978890945,6344.18441894847,6389.2626170880785,2.0471746076332296,70.88930778931801,67.624137126833,10.874576682653904,37.44826123737597,1.0,True
237,8.342819892911598,298.68011048856835,5458.446501133496,83.652315382016,0.47022929217645715,0.5297707078235429,0.3756042394981304,0.29815925007555005,0.13775870015159442,0.03431087040653126,COMPLETE,8.342819892911598,241.03186236316978,298.68011048856835,1752.8876927563715,83.652315382016,6231.532391020382,5458.446501133496,2.010885416148983,61.66116380103457,35.017933517347856,13.710113495363718,62.202297948056824,1.0,True
238,8.294787512250863,298.4689865103879,6153.779165349459,82.60141794507088,0.3288064461501717,0.6711935538498284,0.3730939729486379,0.19619891906908626,0.12670440584528106,0.005902889013467557,COMPLETE,8.294787512250863,240.86148742401792,298.4689865103879,1747.948598167038,82.60141794507088,6192.360487988631,6153.779165349459,1.997894858066912,69.9211725169702,50.7098111285972,-0.055387679365999976,32.35080146628858,1.0,True
239,8.368931047473813,298.79366368418164,4984.663979786446,84.2262058359168,0.47022929217645715,0.5297707078235429,0.37708693101632246,0.08267206185575275,0.269855612507209,0.1177012894660967,COMPLETE,8.368931047473813,241.12349865649773,298.79366368418164,1755.6944814681742,84.2262058359168,6251.291657509685,4984.663979786446,2.017945934181874,56.18214019493004,28.70834243439178,9.977401853299924,32.85985973441482,1.0,True
240,8.476796374255112,299.2742593502712,5913.542564014568,86.6278938236942,0.3299920230170895,0.6700079769829105,0.3823674280979913,0.08927258380309568,0.21546937831274032,0.02524984336641277,COMPLETE,8.476796374255112,241.5113345530754,299.2742593502712,1766.494410405518,86.6278938236942,6344.558371283025,5913.542564014568,2.047242405081023,65.59971684251855,37.36271499579562,8.207403825501272,31.34737948224597,1.0,True
241,7.924341801795088,296.8173338425298,5574.999124005681,74.74493664082196,0.3531211135782481,0.6468788864217518,0.3546369849586602,0.025302699825445356,0.20922453854333695,0.1185933167004077,COMPLETE,7.924341801795088,239.5286202375831,296.8173338425298,1710.4276465382786,74.74493664082196,5880.771935124322,5574.999124005681,1.8981066580749806,66.7767198835654,34.31031788527131,13.169699397525727,46.33637493800196,1.0,True
242,8.791505399345981,300.66133164511496,7835.229618960929,93.8548337737433,0.08718321450249572,0.9128167854975042,0.3982424154252496,0.03994425394806381,0.03262677066861606,0.014612105521221361,COMPLETE,8.791505399345981,242.63068802429132,300.66133164511496,1798.2241082027651,93.8548337737433,6612.657496949301,7835.229618960929,2.133089003812587,83.32861778656186,29.875329106871803,4.341072797231618,49.9426643059044,1.0,True
243,8.317583392148682,298.5665779667349,5651.5613135199965,83.09778004691871,0.4812236474710556,0.5187763525289444,0.3744046341925699,0.2474578241520863,0.1456404652064146,0.08812506521983922,COMPLETE,8.317583392148682,240.94024275337537,298.5665779667349,1750.3806891832287,83.09778004691871,6209.299796170035,5651.5613135199965,2.004040561625747,64.10265336145358,45.0409631715622,9.900039782762565,60.057913680507795,1.0,True
244,9.180401593282886,302.36168349015225,6864.518319418734,103.25310785906721,0.40372007758203127,0.5962799224179687,0.4183805487625825,0.2014984694547033,0.1831444548951396,0.019076928368416714,COMPLETE,9.180401593282886,244.00285495971795,302.36168349015225,1837.6884822849524,103.25310785906721,6942.024806140114,6864.518319418734,2.2400441984377677,69.59649761033008,64.08612891550403,11.455000570487416,76.92458572565955,1.0,True
245,9.297694525888254,302.87264482532754,8359.41695610381,106.19121220491155,0.08718321450249572,0.9128167854975042,0.42431929685034725,0.0050505510008190925,0.03302452519558273,0.04910808853301606,COMPLETE,9.297694525888254,244.41519564759108,302.87264482532754,1849.3869025084587,106.19121220491155,7044.188393249919,8359.41695610381,2.272497826616514,83.48227577734552,25.22019408925352,2.503944017948952,40.523104262097974,1.0,True
246,8.791600871381911,300.6617178998863,8041.478342222419,93.8570571266287,0.07004200761826201,0.929957992381738,0.3982424154252496,0.036776947332536086,0.013051345383670405,0.020213673860537396,COMPLETE,8.791600871381911,242.63099972802925,300.6617178998863,1798.224319045703,93.8570571266287,6612.80038091414,8041.478342222419,2.133114908633206,85.51936613633895,44.51490845409015,2.4219196792406907,52.78751970194658,1.0,True
247,8.258549706428964,298.30924643793657,7447.552627558882,81.81348311849314,0.07004200761826201,0.929957992381738,0.3711706242201289,0.02775296900745955,0.023819486686442345,0.01846952331039259,COMPLETE,8.258549706428964,240.73257878295044,298.30924643793657,1744.1702012608778,81.81348311849314,6163.23188805575,7447.552627558882,1.988101967835823,84.98059451551164,46.4573943396213,9.020927068783829,37.223248617639214,1.0,True
248,10.35578832174261,295.5282506663049,8811.467561101375,129.30431910791341,0.18713539787806016,0.8128646021219399,0.4611926441200673,0.0730860921101276,0.06893822445754458,0.045111005956898216,COMPLETE,10.003875406348243,246.87780455539968,305.92424262431956,1920.3553175344528,124.91026831268704,7654.987539159801,8512.034129093152,2.469734797365011,78.23823477435083,54.0713035500719,11.012065491383028,24.92793528425814,1.0351776587672263,False
249,8.290570865678186,298.4452992179256,5975.797922369122,82.50675538040423,0.3925879806965068,0.6074120193034932,0.3730939729486379,0.10620165182164437,0.13307704516340146,0.15330902492473802,COMPLETE,8.290570865678186,240.8423720158738,298.4452992179256,1747.6709508979088,82.50675538040423,6185.884440971395,5975.797922369122,1.9967207526556303,68.06353857970949,59.10106228723237,13.25974138299449,38.25769370267927,1.0,True
250,8.293553907003117,298.4633248691723,5708.825004580697,82.5744014485071,0.4063997836287513,0.5936002163712487,0.3730939729486379,0.1755631107080775,0.2199911170116519,0.010845128105863277,COMPLETE,8.293553907003117,240.8569185361734,298.4633248691723,1747.896525980604,82.5744014485071,6190.5126068063855,5708.825004580697,1.9975598377544121,64.90517339133874,54.24741851402812,9.475086720466974,37.14149469909065,1.0,True
251,16.05803297131581,266.753130553275,11744.625811089998,288.674775202331,0.40372007758203127,0.5962799224179687,0.6458003191468613,0.14814502199657753,0.15660252626572724,0.09897236399614616,COMPLETE,13.387943050969264,258.19995782730973,319.9543461843514,2248.8797846213183,240.67464910326927,10710.535805951524,9791.758541951262,3.4567663311546886,64.38616227261568,40.49990541338349,5.28415706526831,44.59033860162147,1.199439892310659,False
252,9.258440619368999,302.6985025355126,6315.798233150068,105.20035060036325,0.3766890926294708,0.6233109073705292,0.4225556872701355,0.09170295889673043,0.15440549891582836,0.13058039109432687,COMPLETE,9.258440619368999,244.2746645611333,302.6985025355126,1845.6430975212413,105.20035060036325,7006.912049854092,6315.798233150068,2.2616024766555336,63.49522323106541,37.83849849761003,7.760276586425741,24.8070023608922,1.0,True
253,8.447167490537975,299.14099607424095,5759.2156287161415,85.96352367937386,0.3974056517708242,0.6025943482291758,0.38093716065077976,0.162137215438536,0.15293541394962865,0.0823328552153552,COMPLETE,8.447167490537975,241.40379242195172,299.14099607424095,1763.5182401080158,85.96352367937386,6318.58509296965,5759.2156287161415,2.039178267439288,64.18270858180787,30.63422124844623,13.522088641374301,41.8343494262154,1.0,False
254,8.653770422921879,300.05482499905617,7735.065306021334,90.65019443209559,0.08718321450249572,0.9128167854975042,0.39125628324379796,0.015258724988702841,0.02101734031551525,0.05090709485274001,COMPLETE,8.653770422921879,242.14124322598832,300.05482499905617,1784.300347162789,90.65019443209559,6495.360719112646,7735.065306021334,2.0954347287985904,83.77388358843791,30.45369378060638,13.038197025750538,34.409640499665656,1.0,True
255,8.37536646640399,298.8266722728381,7488.183989772341,84.3707676942591,0.07004200761826201,0.929957992381738,0.37708693101632246,0.00530659932456428,0.040261790175374214,0.024473554566781287,COMPLETE,8.37536646640399,241.1501362574576,298.8266722728381,1756.0476378943322,84.3707676942591,6261.081140627608,7488.183989772341,2.0197207645794637,84.11545696594067,14.754532772782817,14.355648013580105,26.980680541567125,1.0,True
256,8.292174177031688,298.4546048285413,5513.531529044711,82.54290277143622,0.39480907139727694,0.605190928602723,0.3730939729486379,0.15782351761052885,0.14990591190604838,0.08707946575632759,COMPLETE,8.292174177031688,240.8498815505845,298.4546048285413,1747.7827617253904,82.54290277143622,6188.357780242554,5513.531529044711,1.9971691683348978,62.73974946624111,23.427550657492958,14.693023556874746,33.25806349761093,1.0,True
257,14.05673095841711,275.1591694574612,12286.996677526924,226.06917889997916,0.39480907139727694,0.605190928602723,0.583144074778231,0.22624880156776225,0.025085126388561887,0.1434748756513765,COMPLETE,12.262935115147418,254.53179796368696,315.40886251835457,2142.555709775217,197.2202271343234,9670.94566362701,10719.03869130548,3.1213069231705046,78.07325973050955,69.6605922001304,7.306035905629269,57.252802218887666,1.1462778548876085,False
258,8.914957898951961,301.2032740040477,7918.447156205607,96.78219125697696,0.08718321450249572,0.9128167854975042,0.40454749016213015,0.05246781017541446,0.030713251371861858,0.004002097953397014,COMPLETE,8.914957898951961,243.06803008852648,301.2032740040477,1810.7044264353076,96.78219125697696,6717.795585381135,7918.447156205607,2.166941254820402,82.88771178518185,19.616398989682562,14.575757010486413,37.63225296255766,1.0,True
259,10.83080973661818,292.4817032287442,10108.950075851011,140.34284152264522,0.07004200761826201,0.929957992381738,0.4772666027740929,0.036776947332536086,0.013051345383670405,0.020213673860537396,COMPLETE,10.310612695570203,247.9381232121495,307.23816058705745,1950.9051656593542,133.60226231687102,7924.994049797581,9623.42350439068,2.556393960907038,85.3973989909226,42.1682315692775,3.1779897230468204,50.49893666778974,1.0504525828296771,False
260,9.29836297364374,302.87634898108655,8437.687736342314,106.20863861956535,0.08718321450249572,0.9128167854975042,0.42431929685034725,0.024841087122149653,0.039945223325106666,0.022396843851596883,COMPLETE,9.29836297364374,244.41818486424705,302.87634898108655,1849.434821488996,106.20863861956535,7045.242855036387,8437.687736342314,2.2726890002269258,84.23264074255933,47.02158225062421,15.738422465925161,52.282347773803615,1.0,True
261,8.401108025710876,298.941478626224,7899.290687125871,84.94095228000847,0.009110912825774864,0.9908890871742251,0.3783328882267785,0.003558284651340103,0.0033563407058116333,0.0021962837999474835,COMPLETE,8.401108025710876,241.2427838365765,298.941478626224,1758.6099937945423,84.94095228000847,6283.492080008059,7899.290687125871,2.026706687434297,88.38563778904673,30.90590875068748,8.823775029586683,24.282269466859816,1.0,True
262,15.29022505455213,269.79936680837375,9328.206352033078,263.80170829220305,0.4812236474710556,0.5187763525289444,0.6219063155284208,0.12997828968893116,0.3347425589962507,0.016502147832662503,COMPLETE,12.96221864156908,256.8287359480708,318.2551654271686,2209.198757150611,223.63669656287627,10315.364709779698,7907.944444070055,3.329070228796706,53.974429888526046,36.137295359512635,7.027034379252049,40.87458859093457,1.1795993785753056,False
263,8.914547186465384,301.2008354937139,8062.56319147888,96.77196574217822,0.08718321450249572,0.9128167854975042,0.40454749016213015,0.04178758921389468,0.023194884081221258,0.022200681231263574,COMPLETE,8.914547186465384,243.0660622350722,301.2008354937139,1810.6740389171516,96.77196574217822,6717.148184450338,8062.56319147888,2.1668238812228826,84.41682709967205,47.03504755043955,19.839959151365495,32.63345851148719,1.0,True
264,9.183473031018071,302.37573351198483,8508.594217415828,103.32986854722827,0.07004200761826201,0.929957992381738,0.4183805487625825,0.03228569718954011,0.0040063866731907365,0.033749887726058296,COMPLETE,9.183473031018071,244.01419318683668,302.37573351198483,1837.8341568886153,103.32986854722827,6946.732833000965,8508.594217415828,2.240897762316948,86.14624806758454,65.43818294323641,12.591849611659569,35.277388463622586,1.0,True
265,8.654882283286277,300.06106671226297,7831.1670444599795,90.67659420519794,0.08718321450249572,0.9128167854975042,0.39125628324379796,0.051677702155360654,0.03180905103011504,0.0036963795880533587,COMPLETE,8.654882283286277,242.1462802261291,300.06106671226297,1784.3783940614603,90.67659420519794,6497.086159840067,7831.1670444599795,2.0957475506927987,84.75871648741546,63.47293506268743,3.1829866004962075,32.39293127737841,1.0,True
266,8.290758998415733,298.4464833280777,5600.158701740183,82.51104613585152,0.4707324043882626,0.5292675956117374,0.3730939729486379,0.20454903772097247,0.13992913681069397,0.12625401896169974,COMPLETE,8.290758998415733,240.84332758092543,298.4464833280777,1747.685708212518,82.51104613585152,6186.178058075898,5600.158701740183,1.9967739853499455,63.77606211082075,40.884170186476304,-1.169641381888391,66.7331546289633,1.0,True
267,8.31897175195281,298.5746981902943,5132.425294629092,83.12924873579364,0.4812236474710556,0.5187763525289444,0.3744046341925699,0.2850686888812353,0.16777621239783194,0.02837840878280489,COMPLETE,8.31897175195281,240.94679569258565,298.5746981902943,1750.4798844167533,83.12924873579364,6211.4455551234205,5132.425294629092,2.0044295870901654,58.166502982482335,26.597407245214313,19.721616952225478,36.88029603834893,1.0,True
268,8.879243915492477,301.0390030407605,6751.474823571086,95.92520317633351,0.40419867405823057,0.5958013259417694,0.40313320382211465,0.08375796587546902,0.1157136248652776,0.2047267841112542,COMPLETE,8.879243915492477,242.93546506386335,301.0390030407605,1807.3957271776549,95.92520317633351,6681.721041848084,6751.474823571086,2.157083250025644,71.22230572881207,27.143838163145492,17.40712332276139,67.70884089522599,1.0,True
269,8.789629721675507,300.652528779226,7088.665518022161,93.81042011217494,0.24631255214542958,0.7536874478545704,0.3982424154252496,0.09307074949321857,0.13042510821533848,0.02281649786602027,COMPLETE,8.789629721675507,242.62358419954757,300.652528779226,1798.1307733494873,93.81042011217494,6609.802903479833,7088.665518022161,2.1325714668597833,75.45812548574956,63.40755933773227,12.911725189448273,32.50509799683463,1.0,True
270,8.886554565398333,301.077429943206,8227.82034260597,96.10324833522678,0.07004200761826201,0.929957992381738,0.40313320382211465,0.020688674396720112,0.0017917187709238815,0.047561540765750254,COMPLETE,8.886554565398333,242.96647518986785,301.077429943206,1807.8491504463036,96.10324833522678,6693.037052075465,8227.82034260597,2.159134839337261,86.47120635634354,46.96549779745649,15.708282984953447,56.41666355073677,1.0,True
271,8.346142304854753,298.6974888029955,7181.291113966552,83.72681196013218,0.14660538584903227,0.8533946141509677,0.3756042394981304,0.09905848760777373,0.04576805344248738,0.0017786881364681615,COMPLETE,8.346142304854753,241.04588648912934,298.6974888029955,1753.0793788174576,83.72681196013218,6236.595027449481,7181.291113966552,2.011803270638139,80.9798098834857,42.66763102758445,14.892136711797487,54.27136648271234,1.0,True
272,7.928405656507762,296.8393723757168,6298.315534320653,74.83056290889574,0.20447647220713494,0.7955235277928651,0.3546369849586602,0.07534083488772812,0.11666006565351461,0.012475444149653845,COMPLETE,7.928405656507762,239.5464051134797,296.8393723757168,1710.666227115369,74.83056290889574,5886.9187472507565,6298.315534320653,1.8992210732978123,75.26415779505473,34.712897083161174,12.612377647166861,26.25162276002179,1.0,True
273,8.540641920271062,299.55402741593724,6690.882656063423,88.06554022011159,0.23433032099706314,0.7656696790029369,0.38564537488042155,0.01923688832379222,0.11229334490232083,0.10279974610542367,COMPLETE,8.540641920271062,241.7371045843872,299.55402741593724,1772.9612889088944,88.06554022011159,6397.829717233398,6690.882656063423,2.064590049098367,73.6307979269612,20.7822748800849,9.019580679189954,38.80977046115088,1.0,True
274,9.368085268811072,302.36901500240293,6523.4876209432705,107.66664120070169,0.4812236474710556,0.5187763525289444,0.42738248831454667,0.051525670723896126,0.14507178727557762,0.2846257510531678,COMPLETE,9.346259647112054,244.57858686567099,303.07511476681367,1854.6704505380958,107.41580110766007,7078.4486197482065,6508.289299313241,2.2858949769703107,64.86271809065555,55.39721636805102,7.170840113052103,51.67058931884381,1.0023352252690478,False
275,8.881032289531754,301.04950210792947,6146.094282556213,95.96942242607732,0.36122605763075266,0.6387739423692473,0.40313320382211465,0.06064872777485459,0.16115073576703634,0.13942637808210367,COMPLETE,8.881032289531754,242.943937706078,301.04950210792947,1807.5318840644213,95.96942242607732,6684.53243797868,6146.094282556213,2.1575929553136697,64.77297379649976,27.799631578228514,14.06270681176282,27.665597043296813,1.0,True
276,8.372705678828058,298.81293605571864,5882.503370647668,84.31093042582665,0.43155171293779676,0.5684482870622032,0.37708693101632246,0.2828896750268725,0.12470796039242743,0.023953700641178088,COMPLETE,8.372705678828058,241.1390512676044,298.81293605571864,1755.8974200020386,84.31093042582665,6257.030054909895,5882.503370647668,2.0189863039354816,66.16931606196239,45.14254265102326,9.316981713372227,66.78260007829881,1.0,True
277,7.925365685398334,296.824025208613,4625.8832578047,74.76706407064177,0.4812236474710556,0.5187763525289444,0.3546369849586602,0.17588899056013957,0.2758368012186804,0.029497554186565342,COMPLETE,7.925365685398334,239.5340201030986,296.824025208613,1710.5151713942435,74.76706407064177,5882.3607150743355,4625.8832578047,1.8983947034106123,55.36832755315389,26.346046496476752,11.5404481130437,44.38144579992519,1.0,True
278,8.251211802840688,298.26870058239626,5053.919894172684,81.65009264438238,0.4812236474710556,0.5187763525289444,0.3711706242201289,0.19212836069090275,0.09849940185693502,0.19059568683433323,COMPLETE,8.251211802840688,240.69985868298795,298.26870058239626,1743.706244164077,81.65009264438238,6151.999366011552,5053.919894172684,1.9860655149071558,57.90396529445862,21.25500319361246,-0.1551166653229923,39.746233657340305,1.0,True
279,9.612760208905408,300.61124931327925,5891.803921751778,112.86371968984095,0.47022929217645715,0.5297707078235429,0.4357136258845582,0.11216350559593213,0.2737328634388651,0.08433262393571594,COMPLETE,9.511842717426578,245.16407428370687,303.8006348079987,1871.2193356170492,111.67884425109686,7224.745358983794,5829.950087978053,2.3319621145501057,56.84003124686196,22.721539451381993,11.295249509782822,47.11866664037041,1.0106096678085246,False
280,8.65067927351416,300.03873552748854,5832.507670303876,90.57756752847233,0.43155171293779676,0.5684482870622032,0.39125628324379796,0.2634017456676353,0.1003444679547837,0.06780519606645993,COMPLETE,8.65067927351416,242.12825918332797,300.03873552748854,1784.119205201584,90.57756752847233,6490.6126940061,5832.507670303876,2.09457391324928,63.267357860727486,31.150265463295156,5.89159020178321,56.45048589386903,1.0,False
281,8.650238793372601,300.03877168166605,4919.788217936111,90.56859251716793,0.48161126972030566,0.5183887302796943,0.39125628324379796,0.17521990613726346,0.2859753138001512,0.020415598382887364,COMPLETE,8.650238793372601,242.12828835938768,300.03877168166605,1784.151799245175,90.56859251716793,6490.025818753186,4919.788217936111,2.094467512939283,53.36932043259928,20.583394595789148,9.930260194800356,34.86378062737194,1.0,True
282,9.183847352677684,302.3784907484109,8240.638912882567,103.33992243948467,0.07004200761826201,0.929957992381738,0.4183805487625825,0.0008712996221429198,0.06734845344442608,0.001822182866190804,COMPLETE,9.183847352677684,244.01641824906014,302.3784907484109,1837.8810437448114,103.33992243948467,6947.349350439932,8240.638912882567,2.2410095367465215,83.41092153378109,25.305694404764047,7.370435141848004,56.08676035481433,1.0,True
283,15.912549434366523,267.3304134690329,14136.805177725262,283.89656276366907,0.18727005942368125,0.8127299405763188,0.6409636480122918,0.09567959445889478,0.088883548237636,0.0027068099527688314,COMPLETE,13.308565956424575,257.94376094327254,319.6368739925805,2241.3244276608034,237.43876780565242,10641.265530166736,11823.410503570947,3.4328615555617557,78.1507792483065,43.547694755415975,16.85428628038765,44.2015785236381,1.1956622138304016,False
284,8.096160225780089,297.58847794524496,7593.5665920766205,78.33427749375925,0.007196744314877934,0.9928032556851221,0.36294797358517283,0.0024462585322639827,0.0037361529827679286,0.0010143240611453542,COMPLETE,8.096160225780089,240.15092581703323,297.58847794524496,1727.6269264486145,78.33427749375925,6028.027553402102,7593.5665920766205,1.944300373784129,88.5644891607966,44.00872810787159,8.00011979671978,64.58395204662457,1.0,False
285,16.130741934946847,266.4802687850291,11591.672285161027,291.09161289985394,0.44557155684903554,0.5544284431509645,0.6478894388357901,0.2659767894026103,0.1667822802615704,0.012811983155613936,COMPLETE,13.428118273478141,258.32854406367835,320.1136867416924,2252.5320013462583,242.32069561341189,10750.244391403494,9649.546627196338,3.468866243102483,63.17534528923039,45.55386106676815,6.781585061468496,41.11269317025229,1.201266000673129,False
286,9.287112407539114,302.817712497002,6167.478167116896,105.91810051650211,0.4680773870803905,0.5319226129196095,0.42431929685034725,0.042578473397280714,0.1334374359243622,0.29206105814875455,COMPLETE,9.287112407539114,244.37086580795562,302.817712497002,1848.70584195317,105.91810051650211,7027.65153933292,6167.478167116896,2.2694996998861403,61.91192610982001,49.30198896470753,4.614949380884637,40.17485634576391,1.0,True
287,8.861445383062016,300.9658396337505,6685.717098018637,95.5051921201381,0.3299920230170895,0.6700079769829105,0.40198829602125374,0.1563297100282231,0.11312390125226626,0.060538147144674766,COMPLETE,8.861445383062016,242.8764229260403,300.9658396337505,1805.4398267552638,95.5051921201381,6669.799821001464,6685.717098018637,2.1522361565925774,70.55936866858316,41.30932211046869,15.469785988988395,43.942685226989894,1.0,False
288,8.907921454376606,301.1683055226825,5392.323809531295,96.61135750856592,0.40372007758203127,0.5962799224179687,0.40454749016213015,0.0036408473835278553,0.27965437126344983,0.12042452299074038,COMPLETE,8.907921454376606,243.03981087374956,301.1683055226825,1810.3169159703266,96.61135750856592,6706.97532908404,5392.323809531295,2.1649795455499063,56.64368802292465,19.29974133519974,0.9874028163424318,25.79977585026778,1.0,True
289,8.254013992377203,298.28661164124304,5366.61879557339,81.71376180871673,0.35729796135003117,0.6427020386499689,0.3711706242201289,0.02895917328378725,0.2603706930613094,0.06796770258594607,COMPLETE,8.254013992377203,240.71431272836674,298.28661164124304,1743.943934101379,81.71376180871673,6156.377699224735,5366.61879557339,1.9868593054254007,61.381738795636366,36.78236885124588,3.2497727337776925,31.96278943858212,1.0,False
290,11.985456365845145,285.62523358159405,8685.124777483163,168.85509683331316,0.3974056517708242,0.6025943482291758,0.5161562853203963,0.12706312947565201,0.1458372531450733,0.1245050163571173,COMPLETE,11.032509564082638,250.4061484057935,310.29647009974536,2022.7524995518547,155.42966524548075,8559.220037880816,7994.582704909583,2.762608227192013,65.79419558446345,30.417629768217665,9.756441996298147,54.69183129262627,1.0863762497759273,False
291,9.61495173059424,300.638429560084,9221.016651032902,112.92895393865851,0.004598525808314824,0.9954014741916852,0.43545214831324025,0.0009054847423195975,0.0017882549436242527,0.001904782526070688,COMPLETE,9.514422206236576,245.1756503948944,303.8149796092819,1871.1320292874473,111.74822060335342,7232.224271442676,9124.605931146203,2.332704652545679,88.70159781814344,37.627956346029656,11.178471047378205,28.6196300450149,1.0105660146437236,False
292,9.298306144247235,302.8760306520025,8365.623491219845,106.20715467582397,0.08718321450249572,0.9128167854975042,0.42431929685034725,0.02641987030157808,0.03487532242478936,0.025887969213612173,COMPLETE,9.298306144247235,244.4179279758595,302.8760306520025,1849.429294486902,106.20715467582397,7045.1530657846715,8365.623491219845,2.2726727214621123,83.51617460523987,37.01710784450834,7.353641169061897,39.0347124049869,1.0,True
293,9.183737070375656,302.37714575324776,8413.292752759826,103.33660521964102,0.07004200761826201,0.929957992381738,0.4183805487625825,0.03586781714849871,0.012728714689956072,0.021445435752839945,COMPLETE,9.183737070375656,244.0153328514134,302.37714575324776,1837.8548523947488,103.33660521964102,6947.145937538513,8413.292752759826,2.2409726580475797,85.16830820628229,46.30947532219898,3.3946668605770927,31.440560765578198,1.0,False
294,11.716610717534586,287.17230292564585,10967.613714995994,162.0149803083734,0.07004200761826201,0.929957992381738,0.5069293532510446,0.023307500099049364,0.030098021515783373,0.01663645495221418,COMPLETE,10.86771039029071,249.84729294321738,309.603951651467,2006.224318970128,150.2765541441961,8417.492139959106,10172.980258597981,2.7152680215050102,84.99189123671535,36.57447236643566,10.600014563036298,62.28949276767334,1.078112159485064,False
295,8.114945698025586,297.67173540811547,7139.639928898446,78.7321638825682,0.08718321450249572,0.9128167854975042,0.3639351238159993,0.023548146833950425,0.06064525814027,0.002989691595181728,COMPLETE,8.114945698025586,240.21811375699514,297.67173540811547,1729.584457803007,78.7321638825682,6043.1454527876695,7139.639928898446,1.9493569488201485,83.08195976848155,44.85743665501691,9.767642656693052,56.629339172595735,1.0,True
296,9.292575708376498,302.84686615918616,6705.152407762997,106.05959022242511,0.31469931906763127,0.6853006809323687,0.42431929685034725,0.028300096065286877,0.1386810536985102,0.14771789040696062,COMPLETE,9.292575708376498,244.39439252180165,302.84686615918616,1849.0774247952725,106.05959022242511,7036.221301367029,6705.152407762997,2.2710533952115246,67.13025165225766,22.711557806514918,12.6288678378743,24.516846386237546,1.0,True
297,11.084750576912587,290.8617845582436,6915.906316386892,146.38170595868698,0.4812236474710556,0.5187763525289444,0.486362319430332,0.08386297817934649,0.16562221129435303,0.23173812492001286,COMPLETE,10.47083028334579,248.48468249182807,307.9154419408271,1967.2629632901712,138.27446896932787,8057.977218615205,6532.874221386043,2.601840938382997,57.169822274254216,58.21337827993395,1.7615077707633842,24.51315541070047,1.0586314816450857,False
298,8.396494343111712,298.915807630147,6551.339468038939,84.83577104229126,0.3137790400420317,0.6862209599579683,0.3783328882267785,0.18308826096725886,0.017682829285553706,0.11300776102089129,COMPLETE,8.396494343111712,241.22206759945237,298.915807630147,1758.3063832719506,84.83577104229126,6276.393549955103,6551.339468038939,2.0254197260325126,73.49542888111121,34.382282512494065,12.025049842245892,51.85197030215055,1.0,True
299,8.929318519511236,301.26354612533845,6868.709855939496,97.12443110934022,0.2921571559615501,0.7078428440384499,0.4054563366576581,0.11847767143903278,0.11230198384704801,0.06137737605583262,COMPLETE,8.929318519511236,243.11666908768686,301.26354612533845,1812.2972670160716,97.12443110934022,6727.684764095959,6868.709855939496,2.1708661756865673,71.86289017606775,49.69848359293388,0.47117638219316715,46.60324869784495,1.0,True
300,9.29934022697334,302.8811635141406,8775.743332507329,106.23370766546138,0.022723190170728935,0.977276809829271,0.42431929685034725,0.00023844359931214697,0.0145979735797655,0.007886750990242612,COMPLETE,9.29934022697334,244.42207014427635,302.8811635141406,1849.4923964298214,106.23370766546138,7046.75961992263,8775.743332507329,2.2729639892527684,87.56456046394108,19.11144579553715,9.504548184735675,55.147549364980165,1.0,True
301,9.25862639811433,302.6987157372429,6950.253047993122,105.20461286496273,0.3766890926294708,0.6233109073705292,0.4225556872701355,0.13597808484258778,0.1015385066618515,0.13917213973069084,COMPLETE,9.25862639811433,244.27483661279763,302.6987157372429,1845.636499232445,105.20461286496273,7007.171145713515,6950.253047993122,2.261649450658313,69.87063188954664,40.965301875734205,7.793735444358434,57.287788720649075,1.0,True
302,7.928136711174836,296.83747580284785,6254.289325168584,74.82467895603907,0.20447647220713494,0.7955235277928651,0.3546369849586602,0.09075556663945274,0.0794906257199634,0.034230184356904385,COMPLETE,7.928136711174836,239.54487459814018,296.83747580284785,1710.6375559307858,74.82467895603907,5886.496468446231,6254.289325168584,1.8991445142752876,74.75320814646928,27.029979804109622,7.391865388547158,24.936954588516638,1.0,True
303,8.933053219513253,301.2825904110014,8176.50419994865,97.21567316739345,0.05056133806139512,0.9494386619386048,0.4054563366576581,0.03490023499571626,0.012385340653257082,0.0032757234652352626,COMPLETE,8.933053219513253,243.13203763577405,301.2825904110014,1812.515488395653,97.21567316739345,6733.450112057971,8176.50419994865,2.1719114315690686,85.38176073927686,19.07183129039444,8.022158692893836,31.98537918651298,1.0,False
304,8.29095828749016,298.44813300509577,5456.4722390522875,82.51580470384508,0.3925879806965068,0.6074120193034932,0.3730939729486379,0.08690239348508666,0.18023609118677458,0.1254492842653627,COMPLETE,8.29095828749016,240.84465885378222,298.44813300509577,1747.7119996788254,82.51580470384508,6186.503678968036,5456.4722390522875,1.996833020321506,62.13197185847843,52.669585532238166,4.4362186449927545,20.530844371548923,1.0,True
305,8.78123213173724,300.6063667899653,6160.395792505754,93.60762891175415,0.44513189194545816,0.5548681080545419,0.3982424154252496,0.04049124555599566,0.12689623542775616,0.2777440119213014,COMPLETE,8.78123213173724,242.58633193583412,300.6063667899653,1797.5666020016206,93.60762891175415,6596.760553799157,6160.395792505754,2.1302068927152225,65.86939189501527,43.53946243886591,5.833414177881435,49.99682346750457,1.0,False
306,12.591972650879013,282.3426401671363,9000.1193354624,184.8076590500489,0.39480907139727694,0.605190928602723,0.536039779340461,0.10694989246484275,0.17181062912604947,0.11604831509046795,COMPLETE,11.400804524335587,251.65345476446058,311.84209812322405,2058.96211736651,167.32533129212166,8889.060425316018,8148.731265878113,2.869051845643343,64.571965474985,28.270400819626545,1.4753880440044917,63.536915833723455,1.104481058683255,False
307,8.31913072765598,298.57529565224786,4795.808448616051,83.13267205015418,0.4812236474710556,0.5187763525289444,0.3744046341925699,0.30087909319251105,0.15425318055150944,0.02609106351357298,COMPLETE,8.31913072765598,240.9472778384075,298.57529565224786,1750.4859035310687,83.13267205015418,6211.678957160578,4795.808448616051,2.0044719028105584,54.347346219310026,19.304285064010955,5.220220967232125,57.707856127415376,1.0,True
308,7.927724567307494,296.8346402420119,6370.309777005168,74.81569750827487,0.20447647220713494,0.7955235277928651,0.3546369849586602,0.09755654330163117,0.04580031490186534,0.06111944888676062,COMPLETE,7.927724567307494,239.54258632890117,296.8346402420119,1710.6001830630994,74.81569750827487,5885.851857802593,6370.309777005168,1.899027646556006,76.1620304692663,31.686157269373453,10.682787308269246,28.084980588739395,1.0,True
309,8.4476097022182,299.1443577866675,5617.609949397794,85.97418682562,0.3766890926294708,0.6233109073705292,0.38093716065077976,0.09581426543410072,0.23296963822755906,0.04790493431844359,COMPLETE,8.4476097022182,241.40650529026283,299.1443577866675,1763.573461364886,85.97418682562,6319.300311064473,5617.609949397794,2.0393079362686133,62.58458410857777,16.05520677072026,14.406381011412279,44.72774485740555,1.0,True
310,11.169855688590516,290.3531391744896,8157.035433261053,148.44660618558947,0.3849967765493054,0.6150032234506946,0.48910952148199466,0.022076218692712535,0.18254521061502066,0.1803748599509592,COMPLETE,10.524848552812411,248.6717128641045,308.1472048775134,1972.568440304207,139.87450615662038,8107.3245719629185,7686.004633228208,2.617232117263154,66.8143138629727,23.645468283945327,16.46479572102252,46.89508885199216,1.0612842201521036,False
311,10.199553333108463,296.5517011498967,7295.565375367949,125.7571460926938,0.35729796135003117,0.6427020386499689,0.4560056684078158,0.14507418122660726,0.08929715992239831,0.12292639076429707,COMPLETE,9.901413221595538,246.52021647703705,305.48112922965225,1910.221728927072,122.08117633841864,7563.049109061655,7082.310872594625,2.4408985308163293,65.95278212829574,30.96202403273041,14.824064521402237,23.04443235650396,1.030110864463536,False
312,8.446348875710878,299.13615480867304,6177.395351277444,85.94456091952794,0.29182805592543604,0.708171944074564,0.38093716065077976,0.011758044396939614,0.1383812485319326,0.14168861173780897,COMPLETE,8.446348875710878,241.3998855690511,299.13615480867304,1763.4588981025647,85.94456091952794,6317.313081154233,6177.395351277444,2.0389476520728893,68.87848503021321,26.956317463624938,6.505582545328057,31.91827559154924,1.0,True
313,16.05491988199749,266.75376184771216,9703.44383655321,288.561107955872,0.48719740383308324,0.5128025961669167,0.6458632233438809,0.04974646950712523,0.3252820405858507,0.11216840348965773,COMPLETE,13.38561867463088,258.19533998226115,319.9486238767037,2248.8312041826807,240.58475431929295,10706.07065655332,8090.143082709585,3.4561043645692235,53.24582099041093,50.610889954282136,6.8565795962671015,24.47833465006956,1.1994156020913405,False
314,9.178834634962788,302.3518589519777,6863.589563184042,103.2121909059711,0.34908085700987257,0.6509191429901274,0.4183805487625825,0.14698130120715078,0.08793316206106641,0.11416622971673822,COMPLETE,9.178834634962788,243.99492665565649,302.3518589519777,1837.5488422401463,103.2121909059711,6939.51451580845,6863.589563184042,2.239589083542145,69.65272333927614,42.10667747379811,14.118888974426428,36.86057399408973,1.0,True
315,8.291837858636285,298.4528557855254,5842.8283443851,82.53542899584704,0.3925879806965068,0.6074120193034932,0.3730939729486379,0.13146621026758903,0.16473505356227985,0.09638639651653833,COMPLETE,8.291837858636285,240.84847009036113,298.4528557855254,1747.7651762467658,82.53542899584704,6187.8464399443965,5842.8283443851,1.9970764624898854,66.49892806035693,62.15755136877428,4.739579929892297,35.25852180525732,1.0,True
316,14.413464641843047,273.56457686421584,13220.240144864965,236.7161745295886,0.14660538584903227,0.8533946141509677,0.5941385059120846,0.06964457123656047,0.042868154504513555,0.034092549964151474,COMPLETE,12.468067139901548,255.2097540354858,316.248967193504,2162.060799819668,204.7663924305551,9863.302078463763,11435.893161543238,3.181972348072197,81.56235454755179,57.10643010500367,-0.21991403121578923,47.12953891353091,1.156030399909834,False
317,8.317329957355918,298.56365203409865,6435.372157022189,83.09125274234893,0.34236558627693964,0.6576344137230603,0.3744046341925699,0.15077833092405005,0.02902098141116903,0.16256609547949194,COMPLETE,8.317329957355918,240.93788155499726,298.56365203409865,1750.3260832764468,83.09125274234893,6208.854668547412,6435.372157022189,2.0039598601192505,73.01530712899114,52.954206320708124,7.275943674616839,38.123852841649644,1.0,True
318,15.722178573444566,268.08491390866743,15832.247848484143,277.68818870074284,0.007196744314877934,0.9928032556851221,0.6349399739875772,0.004864105509529774,0.0019567781515379143,0.00037585474027192244,COMPLETE,13.20378535928329,257.6053019901432,319.21746488821816,2231.465336740066,233.20783587878205,10545.480391635016,13296.22363528209,3.401365114891203,88.64358996738738,52.91887001188235,6.05190685586958,35.804535413635456,1.190732668370033,False
319,8.480767502857315,299.29376059259755,7992.950294463197,86.71809504742154,0.007196744314877934,0.9928032556851221,0.3823674280979913,0.002938460989661846,0.004114174165245889,0.00014410349087336818,COMPLETE,8.480767502857315,241.52707186062028,299.29376059259755,1766.691793510651,86.71809504742154,6350.584509147634,7992.950294463197,2.0483349420958317,88.48698552331969,28.579747128161955,8.98437076805835,31.62646693100212,1.0,True
320,8.758371565140333,300.51218343864565,6392.635103614131,93.07594916106015,0.30670759796789493,0.6932924020321051,0.3968055921327309,0.021230382154448744,0.17038893889700724,0.11508804414273809,COMPLETE,8.758371565140333,242.51032691315268,300.51218343864565,1795.0872932168909,93.07594916106015,6581.091624496203,6392.635103614131,2.1239955514890427,68.41094595505409,32.9748353005784,9.438690119103395,37.3952685026242,1.0,True
321,8.541941609756732,299.5607021159223,7061.308361810345,88.09551264240523,0.20912151814530944,0.7908784818546906,0.38564537488042155,0.06420914811584275,0.07589891942634745,0.06901322123058232,COMPLETE,8.541941609756732,241.74249100052816,299.5607021159223,1773.0360610484702,88.09551264240523,6399.81644758167,7061.308361810345,2.0649502427236537,77.65296547634712,55.05867636961106,7.777404644579454,44.64155419666068,1.0,True
322,8.32350198855544,298.59805039102196,7828.765353889519,83.2302725595337,0.007196744314877934,0.9928032556851221,0.3744046341925699,0.003167694077950856,0.0037137045333886444,0.0003153419542347953,COMPLETE,8.32350198855544,240.9656406850508,298.59805039102196,1750.72949499174,83.2302725595337,6218.331403768669,7828.765353889519,2.005677989415556,88.51273848719599,35.49630720272264,7.196285708096454,38.42437413194847,1.0,True
323,15.54562467786633,268.77055520250315,12810.685231727282,271.9632242305516,0.23433032099706314,0.7656696790029369,0.629818545006204,0.010764908066569361,0.12112774987231004,0.10243747186312563,COMPLETE,13.105029199080182,257.2882937121785,318.8246368755232,2222.467003577138,229.26618057953448,10448.511565436875,10799.463353894234,3.371770601679617,72.77143570768547,33.63009658295696,4.847032822441895,35.01447829890331,1.186233501788569,False
324,9.371644882247404,302.35795233199804,6474.3786689472045,107.74765438393028,0.4609371175115584,0.5390628824884416,0.42738248831454667,0.15932772466850326,0.08337931875083643,0.21822982211332348,COMPLETE,9.349039816773226,244.58981175190908,303.0890243397181,1854.835804728015,107.48775947619092,7082.777980775201,6458.762013007391,2.2866798888456663,64.28638753591784,57.779917510363944,6.38881132259154,29.527078075458462,1.0024179023640076,False
325,7.9954046466263025,297.1392114682172,7245.911041177839,76.21897139384076,0.07004200761826201,0.929957992381738,0.3579100923491756,0.06164141645971153,0.005377548560185241,0.003022923675173834,COMPLETE,7.9954046466263025,239.7883722627366,297.1392114682172,1717.3923695994847,76.21897139384076,5943.762636026071,7245.911041177839,1.917205065796442,85.71859792739896,43.348721100216984,7.767593035429444,76.17236131548009,1.0,True
326,8.096160225780089,297.58847794524496,7589.672661455588,78.33427749375925,0.007196744314877934,0.9928032556851221,0.36294797358517283,0.0024462585322639827,0.0037361529827679286,0.0010143240611453542,COMPLETE,8.096160225780089,240.15092581703323,297.58847794524496,1727.6269264486145,78.33427749375925,6028.027553402102,7589.672661455588,1.944300373784129,88.51907387772802,29.715231684893347,13.707095694042629,32.847803390045684,1.0,False
327,8.98691025937861,301.51308246458933,6598.610639043478,98.50907986142063,0.3974056517708242,0.6025943482291758,0.40857289633941335,0.10347197174571095,0.15856358865691814,0.13536981651549804,COMPLETE,8.98691025937861,243.31804241809894,301.51308246458933,1818.2409188613333,98.50907986142063,6774.569897733695,6598.610639043478,2.186677411699133,68.61911101292733,35.234835983942645,4.215409742266775,78.58603541621493,1.0,True
328,8.292116111351271,298.4540031573674,5735.439958163791,82.54145070853856,0.40419867405823057,0.5958013259417694,0.3730939729486379,0.1739435511171292,0.14025334454649488,0.0900013545379074,COMPLETE,8.292116111351271,240.84939600796392,298.4540031573674,1747.775573314399,82.54145070853856,6188.258434862613,5735.439958163791,1.99715115704686,65.2676295207047,40.24246812621519,0.5525801478275252,56.691697636535764,1.0,True
329,16.072730635125488,266.6978903118976,10759.70141756408,289.16321586286114,0.40527666539091645,0.5947233346090836,0.6461828387944833,0.14645894933199985,0.20524089920563796,0.05357650752343388,COMPLETE,13.396043499736333,258.22652482799424,319.98726728707203,2249.6235359256393,241.00715094154825,10719.085711202893,8967.824541205455,3.4592137593815555,58.902964685134876,16.367477515978873,9.40577937951383,29.174868583025024,1.1998117679628197,False
330,8.731419268781462,300.3981292528863,8256.235960308404,92.44957329906975,0.009110912825774864,0.9908890871742251,0.39512506733105845,0.0033489909895115916,0.0025274937769103395,0.003234424606464004,COMPLETE,8.731419268781462,242.4182863257867,300.3981292528863,1792.0990273777838,92.44957329906975,6562.351387112535,8256.235960308404,2.1166556963299556,88.45465181312089,52.095682646673204,7.682532419470041,20.857054932907886,1.0,False
331,8.317944648300982,298.5696581782979,4701.258329260961,83.10649281458245,0.4812236474710556,0.5187763525289444,0.3744046341925699,0.19854954138790026,0.23277321414556149,0.04990065693304484,COMPLETE,8.317944648300982,240.94272845330465,298.5696581782979,1750.4326214503978,83.10649281458245,6209.893934255837,4701.258329260961,2.0041482786852023,53.30840227576234,18.238771877598424,1.0767417416627532,64.16347408816519,1.0,True
332,8.88703070167568,301.08001554937766,8082.928624689957,96.11490282807934,0.07004200761826201,0.929957992381738,0.40313320382211465,0.03668728123190003,0.005143007281940497,0.02821166644858073,COMPLETE,8.88703070167568,242.9685617481923,301.08001554937766,1807.8823059596075,96.11490282807934,6693.777419861468,8082.928624689957,2.159269067798168,84.9251693027504,28.736158704140074,4.674697137819937,37.425361089299045,1.0,True
333,8.396573745187801,298.9167719608114,6323.490662184962,84.8378698419078,0.3137790400420317,0.6862209599579683,0.3783328882267785,0.16355946416772701,0.04926542612942599,0.1009539811112023,COMPLETE,8.396573745187801,241.22284580465518,298.9167719608114,1758.322065823671,84.8378698419078,6276.535236839785,6323.490662184962,2.025445413822853,70.93380929193171,29.071412789479957,3.885038427740158,48.060568185018994,1.0,True
334,8.055790117342664,297.4043689489362,5455.262814066591,77.48057262257107,0.3925879806965068,0.6074120193034932,0.3612044566247643,0.09862723485239715,0.20455348329855447,0.08940702221578188,COMPLETE,8.055790117342664,240.00235169810205,297.4043689489362,1723.7848525417921,77.48057262257107,5990.510806385088,5455.262814066591,1.9334085729485686,64.13322390406354,30.705303707665486,11.478425078642655,51.73875535933368,1.0,True
335,8.991223431838563,301.5353840362087,7761.9208267037375,98.61555085255348,0.14660538584903227,0.8533946141509677,0.40857289633941335,0.011352246341354205,0.0739502951468255,0.061302719892796606,COMPLETE,8.991223431838563,243.33603956338007,301.5353840362087,1818.5021833721694,98.61555085255348,6781.251039528788,7761.9208267037375,2.1878887007330583,80.54244573180512,52.78921766623058,17.338252183869262,43.32461703919931,1.0,True
336,8.861987568416248,300.9686946618492,7190.662402972762,95.51835842316565,0.19044542831551076,0.8095545716844892,0.40198829602125374,0.010933918998566664,0.1045117198547937,0.07499968170860011,COMPLETE,8.861987568416248,242.8787269051657,300.9686946618492,1805.4733542612253,95.51835842316565,6670.638773685314,7190.662402972762,2.1523882584663436,75.86998754924201,26.690588123205032,6.434538730246315,37.08818254486327,1.0,False
337,14.638624913016772,272.5610312084941,12326.833875926224,243.5312136363857,0.23433032099706314,0.7656696790029369,0.6014986114133414,0.009453200648252134,0.08348697018636604,0.14138998226456453,COMPLETE,12.595703664597673,255.62879048894766,316.76822573879184,2174.383822106115,209.5447501572464,9976.851390224314,10606.539039457715,3.219824493138309,74.8709490588378,44.40702270935389,5.584631609281887,40.65059716760549,1.1621919110530576,False
338,9.26560224929471,302.7345864566455,8858.044063675023,105.3836432239689,0.004598525808314824,0.9954014741916852,0.4225556872701355,0.00131581165649064,0.00177857466176163,0.0015041366826572633,COMPLETE,9.26560224929471,244.30378392464837,302.7345864566455,1846.0748104707484,105.3836432239689,7018.049482163827,8858.044063675023,2.263621689843431,88.7378879963563,26.453790852119628,19.328621882647948,50.826097665712126,1.0,True
339,8.687762470669233,300.2062960383238,8218.555135496345,91.43603546766656,0.009110912825774864,0.9908890871742251,0.39289750461585077,0.0042776105091034715,0.002193023846185253,0.0026402740601685205,COMPLETE,8.687762470669233,242.26347883996692,300.2062960383238,1787.6771073756795,91.43603546766656,6525.381589280784,8218.555135496345,2.104727559479634,88.54929973601224,53.81131906707414,11.732370672015985,38.38787185766765,1.0,False
340,9.262832249986568,302.7205833895955,7396.859063692833,105.31269426343594,0.2074097511688326,0.7925902488311674,0.4225556872701355,0.10339236113522417,0.0634449797825054,0.040572261856032,COMPLETE,9.262832249986568,244.29248358956966,302.7205833895955,1845.9079268286905,105.31269426343594,7013.739522463007,7396.859063692833,2.26284029542278,74.20303670543034,16.26556874445776,-1.8982543011662243,50.593179855881345,1.0,True
341,8.346850094792659,298.70103586413813,7742.760620284165,83.7426026546455,0.028187748325463557,0.9718122516745364,0.3756042394981304,0.010838779261290106,0.006671567586152157,0.010677384336349122,COMPLETE,8.346850094792659,241.04874893200082,298.70103586413813,1753.1145234847927,83.7426026546455,6237.667849024119,7742.760620284165,2.011997772872723,87.28038795735458,32.31260725927276,3.6459586946181974,37.78746145180905,1.0,True
342,8.535111335827573,299.5291175612692,5599.833044916209,87.9400672694998,0.47022929217645715,0.5297707078235429,0.38544944828649685,0.1706302978931524,0.21820016652236643,0.08139853896491198,COMPLETE,8.535111335827573,241.7170025807686,299.5291175612692,1772.4938246009901,87.9400672694998,6392.0442344993235,5599.833044916209,2.0630815287893807,61.70215497877151,54.24893352233773,7.66869347874839,43.566930939693975,1.0,True
343,8.393100893180602,298.8975988703159,5715.917602625697,84.75883089751355,0.4323611881275266,0.5676388118724733,0.3783328882267785,0.15962550474754092,0.07642568248625435,0.1963098045284876,COMPLETE,8.393100893180602,241.20737331235622,298.8975988703159,1758.0994132579372,84.75883089751355,6271.198253885307,5715.917602625697,2.024477820389684,64.23986105474815,50.45969232667953,9.40478060766415,24.5353701202167,1.0,True
344,8.987324089779909,301.5151077798503,6432.599204442049,98.5192193430778,0.3974056517708242,0.6025943482291758,0.40857289633941335,0.12706312947565201,0.1458372531450733,0.1245050163571173,COMPLETE,8.987324089779909,243.3196768272614,301.5151077798503,1818.2641981719812,98.5192193430778,6775.206310066645,6432.599204442049,2.1867927930671085,66.87902627694454,58.682830700063015,5.939157774971736,38.83673989195208,1.0,False
345,16.168384195761412,266.3414084654688,13989.801313881833,292.34754730851716,0.20447647220713494,0.7955235277928651,0.6489910511221716,0.05758102072482872,0.08916022324633233,0.057735130778663046,COMPLETE,13.449022028882391,258.3941996985261,320.1950454138541,2254.3955257176417,243.17758387215426,10770.646111666456,11636.855221402298,3.4751492838809135,76.03218222142914,30.25968659503978,9.572680004323866,44.63806922882432,1.202197762858821,False
346,8.254999420099917,298.2898305882735,6568.32721737056,81.73451311559151,0.2777158528013137,0.7222841471986863,0.3711706242201289,0.09972316910620718,0.07906493770905952,0.09892764316910078,COMPLETE,8.254999420099917,240.71691038643087,298.2898305882735,1743.9513508571529,81.73451311559151,6157.8043437048345,6568.32721737056,1.9871179556482303,75.09860520739188,54.00789884289071,11.002320985907588,45.405446253035485,1.0,True
347,8.480114993093126,299.29060630105033,7647.334679063612,86.7032981937988,0.07004200761826201,0.929957992381738,0.3823674280979913,0.0244765756097758,0.044365042157308444,0.0012003426291531385,COMPLETE,8.480114993093126,241.52452637888462,299.29060630105033,1766.6607760142283,86.7032981937988,6349.596174660718,7647.334679063612,2.0481557573452958,84.68902668344496,50.8626274866106,14.1702518987315,26.778079764718544,1.0,False
348,14.739349635397389,272.1114385969335,10779.127193908816,246.6029743913726,0.40372007758203127,0.5962799224179687,0.6048942172032234,0.040777480807711486,0.17000185723851524,0.1929405353152986,COMPLETE,12.652237602784735,255.81495702239457,316.998918229959,2179.9198289088854,211.6836565203689,10025.61898529956,9252.788066065554,3.236631618593502,65.05168089577887,25.384398383513297,8.378420675012284,48.89339305497064,1.1649599144544427,False
349,8.291134964495432,298.4482597994065,6553.137178281328,82.51930309208711,0.3299920230170895,0.6700079769829105,0.3730939729486379,0.06325847221064594,0.11522519664522496,0.15150809841447238,COMPLETE,8.291134964495432,240.84476117552305,298.4482597994065,1747.7025949560089,82.51930309208711,6186.743062018976,6553.137178281328,1.9968764203979308,74.61835658193229,37.70976909785941,8.57323448578046,76.41980196891853,1.0,True
350,8.655112159463716,300.0621259236326,7920.878622530609,90.68191659355354,0.06457970757574749,0.9354202924242525,0.39125628324379796,0.044576489799606295,0.01581923478057752,0.004183933250085954,COMPLETE,8.655112159463716,242.1471349991123,300.0621259236326,1784.3886710330312,90.68191659355354,6497.43399172129,7920.878622530609,2.095810612510119,85.72007547544398,49.41788931831147,10.019707657493381,22.366102478564102,1.0,True
351,9.372703830510662,302.35335148544425,6560.542161255113,107.7713902604335,0.4770255136293612,0.5229744863706388,0.42738248831454667,0.19219444089301643,0.10057911504541507,0.18425165373288985,COMPLETE,9.349819927397592,244.59331735708744,303.09336839005124,1854.8950468117607,107.50826127463834,7084.011208862315,6544.524284887499,2.2869034727335795,65.1134008106197,36.78242176566579,8.630105186863027,57.387751569027074,1.0024475234058803,False
352,10.248136704934824,296.24895333213505,9240.499349073472,126.8642451626704,0.11432140275173136,0.8856785972482686,0.45744881540985216,0.04906824049795014,0.03398168463965602,0.03127142702360857,COMPLETE,9.933784440089466,246.63525478519068,305.62368156382445,1913.2895281231868,122.97279992311006,7594.69572495442,8957.055442896406,2.4500214563626286,82.9577450548589,47.35291738503056,7.49883470019498,48.729623207552926,1.0316447640615933,False
353,8.258809558013088,298.31095106858976,7407.128113183786,81.81941658336329,0.07004200761826201,0.929957992381738,0.3711706242201289,0.02274774916510877,0.0458928384479602,0.001401364874861891,COMPLETE,8.258809558013088,240.73395440284125,298.31095106858976,1744.194216369543,81.81941658336329,6163.639587146087,7407.128113183786,1.988175883560472,84.50406062058804,41.456683020950344,15.30295056657063,53.69175687931594,1.0,True
354,8.505775581408535,299.39545781576965,5837.224035644124,87.27541918117915,0.4812236474710556,0.5187763525289444,0.3840672776598887,0.19212836069090275,0.09849940185693502,0.19059568683433323,COMPLETE,8.505775581408535,241.60914050274798,299.39545781576965,1769.552535903371,87.27541918117915,6365.756055274813,5837.224035644124,2.0550731275333773,64.63274539590337,29.26580206042717,10.551500678177316,61.660662782470126,1.0,True
355,8.763203331348771,300.5370634259329,7871.17466942082,93.19118449693799,0.07004200761826201,0.929957992381738,0.3968055921327309,0.004188674969411992,0.04314684619534883,0.022706440528120892,COMPLETE,8.763203331348771,242.5304048140936,300.5370634259329,1795.3688660474,93.19118449693799,6588.525171804336,7871.17466942082,2.1253432514202313,84.02242876368832,31.903244805278483,1.238774050654412,45.827908175153574,1.0,True
356,11.669511441279175,287.38637829737604,7584.8874209317555,160.7890806505786,0.47022929217645715,0.5297707078235429,0.506092310271138,0.023336817835356294,0.10095389750576782,0.34593806171938735,COMPLETE,10.836931368010006,249.73573104811047,309.46570719353457,2003.6560572353346,149.3173249371906,8379.237977024297,7043.7314216909235,2.7063689775081787,59.32656944579997,33.504423393764064,4.3408798307284435,31.213598420021746,1.0768280286176672,False
357,8.933024139158503,301.28261904617705,8167.009951584305,97.21507386699366,0.05056133806139512,0.9494386619386048,0.4054563366576581,0.024345686581185112,0.025525018239357673,0.000690606072095553,COMPLETE,8.933024139158503,243.1320607440744,301.28261904617705,1812.517903810342,97.21507386699366,6733.412252432576,8167.009951584305,2.171904567630168,85.28292858660686,30.011744195487942,0.8771965303719509,23.80322744021687,1.0,True
358,7.994714253687321,297.1354645866021,7105.686995702482,76.20425948847718,0.07004200761826201,0.929957992381738,0.3579100923491756,0.018578325282910608,0.02378168340565212,0.027681963087016558,COMPLETE,7.994714253687321,239.78534856674204,297.1354645866021,1717.3521275866467,76.20425948847718,5942.716182117434,7105.686995702482,1.9170153440119153,84.09509636920919,26.62116768189832,5.170712803868925,24.48902903527894,1.0,True
359,14.769021662633337,271.9929548903767,10930.667711747641,247.5239739657349,0.3766890926294708,0.6233109073705292,0.6056544500955621,0.11999923377527766,0.13308896908212559,0.12360065907684673,COMPLETE,12.669414360838092,255.87095821174537,317.06831337655404,2181.4450442611233,212.33524210662208,10043.932214946668,9376.732030337662,3.24173519248929,65.75783945399856,41.704568780871014,10.791843988637956,30.282883337469116,1.1657225221305616,False
360,8.315265704871589,298.55349955238637,5382.521342860063,83.04552230397736,0.4812236474710556,0.5187763525289444,0.3744046341925699,0.16117746810325181,0.1452151877223027,0.17483069960804706,COMPLETE,8.315265704871589,240.92968860378028,298.55349955238637,1750.2268006690817,83.04552230397736,6205.73561665456,5382.521342860063,2.0033943769324054,61.13094972157743,56.20777512353633,8.194682662639146,26.25858291876117,1.0,True
361,8.479966819298275,299.2898679741783,7457.716465254001,86.69992583644446,0.08718321450249572,0.9128167854975042,0.3823674280979913,0.03559727337252911,0.04984016564375365,0.0017457068093135921,COMPLETE,8.479966819298275,241.52393055648216,299.2898679741783,1766.6526338580497,86.69992583644446,6349.37091141546,7457.716465254001,2.04811491718547,82.59553050063549,27.05809121869791,5.610236034179934,51.20671261585163,1.0,True
362,9.176030634284842,302.337167673891,6137.771425898029,103.1409198516493,0.4680773870803905,0.5319226129196095,0.4183805487625825,0.17973303021272458,0.11250983174821783,0.1758343245449863,COMPLETE,9.176030634284842,243.9830709411533,302.337167673891,1837.368063016197,103.1409198516493,6935.1408167948475,6137.771425898029,2.2387961332029147,62.3731400047317,47.604039810107636,6.285605430283061,32.2006791344116,1.0,True
363,8.78123213173724,300.6063667899653,5783.550157286938,93.60762891175415,0.44513189194545816,0.5548681080545419,0.3982424154252496,0.04049124555599566,0.12689623542775616,0.2777440119213014,COMPLETE,8.78123213173724,242.58633193583412,300.6063667899653,1797.5666020016206,93.60762891175415,6596.760553799157,5783.550157286938,2.1302068927152225,61.840009097833416,46.94192751930085,4.445298589733504,35.49287878312276,1.0,True
364,8.476046429028345,299.2680058642665,6697.879935668718,86.60941444974159,0.3299920230170895,0.6700079769829105,0.3823674280979913,0.17375258166431387,0.057711228593716635,0.09852778212718784,COMPLETE,8.476046429028345,241.50628805240441,299.2680058642665,1766.3931554519015,86.60941444974159,6343.323429135554,6697.879935668718,2.0470185104344734,74.34384329218472,66.14738944680386,2.1910179041744144,30.576047033616724,1.0,True
365,13.862583847114932,276.0803336003624,13743.468037537734,220.4002180385866,0.007196744314877934,0.9928032556851221,0.5765411767020857,0.00020445643972012551,0.005367023348742885,0.0016252574229601417,COMPLETE,12.151580710316336,254.16458382087953,314.95382076714645,2131.609969531948,193.19710290694402,9575.43489429981,12047.166887473833,3.0885014540033793,88.45429104557574,46.550802379004104,2.071752808761372,43.71779834305805,1.140804984765974,False
366,8.933047668477707,301.28242855565196,8221.723484242078,97.21545345401898,0.05056133806139512,0.9494386619386048,0.4054563366576581,0.039102471786625924,0.006156959979000014,0.0053018432587392,COMPLETE,8.933047668477707,243.13190702012557,301.28242855565196,1812.5129635201574,97.21545345401898,6733.436232110384,8221.723484242078,2.1719089151386712,85.85481682480476,26.28429166922752,6.176436254209776,52.634242704938075,1.0,False
367,8.059448895332025,297.4243728827951,6416.993081602293,77.55940583792676,0.18727005942368125,0.8127299405763188,0.3612044566247643,0.03536080067389359,0.14741964606273636,0.004489435594193671,COMPLETE,8.059448895332025,240.0184946726868,297.4243728827951,1724.0079660534902,77.55940583792676,5996.071867847529,6416.993081602293,1.9344167917490416,75.28264234241858,27.80574577910493,11.472746804129173,50.59577611928181,1.0,False
368,9.37922390455625,302.3292512507057,6347.605068715871,107.91884363218131,0.43155171293779676,0.5684482870622032,0.42738248831454667,0.3098570402506328,0.09372296684899102,0.027971265750196695,COMPLETE,9.35476847058025,244.61449148030792,303.1196067860914,1855.2284423827077,107.63745551499062,7091.779890098919,6331.054292421013,2.2883119323470056,62.83157208005313,30.633118547074517,17.938361534112826,36.276948354580924,1.0026142211913538,False
369,8.98394884109336,301.4948576570557,6666.939559173703,98.43416246452928,0.3974056517708242,0.6025943482291758,0.40857289633941335,0.10806438131465264,0.011525579598411384,0.27781489843118523,COMPLETE,8.98394884109336,243.3033351806674,301.4948576570557,1817.9887412514508,98.43416246452928,6769.866660238362,6666.939559173703,2.185824716130506,69.44599853772606,38.89471874307754,19.6785912927027,40.551469882148396,1.0,True
370,8.523870264204296,299.48021825463616,6854.431136225294,87.6863539527894,0.20447647220713494,0.7955235277928651,0.3847607178575389,0.042327534386357474,0.06297674058132839,0.09917202912781022,COMPLETE,8.523870264204296,241.6775413293088,299.48021825463616,1771.2223549353425,87.6863539527894,6384.113367395788,6854.431136225294,2.0600280080629,75.58091309423045,36.291927602897346,7.884322383713464,26.798921394891014,1.0,False
371,9.295004676292246,302.8588139366069,7901.295017926248,106.12184024488441,0.19612202254986616,0.8038779774501339,0.42431929685034725,0.01611430820428795,0.06947372165656786,0.11053383388282936,COMPLETE,9.295004676292246,244.40403425870238,302.8588139366069,1849.217093273041,106.12184024488441,7039.989901703495,7901.295017926248,2.271736641339329,79.0147819230813,52.28446626857961,6.794952687072779,55.14513126172108,1.0,True
372,9.263901602926218,302.7263911126168,7740.419224373307,105.34035331475113,0.18727005942368125,0.8127299405763188,0.4225556872701355,0.11349566263052879,0.06964470045885021,0.004129533438352025,COMPLETE,9.263901602926218,244.29717036397062,302.7263911126168,1845.9826466909426,105.34035331475113,7015.419904143704,7740.419224373307,2.263144948125127,77.60452087135837,36.108396846523846,13.118315747291273,55.0820531855404,1.0,True
373,8.515604881138133,299.4348032279689,5819.064816163404,87.49468526791206,0.47022929217645715,0.5297707078235429,0.3847607178575389,0.03604838354072424,0.11297267104929665,0.32120788233034653,COMPLETE,8.515604881138133,241.64089185693862,299.4348032279689,1770.6873237495845,87.49468526791206,6371.373965043658,5819.064816163404,2.057718358179518,64.44513684414633,30.366883378740646,6.93213603337032,47.67050385453095,1.0,True
374,7.99308902461239,297.1264427687404,6661.202638128599,76.1695327447696,0.17412773351165017,0.8258722664883498,0.3579100923491756,0.05522500530997808,0.055251323598828575,0.06365129715900184,COMPLETE,7.99308902461239,239.7780680499458,297.1264427687404,1717.2539807641233,76.1695327447696,5940.245687528996,6661.202638128599,1.9165674440727847,78.90956323547714,30.02655927691781,16.961804804747707,43.347159060751686,1.0,True
375,14.131752004881125,274.8391962048708,14043.212684674472,228.30774609250773,0.009110912825774864,0.9908890871742251,0.5850959038223429,0.0031319325636702537,0.0029541854520673447,0.0030247915809407094,COMPLETE,12.306948048619029,254.6786053819802,315.5907822674137,2146.548575496239,198.82683826374097,9717.447384194626,12229.841628009117,3.134316365530777,88.48429422708688,49.13850078060412,7.886544628124588,37.862400750573826,1.1482742877481196,False
376,8.057051098406925,297.4118274136073,5220.185886062987,77.50802348684508,0.3925879806965068,0.6074120193034932,0.3612044566247643,0.12062646958631824,0.24335994920164747,0.02860126956413532,COMPLETE,8.057051098406925,240.00837060450692,297.4118274136073,1723.8794741670654,77.50802348684508,5992.447561097846,5220.185886062987,1.9337597060058989,61.321502494782344,36.37269850743579,7.562075705020186,33.46003191286959,1.0,True
377,9.183671863085246,302.3771483620473,8357.806213602811,103.33517573648899,0.07004200761826201,0.929957992381738,0.4183805487625825,0.01819741299885844,0.034013506934029575,0.017831051481494,COMPLETE,9.183671863085246,244.01533495668855,302.3771483620473,1837.857830936182,103.33517573648899,6947.058280227923,8357.806213602811,2.2409567658030625,84.60783072486177,37.406535782615386,6.228867031741993,51.99062297311695,1.0,True
378,10.586111639377885,294.0349772368355,9450.79196784449,134.6070846080139,0.08718321450249572,0.9128167854975042,0.46896283469638106,0.014948764643150992,0.0703364678533212,0.0018979071400872848,COMPLETE,10.153373109413398,247.39634126056583,306.5667991679771,1935.240348266782,129.1046230904722,7787.060979609028,9064.462977325215,2.511907358722289,81.85861742166463,22.18533864454571,2.487886440984919,43.710695228037274,1.042620174133391,False
379,9.2971470435686,302.86971433860055,7959.867619435723,106.17701133819413,0.14660538584903227,0.8533946141509677,0.42431929685034725,0.055664128416150475,0.03639768276209963,0.054543463926610726,COMPLETE,9.2971470435686,244.41283077410725,302.86971433860055,1849.3507718440378,106.17701133819413,7043.329045050079,7959.867619435723,2.2723420270417236,79.51382138115301,32.18280673588757,4.5008178406132835,28.420869590291815,1.0,True
380,9.37955243892592,302.32368598965513,6813.028963574757,107.92512681513429,0.31104335011393675,0.6889566498860633,0.42738248831454667,0.07220721884532774,0.2224413896319575,0.01639448369283105,COMPLETE,9.354854774510622,244.6163000526545,303.12184791962045,1855.280181255746,107.6409449651564,7091.989653946984,6795.089311966673,2.288349962470698,67.42807655709302,42.07636601259037,9.653548346506616,52.430551103312695,1.002640090627873,False
381,8.257438134707904,298.30415023005355,6465.953285391031,81.78927877620056,0.20912151814530944,0.7908784818546906,0.3711706242201289,0.09200787902176884,0.10875862398709074,0.008354686459287029,COMPLETE,8.257438134707904,240.7284661941509,298.30415023005355,1744.1228022027449,81.78927877620056,6161.568614664636,6465.953285391031,1.9878004168613241,73.8202765456457,16.785219501016492,13.902279029121125,39.54097982679959,1.0,True
382,8.343566112651642,298.68348780312976,5713.141228653058,83.66875661855566,0.3849967765493054,0.6150032234506946,0.3756042394981304,0.263233178537225,0.08099051511944165,0.04077280566519163,COMPLETE,8.343566112651642,241.03458782224772,298.68348780312976,1752.919007467373,83.66875661855566,6232.649893015836,5713.141228653058,2.0110880189306624,64.51572464148936,25.004486016095797,7.78624598742997,61.852472199721774,1.0,True
383,9.375923769083666,302.32860587498703,5799.216046160885,107.83914229281464,0.4632938125807472,0.5367061874192528,0.4274733164896875,0.11707329363481318,0.19803612091505302,0.1481841601332635,COMPLETE,9.351927442873581,244.60218571248367,303.104357814203,1855.1318461048093,107.56314354320801,7086.136702284563,5784.373788114237,2.2875018931514366,57.52273546412539,26.91649541813033,9.663884269519421,30.94923778431051,1.0025659230524047,False
384,8.731419268781462,300.3981292528863,8251.804016133423,92.44957329906975,0.009110912825774864,0.9908890871742251,0.39512506733105845,0.0033489909895115916,0.0025274937769103395,0.003234424606464004,COMPLETE,8.731419268781462,242.4182863257867,300.3981292528863,1792.0990273777838,92.44957329906975,6562.351387112535,8251.804016133423,2.1166556963299556,88.40716939125966,36.09649125529526,6.874761643880689,23.368511323154884,1.0,True
385,8.2933369483036,298.4600926775457,6646.398046983012,82.56844360692564,0.22956787811913065,0.7704321218808694,0.3730939729486379,0.05350153415217167,0.07490813401447123,0.10115810673336084,COMPLETE,8.2933369483036,240.8543101898526,298.4600926775457,1747.835802185159,82.56844360692564,6190.105061196264,6646.398046983012,1.9974859498556805,75.58972225023923,32.660385611882255,17.678337154836655,38.29062455734772,1.0,True
386,7.920536066967646,296.79586160624194,4628.781439431078,74.66439338110442,0.47022929217645715,0.5297707078235429,0.3546369849586602,0.006744459987698062,0.2331279793254279,0.23035623054584847,COMPLETE,7.920536066967646,239.5112923576212,296.79586160624194,1710.1859053229332,74.66439338110442,5874.986881515708,4628.781439431078,1.8970578295645708,55.56208955982604,61.660931070448186,2.718048319846337,31.392298520676263,1.0,True
387,9.183649076133984,302.37680167836885,8497.342635653225,103.33444448812932,0.07004200761826201,0.929957992381738,0.4183805487625825,0.03147394779149289,0.014365280433327583,0.024202734220097333,COMPLETE,9.183649076133984,244.01505518642688,302.37680167836885,1837.8496284843015,103.33444448812932,6947.013439131974,8497.342635653225,2.240948636125612,86.02308292441225,45.3142293593029,13.02700643458448,67.33322281828237,1.0,True
388,8.987292730712817,301.51499397082955,6268.115177462465,98.51847625634393,0.3974056517708242,0.6025943482291758,0.40857289633941335,0.12532914038132786,0.14677265984451818,0.12530359713057093,COMPLETE,8.987292730712817,243.31958498451976,301.51499397082955,1818.2624921458391,98.51847625634393,6775.159670742588,6268.115177462465,2.1867843373714337,65.16988626337773,33.190496499624054,16.992673720331286,38.292586833393415,1.0,True
389,8.250251479180811,298.2631126882559,5735.0915229352195,81.62857376245915,0.40419867405823057,0.5958013259417694,0.3711706242201289,0.07193166972894029,0.08502738574119795,0.24723936162860835,COMPLETE,8.250251479180811,240.69534930829565,298.2631126882559,1743.638112202751,81.62857376245915,6150.519202295783,5735.0915229352195,1.9857971616627081,65.74602639563373,17.036492880588998,10.406189229111591,42.476481676750296,1.0,True
390,8.685797100131108,300.19585432732583,7227.066544075562,91.3894901179637,0.1643758051437541,0.835624194856246,0.39289750461585077,0.08668533501177282,0.044441401663569934,0.03324897909378047,COMPLETE,8.685797100131108,242.25505248360867,300.19585432732583,1787.5585364984192,91.3894901179637,6522.351649841165,7227.066544075562,2.1041782323542373,77.94899059883451,26.518090648657193,11.83045067889545,21.198584070778494,1.0,True
391,9.291399418395322,302.83994187376675,7096.301606101076,106.02867460467557,0.3925879806965068,0.6074120193034932,0.42431929685034725,0.11830870386193483,0.09167676537126772,0.18260222317473956,COMPLETE,9.291399418395322,244.388804692711,302.83994187376675,1848.9806403007487,106.02867460467557,7034.349277206446,7096.301606101076,2.270713997784183,71.09014150433865,26.878611578041053,8.023243563694745,71.62108683550471,1.0,False
392,8.283904484551863,298.416683469489,5526.059220230749,82.36198676947956,0.43155171293779676,0.5684482870622032,0.37275899843259913,0.09981499063337462,0.20667816140318856,0.12505814525762896,COMPLETE,8.283904484551863,240.81927939304293,298.416683469489,1747.0190551398305,82.36198676947956,6180.307791818913,5526.059220230749,1.9949239085305763,62.993666236070176,41.13411025824055,7.624891044505503,53.14682543548662,1.0,False
393,8.740222463357235,300.4367863023927,8279.428126686558,92.65473272048254,0.009110912825774864,0.9908890871742251,0.39557080805368827,0.007202887050018652,0.0009571055267569079,0.0009509128226523781,COMPLETE,8.740222463357235,242.4494821781679,300.4367863023927,1792.9874002713468,92.65473272048254,6569.858702563044,8279.428126686558,2.1190624103629525,88.59977192457855,50.80682135490856,0.36923883630711085,44.97644830011818,1.0,True
394,8.989186403501938,301.52799574018485,5607.912766176151,98.56726292610435,0.3974056517708242,0.6025943482291758,0.40857289633941335,0.05236816211783045,0.34242475504676123,0.0026122185190553906,COMPLETE,8.989186403501938,243.33007728237175,301.52799574018485,1818.4576024809242,98.56726292610435,6778.221368496173,5607.912766176151,2.1873394222697717,58.23563036782054,54.58324088845602,4.567483859751972,37.4173878421113,1.0,True
395,8.909259829781588,301.1752900888706,5413.195490664811,96.64404581033061,0.40372007758203127,0.5962799224179687,0.40454749016213015,0.05828650964563716,0.2690708978778337,0.07636225020912792,COMPLETE,8.909259829781588,243.04544734881767,301.1752900888706,1810.4023886368182,96.64404581033061,6709.046459464607,5413.195490664811,2.165355040876117,56.82324083403206,19.484379898601034,0.39703728434533003,31.58344496870977,1.0,True
396,15.205994555902473,270.16558358999794,14005.470443746202,261.15456461025406,0.1728336416619316,0.8271663583380684,0.6190365229718036,0.081877837037086,0.059248752844614644,0.03170691319995378,COMPLETE,12.91604987749082,256.6748363039243,318.06445718524924,2204.5890113667656,221.8260285336692,10276.130537642633,11896.31853043981,3.315224987998278,81.44152468651717,70.70691799606543,15.747634430854177,33.462983130884766,1.1772945056833828,False
397,8.366390438931457,298.77651793374287,5744.590156542588,84.16691496295965,0.4609371175115584,0.5390628824884416,0.37708693101632246,0.13385460207305946,0.055348800058384835,0.27173343296358354,COMPLETE,8.366390438931457,241.10966220735116,298.77651793374287,1755.4543297575965,84.16691496295965,6247.274212705492,5744.590156542588,2.0172175726255763,64.85123046164466,36.98355217604901,15.968381820033752,40.21796913157983,1.0,True
398,8.25356532394048,298.282556230918,5860.562388493326,81.70293090814762,0.40419867405823057,0.5958013259417694,0.3711706242201289,0.15872484452181432,0.13622846333589694,0.10924520255145002,COMPLETE,8.25356532394048,240.7110400527885,298.282556230918,1743.874624698434,81.70293090814762,6155.633008788825,5860.562388493326,1.9867242932693427,67.05553376018898,37.64650907351114,13.400301415466664,56.46741884116643,1.0,True
399,8.401089896029276,298.9414601730859,7903.6444333591,84.94058449316087,0.009110912825774864,0.9908890871742251,0.3783328882267785,0.0021849170925552414,0.004315024438912046,0.0026109626165048525,COMPLETE,8.401089896029276,241.2427689450786,298.9414601730859,1758.6091958254378,84.94058449316087,6283.467266069825,7903.6444333591,2.026702188674625,88.43515692537713,35.678179793752456,9.497587028583947,47.42630583175392,1.0,True
400,8.345501576174858,298.69363784550904,7438.286192134427,83.71216906255908,0.08615993560081492,0.9138400643991851,0.3756042394981304,0.014961829034222373,0.022731502358936673,0.04846652639858946,COMPLETE,8.345501576174858,241.04277880494735,298.69363784550904,1753.0295375723201,83.71216906255908,6235.600099210252,7438.286192134427,2.011622890442256,83.91387584529522,38.680666630271006,10.119865116428013,35.74477546744316,1.0,True
401,8.248894075028856,298.25574551773434,6241.894777174236,81.59844652658201,0.40419867405823057,0.5958013259417694,0.3711706242201289,0.012383644060186263,0.10026577198687538,0.2915489550000765,COMPLETE,8.248894075028856,240.68940407535644,298.25574551773434,1743.5532626338545,81.59844652658201,6148.4465984596245,6241.894777174236,1.9854213991994336,71.60807060654076,62.37538405473474,7.0732092306585255,58.37093077986458,1.0,True
402,9.56125816891982,301.02443228558667,9146.41484520825,111.78083307672901,0.009110912825774864,0.9908890871742251,0.4335771017095876,0.004302828927934905,0.004058629732034724,0.0007494497294868296,COMPLETE,9.478317075633077,245.04943817733601,303.658580871307,1867.5012278287181,110.81116733398981,7201.061484497159,9067.072395343059,2.322656274250536,88.52383327988106,69.54023090345588,3.801537508592332,23.54819151528178,1.0087506139143592,False
403,8.251211802840688,298.26870058239626,5604.00243807812,81.65009264438238,0.4812236474710556,0.5187763525289444,0.3711706242201289,0.19212836069090275,0.09849940185693502,0.19059568683433323,COMPLETE,8.251211802840688,240.69985868298795,298.26870058239626,1743.706244164077,81.65009264438238,6151.999366011552,5604.00243807812,1.9860655149071558,64.206392162782,56.05397705394182,10.41813861097195,32.156316346962505,1.0,False
404,8.365990340344847,298.78503076139515,7603.582194943299,84.16374120484925,0.07004200761826201,0.929957992381738,0.37661076012711664,0.029118212064986968,0.009338947185980464,0.03158479560800621,COMPLETE,8.365990340344847,241.1165319741383,298.78503076139515,1755.085244021181,84.16374120484925,6253.220329788332,7603.582194943299,2.01717857739309,85.52027539441143,41.09422614472499,3.67458925868088,47.502776901709495,1.0,True
405,9.299697940628109,302.88299556514914,8891.727824270132,106.24293254738001,0.004598525808314824,0.9954014741916852,0.42431929685034725,0.0005142909117938928,0.002119853615267442,0.0019643770180860984,COMPLETE,9.299697940628109,244.4235485911197,302.88299556514914,1849.512605967774,106.24293254738001,7047.317713612294,8891.727824270132,2.2730651714738506,88.70579128338173,26.131107444969935,13.282342828207526,36.2785877400855,1.0,True
406,8.289733862093707,298.44090917516445,5724.602520289593,82.48814086715396,0.3925879806965068,0.6074120193034932,0.3730939729486379,0.06250329922322441,0.15062817842970894,0.17945620012023308,COMPLETE,8.289733862093707,240.83882929526598,298.44090917516445,1747.62135592014,82.48814086715396,6184.6105605745615,5724.602520289593,1.9964897985159722,65.23200091476023,38.93818410719923,11.403806838318008,38.5337935360629,1.0,True
407,8.679359626289415,300.162314445127,5841.18185022727,91.23752580897121,0.4812236474710556,0.5187763525289444,0.39289750461585077,0.1321402952862713,0.19117597941106979,0.15790684795406884,COMPLETE,8.679359626289415,242.22798613407303,300.162314445127,1787.1770010313608,91.23752580897121,6512.454065349199,5841.18185022727,2.1023838032094657,63.210970772764846,39.972870089866376,11.281578249402317,60.43498704580679,1.0,True
408,8.44354291396644,299.1217961250146,5098.4932013060925,85.88083392283806,0.44513189194545816,0.5548681080545419,0.38093716065077976,0.026377655597684863,0.23782015254938252,0.18093382384712905,COMPLETE,8.44354291396644,241.38829825492553,299.1217961250146,1763.3057047518357,85.88083392283806,6313.037305693087,5098.4932013060925,2.0381724552447937,56.928369087546535,47.62005199161334,4.515071688990586,28.116352159691335,1.0,True
409,13.253687772645534,278.99958206216667,12616.089841113913,202.98926951436965,0.07004200761826201,0.929957992381738,0.5571184485888095,0.03705072346689523,0.007188514768936,0.025802695783995418,COMPLETE,11.795677753015454,252.97962335649208,313.4854500755797,2097.2108937118687,180.65885145214713,9250.709754490224,11228.220614643846,2.9840661151924026,85.36249375428046,43.932034873992535,17.259146693207036,31.776999472390294,1.1236054468559344,False
410,8.865512836451726,300.9867446591712,8332.401435866279,95.60367403505956,0.019656069920549468,0.9803439300794505,0.40198829602125374,0.005754521899733536,0.00778599472034884,0.006115543560795538,COMPLETE,8.865512836451726,242.89329307250458,300.9867446591712,1805.678606517531,95.60367403505956,6676.073692391236,8332.401435866279,2.1533736076223207,87.75449175308307,43.44616319489667,7.010221430305332,31.257658823403574,1.0,True
411,8.505293534962021,299.39177062101993,5614.573304094969,87.26367490060458,0.4812236474710556,0.5187763525289444,0.3840672776598887,0.23176766425379824,0.019536970187696196,0.22991877407161704,COMPLETE,8.505293534962021,241.60616497345688,299.39177062101993,1769.4937082308816,87.26367490060458,6364.97406515536,5614.573304094969,2.0549313529557107,62.18838256675206,41.055610915508645,1.5948065344269797,27.601414491038675,1.0,False
412,14.985061174230975,271.09136132825887,12980.672686448213,254.23067176911857,0.17412773351165017,0.8258722664883498,0.6120735872320332,0.11187876603997882,0.05931676464233644,0.0029320874796807533,COMPLETE,12.792109630132487,256.27142220172567,317.5645574315985,2192.8600297378434,217.02591579708326,10162.292119357027,11081.048395281812,3.278252127874443,76.69099308715963,25.03084723353936,3.254445190110555,54.9647069764395,1.1714300148689216,False
413,8.111898562692108,297.6558677496092,5299.7390973783995,78.66632560930381,0.4812236474710556,0.5187763525289444,0.3639351238159993,0.3069996341728896,0.16577227128733407,0.008451408631708016,COMPLETE,8.111898562692108,240.2053087152571,297.6558677496092,1729.4154823751037,78.66632560930381,6038.535129215293,5299.7390973783995,1.9485210985183083,61.771797108188444,40.252062008235,16.32806602160882,57.61750055496236,1.0,True
414,8.68662441764103,300.2003462480986,7921.052675510306,91.40913883270899,0.07004200761826201,0.929957992381738,0.39289750461585077,0.005122122528098999,0.04170027584659307,0.02321952538152642,COMPLETE,8.68662441764103,242.2586774187531,300.2003462480986,1787.6131120318903,91.40913883270899,6523.6308041421635,7921.052675510306,2.104410142651162,85.39617046927262,61.6482655786419,13.686073626845989,74.33778461247095,1.0,True
415,8.861445383062016,300.9658396337505,6467.350907820037,95.5051921201381,0.3299920230170895,0.6700079769829105,0.40198829602125374,0.1563297100282231,0.11312390125226626,0.060538147144674766,COMPLETE,8.861445383062016,242.8764229260403,300.9658396337505,1805.4398267552638,95.5051921201381,6669.799821001464,6467.350907820037,2.1522361565925774,68.25478708173391,33.07039029668896,8.81997816256622,39.47519907601104,1.0,True
416,13.779704661143425,276.43208961687225,9190.789383639169,217.95998260405196,0.47022929217645715,0.5297707078235429,0.5744779071150975,0.13072335091466508,0.1666746180520047,0.172831116469086,COMPLETE,12.102146890566953,254.00022385891933,314.75015038466313,2127.233086946589,191.4252729362034,9521.85886713296,8071.89166214212,3.0739480193775304,59.747682223603476,53.91096519267094,10.86618265234552,20.88439789591623,1.1386165434732947,False
417,8.792516658854352,300.6666639578009,8346.912019860214,93.87914140793059,0.004598525808314824,0.9954014741916852,0.3982424154252496,0.00035873140021355044,0.0023456716233293644,0.0018941192494812255,COMPLETE,8.792516658854352,242.63499114730575,300.6666639578009,1798.2826173024368,93.87914140793059,6614.21953959952,8346.912019860214,2.133372201683664,88.72311509137532,43.64869057043771,3.8927232568366166,55.8615441635307,1.0,True
418,7.9293373417015305,296.84380075408484,6980.980120992245,74.84989498607419,0.09226050967818866,0.9077394903218113,0.3546369849586602,0.030104587570442282,0.04295797765787605,0.0191978928451404,COMPLETE,7.9293373417015305,239.54997877053893,296.84380075408484,1710.7056761401454,74.84989498607419,5888.306055474832,6980.980120992245,1.8994725918690434,83.38204743176478,37.33291121800024,2.9492755088234763,68.75798618339431,1.0,True
419,9.074242695623802,301.90002228322425,7281.975115375958,100.63647337295032,0.18727005942368125,0.8127299405763188,0.4128047970010131,0.03536080067389359,0.14741964606273636,0.004489435594193671,COMPLETE,9.074242695623802,243.63029898233913,301.90002228322425,1826.8908050044301,100.63647337295032,6852.648644868863,7281.975115375958,2.210760460973134,74.75165943319038,41.58991123024378,4.981521470445868,36.08195010634776,1.0,True
420,8.541652830456279,299.5586004195962,7346.400449238193,88.08849765389292,0.20912151814530944,0.7908784818546906,0.38564537488042155,0.08679206111151655,0.029043378678477543,0.0932857683104724,COMPLETE,8.541652830456279,241.74079495260992,299.5586004195962,1773.0016799201526,88.08849765389292,6399.351486647936,7346.400449238193,2.0648659454437115,80.8050896232174,62.384668128803355,18.56497628697331,47.26121917846372,1.0,False
421,10.358232102301336,295.5263796207414,9984.659438832545,129.36728949188537,0.009110912825774864,0.9908890871742251,0.4611416308374146,0.003226175533148175,0.002768923394801257,0.003115810571562144,COMPLETE,10.005846279276978,246.88586067994183,305.93422555414793,1920.435985760481,124.96622970390283,7658.77597627482,9644.982513347431,2.4703019704904907,88.54006856886413,66.35055272188092,6.95046488672306,36.667769173590024,1.0352179928802405,False
422,8.542498695775494,299.56393743533084,6724.287287652899,88.10857637362305,0.24226149259551066,0.7577385074044893,0.38564537488042155,0.12438662981827835,0.07928842791760704,0.03858630661406771,COMPLETE,8.542498695775494,241.74510187093762,299.56393743533084,1773.074541945863,88.10857637362305,6400.682277557952,6724.287287652899,2.0651072174425984,73.92172213010903,21.54907245822652,10.20617876874032,76.63544125668435,1.0,True
423,8.784393892055753,300.62276174808284,5630.137213559039,93.68335102489185,0.44513189194545816,0.5548681080545419,0.3982424154252496,0.19407048777613323,0.06362971709662285,0.18743148698143858,COMPLETE,8.784393892055753,242.59956250308537,300.62276174808284,1797.75641776975,93.68335102489185,6601.632168753882,5630.137213559039,2.131090115067501,60.1042157950181,25.84072141534257,11.05180857117062,26.072351795446952,1.0,True
424,8.39842640255859,298.9267687549095,7140.91215664791,84.87992471724877,0.1844568197848862,0.8155431802151138,0.3783328882267785,0.1022462575599881,0.014333393740960744,0.06787702173382465,COMPLETE,8.39842640255859,241.2309131175244,298.9267687549095,1758.4346050274191,84.87992471724877,6279.373939846946,7140.91215664791,2.025960069839534,80.02295772137653,44.403451981816374,15.973564516069429,38.59748876681025,1.0,False
425,9.377690667086123,302.33093175663237,5830.192497616829,107.88309650121741,0.43155171293779676,0.5684482870622032,0.42738248831454667,0.17913332769409984,0.21174593347195242,0.04067181185878772,COMPLETE,9.353456579994353,244.61016696418426,303.1142479636479,1855.181846279931,107.60430202514064,7089.786744974326,5815.1259532228105,2.2879505757246665,57.74425200157503,31.212540387769998,1.4603732365286706,28.792322369671364,1.0025909231399655,False
426,9.18342203673169,302.37570525932716,8354.156172788831,103.32873049081145,0.07004200761826201,0.929957992381738,0.4183805487625825,0.01372606511358451,0.027107804967532304,0.029208083021536525,COMPLETE,9.18342203673169,244.0141703872244,302.37570525932716,1837.838502786647,103.32873049081145,6946.663044094594,8354.156172788831,2.240885109608838,84.58317663157041,45.26881207547169,1.0584793638145746,38.935214828032834,1.0,True
427,13.782269234729199,276.4402327189534,11881.294689626113,218.05175488083512,0.18727005942368125,0.8127299405763188,0.574241281440127,0.01874999202010348,0.07816896491609979,0.09035100858435349,COMPLETE,12.104393238892804,254.00783230516112,314.7595785637506,2127.2342178119575,191.5057776449069,9528.575681479033,10434.846443719836,3.0746106879804094,77.08400042341832,45.59908136002484,13.29505351007585,30.72287833962936,1.1386171089059787,False
428,8.057421845903924,297.4159628215988,7538.322309581863,77.51708316243692,0.009110912825774864,0.9908890871742251,0.36100496086717937,0.0028895466508125226,0.002890923706785197,0.0033304368463760933,COMPLETE,8.057421845903924,240.011707837402,297.4159628215988,1723.688987955789,77.51708316243692,5995.667967389444,7538.322309581863,1.933875578001793,88.39664976284918,30.915697572698093,11.891382190361682,23.873056890974677,1.0,True
429,13.467298108672516,277.95299813268554,12263.721522247844,209.0183725330712,0.12621847217201038,0.8737815278279897,0.5640048757653657,0.06924091149702197,0.03549808233391425,0.021479406952056575,COMPLETE,11.92109606484183,253.3983612626245,314.00433866915887,2109.406020288823,185.02063874854335,9364.143921841409,10855.704032053658,3.020786207285241,81.53884373966665,34.601742469350974,9.098040633204446,47.69879050896118,1.1297030101444117,False
430,8.253744036436856,298.2828311936555,5985.443409008775,81.70652873328038,0.40419867405823057,0.5958013259417694,0.3711706242201289,0.20822010191469548,0.0769650292620584,0.1190133102870715,COMPLETE,8.253744036436856,240.71126194496804,298.2828311936555,1743.8675061842096,81.70652873328038,6155.880386533997,5985.443409008775,1.98676914278147,68.48123685733538,42.836656550463914,1.3812403986449566,53.518257016029736,1.0,False
431,8.68378283138919,300.18436500607265,6873.135518388778,91.34133400912478,0.2660567426326578,0.7339432573673421,0.39289750461585077,0.1539921756229914,0.017015654759374048,0.0950487534807168,COMPLETE,8.68378283138919,242.24578071625058,300.18436500607265,1787.4142213662226,91.34133400912478,6519.216063960292,6873.135518388778,2.1036097515602474,74.21618730825817,35.88243536666756,4.506977417178151,33.89859476139259,1.0,True
432,8.367043786978806,298.78236290333984,5898.288975956785,84.18294891156877,0.4609371175115584,0.5390628824884416,0.37708693101632246,0.049267800770026855,0.2053981135435368,0.2062709564565336,COMPLETE,8.367043786978806,241.11437903936624,298.78236290333984,1755.5484327779777,84.18294891156877,6248.360780758248,5898.288975956785,2.0174145670925823,66.5529812009097,31.395288910345954,8.76803361141945,73.64488835657994,1.0,True
433,8.05925401914057,297.4232483941011,6222.985894767306,77.55517573107193,0.22370618341172732,0.7762938165882727,0.3612044566247643,0.07265371624794757,0.14657649151175065,0.0044757995720395285,COMPLETE,8.05925401914057,240.01758722155566,297.4232483941011,1723.994856679342,77.55517573107193,5995.7735371392,6222.985894767306,1.9343627044797445,73.01452373922424,38.22597531129274,5.726080924658602,57.28004061972843,1.0,True
434,8.059547027279262,297.42405331173876,6778.686957325375,77.56108540567924,0.14660538584903227,0.8533946141509677,0.3612044566247643,0.044951645936073766,0.07025620310886166,0.03139745240644627,COMPLETE,8.059547027279262,240.01823678204008,297.42405331173876,1723.9911602092302,77.56108540567924,5996.1903181257885,6778.686957325375,1.934438266749501,79.52807518701415,33.386626541658316,8.197705501229755,46.42584174967598,1.0,False
435,9.174832065692092,302.3311195776777,6203.823455426798,103.11061835157173,0.4632938125807472,0.5367061874192528,0.4183805487625825,0.1181496533081106,0.1346726938251343,0.21047122536267887,COMPLETE,9.174832065692092,243.97819018799015,302.3311195776777,1837.2952884924462,103.11061835157173,6933.28085493038,6203.823455426798,2.238458922666296,63.081221424347824,40.782642145667324,11.548788312621049,42.01438962952373,1.0,True
436,9.264144611471806,302.7254197834571,7070.106296684375,105.3450841805736,0.3299920230170895,0.6700079769829105,0.4227411510904189,0.10860068362867563,0.15301074923493832,0.06838040634411537,COMPLETE,9.264144611471806,244.29638651105202,302.7254197834571,1846.1474121836445,105.3450841805736,7013.307571143862,7070.106296684375,2.263197052698396,70.97055269870565,56.25353806608396,5.773510489466641,62.747972384215444,1.0,True
437,7.9947347652351,297.1359983807027,6825.708221491734,76.20490790553924,0.13462161547469048,0.8653783845253096,0.3579100923491756,0.0762033864668067,0.05546727021646798,0.0029508117741920653,COMPLETE,7.9947347652351,239.78577933324325,297.1359983807027,1717.3629889472352,76.20490790553924,5942.762305924281,6825.708221491734,1.9170237062444722,80.77621244572987,39.92971843015762,10.264367520570069,40.324002206386076,1.0,True
438,8.523965123104821,299.48146087661644,6700.082635420069,87.68896718035649,0.20447647220713494,0.7955235277928651,0.3847607178575389,0.0016121880391405932,0.12461657085386713,0.07824758067260382,COMPLETE,8.523965123104821,241.6785441128207,299.48146087661644,1771.248639801377,87.68896718035649,6384.286963693702,6700.082635420069,2.0600594810204336,73.87063379326736,28.00144428393486,3.023069062345781,32.75737749240215,1.0,True
439,8.33843011223884,298.6550599967631,5827.333608304444,83.55280684362778,0.3849967765493054,0.6150032234506946,0.3756042394981304,0.05071626853259013,0.10672612690087974,0.22755401579636997,COMPLETE,8.33843011223884,241.01164686678786,298.6550599967631,1752.5860728305083,83.55280684362778,6224.7665635894655,5827.333608304444,2.0096587736342975,65.99587872616677,44.76070869915951,11.51841209208096,33.538670858422094,1.0,True
440,7.928270792380682,296.83807503912016,6343.8618021139455,74.82744205400411,0.20447647220713494,0.7955235277928651,0.3546369849586602,0.10431032718228223,0.06848071265930726,0.031685108500054196,COMPLETE,7.928270792380682,239.54535817581956,296.83807503912016,1710.6430454649524,74.82744205400411,5886.694772136292,6343.8618021139455,1.8991804666757193,75.81830324539361,25.46564705877924,16.689141511657382,36.93964006122222,1.0,True
441,8.67943895910089,300.1631376915491,5402.418719722138,91.23964067644512,0.4812236474710556,0.5187763525289444,0.39289750461585077,0.11255022154045731,0.22227706406198997,0.1463959148545672,COMPLETE,8.67943895910089,242.22865048570318,300.1631376915491,1787.192919149502,91.23964067644512,6512.591863844969,5402.418719722138,2.102408786036045,58.45863128396194,39.95404818099457,2.727001464000042,48.52480670069791,1.0,True
442,8.527817673540584,299.5013991344882,8042.189099928681,87.77769084970159,0.009110912825774864,0.9908890871742251,0.3847607178575389,0.0017132584671168058,0.0033835389823127096,0.0040141085718221736,COMPLETE,8.527817673540584,241.69463408754063,299.5013991344882,1771.4673425070205,87.77769084970159,6390.179367950526,8042.189099928681,2.0611277721716537,88.48361349256264,47.31114316874698,5.9660172999004555,47.22397132000901,1.0,True
443,8.285358127591838,298.4276403417876,4982.979176547704,82.39608218261982,0.43155171293779676,0.5684482870622032,0.37275899843259913,0.005368361890297888,0.4149558448703804,0.011227064499297943,COMPLETE,8.285358127591838,240.82812147941917,298.4276403417876,1747.182165606727,82.39608218261982,6182.642738378855,4982.979176547704,1.9953472336521803,56.744270912290325,24.420260416799557,13.583316011098738,26.59216452352704,1.0,True
444,8.886876392322486,301.07964020564333,7999.874381485259,96.11141373555796,0.07004200761826201,0.929957992381738,0.40313320382211465,0.005425631926835738,0.04034391483104777,0.024272415556977144,COMPLETE,8.886876392322486,242.96825884955211,301.07964020564333,1807.883582731744,96.11141373555796,6693.555775019464,7999.874381485259,2.1592288836537836,84.05706094109354,29.559776185063242,5.61442646831825,35.96689692925881,1.0,True
445,7.993434702735623,297.1282838267705,6323.983056067524,76.17687922394072,0.29679622677702433,0.7032037732229757,0.3579100923491756,0.22933683269242555,0.043183409439151686,0.02427502965474664,COMPLETE,7.993434702735623,239.7795537653655,297.1282838267705,1717.2731924735076,76.17687922394072,5940.768369030065,6323.983056067524,1.9166622060745346,74.89649959817329,47.658308691542544,3.8023100002814627,48.631335460400244,1.0,True
446,8.648321691283341,300.0255258539812,6260.245856721984,90.5216471896129,0.3395511595722448,0.6604488404277552,0.39125628324379796,0.07339539691824606,0.08675759576988173,0.17939790469580139,COMPLETE,8.648321691283341,242.1175991089043,300.0255258539812,1783.956843429439,90.5216471896129,6486.955605674291,6260.245856721984,2.0939108842149814,67.99858193432658,21.131744932297465,6.79364630735337,38.88169330307546,1.0,True
447,14.179425895938795,274.6115551152074,11877.561685864222,229.71261580556933,0.20447647220713494,0.7955235277928651,0.5867513715822015,0.07534083488772812,0.11666006565351461,0.012475444149653845,COMPLETE,12.333886028353225,254.76846879772376,315.7021385614738,2149.2633243639566,199.81409990881716,9739.98143409945,10331.623663983684,3.1422852577691898,74.62120930851422,31.670394882827836,8.204470111673556,34.23249434621655,1.1496316621819782,False
448,8.930241118438847,301.27004141292986,6675.689533367648,97.14809256887139,0.24922109946452864,0.7507789005354714,0.4054563366576581,0.022928406297921918,0.21958720464421402,0.0067052247358038225,COMPLETE,8.930241118438847,243.12191071982028,301.27004141292986,1812.3957387978166,97.14809256887139,6729.180123493094,6675.689533367648,2.1711372839035574,69.80159532739425,47.836003229598376,7.085209365454395,39.259694482160945,1.0,True
449,11.834741415360691,286.4762684873422,8934.998955838546,164.99690489496655,0.4680773870803905,0.5319226129196095,0.5111319625455644,0.2745262680030182,0.10137382190868668,0.09217699080897875,COMPLETE,10.939990040952166,250.09133841027574,309.9063661387077,2013.5744403896456,152.52251257437823,8477.448374672824,8259.479118480815,2.735996751536814,68.61427558704447,65.41906273659366,8.708157055750332,25.466981369730895,1.0817872201948229,False
450,8.285889717038584,298.43014069962317,4711.604047196066,82.40774144896237,0.3925879806965068,0.6074120193034932,0.37275899843259913,0.00488366582955473,0.3774905123348606,0.010213400732264327,COMPLETE,8.285889717038584,240.8301392431889,298.43014069962317,1747.205035171656,82.40774144896237,6183.441088581565,4711.604047196066,1.995491974308109,53.640127226585065,48.03214018558175,-2.994517985076686,36.90449627088485,1.0,True
451,9.293040978924772,302.84955404617637,7112.145618483217,106.0717853409667,0.3395511595722448,0.6604488404277552,0.42431929685034725,0.06452562784198296,0.15293920705226768,0.12208609417490564,COMPLETE,9.293040978924772,244.39656161972385,302.84955404617637,1849.1140804260904,106.0717853409667,7036.9596755920065,7112.145618483217,2.2711872622404066,71.18634876742598,28.808657080204682,8.085650079773929,75.91995959355644,1.0,True
452,12.296301914752485,283.9444999289716,11513.014960817716,176.9662622289954,0.07004200761826201,0.929957992381738,0.5260523354062637,0.0005723458070249684,0.04424035539431319,0.025229259327615473,COMPLETE,11.223007880022452,251.053837354745,311.0990685816987,2041.2667345873565,161.5195990846093,8734.379390918812,10508.090849091235,2.8175791949421787,84.61472659048158,18.58202585831584,12.385077449811083,50.07970155597818,1.0956333672936782,False
453,8.34594575322237,298.6961262969475,7470.289430493799,83.7222208408158,0.08615993560081492,0.9138400643991851,0.3756042394981304,0.03867989216255632,0.015159008735853309,0.03232098281369602,COMPLETE,8.34594575322237,241.04478696037367,298.6961262969475,1753.0569344584464,83.7222208408158,6236.283087780641,7470.289430493799,2.0117467160683216,84.25284285897901,34.893686750720654,5.568719549355864,45.17340778344016,1.0,True
454,10.28851073967738,295.9679569578656,8277.611343818715,127.77248440359828,0.2158297731148397,0.7841702268851602,0.45892468891959054,0.020762463702067635,0.14888535516884505,0.046181791503572565,COMPLETE,9.95981441432401,246.72554493648914,305.73556665694633,1916.0045080520067,123.6904216865164,7615.969932996419,8013.159033833382,2.4573406388403907,74.04348376293474,57.516750325294595,9.786408235041165,33.15643031566965,1.0330022540260033,False
455,8.475245424936627,299.26746763983147,4858.573800638536,86.59314582296938,0.4812236474710556,0.5187763525289444,0.3823674280979913,0.12081059454947143,0.3482159259734405,0.012196647126502022,COMPLETE,8.475245424936627,241.50585371066757,299.26746763983147,1766.435218542719,86.59314582296938,6342.2361208128805,4858.573800638536,2.0468213817567498,53.93469757297273,32.040328249147294,10.13178524777596,23.323181659957484,1.0,True
456,9.380272025743018,302.3271992915868,7975.749422683595,107.94307065148841,0.17412773351165017,0.8258722664883498,0.42738248831454667,0.06226927769278527,0.040087942325873684,0.07177039234405919,COMPLETE,9.35562920960237,244.61765909204985,303.1235320041758,1855.26801898377,107.65949452102849,7093.104681221135,7954.796413424623,2.2885521165861364,78.92133925493981,30.4074313464478,9.73912895898212,42.918027121796484,1.0026340094918849,False
457,12.820680367441316,281.1378051280832,9031.623085769086,190.98140722018223,0.40419867405823057,0.5958013259417694,0.5437751723994804,0.012383644060186263,0.10026577198687538,0.2915489550000765,COMPLETE,11.537392321421116,252.1104311753628,312.4083708290844,2072.4572087468255,171.86509280677734,9007.643361031553,8127.6013326364455,2.908696952792798,63.644685455572116,46.12600537729115,3.616457965123804,32.70120856099178,1.1112286043734128,False
458,8.3711541127014,298.8030746345431,6352.379514627388,84.2750310721896,0.28538915233445594,0.7146108476655441,0.37708693101632246,0.1084278664088938,0.03360716064387255,0.14335395380159063,COMPLETE,8.3711541127014,241.13109319932997,298.8030746345431,1755.7648186928536,84.2750310721896,6254.598934568757,6352.379514627388,2.018545542535756,71.52874180524014,28.220465224100206,1.913049491456475,32.838065671625756,1.0,True
459,9.26450956310898,302.72910106682906,8538.239012174894,105.3556784946517,0.07004200761826201,0.929957992381738,0.4225556872701355,0.022975397887078072,0.02636111995030958,0.02070545680517128,COMPLETE,9.26450956310898,244.2993572699204,302.72910106682906,1846.0090241067364,105.3556784946517,7016.350868503455,8538.239012174894,2.2633137316885548,85.58189713499958,46.432175017609715,15.301581696729503,64.18594528292789,1.0,True
460,16.059004863196442,266.74640125705025,12523.920142566392,288.7027506922886,0.3925879806965068,0.6074120193034932,0.645954574637894,0.11856057844419562,0.10287717016155505,0.17114994318843646,COMPLETE,13.388377687209776,258.2006887056809,319.95525186889665,2248.94709252757,240.69121957008784,10709.212849618385,10441.180784334,3.456888339489335,68.70028075941467,33.605570445128606,7.167530264797119,57.580403142723796,1.199473546263785,False
461,8.436095922419712,299.08728587334343,6010.289373037972,85.7138518710366,0.4812236474710556,0.5187763525289444,0.3805347417861211,0.20220644718058214,0.07918583803781867,0.19983102845461512,COMPLETE,8.436095922419712,241.36044882692943,299.08728587334343,1762.4795846894958,85.7138518710366,6307.033194450353,6010.289373037972,2.0361398981822507,67.17194087331646,29.622259164237335,17.41391811447642,68.05443953228058,1.0,True
462,8.318029121923354,298.5706021991286,5187.619229259731,83.10865173091123,0.43155171293779676,0.5684482870622032,0.3744046341925699,0.12052737607377335,0.26090864371145145,0.05011490466601679,COMPLETE,8.318029121923354,240.9434902686748,298.5706021991286,1750.4474368369533,83.10865173091123,6210.041149650085,5187.619229259731,2.004174968792693,58.81984839630508,27.439250196077193,8.769871102297323,51.07278366466291,1.0,True
463,8.054243710489148,297.3947865878554,5691.068573849369,77.4466949793738,0.3925879806965068,0.6074120193034932,0.3612044566247643,0.07154306444726227,0.15862675230004014,0.16241799056093612,COMPLETE,8.054243710489148,239.99461882853342,297.3947865878554,1723.6682993114166,77.4466949793738,5988.120158818733,5691.068573849369,1.932975149250956,66.96898067048461,47.02984275128539,2.955650872167744,55.41865010369865,1.0,True
464,9.280405881784633,302.79281426695775,6080.957851466673,105.75199000791659,0.4812236474710556,0.5187763525289444,0.42378731851535245,0.1321402952862713,0.19117597941106979,0.15790684795406884,COMPLETE,9.280405881784633,244.35077318529227,302.79281426695775,1847.9325308699822,105.75199000791659,7024.466719398449,6080.957851466673,2.267674352687409,61.009159244721154,44.503359608307086,-0.7987831571212203,57.27103118571524,1.0,True
465,8.861820112548255,300.96948419153574,6241.464061820289,95.51532647726442,0.3299920230170895,0.6700079769829105,0.40198829602125374,0.0864079163950433,0.22991419490858905,0.01366937395407259,COMPLETE,8.861820112548255,242.87936404772742,300.96948419153574,1805.5045600883589,95.51532647726442,6670.445584042022,6241.464061820289,2.1523532332410804,65.84968662231513,31.313931300453817,12.869255311852253,35.60597145128305,1.0,True
466,8.29093298834094,298.45374236400824,7810.296276694848,82.5183387966667,0.004598525808314824,0.9954014741916852,0.37275899843259913,0.001195195958224969,0.0024747876205266474,0.0009285372525997955,COMPLETE,8.29093298834094,240.84918555033101,298.45374236400824,1747.4211962486572,82.5183387966667,6191.011334705856,7810.296276694848,1.9968644576942873,88.69351617347529,56.46476815135789,3.79783768772258,25.918183290721494,1.0,True
467,8.285878820137835,298.4274916750988,5447.3849315219495,82.40610317168347,0.43155171293779676,0.5684482870622032,0.37275899843259913,0.19289919617279747,0.18195155465970655,0.05670076322165865,COMPLETE,8.285878820137835,240.828001506888,298.4274916750988,1747.141674109511,82.40610317168347,6183.328913406727,5447.3849315219495,1.9954716369820458,62.02807027813903,35.54410907241995,10.563176865719962,45.69768990130677,1.0,False
468,9.383321321997153,302.31530959766553,8401.579567767676,108.01184976810345,0.08668679764737741,0.9133132023526226,0.42738248831454667,0.030387832190217783,0.05116572514944592,0.005133159544768783,COMPLETE,9.357924745268267,244.62753220850178,303.13576650082626,1855.427822390157,107.71950858781861,7096.711529026593,8378.840139710743,2.289206037027849,83.02741743397863,35.357426653208975,9.368656240585702,32.10752152747142,1.0027139111950785,False
469,15.190740066678947,270.20802226741375,11240.770430922092,260.651450136645,0.40419867405823057,0.5958013259417694,0.6190296273879276,0.12566180576636837,0.07127780199302101,0.20725885089168658,COMPLETE,12.906666048211719,256.6440801982758,318.0263450579013,2203.9371065982914,221.4599951766054,10260.745098138783,9550.612375677523,3.3124194363696113,65.60527200074405,49.03330805353026,7.9948344056252605,27.58343367656635,1.1769685532991456,False
470,8.060767188887976,297.4302501502698,7372.69925528231,77.58714512074128,0.040116872830821104,0.9598831271691789,0.3612044566247643,0.004016611346011478,0.016745305867402006,0.019354935501540115,COMPLETE,8.060767188887976,240.02323756876623,297.4302501502698,1724.055638791554,77.58714512074128,5998.028000190328,7372.69925528231,1.9347714379649745,86.43897285168632,35.076221871615935,11.770741360827863,33.65249603304952,1.0,True
471,8.321774279158813,298.58859415976804,7557.351779883636,83.19143703278208,0.08615993560081492,0.9138400643991851,0.3744046341925699,0.014961829034222373,0.022731502358936673,0.04846652639858946,COMPLETE,8.321774279158813,240.9580096009912,298.58859415976804,1750.6202403118566,83.19143703278208,6215.684831554166,7557.351779883636,2.005198166654831,85.53026253100887,34.178048179735086,3.7459817520686376,73.95131900517798,1.0,True
472,9.290908588393128,302.83879187927135,6243.123926583029,106.01696383267142,0.40372007758203127,0.5962799224179687,0.42431929685034725,0.044038279177426864,0.1914735542164949,0.1682078791368294,COMPLETE,9.290908588393128,244.3878766586532,302.83879187927135,1848.9841002837077,106.01696383267142,7033.640088863219,6243.123926583029,2.2705854221470414,62.552170333078145,24.130419970831603,4.839488181326352,43.978193545455376,1.0,True
473,9.181283420014656,302.3650696419203,7342.151215227638,103.27471126573217,0.20519841349483076,0.7948015865051692,0.4183805487625825,0.0541851059079867,0.09223812077077383,0.058775088638076914,COMPLETE,9.181283420014656,244.00558755033327,302.3650696419203,1837.7160663574375,103.27471126573217,6943.349998200163,7342.151215227638,2.2402844553668095,74.41565763721233,27.13107474995736,8.32336981562955,23.242822773837997,1.0,True
474,9.254958985255131,302.67962227032945,6050.659621490721,105.11040616285862,0.4911893084543032,0.5088106915456968,0.4225556872701355,0.12526359067748577,0.14278150398591094,0.22314395925027766,COMPLETE,9.254958985255131,244.25942837593314,302.67962227032945,1845.4032644696415,105.11040616285862,7001.4432859830895,6050.659621490721,2.2606109913811245,60.93473437129671,22.211571319502458,12.984002397780932,49.0093333099194,1.0,True
475,9.298726955140769,302.8780743451106,8572.396277239546,106.21792885896429,0.05601945108402617,0.9439805489159738,0.42431929685034725,0.015154203724501143,0.018989126994443013,0.0218760834380978,COMPLETE,9.298726955140769,244.41957721576077,302.8780743451106,1849.4524208359564,106.21792885896429,7045.804967333246,8572.396277239546,2.2727909110203055,85.56296089975748,32.673273762699864,0.6800160250574616,46.622656556392236,1.0,True
476,8.789183912902237,300.6494648390786,7307.0502925843275,93.79927442261145,0.17412773351165017,0.8258722664883498,0.3982424154252496,0.01743257902192889,0.08834430058166957,0.06835068211033851,COMPLETE,8.789183912902237,242.621111630488,300.6494648390786,1798.0867284314709,93.79927442261145,6609.086434653156,7307.0502925843275,2.132441571273143,77.80757629436705,61.57650307982432,13.351550468548748,28.969392290112182,1.0,True
477,8.991689381391597,301.53728665884967,7890.355811715629,98.6267338033929,0.14660538584903227,0.8533946141509677,0.40857289633941335,0.055664128416150475,0.03639768276209963,0.054543463926610726,COMPLETE,8.991689381391597,243.3375749608251,301.53728665884967,1818.520666117093,98.6267338033929,6781.952574790778,7890.355811715629,2.1880158888688324,81.85714591644607,55.87728760056385,3.152547687240846,48.37969436594253,1.0,False
478,8.059448895332025,297.4243728827951,6440.705292796465,77.55940583792676,0.18727005942368125,0.8127299405763188,0.3612044566247643,0.03536080067389359,0.14741964606273636,0.004489435594193671,COMPLETE,8.059448895332025,240.0184946726868,297.4243728827951,1724.0079660534902,77.55940583792676,5996.071867847529,6440.705292796465,1.9344167917490416,75.5608283855977,25.30710017377295,14.29706829192121,39.67575038827677,1.0,False
479,15.910174143716924,267.3416726980755,14806.328837506893,283.8208068891372,0.08718321450249572,0.9128167854975042,0.6408411299826107,0.0010846065279797661,0.08383634102297823,0.0022621777163749027,COMPLETE,13.307348984595919,257.9397062650341,319.6318495458854,2241.18612762526,237.3891380601191,10640.82174212818,12384.087266524406,3.432493688252971,81.84559320765104,37.704071836863214,5.541012554149344,30.393619756253145,1.19559306381263,False
480,8.338900513974286,298.65822104923956,5918.4329866561875,83.56372673201992,0.43275356294699013,0.5672464370530099,0.3756042394981304,0.09716094402203863,0.14761659307706934,0.18797552056190886,COMPLETE,8.338900513974286,241.01419780452582,298.65822104923956,1752.6308254219682,83.56372673201992,6225.509225102626,5918.4329866561875,2.0097934179472605,67.00645833406709,50.79234160205361,8.966620326937008,54.19667971307523,1.0,False
481,8.994144669989378,301.5502732996014,8531.008913564885,98.68756404540926,0.009110912825774864,0.9908890871742251,0.40857289633941335,0.004321397472319933,0.0036404343911270033,0.0011490765068649124,COMPLETE,8.994144669989378,243.3480550500453,301.5502732996014,1818.6758219392664,98.68756404540926,6785.767933526702,8531.008913564885,2.1887076122806466,88.38779010048718,35.621406255876174,1.6544709880914117,31.208324477912356,1.0,True
482,8.323406828248949,298.59748669022486,7830.2900757244515,83.22810995237433,0.009110912825774864,0.9908890871742251,0.3744046341925699,0.002532055844004527,0.002281292596524245,0.004297559797414115,COMPLETE,8.323406828248949,240.96518578414455,298.59748669022486,1750.7226895032732,83.22810995237433,6218.184041755102,7830.2900757244515,2.005651272726025,88.53525067564769,58.89345752195342,13.61434752073692,37.701415921977016,1.0,True
483,9.25806494321123,302.6974220416119,6135.598199928535,105.19129166572107,0.3974056517708242,0.6025943482291758,0.4225556872701355,0.058797704476738696,0.21798009603544957,0.12062750718622336,COMPLETE,9.25806494321123,244.2737926133604,302.6974220416119,1845.6408047556586,105.19129166572107,7006.361355539698,6135.598199928535,2.261502635939002,61.6911731874644,45.36837831627139,7.893381883027422,29.54534760585537,1.0,True
484,15.524615392462646,268.87312458447565,15565.367854126065,271.3064358540998,0.009110912825774864,0.9908890871742251,0.6288127967382757,0.0028039386834426304,0.0026898988213340633,0.0036170699114317483,COMPLETE,13.094180235646936,257.2515987740898,318.7791655089776,2221.223721237503,228.8324238866077,10443.47863438448,13128.552750815728,3.368498800256263,88.38352165665955,29.787565754548652,1.0697597911349983,28.646078303222225,1.1856118606187516,False
485,12.023952052674163,285.44376865328604,11773.638951527115,169.87007924631462,0.004598525808314824,0.9954014741916852,0.5170288679041789,0.0006059711127906453,0.003962321790019437,3.022693367169681e-05,COMPLETE,11.057130920718786,250.49179429735864,310.40260015286265,2024.8773961143488,156.2111772827339,8587.159360049605,10826.94497865671,2.769720564111654,88.64208585394616,36.92523616105211,6.356557576046232,73.97461641822945,1.0874386980571744,False
486,8.254285543964913,298.28983033442927,4848.477672173392,81.7207259385676,0.40419867405823057,0.5958013259417694,0.3711706242201289,0.005028099050173174,0.38865470176802697,0.0105154595570718,COMPLETE,8.254285543964913,240.71691018158108,298.28983033442927,1744.0028076575313,81.7207259385676,6156.856500194155,4848.477672173392,1.9869461118997251,55.43885807350109,17.31542950796475,4.240758696274405,55.78793826566957,1.0,True
487,8.64769524673749,300.02204707921317,6425.726931258471,90.50681024745286,0.3925879806965068,0.6074120193034932,0.39125628324379796,0.1130197900128341,0.09112958455452361,0.18843833072833763,COMPLETE,8.64769524673749,242.11479177245425,300.02204707921317,1783.916274767304,90.50681024745286,6485.9851118730585,6425.726931258471,2.09373493397549,69.81819223866073,64.8568624244264,1.2727526309403037,43.59827548440381,1.0,True
488,8.31533464874291,298.5534619635516,5399.369761849799,83.04684502921047,0.4812236474710556,0.5187763525289444,0.3744046341925699,0.18833567714360577,0.1109949163782808,0.18189285977063102,COMPLETE,8.31533464874291,240.92965826996655,298.5534619635516,1750.220132177455,83.04684502921047,6205.825845095204,5399.369761849799,2.0034107353220416,61.321947833252686,41.57121341607013,12.80322265554487,31.85738160352171,1.0,False
489,13.978707367775762,275.5072186440653,10732.601085573824,223.76438231227374,0.4812236474710556,0.5187763525289444,0.5808478799575811,0.2109992633476106,0.0609081167526741,0.2093160498255393,COMPLETE,12.217520376174654,254.38123818732964,315.22229294951563,2138.3051449679742,195.5721533068575,9626.751226521597,9380.393265448023,3.107907960870238,68.68814416319631,30.51146514826135,8.113488921841343,74.36664826219823,1.1441525724839872,False
490,8.946191899648529,301.34036695866183,8484.084517651541,97.5312526018816,0.009110912825774864,0.9908890871742251,0.406113124567257,0.0041496754104336,0.0023999245930642643,0.002561308543863494,COMPLETE,8.946191899648529,243.17866273197052,301.34036695866183,1813.8293982746786,97.5312526018816,6744.872229736912,8484.084517651541,2.1755229827001163,88.43550727244074,34.721507744912394,8.20607760900936,30.928939562815188,1.0,True
491,8.255312075055507,298.29372733391784,5623.62701531138,81.74263471922858,0.40419867405823057,0.5958013259417694,0.3711706242201289,0.1515532945157506,0.2407751703841387,0.011869740937715846,COMPLETE,8.255312075055507,240.7200550211984,298.29372733391784,1744.0233848985217,81.74263471922858,6158.362652812457,5623.62701531138,1.9872191769245249,64.2726964570503,41.55206446152538,18.64457667434404,33.466456835030556,1.0,True
492,7.923604749996059,296.81369433120096,4606.978594135793,74.7295887203201,0.4812236474710556,0.5187763525289444,0.3546369849586602,0.1195629817821562,0.25710988644227056,0.10455049821056576,COMPLETE,7.923604749996059,239.52568318833585,296.81369433120096,1710.394214021667,74.7295887203201,5879.669798646724,4606.978594135793,1.8979068410571494,55.20094667163908,26.063236223480274,3.308132504859002,47.67039648254688,1.0,True
493,11.577389506580722,287.9770170962838,10733.903694521037,158.51559911930147,0.07004200761826201,0.929957992381738,0.5022831136053365,0.042129054097281585,0.025846843874584545,0.0020660283679008063,COMPLETE,10.781370247264075,249.5529259674961,309.239180123045,1997.6656938887054,147.61664217141976,8341.120484232779,9995.87945653266,2.690522491143657,84.26562486712638,26.82829641794207,9.32362176135297,54.70257862451649,1.0738328469443528,False
494,9.265593739424082,302.7345792604105,8854.776254009068,105.38344953840343,0.004598525808314824,0.9954014741916852,0.4225556872701355,0.0007765088321937647,0.0021253890211238974,0.0016966247517065003,COMPLETE,9.265593739424082,244.3037781173587,302.7345792604105,1846.0744106082548,105.38344953840343,7018.0377182087395,8854.776254009068,2.2636195570418485,88.70549878976196,51.29500569818913,5.921916125066188,35.516578147044044,1.0,True
495,7.926316722130131,296.82756150147395,5259.105277343339,74.78630415876461,0.47022929217645715,0.5297707078235429,0.3546369849586602,0.3125205104626212,0.12070619273310389,0.0370022667646934,COMPLETE,7.926316722130131,239.53687385607446,296.82756150147395,1710.5301888557442,74.78630415876461,5883.7419936710185,5259.105277343339,1.8986451288121786,62.92082916317486,42.338212055688004,-1.4729410224652753,72.2197408499562,1.0,True
496,9.29875554673158,302.87827145898297,8464.46991836508,106.21870077722755,0.07004200761826201,0.929957992381738,0.42431929685034725,0.029131352766357033,0.02500250943204632,0.015908115384744875,COMPLETE,9.29875554673158,244.4197362846847,302.87827145898297,1849.4563812473484,106.21870077722755,7045.851671698231,8464.46991836508,2.2727993785078815,84.48353003848578,34.14357770860184,6.753588817206433,33.35120681538603,1.0,True
497,8.398130630404884,298.9249858750246,7199.851288123243,84.87310639335576,0.1844568197848862,0.8155431802151138,0.3783328882267785,0.0914698563823512,0.012822703717915161,0.08016412840146041,COMPLETE,8.398130630404884,241.22947435128614,298.9249858750246,1758.414199789184,84.87310639335576,6278.913749723047,7199.851288123243,2.0258766375060056,80.69774577627426,29.57572006664781,9.94389493357774,65.49435399844089,1.0,True
498,8.4791713845344,299.2858521590899,6791.159076569765,86.68179396230869,0.17412773351165017,0.8258722664883498,0.3823674280979913,0.08530899240578671,0.08463498393612244,0.00418359258530712,COMPLETE,8.4791713845344,241.520689833864,299.2858521590899,1766.6105151209604,86.68179396230869,6348.159683997127,6791.159076569765,2.047895322012308,75.24422040935269,16.486396773304392,0.6891538094885559,56.35193658826691,1.0,True
499,8.284195668224784,298.4180197638915,5768.560054012016,82.36835357816196,0.3925879806965068,0.6074120193034932,0.37275899843259913,0.08498031451227026,0.17596129646870975,0.1316460158455918,COMPLETE,8.284195668224784,240.8203577692628,298.4180197638915,1747.028489772134,82.36835357816196,6180.743843946312,5768.560054012016,1.9950029646524696,65.74992269017893,29.206614359452296,11.294991885883793,54.31060342644391,1.0,True
500,8.994069358452982,301.5497546192364,8532.32314927188,98.68562102813407,0.009110912825774864,0.9908890871742251,0.40857289633941335,0.0012623026143567483,0.0036406212370376726,0.004207984600960511,COMPLETE,8.994069358452982,243.34763648017758,301.5497546192364,1818.6705360352353,98.68562102813407,6785.646082460408,8532.32314927188,2.1886855207183205,88.40536506110197,28.413546958612212,7.5229548540712425,35.273938673719876,1.0,True
501,8.447070775785832,299.1399932543089,6330.600713161004,85.96104169330795,0.29061911071130614,0.7093808892886939,0.38093716065077976,0.04989323464817292,0.1210825752224103,0.11964297761995966,COMPLETE,8.447070775785832,241.40298315629474,299.1399932543089,1763.5013126310337,85.96104169330795,6318.418610446714,6330.600713161004,2.039148084207057,70.55916109660897,34.110217416496205,4.780903345610518,42.269016983538826,1.0,False
502,8.252486094593229,298.27594679800495,6052.345060828512,81.67856219683628,0.40419867405823057,0.5958013259417694,0.3711706242201289,0.1442901012366774,0.09923369372235855,0.16067457920712439,COMPLETE,8.252486094593229,240.70570630652202,298.27594679800495,1743.7910843561053,81.67856219683628,6153.957335426989,6052.345060828512,1.9864204941838146,69.29515642971651,39.66068246578158,19.557566331089166,53.13849309557899,1.0,True
503,8.480767502857315,299.29376059259755,7995.002086101132,86.71809504742154,0.007196744314877934,0.9928032556851221,0.3823674280979913,0.002938460989661846,0.004114174165245889,0.00014410349087336818,COMPLETE,8.480767502857315,241.52707186062028,299.29376059259755,1766.691793510651,86.71809504742154,6350.584509147634,7995.002086101132,2.0483349420958317,88.50970014686597,41.10054228299112,5.493190704255683,33.76337918249713,1.0,False
504,8.480730726129197,299.29353700883496,7994.477501601548,86.71723514160462,0.007196744314877934,0.9928032556851221,0.3823674280979913,0.0014174277030385488,0.004085493511182579,0.0016938174710802777,COMPLETE,8.480730726129197,241.52689143075972,299.29353700883496,1766.689293495764,86.71723514160462,6350.527075228813,7994.477501601548,2.0483245293433145,88.50589195164841,37.10027189856225,5.438749324424672,40.610452612666975,1.0,True
505,8.39872985775715,298.92952725512697,6419.425592871104,84.88743527277825,0.26629471627579293,0.7337052837242071,0.3783328882267785,0.14892912625555144,0.10628797945022289,0.011077396817783643,COMPLETE,8.39872985775715,241.23313919961493,298.92952725512697,1758.483849440312,84.88743527277825,6279.880830009592,6419.425592871104,2.026051968876293,71.91653566354313,33.15589226623482,11.864974677843637,33.39462546731915,1.0,True
506,8.398808167482844,298.93036391272904,6713.996175015438,84.88944264968966,0.1683021390969603,0.8316978609030397,0.3783328882267785,0.006309483875140361,0.14124094832079245,0.020751552516454403,COMPLETE,8.398808167482844,241.2338143739332,298.93036391272904,1758.5000589062001,84.88944264968966,6280.016304916126,6713.996175015438,2.0260765304368302,75.21317611246417,56.423435626701696,0.33993298819466844,35.10518255463892,1.0,True
507,8.216058265717814,298.12121788208145,7347.555312713877,80.8948293911736,0.07004200761826201,0.929957992381738,0.3690124911418303,0.02859844646674121,0.04004102488805689,0.0014024810892203832,COMPLETE,8.216058265717814,240.58084161866088,298.12121788208145,1739.8472285142373,80.8948293911736,6127.858948852157,7347.555312713877,1.9766262123543472,84.31310406692637,35.887613859325356,11.07833709186207,42.55611348795609,1.0,True
508,8.85620557600773,300.93991339463213,5152.44689086165,95.37903619685507,0.47022929217645715,0.5297707078235429,0.40198829602125374,0.007638414999070766,0.3013324181244135,0.16125775424944477,COMPLETE,8.85620557600773,242.85550071033418,300.93991339463213,1805.1545249298435,95.37903619685507,6661.75834602674,5152.44689086165,2.150778239555011,54.517540189100444,53.214686319169694,-2.467004967965919,47.19688189436092,1.0,True
509,9.291314811219841,302.8417867211093,5362.709693160989,106.02805119676448,0.4949801161949726,0.5050198838050274,0.42431929685034725,0.12400280794270324,0.25523530656444215,0.1157416170086622,COMPLETE,9.291314811219841,244.390293466068,302.8417867211093,1849.034737675484,106.02805119676448,7034.31152543759,5362.709693160989,2.270707153399641,53.714981398710265,15.23635906768156,10.723880693861435,35.00627424767854,1.0,True
510,7.9894380652159915,297.10723520602653,5544.203159318784,76.09208564779541,0.40493722292731743,0.5950627770726826,0.3579100923491756,0.10820688908608692,0.17201290847614698,0.12471721484153905,COMPLETE,7.9894380652159915,239.76256773891137,297.10723520602653,1717.0496145811508,76.09208564779541,5934.734047188854,5544.203159318784,1.915568185307186,65.80924622912394,42.68957524220673,9.910353679062622,51.728690623276506,1.0,True
511,8.286091322680043,298.42802841350596,6090.36838569046,82.4105148631813,0.43155171293779676,0.5684482870622032,0.37275899843259913,0.2344266169837655,0.1355783640218281,0.06154649023281592,COMPLETE,8.286091322680043,240.82843464941516,298.42802841350596,1747.140821853282,82.4105148631813,6183.630985719575,6090.36838569046,1.9955264026031367,69.34417974635193,62.80657692066807,7.441549366403558,48.10175331508502,1.0,False
512,7.924150555638968,296.81612543704745,4812.05078285239,74.74082437121119,0.4812236474710556,0.5187763525289444,0.3546369849586602,0.180816146546072,0.2017034820838954,0.0987037535213167,COMPLETE,7.924150555638968,239.5276450664429,296.81612543704745,1710.412753337418,74.74082437121119,5880.476643243135,4812.05078285239,1.8980531217441468,57.642587895403246,30.372527444760898,3.3468473105503365,53.063487374320275,1.0,True
513,8.315265704871589,298.55349955238637,5804.133628480268,83.04552230397736,0.4812236474710556,0.5187763525289444,0.3744046341925699,0.16117746810325181,0.1452151877223027,0.17483069960804706,COMPLETE,8.315265704871589,240.92968860378028,298.55349955238637,1750.2268006690817,83.04552230397736,6205.73561665456,5804.133628480268,2.0033943769324054,65.91933007206816,63.41978496415945,2.1140477969295444,52.30236649420914,1.0,False
514,8.478162435036216,299.2807836208462,6226.936915662273,86.65881255393504,0.29781937030392214,0.7021806296960779,0.3823674280979913,0.1678382542483135,0.1255822848797117,0.004398658130686764,COMPLETE,8.478162435036216,241.51659957418667,299.2807836208462,1766.5563811367842,86.65881255393504,6346.62432537451,6226.936915662273,2.047616961947553,69.02812507001273,32.56403407949458,6.008534822709477,59.94275355213319,1.0,True
515,8.436482642954417,299.0894052178135,6159.856179299991,85.72270142262417,0.43155171293779676,0.5684482870622032,0.3805347417861211,0.15565227872904253,0.07830100756955434,0.1975980965710529,COMPLETE,8.436482642954417,241.36215911672335,299.0894052178135,1762.5050166172286,85.72270142262417,6307.627612804305,6159.856179299991,2.0362476660542383,68.83021175781019,40.05953017009555,15.25751298568651,54.35354877006825,1.0,True
516,8.79083098211128,300.6583851610232,7163.635079194217,93.83899611730212,0.20592045707363427,0.7940795429263657,0.3982424154252496,0.1306370640189063,0.07338766004188303,0.0018953585532665263,COMPLETE,8.79083098211128,242.6283102410941,300.6583851610232,1798.1925324965878,93.83899611730212,6611.6396408625305,7163.635079194217,2.1329044668047175,76.20932422885296,36.887766694846185,8.68451854312894,23.472254321991226,1.0,True
517,8.314859945605246,298.55191505309546,5625.692682634156,83.03675812387594,0.4647645721239129,0.5352354278760871,0.3744046341925699,0.08886050606454453,0.1970233396298992,0.17888051107149724,COMPLETE,8.314859945605246,240.9284099286975,298.55191505309546,1750.2170576813123,83.03675812387594,6205.137758769747,5625.692682634156,2.003285985474488,63.90425761933907,46.83050780174344,3.0641292829600286,63.98458843065566,1.0,True
518,7.992684730831147,297.12484506760535,6476.479845253997,76.16121885441649,0.17412773351165017,0.8258722664883498,0.3579100923491756,0.0012033154355144224,0.10714791663145856,0.06577639041366297,COMPLETE,7.992684730831147,239.7767787211068,297.12484506760535,1717.2431578752842,76.16121885441649,5939.654147785758,6476.479845253997,1.9164601980920692,76.7364968527273,37.06377923316566,4.011045975235307,40.92634154768011,1.0,True
519,8.85722189361664,300.9422029795758,6509.376167855003,95.40180388599245,0.40419867405823057,0.5958013259417694,0.40198829602125374,0.12676543751819536,0.07099538176634744,0.20643764022002944,COMPLETE,8.85722189361664,242.85734838248788,300.9422029795758,1805.1413838429955,95.40180388599245,6663.209995187488,6509.376167855003,2.1510414231190556,68.85557423427427,30.041260775801085,5.68983080184978,55.945912685049265,1.0,False
520,15.609130871148606,268.5309069827092,14996.165853065908,274.024383233573,0.062148611742772364,0.9378513882572277,0.6315021370463114,0.018292916968618334,0.024666656214838403,0.019189012304196937,COMPLETE,13.140972561040993,257.40302427925525,318.96680786534563,2225.643172321196,230.69490100723252,10486.051762126894,12624.931242021032,3.3825260791826617,84.66995100989213,30.240026383207628,5.936230397863799,24.74645226710985,1.1878215861605979,False
521,9.384600447560238,302.3027496474304,8551.863626353139,108.03704768178537,0.09061653308283008,0.9093834669171699,0.4274733164896875,0.03430999354974788,0.0046360718726857954,0.051670397941116566,COMPLETE,9.358747318344962,244.6292117489424,303.1378477415363,1855.5249123276574,107.73942225070158,7096.732893254232,8528.304558857515,2.2894229794442564,84.53692998077955,58.71213027917413,5.65659326032147,29.392540358307116,1.0027624561638286,False
522,8.452469841170823,299.16861309710714,7954.982482389125,86.08431206425914,0.009110912825774864,0.9908890871742251,0.38093716065077976,0.002838621225680976,0.0021125914889976033,0.004159695169835919,COMPLETE,8.452469841170823,241.42607908323447,299.16861309710714,1763.8234970249616,86.08431206425914,6326.684305745597,7954.982482389125,2.0406466523231614,88.40246306094556,23.9839098140278,6.939426616374211,30.31712727651754,1.0,True
523,9.031350377063209,301.712792039421,8570.629484486122,99.59006818678697,0.009110912825774864,0.9908890871742251,0.41048819601432335,0.0006883888008912534,0.004505771567767046,0.0039167475320461215,COMPLETE,9.031350377063209,243.47920604789235,301.712792039421,1822.4377149385691,99.59006818678697,6817.458030693162,8570.629484486122,2.1989460193476833,88.38778728714307,41.61627534661992,8.803236763432157,32.07881550255557,1.0,True
524,8.433303826551018,299.07226053391065,5932.008354437659,85.65012943290975,0.4812236474710556,0.5187763525289444,0.3805347417861211,0.0787911788766642,0.11421142584077125,0.2882205613095767,COMPLETE,8.433303826551018,241.34832352826058,299.07226053391065,1762.305666155244,85.65012943290975,6302.752118309849,5932.008354437659,2.0353637403425533,66.39441637959384,44.802479826189185,10.102983310061612,53.62660667698876,1.0,False
525,8.44354291396644,299.1217961250146,5156.0847634136835,85.88083392283806,0.44513189194545816,0.5548681080545419,0.38093716065077976,0.026377655597684863,0.23782015254938252,0.18093382384712905,COMPLETE,8.44354291396644,241.38829825492553,299.1217961250146,1763.3057047518357,85.88083392283806,6313.037305693087,5156.0847634136835,2.0381724552447937,57.57142058816429,37.31684515107621,7.195142653471594,29.67071350323092,1.0,False
526,8.67662021350755,300.14520720793627,5640.852714896404,91.17122542337998,0.4812236474710556,0.5187763525289444,0.39289750461585077,0.13687243079482878,0.05309594791444692,0.291254725147582,COMPLETE,8.67662021350755,242.2141807647325,300.14520720793627,1786.945590657358,91.17122542337998,6508.133339125789,5640.852714896404,2.1016004568214495,61.139378067228876,30.42315680807826,9.741679451181257,34.88690239719338,1.0,True
527,8.805428952684789,300.7188074648333,5572.03641995773,94.18010998695306,0.4812236474710556,0.5187763525289444,0.3992797393792979,0.1250741177574156,0.25898002427488276,0.09716898461260856,COMPLETE,8.805428952684789,242.67707043604582,300.7188074648333,1799.927735077315,94.18010998695306,6620.121900114693,5572.03641995773,2.1368757021702836,59.2932710834362,47.79467609531487,10.425173311659167,44.9186043896697,1.0,True
528,11.699372152310765,287.22560348705866,7845.166362137841,161.549537664432,0.40728736011569106,0.592712639884309,0.5069196274307358,0.004201251433480059,0.14521981880117144,0.2578659022277329,COMPLETE,10.855703111726918,249.80199482059456,309.5478194532702,2005.4333297255466,149.89982333158247,8398.35855269104,7279.433099549196,2.7117762924895197,61.125568042123604,25.542225228909928,2.44235156525404,30.109953489441615,1.0777166648627734,False
529,15.00900750426123,270.97397718810345,11096.739026132776,254.96046972661756,0.40419867405823057,0.5958013259417694,0.6131601622439325,0.1890023625602066,0.1032405218329345,0.11195547766406778,COMPLETE,12.804909154135078,256.31334114507865,317.61650224300007,2194.25833461136,217.51908990771346,10169.28595711395,9467.163974462255,3.282069048355565,65.56710292946208,38.00497417682528,5.063868161434657,42.514069229955396,1.1721291673056802,False
530,9.265587347295416,302.7345671175453,8862.165144548908,105.38329947806716,0.004598525808314824,0.9954014741916852,0.4225556872701355,0.001212747023123862,0.0012253945942332636,0.0021603817266072187,COMPLETE,9.265587347295416,244.30376831818785,302.7345671175453,1846.0737286556446,105.38329947806716,7018.028603928823,8862.165144548908,2.2636179046255918,88.77986969469762,38.378991968905396,12.175779381741318,58.423728953535274,1.0,True
531,7.928919970801749,296.84121232247264,7107.16770136047,74.84093698930158,0.09226050967818866,0.9077394903218113,0.3546369849586602,0.029054151430579003,0.019545372089553117,0.04366093635396491,COMPLETE,7.928919970801749,239.5478899321122,296.84121232247264,1710.6713079364752,74.84093698930158,5887.6632335620825,7107.16770136047,1.8993560484461438,84.91351602078097,40.60789196657451,19.65352275469554,58.08611174715371,1.0,True
532,7.99308902461239,297.1264427687404,6676.203889331313,76.1695327447696,0.17412773351165017,0.8258722664883498,0.3579100923491756,0.05522500530997808,0.055251323598828575,0.06365129715900184,COMPLETE,7.99308902461239,239.7780680499458,297.1264427687404,1717.2539807641233,76.1695327447696,5940.245687528996,6676.203889331313,1.9165674440727847,79.08727021193452,46.54745414729287,10.463234195562654,37.36828904456956,1.0,False
533,8.060757337144967,297.4302212599644,7312.4658898656135,77.58694544911165,0.05056133806139512,0.9494386619386048,0.3612044566247643,0.017509508425944415,0.015331273901042851,0.017720537317194286,COMPLETE,8.060757337144967,240.0232142545787,297.4302212599644,1724.0546310529958,77.58694544911165,5998.013920866447,7312.4658898656135,1.9347688853877134,85.73306496371731,17.43650519914221,15.262854121123603,38.069725647771904,1.0,True
534,8.398412046726428,298.9269716858343,7075.81903502557,84.87975409971445,0.1844568197848862,0.8155431802151138,0.3783328882267785,0.08070667377236868,0.04340085982788523,0.060349187351998,COMPLETE,8.398412046726428,241.2310768807514,298.9269716858343,1758.442749180394,84.87975409971445,6279.362424552716,7075.81903502557,2.0259579821200915,79.292041751145,57.142931725434146,6.447048823722659,29.1218898521104,1.0,True
535,8.258912900297473,298.3113861710762,7467.872587981258,81.82164646294753,0.07004200761826201,0.929957992381738,0.3711706242201289,0.03716787992210221,0.03190000395020229,0.0009740854249941473,COMPLETE,8.258912900297473,240.73430552619678,298.3113861710762,1744.1968352625258,81.82164646294753,6163.7928024756275,7467.872587981258,1.9882036614544598,85.19275417032603,61.69701885158015,2.031316690226911,55.57974485239975,1.0,True
536,8.088578208680442,297.5475384003485,5876.265513890177,78.17026128366247,0.3925879806965068,0.6074120193034932,0.36294797358517283,0.05155860844742458,0.16850097609642695,0.17252821197128593,COMPLETE,8.088578208680442,240.11788801369724,297.5475384003485,1727.1767110696628,78.17026128366247,6016.510395739719,5876.265513890177,1.942212316501962,68.82885540489994,47.11778371348633,5.6099571972065885,65.70743742200841,1.0,False
537,8.865636879404848,300.98737990028303,8339.564998046797,95.60667693158523,0.019656069920549468,0.9803439300794505,0.40198829602125374,0.008203543803378958,0.011099575230431678,0.0003529370020367531,COMPLETE,8.865636879404848,242.89380570572942,300.98737990028303,1805.687915545634,95.60667693158523,6676.264944889215,8339.564998046797,2.1534082816437103,87.8234437074715,52.057031889323724,10.864411228860636,58.10729711410622,1.0,True
538,9.299709271975118,302.8830864400366,8891.866512210268,106.24324724396482,0.004598525808314824,0.9954014741916852,0.42431929685034725,0.0011040004721524553,0.0019432738865164955,0.0015512485208309444,COMPLETE,9.299709271975118,244.42362192624518,302.8830864400366,1849.5133753673756,106.24324724396482,7047.33675194112,8891.866512210268,2.273068623117243,88.70658900756355,23.664332900049473,13.789959699100994,39.36833212962886,1.0,True
539,9.28157575057901,302.797636668039,6745.055326215455,105.78128153935162,0.3395511595722448,0.6604488404277552,0.42378731851535245,0.06574934933528526,0.09512386988073922,0.17867767922050734,COMPLETE,9.28157575057901,244.3546648147408,302.797636668039,1847.976427758621,105.78128153935162,7026.242667123454,6745.055326215455,2.2679963314853606,67.64170339825307,54.912664290827706,10.036973650881578,23.293069859479004,1.0,True
540,8.43562292410857,299.08510233907367,5879.924868623854,85.70325713978627,0.4812236474710556,0.5187763525289444,0.3805347417861211,0.15992421329005285,0.114374148045406,0.20692494048787619,COMPLETE,8.43562292410857,241.35868673660906,299.08510233907367,1762.4598796967944,85.70325713978627,6306.321514227551,5879.924868623854,2.036010870768078,65.72970066496178,31.931514037092462,2.007278720138927,68.55149539992044,1.0,True
541,8.686057988599803,300.1970770251124,7497.382360247727,91.39557082687955,0.15068893708207104,0.849311062917929,0.39289750461585077,0.0883238113825712,0.03286058099451609,0.02950419391061558,COMPLETE,8.686057988599803,242.25603918849544,300.1970770251124,1787.5721600309007,91.39557082687955,6522.747525420186,7497.382360247727,2.1042500044797774,80.85372720484536,44.78372555683519,9.09157969954272,33.00082219921223,1.0,True
542,9.177866631420633,302.3468157239429,6755.457638425011,103.1876021544926,0.3299920230170895,0.6700079769829105,0.4183805487625825,0.0841548970764981,0.09592382517038599,0.14991312976408702,COMPLETE,9.177866631420633,243.99085682106465,302.3468157239429,1837.4862762213606,103.1876021544926,6938.005741412203,6755.457638425011,2.239315543189779,68.58989196278998,36.025578699003255,1.145787801193682,38.154778609495615,1.0,False
543,9.26470072679686,302.7298302170081,8500.88324746653,105.3604140634434,0.07004200761826201,0.929957992381738,0.4225556872701355,0.04455526180599763,0.006245980302235211,0.019240701561579143,COMPLETE,9.26470072679686,244.29994568682338,302.7298302170081,1846.0150393120011,105.3604140634434,7016.638528501043,8500.88324746653,2.263365884361146,85.20020235732098,35.96677162225285,11.296501039822846,38.542638507255745,1.0,True
544,8.99399389298802,301.5494076350536,8470.771579780197,98.68378434431155,0.019656069920549468,0.9803439300794505,0.40857289633941335,0.007046371745304774,0.009533895979976833,0.003075790269108293,COMPLETE,8.99399389298802,243.3473564674119,301.5494076350536,1818.6673671419721,98.68378434431155,6785.530898733641,8470.771579780197,2.1886646379426815,87.77059831867021,45.52182874824305,11.739351032922015,26.258427975775675,1.0,True
545,7.928454508632362,296.83883710240906,6644.846659387983,74.83119909634443,0.14660538584903227,0.8533946141509677,0.3546369849586602,0.06133306382923795,0.04010448853873554,0.04516771145850082,COMPLETE,7.928454508632362,239.5459731532731,296.83883710240906,1710.6467684944892,74.83119909634443,5886.964404103869,6644.846659387983,1.8992293508717952,79.41005177645049,29.041688300371803,8.3859907617593,28.54268022262529,1.0,False
546,7.9202810918294,296.79442670701934,4769.854009566381,74.65900086006168,0.4812236474710556,0.5187763525289444,0.3546369849586602,0.006902151119681244,0.2385787070373326,0.23574215244625427,COMPLETE,7.9202810918294,239.51013440829755,296.79442670701934,1710.1708905817536,74.65900086006168,5874.5994528149095,4769.854009566381,1.8969875888555574,57.263246548513095,34.56567589080114,6.997414887345071,38.470357033337784,1.0,True
547,8.994144669989378,301.5502732996014,8534.921033959607,98.68756404540926,0.009110912825774864,0.9908890871742251,0.40857289633941335,0.004321397472319933,0.0036404343911270033,0.0011490765068649124,COMPLETE,8.994144669989378,243.3480550500453,301.5502732996014,1818.6758219392664,98.68756404540926,6785.767933526702,8534.921033959607,2.1887076122806466,88.42832266583788,38.0627793472866,6.894066609901477,40.92804377782777,1.0,False
548,13.778863257473358,276.4419073025217,9559.440769881863,217.9422081557087,0.40372007758203127,0.5962799224179687,0.5742828140528753,0.05828650964563716,0.2690708978778337,0.07636225020912792,COMPLETE,12.101791755776441,254.00118838940836,314.75134560454075,2127.1608594068584,191.4157335485531,9523.95002823697,8395.929282195593,3.0738694876083605,62.08472350746507,60.215659173286404,9.322096722367007,38.08362165322659,1.1385804297034292,False
549,8.542033377962241,299.56115331106696,7067.081357007417,88.0976176356186,0.24226149259551066,0.7577385074044893,0.38564537488042155,0.11928231085623514,0.061153055328226055,0.06182600342816544,COMPLETE,8.542033377962241,241.7428551104979,299.56115331106696,1773.0376214959642,88.0976176356186,6399.955965261322,7067.081357007417,2.064975537237763,77.71239502659904,50.761748899756,6.908520417482896,60.734885362195435,1.0,True
550,8.253928534749384,298.28773542256897,4880.208194300382,81.71271203350602,0.4812236474710556,0.5187763525289444,0.3711706242201289,0.09656543901679439,0.37408727176471424,0.010570520840452569,COMPLETE,8.253928534749384,240.71521960865894,298.28773542256897,1743.9748976573026,81.71271203350602,6156.305522885263,4880.208194300382,1.9868462198763748,55.812434083655624,37.55538563295204,14.282078595143279,56.54106355731766,1.0,True
551,8.812829221323323,300.75580459022314,8367.890925726944,94.35720711604614,0.004598525808314824,0.9954014741916852,0.3992797393792979,0.001647914003636206,0.0016650998710477638,0.0012855085850036567,COMPLETE,8.812829221323323,242.70692674626414,300.75580459022314,1800.3374365531408,94.35720711604614,6631.478753018409,8367.890925726944,2.138934696247056,88.71404782904067,31.90957408946155,12.110291863361287,38.03170515263133,1.0,True
552,9.293747204161624,302.8529652317162,7095.869710774346,106.08984079833326,0.2717764305569943,0.7282235694430057,0.42431929685034725,0.02022360697152116,0.1322380504361302,0.11931457384610583,COMPLETE,9.293747204161624,244.39931441234268,302.8529652317162,1849.1542938347893,106.08984079833326,7038.052798047693,7095.869710774346,2.2713854450187276,71.00072509775744,27.764623580130227,16.958166986558364,27.488424709037282,1.0,True
553,8.654419959601338,300.05845423841333,7811.93747335351,90.66560624172317,0.07004200761826201,0.929957992381738,0.39125628324379796,0.010481509954719342,0.033940857318130006,0.025619602902608965,COMPLETE,8.654419959601338,242.14417198585716,300.05845423841333,1784.3479169634788,90.66560624172317,6496.3680364568245,7811.93747335351,2.0956173551355413,84.57398824385015,32.995201785385866,13.92748665615184,37.49721368541376,1.0,True
554,8.088578208680442,297.5475384003485,5497.998088014954,78.17026128366247,0.3925879806965068,0.6074120193034932,0.36294797358517283,0.05155860844742458,0.16850097609642695,0.17252821197128593,COMPLETE,8.088578208680442,240.11788801369724,297.5475384003485,1727.1767110696628,78.17026128366247,6016.510395739719,5497.998088014954,1.942212316501962,64.39819891083805,31.687431675532352,8.681117909106826,41.39369159190819,1.0,True
555,8.283904484551863,298.416683469489,4972.690062722008,82.36198676947956,0.43155171293779676,0.5684482870622032,0.37275899843259913,0.09981499063337462,0.20667816140318856,0.12505814525762896,COMPLETE,8.283904484551863,240.81927939304293,298.416683469489,1747.0190551398305,82.36198676947956,6180.307791818913,4972.690062722008,1.9949239085305763,56.68559919874563,26.612804186894852,2.2988973183487444,22.762905902693007,1.0,True
556,12.629003326747899,282.14762874984825,9351.872460422033,185.8021917365393,0.3395511595722448,0.6604488404277552,0.5372713987741976,0.044593278819170246,0.1457372732631546,0.1492204481906021,COMPLETE,11.423055351855085,251.727900818331,311.93434964290884,2061.1428050984573,168.05987501857976,8908.700319916903,8458.858865975068,2.875501744654082,66.89197002905676,41.87913052746562,4.360604398860563,36.88640501674793,1.1055714025492287,False
557,8.687762470669233,300.2062960383238,8210.463078670962,91.43603546766656,0.009110912825774864,0.9908890871742251,0.39289750461585077,0.0042776105091034715,0.002193023846185253,0.0026402740601685205,COMPLETE,8.687762470669233,242.26347883996692,300.2062960383238,1787.6771073756795,91.43603546766656,6525.381589280784,8210.463078670962,2.104727559479634,88.46211336888344,27.241182377454102,2.374206861549984,56.29906537612311,1.0,True
558,8.056933371044103,297.411289695176,5300.146207901763,77.50554100703697,0.3925879806965068,0.6074120193034932,0.3612044566247643,0.11215096881221318,0.2486634321220391,0.031773307958657425,COMPLETE,8.056933371044103,240.00793667111003,297.411289695176,1723.8734887725914,77.50554100703697,5992.272427194234,5300.146207901763,1.9337279542809065,62.26481050164337,31.306367208376933,13.065499940338732,43.23087305673228,1.0,True
559,7.989376588299821,297.10657706621066,5288.90595901152,76.09061474141254,0.40493722292731743,0.5950627770726826,0.3579100923491756,0.1142907710692346,0.16001986730924364,0.1306263640506089,COMPLETE,7.989376588299821,239.76203662666134,297.10657706621066,1717.041584929414,76.09061474141254,5934.629341452603,5288.90595901152,1.9155492021881322,62.782017406202286,34.73764235835295,9.219541105930707,32.737492669224416,1.0,True
560,8.879571160638466,301.03947841202387,6533.979703539862,95.93239495757976,0.40493722292731743,0.5950627770726826,0.40313320382211465,0.16268476215744546,0.022805966764007275,0.2194462605106957,COMPLETE,8.879571160638466,242.93584868371914,301.03947841202387,1807.3849930868614,95.93239495757976,6682.178327929802,6533.979703539862,2.157166155857183,68.92235123332372,65.8348429987288,5.937280768792737,22.648853760747084,1.0,True
561,8.433303826551018,299.07226053391065,5374.43476340606,85.65012943290975,0.4812236474710556,0.5187763525289444,0.3805347417861211,0.0787911788766642,0.11421142584077125,0.2882205613095767,COMPLETE,8.433303826551018,241.34832352826058,299.07226053391065,1762.305666155244,85.65012943290975,6302.752118309849,5374.43476340606,2.0353637403425533,60.153735154402476,63.92827857013596,9.345431696047239,26.791295827389728,1.0,True
562,12.66455755197838,281.9665928147025,7933.902648673627,186.7649449574882,0.4632938125807472,0.5367061874192528,0.5383124159214253,0.20049422991005889,0.22853302809082304,0.03426614716756711,COMPLETE,11.44449362187763,251.80204335266052,312.026225049456,2063.214139552394,168.77259332462066,8929.67700347511,7169.575240720448,2.881746879125278,56.52623356896206,33.10390403615606,5.013194373822994,26.217395333458438,1.106607069776197,False
563,9.299729878761097,302.88313210121134,8888.663428296035,106.24373770647452,0.004598525808314824,0.9954014741916852,0.42431929685034725,0.001418105208985359,0.002496164531144976,0.0006842523060776686,COMPLETE,9.299729878761097,244.42365877435654,302.88313210121134,1849.5148390567974,106.24373770647452,7047.366423598659,8888.663428296035,2.2730740025799903,88.67366427494827,31.765803665701746,4.947332353363379,34.936001173217086,1.0,True
564,9.299737857035058,302.88313612342915,8892.548197961554,106.24391825371522,0.004598525808314824,0.9954014741916852,0.42431929685034725,0.002341944768751332,0.001593790864682558,0.0006627854159554486,COMPLETE,9.299737857035058,244.4236620202461,302.88313612342915,1849.5150245818495,106.24391825371522,7047.377346202416,8892.548197961554,2.273075982844825,88.712138577996,31.330509589619055,7.375996051001051,52.89987715531926,1.0,True
565,7.923654050477322,296.8126325148223,4823.640296991394,74.72997422171437,0.4812236474710556,0.5187763525289444,0.3546369849586602,0.1961961071653408,0.1532141077089252,0.1318131855062567,COMPLETE,7.923654050477322,239.52482631313646,296.8126325148223,1710.3650529228848,74.72997422171437,5879.697482910316,4823.640296991394,1.8979118602059608,57.80109957034477,27.334748389010425,13.583236045540904,31.056323829302087,1.0,False
566,8.401054867744408,298.9413255292388,7910.72421837374,84.93981903077996,0.009110912825774864,0.9908890871742251,0.3783328882267785,0.0009057865261885883,0.004150128419434696,0.004054993343819788,COMPLETE,8.401054867744408,241.2426602888404,298.9413255292388,1758.6069074829288,84.93981903077996,6283.415621487877,7910.72421837374,2.026692825527173,88.51619854418276,21.70296015122285,12.421301521593794,62.35481750118967,1.0,True
567,8.804517282447105,300.7118929568953,6155.898605332276,94.1568670953627,0.3942986056122654,0.6057013943877346,0.3992797393792979,0.0755277845606603,0.13416052302305728,0.18461002822276376,COMPLETE,8.804517282447105,242.67149049728496,300.7118929568953,1799.8231164121305,94.1568670953627,6618.630611806652,6155.898605332276,2.136605332040544,65.54815532450773,45.05394317706494,2.8520123529444894,42.00460084583941,1.0,True
568,9.295306077235288,302.8613177820549,7384.058436576805,106.13026424953162,0.24226149259551066,0.7577385074044893,0.42431929685034725,0.03397114628924658,0.1384726549622921,0.06981746737052072,COMPLETE,9.295306077235288,244.4060548369405,302.8613177820549,1849.261967224234,106.13026424953162,7040.4998060068865,7384.058436576805,2.271829086838914,73.82446304207306,34.58967241657488,7.532829973159499,58.84916248250171,1.0,True
569,8.096159489216406,297.5884871828878,7585.251163561017,78.33426833552424,0.007196744314877934,0.9928032556851221,0.36294797358517283,0.0013977449013462206,0.005146088226667075,0.0006529055618908387,COMPLETE,8.096159489216406,240.15093327171863,297.5884871828878,1727.6272938379398,78.33426833552424,6028.026910642487,7585.251163561017,1.9443002572520005,88.46743087967407,34.170275904074565,1.342945173499833,78.06729136051578,1.0,True
570,13.748776030284217,276.5952938125223,11497.114869111098,217.0801398348316,0.24226149259551066,0.7577385074044893,0.5731838877718031,0.03178989583201956,0.1415735436335033,0.06889782414098496,COMPLETE,12.084805074047159,253.94363222870155,314.680023579848,2125.382341054145,190.807615861396,9510.534240422772,10105.655354418093,3.068859295279378,74.79401699480772,23.46405504602373,12.824805601319277,68.86507809530022,1.1376911705270725,False
571,9.299688649504889,302.88290078360785,8896.509200644337,106.2426606442681,0.004598525808314824,0.9954014741916852,0.42431929685034725,0.0008087569329496015,0.0011723302505141254,0.00261743368303891,COMPLETE,9.299688649504889,244.42347210336368,302.88290078360785,1849.5115896525954,106.2426606442681,7047.3012641556825,8896.509200644337,2.273062189192226,88.75407431073613,29.339321539500503,5.816858863548722,49.99741570973539,1.0,True
572,7.924688329295288,296.8190767801598,4651.095573275294,74.75216879171936,0.4812236474710556,0.5187763525289444,0.3546369849586602,0.20681714667815937,0.19507961730782125,0.07932667025170463,COMPLETE,7.924688329295288,239.53002677082114,296.8190767801598,1710.4458972715465,74.75216879171936,5881.29123873673,4651.095573275294,1.898200807666514,55.69709225604707,37.485555767012954,-1.6422843668190585,25.23180918116971,1.0,True
573,8.687685910151789,300.20572513091753,8200.54499881732,91.43412451138803,0.009110912825774864,0.9908890871742251,0.39289750461585077,0.00010033525004974882,0.003468173010422588,0.00554239530727737,COMPLETE,8.687685910151789,242.26301812339912,300.20572513091753,1787.6720937022874,91.43412451138803,6525.2572075109365,8200.54499881732,2.104705009101502,88.35936297568205,36.58020359548857,8.001988198408785,23.938635860816568,1.0,True
574,9.265477839744682,302.7338444574328,8837.797932824471,105.38037927711117,0.009110912825774864,0.9908890871742251,0.4225556872701355,0.003197331525181995,0.00021786376961001515,0.005695711033877251,COMPLETE,9.265477839744682,244.30318513870367,302.7338444574328,1846.0657135374938,105.38037927711117,7017.851237153959,8837.797932824471,2.263585748081701,88.5412734936115,37.562180171108864,11.242615555957277,39.565706088337386,1.0,True
575,8.54209658665849,299.5620045785338,6556.001240878613,88.09937760789657,0.24226149259551066,0.7577385074044893,0.38564537488042155,0.09406157738768985,0.0996865490868712,0.048513204882324946,COMPLETE,8.54209658665849,241.74354207483097,299.5620045785338,1773.0543574764624,88.09937760789657,6400.0726139146045,6556.001240878613,2.0649966856041466,72.08703397968787,32.10972099294865,4.808391200268606,22.195997339885054,1.0,True
576,8.256267528009477,298.29671534487363,6682.751491070209,81.76268781245432,0.24226149259551066,0.7577385074044893,0.3711706242201289,0.11928231085623514,0.061153055328226055,0.06182600342816544,COMPLETE,8.256267528009477,240.72246631615957,298.29671534487363,1744.029856161164,81.76268781245432,6159.741060926648,6682.751491070209,1.9874690819084635,76.35193432675469,38.11271261197755,3.0903839834677185,66.95357705351043,1.0,True
577,8.987744878364474,301.5154815474629,6735.670282437573,98.52845550545673,0.3974056517708242,0.6025943482291758,0.40857289633941335,0.2422158637933416,0.006181808254920208,0.14900755470019367,COMPLETE,8.987744878364474,243.3199784539871,301.5154815474629,1818.2436592596216,98.52845550545673,6775.785997092019,6735.670282437573,2.1868978901535767,70.02394030529857,51.74130659697447,6.37142841712274,24.95080082573182,1.0,False
578,8.854839193801212,300.9309985325853,5457.5583300972985,95.34482375791777,0.47022929217645715,0.5297707078235429,0.40198829602125374,0.031238615277615754,0.20426294817009605,0.23472742087282447,COMPLETE,8.854839193801212,242.84830650581102,300.9309985325853,1805.02861598654,95.34482375791777,6659.576671434656,5457.5583300972985,2.150382702595905,57.79204002096556,38.091687364056824,6.117739803188824,34.41847706062382,1.0,True
579,8.445298999068086,299.1294892032626,5434.532008270103,85.91998899718322,0.44513189194545816,0.5548681080545419,0.38093716065077976,0.20381262386403542,0.07952019999243248,0.1617988356293507,COMPLETE,8.445298999068086,241.3945064921409,299.1294892032626,1763.3694806050312,85.91998899718322,6315.664606244051,5434.532008270103,2.038648784058612,60.63126199188816,19.528495536150157,5.417895533695969,41.75893934355624,1.0,True
580,8.504762012453165,299.3888675999287,6069.023890912355,87.25138730697162,0.4812236474710556,0.5187763525289444,0.3840672776598887,0.21188643516919697,0.021094034383596166,0.24824291991576566,COMPLETE,8.504762012453165,241.60382226446646,299.3888675999287,1769.4587355425128,87.25138730697162,6364.155843759428,6069.023890912355,2.0547830096583204,67.24110293908882,28.41504465610597,13.923073782720959,59.2352816312858,1.0,True
581,8.40041978798873,298.93789826238924,7625.21445893979,84.92539505662386,0.055315868477603614,0.9446841315223964,0.3783328882267785,0.020393044539424584,0.019420266065949973,0.015502528602878212,COMPLETE,8.40041978798873,241.2398945187655,298.93789826238924,1758.5691509796434,84.92539505662386,6282.442415492871,7625.21445893979,2.0265163835677513,85.3519261644781,26.57118279761118,4.43574737196295,40.491364970109764,1.0,True
582,14.72767515064051,272.19467652066356,14014.342935045763,246.27607440306267,0.07004200761826201,0.929957992381738,0.6039356875203554,0.05900764091746889,0.0058140779262072706,0.005220226707947624,COMPLETE,12.646988979032994,255.7966405801627,316.976220994266,2179.040560572483,211.4828557064953,10029.337913514491,12034.4344124269,3.235057294290981,84.37340261636452,23.15741429964398,3.4981224000091626,39.62115333482846,1.1645202802862415,False
583,8.589581750106921,299.76603605720777,6213.199257290553,89.17556875916544,0.3974056517708242,0.6025943482291758,0.3882465986995947,0.2138595155731095,0.007311351054042126,0.17623428246102443,COMPLETE,8.589581750106921,241.9081934378061,299.76603605720777,1777.9645282809959,89.17556875916544,6437.532368233402,6213.199257290553,2.077890203554714,68.00212764061772,25.064097962666075,8.147037087166916,50.42424329785547,1.0,True
584,9.26447036478531,302.728560080171,8514.1616219939,105.35444172239592,0.07004200761826201,0.929957992381738,0.4225556872701355,0.03668728123190003,0.005143007281940497,0.02821166644858073,COMPLETE,9.26447036478531,244.2989206990972,302.728560080171,1845.9989508521376,105.35444172239592,7016.275740290968,8514.1616219939,2.263300110965823,85.34423427877871,46.9737580351422,6.913186310243814,28.076030646697753,1.0,True
585,8.792423648473727,300.6660414621568,8327.906982150036,93.87682512981443,0.009110912825774864,0.9908890871742251,0.3982424154252496,0.0023930190837632404,0.0019154611848703604,0.004802426533744239,COMPLETE,8.792423648473727,242.63448879954592,300.6660414621568,1798.2760294417635,93.87682512981443,6614.070700817568,8327.906982150036,2.133345217256461,88.52596048226607,52.026037484605965,10.746962160112066,39.07223072529624,1.0,True
586,8.687765180736536,300.2063056564252,8210.231030444722,91.43609681944126,0.009110912825774864,0.9908890871742251,0.39289750461585077,0.0037041460149195367,0.0031204490280848625,0.002286313963708303,COMPLETE,8.687765180736536,242.26348660167855,300.2063056564252,1787.6775587492862,91.43609681944126,6525.385582570581,8210.231030444722,2.104728283461895,88.45941374785701,48.58157719645755,8.874947645260994,25.906582015694024,1.0,True
587,8.09077883137092,297.5607331505278,5387.448452449846,78.21851734965533,0.40372007758203127,0.5962799224179687,0.36294797358517283,0.10249023992235588,0.23463898824565707,0.06659048329101203,COMPLETE,8.09077883137092,240.12853604514441,297.5607331505278,1727.3422460193096,78.21851734965533,6019.900140590626,5387.448452449846,1.9428268762421435,63.01851892234733,38.59665182251483,13.049399701362914,42.87102410999779,1.0,True
588,8.401108025710876,298.941478626224,7903.71157003102,84.94095228000847,0.009110912825774864,0.9908890871742251,0.3783328882267785,0.003558284651340103,0.0033563407058116333,0.0021962837999474835,COMPLETE,8.401108025710876,241.2427838365765,298.941478626224,1758.6099937945423,84.94095228000847,6283.492080008059,7903.71157003102,2.026706687434297,88.43510331331196,42.02545447915554,5.83839478097765,33.495985442237476,1.0,False
589,8.09381840895974,297.57685445085906,6336.852158312693,78.28412068626402,0.18727005942368125,0.8127299405763188,0.36294797358517283,0.02555916238459118,0.14192170322251674,0.01978902332830629,COMPLETE,8.09381840895974,240.14154577329876,297.57685445085906,1727.5137522537857,78.28412068626402,6024.506809396921,6336.852158312693,1.9436620639359734,74.00075197176666,28.293496855690222,1.4705325989953661,34.15304590839076,1.0,True
590,8.938726616878805,301.30052033511475,6690.336459209011,97.34744550883792,0.47022929217645715,0.5297707078235429,0.406113124567257,0.25368492822603256,0.05996188575224102,0.15658221664302185,COMPLETE,8.938726616878805,243.14650690523428,301.30052033511475,1813.3450953624276,97.34744550883792,6733.273591836837,6690.336459209011,2.173420153074924,70.01012592670406,47.379754578521215,7.345217635969467,66.17820168005959,1.0,True
591,8.480764578200247,299.29368302878544,7996.125050937759,86.71799287493134,0.007196744314877934,0.9928032556851221,0.3823674280979913,0.002571166613033018,0.004365990819577314,0.00025957667040340133,COMPLETE,8.480764578200247,241.52700926739956,299.29368302878544,1766.6915712406312,86.71799287493134,6350.577684965382,7996.125050937759,2.048333704873605,88.52235239069122,38.59944412991337,12.241938503402274,31.45484989243476,1.0,True
592,8.545285189728753,299.5783608583713,8059.603579591271,88.17292770127028,0.009110912825774864,0.9908890871742251,0.38564537488042155,0.00448594089066665,0.0022998296186324224,0.0023251376913646224,COMPLETE,8.545285189728753,241.75674142909708,299.5783608583713,1773.2362646044662,88.17292770127028,6404.946402588934,8059.603579591271,2.0658803020511467,88.46930706021699,32.26485621141614,15.396960953321624,41.81232984548154,1.0,True
593,8.20972523704643,298.0865491401349,6031.802899729178,80.75492065326985,0.36112628419653314,0.6388737158034669,0.3690124911418303,0.0718082857812683,0.1262977249192829,0.16302009946493623,COMPLETE,8.20972523704643,240.55286429059748,298.0865491401349,1739.4543640757174,80.75492065326985,6118.188268208905,6031.802899729178,1.974872920810323,69.46308868245157,53.83831865405372,5.887481142562702,48.51103196520788,1.0,True
594,13.27565011089983,278.8680756232811,10533.390068389483,203.5862276693491,0.3600182682730372,0.6399817317269628,0.55818453334013,0.13936345575791442,0.0719258558897051,0.148728739259793,COMPLETE,11.807824269723298,253.0188453400187,313.5340528879152,2098.6191880311458,181.07666140446474,9256.418946278982,9368.762949685888,2.987602062703238,71.29847869799742,59.47375665147027,8.877764908467038,35.74997539951775,1.124309594015573,False
595,8.057242167739199,297.4116692815129,5913.998160481289,77.5115285493106,0.3299920230170895,0.6700079769829105,0.3612044566247643,0.1262158418277268,0.13919559961923453,0.06458032509448698,COMPLETE,8.057242167739199,240.0082429934881,297.4116692815129,1723.8599074988879,77.5115285493106,5992.694831474405,5913.998160481289,1.9338045360521285,69.47217232857956,32.0930456072625,14.339088716570316,57.89976530760194,1.0,False
596,9.297242533911543,302.8712221512133,7719.961542576676,106.1801697158147,0.17284799675195972,0.8271520032480403,0.42431929685034725,0.04752396193397153,0.09781869616193527,0.027505191228117214,COMPLETE,9.297242533911543,244.41404756380763,302.8712221512133,1849.3790576202873,106.1801697158147,7043.520175278677,7719.961542576676,2.272376678895711,77.10782622843335,35.71334618959226,5.560788384631508,43.678561814473674,1.0,True
597,8.541616307317666,299.5586090186388,6808.436621453787,88.08776786587578,0.24226149259551066,0.7577385074044893,0.38564537488042155,0.11167686936999766,0.04915025611342398,0.08143409645749611,COMPLETE,8.541616307317666,241.7408018919513,299.5586090186388,1773.0057074501249,88.08776786587578,6399.303114482139,6808.436621453787,2.064857175584341,74.8871694036972,41.90936570800404,4.925949011910843,30.11580667282098,1.0,True
598,15.321105181754994,269.69558972302724,14326.772736490786,264.8025310298547,0.08718321450249572,0.9128167854975042,0.6225351684000885,0.026676516505941338,0.057119692480024034,0.003386871916033482,COMPLETE,12.980586005607115,256.88443630022664,318.32418778451614,2210.618415091101,224.35013582628136,10337.235108798584,12138.152142592591,3.3345105188969946,82.57351423529946,38.9513073991399,3.513300600279916,19.792154443805728,1.1803092075455504,False
599,8.060767188887976,297.4302501502698,7425.246174086204,77.58714512074128,0.040116872830821104,0.9598831271691789,0.3612044566247643,0.004016611346011478,0.016745305867402006,0.019354935501540115,COMPLETE,8.060767188887976,240.02323756876623,297.4302501502698,1724.055638791554,77.58714512074128,5998.028000190328,7425.246174086204,1.9347714379649745,87.05504323929574,49.41694443270477,12.083743446094205,62.62689414041727,1.0,False
600,8.859044321639693,300.95274710226767,6539.66461223553,95.44662071761233,0.29169589738306023,0.7083041026169398,0.40198829602125374,0.0207730174476358,0.11483391245100188,0.15608876276675632,COMPLETE,8.859044321639693,242.86585738405896,300.95274710226767,1805.2791320571419,95.44662071761233,6666.066986380358,6539.66461223553,2.1515593947784035,69.1089249760054,25.61853323409479,3.929384678475403,31.849345488373707,1.0,True
601,9.030457279120668,301.7088520596162,8023.664409637402,99.56832218819797,0.08718321450249572,0.9128167854975042,0.41048819601432335,0.01527182751529738,0.06997238704204839,0.0019389234612603296,COMPLETE,9.030457279120668,243.47602652358967,301.7088520596162,1822.399334116549,99.56832218819797,6816.100260492255,8023.664409637402,2.198699856011327,82.78136742399289,33.52970147185871,13.386737548219813,34.50623843306081,1.0,True
602,9.181921764828694,302.36982438976315,7324.957406352667,103.29188635749838,0.20042570838181994,0.79957429161818,0.4183805487625825,0.004876230482528193,0.18535122581003097,0.010197850901171073,COMPLETE,9.181921764828694,244.00942458429498,302.36982438976315,1837.7916680170338,103.29188635749838,6944.4034530166655,7324.957406352667,2.240475446413864,74.20904413379436,27.935230577905582,13.006252807961141,43.51323942977415,1.0,True
603,8.78489033676836,300.6251970519518,5651.01205907767,93.69515943847131,0.4812236474710556,0.5187763525289444,0.3982424154252496,0.2702379790669178,0.043747600672622296,0.16723778245469528,COMPLETE,8.78489033676836,242.60152776895458,300.6251970519518,1797.782871774189,93.69515943847131,6602.391695171886,5651.01205907767,2.13122781698273,60.31154153067695,23.692200514944624,2.5228604784785342,45.20054923681073,1.0,True
604,12.5113589949154,282.76642644157386,8833.555073015996,182.6478793407876,0.4632938125807472,0.5367061874192528,0.5334362706303943,0.18495550555657644,0.16039065160240704,0.11794733837444027,COMPLETE,11.352231511952835,251.48914407864183,311.6384888023914,2054.2113890545857,165.72628219576308,8845.037056538495,8015.161446747464,2.8549629863236046,63.83663095201307,42.708181128231246,8.485657997066847,57.228068360419684,1.102105694527293,False
605,14.972518270078146,271.14603762215006,14148.318712493303,253.8419475011046,0.07004200761826201,0.929957992381738,0.6116371726832455,0.001290372214662049,0.0669404210300594,0.0018111431223469018,COMPLETE,12.785111375519717,256.24874755676115,317.5364596299349,2192.180342479732,216.75696179087134,10156.447717390343,12081.323078234087,3.276168777350627,83.64760564994215,45.04618264430327,10.517739454994404,53.05053316884541,1.171090171239866,False
606,8.108092418220796,297.6339100320034,4965.219943553953,78.58303314585308,0.4660591412418062,0.5339408587581937,0.3639351238159993,0.15120018374970315,0.15000558278691906,0.1648530829985779,COMPLETE,8.108092418220796,240.18758905672647,297.6339100320034,1729.159217504073,78.58303314585308,6032.699881226371,4965.219943553953,1.9474631697815759,58.00314288409508,41.11115032668632,0.5196573041255732,24.68130744878918,1.0,True
607,8.652641395224645,300.0492019820733,7028.274455618504,90.623813126426,0.18727005942368125,0.8127299405763188,0.39125628324379796,0.056079096881048646,0.07425948609642484,0.05693139594806582,COMPLETE,8.652641395224645,242.13670550751337,300.0492019820733,1784.2418931180064,90.623813126426,6493.636240732336,7028.274455618504,2.0951220813776295,76.16212254384672,30.67422928140691,4.622994081564563,29.859185217793943,1.0,True
608,8.734084184622231,300.39942113949326,6417.63386258832,92.50539764886564,0.4812236474710556,0.5187763525289444,0.3957617128742784,0.1898173567918976,0.04493230307471407,0.24647352757239158,COMPLETE,8.734084184622231,242.41932886535966,300.39942113949326,1792.7166006376556,92.50539764886564,6557.727310735537,6417.63386258832,2.1173108262896734,69.00605111090886,34.457790466248866,5.781627289241488,64.88683941621349,1.0,True
609,8.209989466167828,298.08759364602764,6305.064943152956,80.76054262774096,0.36112628419653314,0.6388737158034669,0.3690124911418303,0.09817875041115039,0.10336236028135244,0.15958500314009932,COMPLETE,8.209989466167828,240.55370719640783,298.08759364602764,1739.4642367381798,80.76054262774096,6118.577024053574,6305.064943152956,1.9749434021301282,72.60079825067048,48.77140906454156,13.121596685519147,59.75087227531355,1.0,True
610,9.299694602756054,302.8829899997704,8896.08939480019,106.24285435556195,0.004598525808314824,0.9954014741916852,0.42431929685034725,0.0006734834033657836,0.0017453992991561858,0.002179638990553338,COMPLETE,9.299694602756054,244.42354409991472,302.8829899997704,1849.512281124058,106.24285435556195,7047.31298320543,8896.08939480019,2.2730643138524833,88.74947797278769,25.231425240523198,3.4042263132695845,61.58524650694746,1.0,True
611,8.883757645353937,301.06559474670985,5943.690298422606,96.03689134477199,0.3682221178123614,0.6317778821876385,0.40313320382211465,0.09945662760009225,0.25613789896503897,0.012627093151653859,COMPLETE,8.883757645353937,242.9569243046474,301.06559474670985,1807.7469163431242,96.03689134477199,6688.82079835456,5943.690298422606,2.158370433783089,62.54165733198224,40.178114447763384,6.558120267587505,44.704835525130505,1.0,True
612,8.398329538747799,298.92663687344714,6933.331200044159,84.87794206561117,0.1844568197848862,0.8155431802151138,0.3783328882267785,0.06878883721441201,0.055381387314343986,0.06028649652616341,COMPLETE,8.398329538747799,241.23080669050307,298.92663687344714,1758.4410168970571,84.87794206561117,6279.240126309997,6933.331200044159,2.025935809484812,77.69822311460818,40.20941714745833,19.24608580004604,20.15898682266874,1.0,True
613,8.479893254523178,299.2895813039269,7488.954469188764,86.69829671387372,0.08718321450249572,0.9128167854975042,0.3823674280979913,0.027738266717339453,0.056652005500225866,0.0027928321172689835,COMPLETE,8.479893254523178,241.52369921645598,299.2895813039269,1766.6499318708054,86.69829671387372,6349.262089438049,7488.954469188764,2.04809518779311,82.94456601180383,49.618360202303805,2.9131780772918385,49.61761778782094,1.0,True
614,7.989660530310682,297.10806361895317,4870.579578003607,76.09663255784812,0.4671835073845074,0.5328164926154926,0.3579100923491756,0.2061208323773302,0.15422661065669,0.10683585183503337,COMPLETE,7.989660530310682,239.76323625985899,297.10806361895317,1717.0583576754534,76.09663255784812,5935.05771047275,4870.579578003607,1.9156268653649502,57.805709921960805,25.14906493321089,16.857744935895987,23.4711431284541,1.0,True
615,15.474739236217868,269.05643784217847,12767.75472981643,269.6871962032825,0.40493722292731743,0.5950627770726826,0.627670553872033,0.25758947517398334,0.036110185930570166,0.11123719211451819,COMPLETE,13.06567670271215,257.15973695990215,318.6653328540653,2218.7619995994005,227.70307548744142,10411.193484705696,10780.107695053941,3.3599659840725784,72.9177017977758,64.92113655549187,10.174428515600383,24.984413245365648,1.1843809997997004,False
616,8.43826205860664,299.1044859980016,4876.292390575135,85.76640866488509,0.4812236474710556,0.5187763525289444,0.3805347417861211,0.005986264478496289,0.46271758220721165,0.012519308270069822,COMPLETE,8.43826205860664,241.37432915552733,299.1044859980016,1762.7502578527487,85.76640866488509,6310.562960005314,4876.292390575135,2.036779843634717,54.41262034894105,41.1810563266087,15.773241592309382,49.06390593608948,1.0,True
617,8.51176375890247,299.43027253359503,7685.6671340365965,87.41513741523205,0.07004200761826201,0.929957992381738,0.38397141375222654,0.032437015982853,0.03577606295307963,0.0018288567342741723,COMPLETE,8.51176375890247,241.63723563188586,299.43027253359503,1769.8668363896018,87.41513741523205,6376.2956183403785,7685.6671340365965,2.0567590650528627,84.75646245612371,39.9226468897682,16.528361953343868,48.463645398513,1.0,True
618,7.9954046466263025,297.1392114682172,7323.211623004629,76.21897139384076,0.07004200761826201,0.929957992381738,0.3579100923491756,0.06164141645971153,0.005377548560185241,0.003022923675173834,COMPLETE,7.9954046466263025,239.7883722627366,297.1392114682172,1717.3923695994847,76.21897139384076,5943.762636026071,7323.211623004629,1.917205065796442,86.63305815959184,57.49365525353272,13.727482375041177,80.34149321815698,1.0,False
619,7.923662963836748,296.8123384800891,5626.335304752825,74.72999379345065,0.36112628419653314,0.6388737158034669,0.3546369849586602,0.07018111119641181,0.12343582053209502,0.16750918238052126,COMPLETE,7.923662963836748,239.5245890300471,296.8123384800891,1710.3564147385139,74.72999379345065,5879.698888426349,5626.335304752825,1.8979121150256024,67.42406888868919,30.788924161397098,4.449178486653981,46.356930712605454,1.0,False
620,14.636901451185727,272.55481694417455,10294.5610015222,243.4659435312473,0.4812236474710556,0.5187763525289444,0.6016694259337803,0.1314628616321333,0.17592598416833216,0.17383433204950088,COMPLETE,12.59414398579283,255.62451982029336,316.76293364266394,2174.39798492018,209.48731250909938,9972.145430463306,8857.829914076196,3.2193720089159275,62.607088572536604,21.426177503135058,7.5589801315004035,70.47986215716384,1.16219899246009,False
621,8.545227425583903,299.5781981411628,8047.692475583374,88.17167164865297,0.009110912825774864,0.9908890871742251,0.38564537488042155,0.001009921679407593,0.004028327012595926,0.004072656032536319,COMPLETE,8.545227425583903,241.75661011793693,299.5781981411628,1773.2331647992778,88.17167164865297,6404.863187036051,8047.692475583374,2.0658652150959895,88.34130241364223,23.717422328422067,7.890446970984758,22.384024791734134,1.0,True
622,8.089907590670615,297.554496088041,5613.241770459031,78.19889089225258,0.3925879806965068,0.6074120193034932,0.36294797358517283,0.1303948191174613,0.12954838276982533,0.1326446372053014,COMPLETE,8.089907590670615,240.1235027980882,297.554496088041,1727.25185234851,78.19889089225258,6018.521604105928,5613.241770459031,1.9425769479846704,65.70007980584084,40.51386219981401,14.776087037014111,32.76866697228413,1.0,True
623,8.812829221323323,300.75580459022314,8373.237121436274,94.35720711604614,0.004598525808314824,0.9954014741916852,0.3992797393792979,0.001647914003636206,0.0016650998710477638,0.0012855085850036567,COMPLETE,8.812829221323323,242.70692674626414,300.75580459022314,1800.3374365531408,94.35720711604614,6631.478753018409,8373.237121436274,2.138934696247056,88.77072670619987,55.42468354578639,14.28227674271092,49.3990993530606,1.0,False
624,7.929939213604091,296.8472410563313,7096.060673716499,74.8626702459959,0.07004200761826201,0.929957992381738,0.3546369849586602,0.0364215493648314,0.03266589489993279,0.000954525802018909,COMPLETE,7.929939213604091,239.55275506004884,296.8472410563313,1710.74253745746,74.8626702459959,5889.22273765525,7096.060673716499,1.8996387860775772,84.72539025408965,34.96386364147496,19.99788321072249,18.73511312057363,1.0,True
625,7.923590306416759,296.8123455821255,5475.011360522287,74.72866060993486,0.3925879806965068,0.6074120193034932,0.3546369849586602,0.0859292575167968,0.1515186033492873,0.1551399542117748,COMPLETE,7.923590306416759,239.52459476131943,296.8123455821255,1710.360489436479,74.72866060993486,5879.603147363523,5475.011360522287,1.897894757199193,65.61091104638885,35.90031619126572,4.831146975973898,49.325824048165664,1.0,True
626,8.20994671997052,298.08927918278386,5238.840313429556,80.76061318198552,0.3974056517708242,0.6025943482291758,0.3690124911418303,0.04469012070096737,0.2378246058083204,0.1148905975528239,COMPLETE,8.20994671997052,240.55506740771474,298.08927918278386,1739.504958846309,80.76061318198552,6118.58190274948,5238.840313429556,1.9749442866362548,60.31631375224086,60.097783794854095,3.253235807347022,27.09024732605802,1.0,True
627,12.317885519081106,283.78032421718865,8897.171118142789,177.50054630747738,0.47022929217645715,0.5297707078235429,0.5273826307234788,0.007549882550734711,0.20351805815828347,0.25916065483288075,COMPLETE,11.234595302096286,251.08985417411034,311.1436996420158,2042.8489968450726,161.89035046449027,8735.444095502946,8114.713900449557,2.820892896108502,65.52277412393602,60.52845862684506,13.439811699155268,58.29302692982385,1.0964244984225364,False
628,10.048202994365509,297.60063247921477,9324.067657381187,122.38384834910114,0.07004200761826201,0.929957992381738,0.45055917249377025,0.02455798811356746,0.003370492636332221,0.04211346531993703,COMPLETE,9.802551555555365,246.17915008095136,305.05848905308784,1900.1198973385513,119.39189362337184,7480.654771934548,9096.119372808991,2.4131838105713275,85.52772836617771,35.914431174621996,8.859536534556756,43.2511679426571,1.0250599486692755,False
629,8.215590011979057,298.1182775981437,7482.861339055511,80.88428027074045,0.07004200761826201,0.929957992381738,0.3690124911418303,0.022809953093453485,0.020618492670423857,0.026613533443280334,COMPLETE,8.215590011979057,240.578468838926,298.1182775981437,1739.8100782814604,80.88428027074045,6127.1300636929955,7482.861339055511,1.976494065690295,85.89225167302972,59.16871472136168,14.810620758547927,54.54366796409025,1.0,True
630,8.994186508872273,301.55036851202647,8586.122047566461,98.6885203188468,0.0023160115023014294,0.9976839884976986,0.40857289633941335,6.345754529712096e-05,8.516317230988205e-05,0.002167384929408767,COMPLETE,8.994186508872273,243.34813188552025,301.55036851202647,1818.6773225052066,98.6885203188468,6785.827903196224,8586.122047566461,2.1887184847640166,88.95730182430232,41.49131463804846,13.458799900423285,73.4310563381499,1.0,True
631,7.930474113694892,296.84996960801203,7434.135011797858,74.87386323735757,0.004598525808314824,0.9954014741916852,0.3546369849586602,0.0016622860750328354,0.0016796218267908498,0.0012566145286593171,COMPLETE,7.930474113694892,239.55495697396964,296.84996960801203,1710.7688200361363,74.87386323735757,5890.025822316055,7434.135011797858,1.8997843850893599,88.73601324536504,47.68707794001949,17.10613482477027,28.28751893280585,1.0,True
632,8.341818671377068,298.6741607116759,5539.297931409569,83.62948407668897,0.43275356294699013,0.5672464370530099,0.3756042394981304,0.22821720963612008,0.11700125146428195,0.08753486654924664,COMPLETE,8.341818671377068,241.02706095271535,298.6741607116759,1752.8144399202129,83.62948407668897,6229.980381947426,5539.297931409569,2.0106040373624996,62.6128095869714,22.2334562341465,15.787034958440422,58.90849476060308,1.0,True
633,8.287749384121392,298.4367396999832,6803.146819125799,82.44737935011887,0.1667495858455721,0.8332504141544279,0.37275899843259913,0.01914394875715788,0.07293123686884918,0.0746743205014804,COMPLETE,8.287749384121392,240.83546457048945,298.4367396999832,1747.2312789502967,82.44737935011887,6186.154820860422,6803.146819125799,1.9959839731686633,77.39597751452652,33.6791012832284,10.603465688051413,23.296579282341934,1.0,True
634,8.476453357423837,299.2722093559223,5902.432900837411,86.61989871437605,0.4812236474710556,0.5187763525289444,0.3823674280979913,0.27119705750544376,0.20291885355171,0.007107456803320705,COMPLETE,8.476453357423837,241.50968022813575,299.2722093559223,1766.4676078601196,86.61989871437605,6344.024088774995,5902.432900837411,2.0471455398201384,65.48671218867909,66.75030205267149,3.653075982437058,58.392561754259106,1.0,True
635,11.843004317660728,286.4458821338012,10377.514568173538,165.21814861505015,0.1844568197848862,0.8155431802151138,0.5112186808813769,0.10776470545163548,0.015106997473337446,0.061584962189385,COMPLETE,10.945597990884496,250.11119468514227,309.93097149300763,2013.9757512606611,152.69870609113758,8485.260910713814,9591.1560581286,2.737616590043414,79.53529037484118,38.78042498844066,16.420469949229627,40.22885106470456,1.0819878756303305,False
636,8.290923987709483,298.45363834961296,7821.023594548778,82.51810795709878,0.004598525808314824,0.9954014741916852,0.37275899843259913,0.0018685075437791915,0.0009579370519041534,0.0017720792861560032,COMPLETE,8.290923987709483,240.84910161175415,298.45363834961296,1747.4200760285134,82.51810795709878,6190.995539185823,7821.023594548778,1.9968615939711714,88.81600636871913,48.41999145963284,5.610927169997675,72.51441805303114,1.0,True
637,10.147804916777446,296.91323229658434,8545.209051138356,124.60178069320065,0.1844568197848862,0.8155431802151138,0.4540859605688683,0.0379665962435919,0.07955368333772413,0.06693643058314189,COMPLETE,9.86778462582756,246.40536166696464,305.33880428129794,1906.754439130536,121.16349752075828,7535.910904099239,8309.411068781475,2.4314750395787534,77.59824096231146,43.35465084526673,14.948584771238977,31.554756974985466,1.028377219565268,False
638,13.68045475396943,276.90312993646234,9766.516726014126,215.0944013899545,0.40419867405823057,0.5958013259417694,0.5712503744329245,0.06297909642772312,0.18728166155469966,0.15393769109735,COMPLETE,12.04451244795368,253.80918065777766,314.5134148598839,2121.649402677763,189.37288574232153,9470.182651546067,8598.612721225029,3.0570078358375277,63.97877054345701,40.008343089754675,8.321093281596301,44.056392739651656,1.1358247013388816,False
639,8.908759387873747,301.17296183186426,5965.530301654373,96.63199966677718,0.43275356294699013,0.5672464370530099,0.40454749016213015,0.06247817763229382,0.2884211021640823,0.0818538331077554,COMPLETE,8.908759387873747,243.04356846869615,301.17296183186426,1810.375900159951,96.63199966677718,6708.28325569337,5965.530301654373,2.1652166722578325,62.63599546229881,47.875908771486266,14.144374599096786,61.24613834185518,1.0,True
640,9.18393096408913,302.37837170204216,8395.986375199105,103.34167829810981,0.07004200761826201,0.929957992381738,0.4183805487625825,0.03419081146928459,0.02532118630281305,0.010529934239231568,COMPLETE,9.18393096408913,244.01632217983098,302.37837170204216,1837.8723439746605,103.34167829810981,6947.457018921904,8395.986375199105,2.241029057010499,84.98288444671738,45.04013295042372,5.023639017546978,50.545514364850035,1.0,False
641,8.446417537690875,299.14005413849344,5068.660480995235,85.948109138517,0.44513189194545816,0.5548681080545419,0.38093716065077976,0.014250635639693945,0.40107717399125214,0.02980290985449195,COMPLETE,8.446417537690875,241.4030322892228,299.14005413849344,1763.5499332937236,85.948109138517,6317.551104192665,5068.660480995235,2.038990805579448,56.49643606181359,45.14852442277146,11.817747310996722,55.288555245957895,1.0,False
642,8.686671879908,300.20102820446834,7483.43287650577,91.41051813088718,0.11230241146999098,0.887697588530009,0.39289750461585077,0.04012206051808784,0.06812959805738089,0.004050593542331154,COMPLETE,8.686671879908,242.2592277507239,300.20102820446834,1787.6250000807304,91.41051813088718,6523.720593032405,7483.43287650577,2.104426421350441,80.67264194735914,29.73476501946164,3.9366905918945796,43.43119694176275,1.0,True
643,8.537111527235059,299.5336678600055,5770.251834504988,87.98287897150276,0.40419867405823057,0.5958013259417694,0.38564537488042155,0.13872368922705386,0.05568016128484039,0.2097945169336637,COMPLETE,8.537111527235059,241.72067462634584,299.5336678600055,1772.7066334724582,87.98287897150276,6392.348785111207,5770.251834504988,2.063596357723612,63.62386026930321,25.288174608825,14.095157278164955,29.46969011075621,1.0,True
644,7.929584285711381,296.84497152251794,7077.410228835861,74.85501800007336,0.07042851018989993,0.9295714898101001,0.3546369849586602,0.03515332461359662,0.013577425589561955,0.021697723742832156,COMPLETE,7.929584285711381,239.55092356895676,296.84497152251794,1710.713457611028,74.85501800007336,5888.67366385647,7077.410228835861,1.8995392391600476,84.5234344286761,31.82440366598336,11.22149855742126,22.745446660564927,1.0,True
645,9.292496931168328,302.8457163329995,6097.916159723256,106.05705091265685,0.44513189194545816,0.5548681080545419,0.42431929685034725,0.2232065072711414,0.08708698097942279,0.13483814911545114,COMPLETE,9.292496931168328,244.39346462356724,302.8457163329995,1849.0533588260523,106.05705091265685,7036.067549327056,6097.916159723256,2.271025520012094,61.053511775959066,29.29427678335218,7.8948996533136295,32.29193493928652,1.0,False
646,8.544304453502141,299.57339556411114,7767.6855937977325,88.15033915616476,0.08819349325311165,0.9118065067468883,0.38564537488042155,0.03933998164736213,0.03376424946975447,0.015089221575543406,COMPLETE,8.544304453502141,241.75273448628204,299.57339556411114,1773.1807010199282,88.15033915616476,6403.449786065117,7767.6855937977325,2.0656089659174603,85.30989404798638,70.32474815623972,14.660210785475147,58.30970715934177,1.0,True
647,10.77400763005687,292.8079968987468,7836.729375229134,138.98427225716034,0.40419867405823057,0.5958013259417694,0.4756776348513644,0.15546802473199414,0.09924969963990969,0.14948064974588537,COMPLETE,10.273428762449692,247.80664713239685,307.0752390146059,1947.451178020884,132.5268246656433,7887.252413069697,7472.62149159889,2.545823936176187,66.74822825849462,46.43199916504393,8.385850098040496,37.31326279394833,1.048725589010442,False
648,7.921628107293107,296.8004045254671,5214.673582084212,74.6867051468311,0.45742295053405,0.54257704946595,0.3546369849586602,0.12033696100718412,0.10987840250928736,0.22720725495635655,COMPLETE,7.921628107293107,239.51495844800672,296.8004045254671,1710.218158835476,74.6867051468311,5876.5897379291855,5214.673582084212,1.8973484269588705,62.563678801910676,23.414752515144745,10.84871970553105,44.774791529850745,1.0,True
649,7.994034806048863,297.1312858726012,6124.911149314311,76.1895367841679,0.2902941751390217,0.7097058248609782,0.3579100923491756,0.27362614983517924,0.00566691146235614,0.01100068106969284,COMPLETE,7.994034806048863,239.78197638633046,297.1312858726012,1717.301632343237,76.1895367841679,5941.668861511981,6124.911149314311,1.9168254650955123,72.51445486159496,33.14108313497849,0.7672865537919917,22.197279846975068,1.0,True
650,9.293452418176315,302.85191679796014,5981.850860013928,106.0825605520999,0.43275356294699013,0.5672464370530099,0.42431929685034725,0.176389770459716,0.1763803060510027,0.07998322060381363,COMPLETE,9.293452418176315,244.39846833678584,302.85191679796014,1849.1500746246875,106.0825605520999,7037.612044678523,5981.850860013928,2.2713055365630903,59.85719938578559,35.34632559889296,4.4361710755164,28.338855946790904,1.0,True
651,9.018571282881508,301.64493154917017,6824.969083073039,99.27180605912109,0.4812236474710556,0.5187763525289444,0.41048819601432335,0.06584043878832822,0.09543873437619205,0.31994407199643515,COMPLETE,9.018571282881508,243.42444331086486,301.64493154917017,1821.6064697363374,99.27180605912109,6797.572033853819,6824.969083073039,2.1953406939947833,70.84495727914799,42.09192655230028,6.527288676811315,66.3485404337876,1.0,True
652,8.40010762017937,298.936738405125,7428.963169821981,84.91859641520882,0.08901798343487571,0.9109820165651243,0.3783328882267785,0.017288988885848757,0.0636530042576104,0.00807592071497995,COMPLETE,8.40010762017937,241.23895852555182,298.936738405125,1758.5622223268713,84.91859641520882,6281.9836735809295,7428.963169821981,2.026433213794623,83.16632436690297,56.981672325128194,11.794202969468904,40.454104569680034,1.0,True
653,8.71691640404504,300.33261875166806,5792.641124864657,92.11107598016251,0.44513189194545816,0.5548681080545419,0.39459881832593385,0.2249990590710284,0.21418165064049355,0.005950948120932267,COMPLETE,8.71691640404504,242.3654200064086,300.33261875166806,1790.8436371156602,92.11107598016251,6547.226758200226,5792.641124864657,2.1126791054271297,62.270695984407986,44.03735128395318,12.437751846465776,42.99322865075636,1.0,True
654,10.727982378820702,293.0793248277576,7771.369356935443,137.8898067178634,0.3974056517708242,0.6025943482291758,0.4743872371181071,0.04982755311360817,0.005314345232151833,0.34226338804401296,COMPLETE,10.243482674445,247.69871281543146,306.9414897525762,1944.5966757154597,131.66239430869317,7856.919290870387,7420.396916538546,2.5372974732072,66.63527853694131,45.817077648093814,5.5885119624558985,30.738677244068775,1.0472983378577299,False
655,8.096145051247072,297.58842680032006,7605.381010562584,78.33396483764334,0.004598525808314824,0.9954014741916852,0.36294797358517283,0.0002583262804560804,0.0015050129646803465,0.0028351835364966737,COMPLETE,8.096145051247072,240.15088454359028,297.58842680032006,1727.6253489618305,78.33396483764334,6028.005609991097,7605.381010562584,1.9442963954501955,88.70332273814981,34.69560302849045,13.587411650453182,28.324753491034585,1.0,True
656,8.81283732924691,300.75582519156615,8363.768769385202,94.35738905890196,0.004598525808314824,0.9954014741916852,0.3992797393792979,0.0019792185951586806,0.0016222349342588265,0.0009970702934727841,COMPLETE,8.81283732924691,242.70694337134196,300.75582519156615,1800.3379295067593,94.35738905890196,6631.490415273057,8363.768769385202,2.1389368106103785,88.66995950147228,17.564908203255868,6.600866579361515,32.15989050701061,1.0,True
657,8.061489926845553,297.43431281805056,7568.441040051361,77.60278307823184,0.004598525808314824,0.9954014741916852,0.3612044566247643,0.0019600303576978464,0.0023713352410324124,0.00026715622672444597,COMPLETE,8.061489926845553,240.02651610103862,297.43431281805056,1724.099434157196,77.60278307823184,5999.130615110787,7568.441040051361,1.9349713417243548,88.6954796208989,36.71405009652169,8.86554100493598,39.28447578204627,1.0,False
658,9.073956510135677,301.8947452913302,6517.618085565793,100.62685128922882,0.3749802351995889,0.6250197648004111,0.41297167792867573,0.1585227707133569,0.11861212356387486,0.0978451774816308,COMPLETE,9.073956510135677,243.62604050265057,301.8947452913302,1826.9704153791072,100.62685128922882,6849.8916519754375,6517.618085565793,2.210652096257604,67.00372444153992,38.44758680245691,14.818396013548877,35.19658324255156,1.0,True
659,8.283154004952646,298.412327319906,5219.6983938934345,82.34508773647433,0.4490271447203569,0.5509728552796431,0.37275899843259913,0.09719723949567707,0.20125781333004522,0.15057168715171243,COMPLETE,8.283154004952646,240.81576402389095,298.412327319906,1746.9675797420973,82.34508773647433,6179.150325507528,5219.6983938934345,1.9947140602302236,59.52650137066316,37.50815138561079,7.144610058573903,35.224734563362865,1.0,True
660,8.087943872752065,297.54381872318686,5319.80836663718,78.15639762007156,0.3925879806965068,0.6074120193034932,0.36294797358517283,0.026080691049319173,0.17053633129073736,0.19597070133176817,COMPLETE,8.087943872752065,240.11488627142455,297.54381872318686,1727.135345149295,78.15639762007156,6015.536354845325,5319.80836663718,1.9420357231755276,62.33363835748194,58.42210949488171,8.370702660589245,26.458730261931642,1.0,True
661,8.685198592936125,300.1919034741896,7781.497327757056,91.37486085306554,0.10256982024100358,0.8974301797589964,0.39289750461585077,0.016803553784574484,0.0032207858343278072,0.08254539250130503,COMPLETE,8.685198592936125,242.25186418463628,300.1919034741896,1787.504648855031,91.37486085306554,6521.3991805470205,7781.497327757056,2.1040055499525563,83.96314047671858,27.22171850876075,16.7241878737226,42.778439794965344,1.0,True
662,8.446417537690875,299.14005413849344,4712.874253619927,85.948109138517,0.44513189194545816,0.5548681080545419,0.38093716065077976,0.014250635639693945,0.40107717399125214,0.02980290985449195,COMPLETE,8.446417537690875,241.4030322892228,299.14005413849344,1763.5499332937236,85.948109138517,6317.551104192665,4712.874253619927,2.038990805579448,52.530762306005784,34.74276693262534,4.34586012036948,27.206004913013615,1.0,True
663,7.920409930173072,296.79416077635585,5076.856872917359,74.66123938181995,0.4812236474710556,0.5187763525289444,0.3546369849586602,0.06927009174576881,0.15856100139053322,0.2533921310681705,COMPLETE,7.920409930173072,239.5099198049114,296.79416077635585,1710.1537649535426,74.66123938181995,5874.7602823225,5076.856872917359,1.8970167471977766,60.94908268059809,40.939356439881436,7.577143685260312,41.96531107234409,1.0,False
664,9.181428358791582,302.36760331076545,6895.342890606775,103.27957960418705,0.23603347255499962,0.7639665274450004,0.4183805487625825,0.004762264168887317,0.22131130786787706,0.00995950870663576,COMPLETE,9.181428358791582,244.00763219575458,302.36760331076545,1837.770805430516,103.27957960418705,6943.648612238135,6895.342890606775,2.240338594003687,69.87205333651494,43.23018318511977,5.821185631037805,31.636293758749737,1.0,True
665,7.9228758006636175,296.80961761495803,4840.054046849474,74.71417703466662,0.4812236474710556,0.5187763525289444,0.3546369849586602,0.08990654876162193,0.2591402868668477,0.13217645476208326,COMPLETE,7.9228758006636175,239.52239331909496,296.80961761495803,1710.3472758266885,74.71417703466662,5878.562972175674,4840.054046849474,1.8977061737448906,58.018292528604434,48.28503747236291,2.503684946877726,51.279050873345994,1.0,True
666,8.910330969603693,301.1823810244858,5594.829307204424,96.67115178465947,0.40372007758203127,0.5962799224179687,0.40454749016213015,0.036243508482922834,0.35349307871597696,0.013982938804087991,COMPLETE,8.910330969603693,243.0511696629498,301.1823810244858,1810.5031910414718,96.67115178465947,6710.76363473928,5594.829307204424,2.1656663642461833,58.691100881199226,44.83719281832066,8.64522901847772,61.52058858332009,1.0,True
667,11.088504902184695,290.88390947309654,10380.291771324584,146.49898061915374,0.07004200761826201,0.929957992381738,0.4859866504244083,0.0005378082642861414,0.034315358917993186,0.0351887961882239,COMPLETE,10.474461461050078,248.50157246966185,307.9363715407401,1967.2458256527984,138.38636859655588,8068.790627448761,9805.466748882678,2.602920143843816,85.47615613027118,47.88349205384171,6.291560645650929,69.57498397774351,1.0586229128263993,False
668,10.978256744435518,291.5643653372848,10132.665024469175,143.85187686475146,0.07004200761826201,0.929957992381738,0.48222882408146844,0.026572086484468682,0.04218182361215856,0.0012880468492862704,COMPLETE,10.404603703759763,248.26210706749796,307.63963254501044,1960.2690803049927,136.3351036200188,8007.918956668514,9603.197164794476,2.5830688386976925,84.32535403653992,38.36302729974638,11.396848476267632,32.084796643339985,1.0551345401524963,False
669,12.036494687240287,285.3341407189265,7686.7570446553555,170.16771065918445,0.4812236474710556,0.5187763525289444,0.5178920993924654,0.11758899738190175,0.2528650031395694,0.11076937055342576,COMPLETE,11.063506442157088,250.5123421245282,310.4280624599167,2025.89147711356,156.411946504723,8586.052557406498,7065.386417940532,2.7715449109345784,57.97566478009246,45.73602650561825,8.221305563575909,38.438923434264986,1.0879457385567801,False
670,8.90933004280374,301.1756662954211,5678.909794525027,96.64576699473844,0.40372007758203127,0.5962799224179687,0.40454749016213015,0.064083696984646,0.26455525566103466,0.07508071213297866,COMPLETE,8.90933004280374,243.04575094374187,301.1756662954211,1810.405611235838,96.64576699473844,6709.155504224497,5678.909794525027,2.1653748106588746,59.610464683695284,46.89774897291389,6.025878934131031,24.506574814812645,1.0,True
671,8.28488325986088,298.4218108155993,5133.180981336293,82.38373136147953,0.43155171293779676,0.5684482870622032,0.37275899843259913,0.15685675667819682,0.17879292384750717,0.09590171367288648,COMPLETE,8.28488325986088,240.8234171100805,298.4218108155993,1747.0747238491363,82.38373136147953,6181.796974980021,5133.180981336293,1.9951938969978,58.484075342117265,26.359956296923492,2.0529466550376045,34.42899374182245,1.0,True
672,8.812842498925498,300.7558413065588,8370.12964128148,94.35750689061008,0.004598525808314824,0.9954014741916852,0.3992797393792979,0.0017210871202373154,0.00224134271609641,0.0006360924746632,COMPLETE,8.812842498925498,242.7069563759799,300.7558413065588,1800.3384452575233,94.35750689061008,6631.497968096801,8370.12964128148,2.1389381799350926,88.73710011762036,48.84763543415814,11.241862440516641,56.4029149647817,1.0,False
673,14.871068677844645,271.57454984309777,14219.992027232633,250.69034856571574,0.09096406524763556,0.9090359347523644,0.6085356863040552,0.02219031948707765,0.018396941574400076,0.05037675040678597,COMPLETE,12.727871286787233,256.0611112806992,317.3039458738017,2186.7723231585883,214.56120999144707,10102.50225740381,12170.626882478335,3.259112865932442,84.74827735392739,25.059066680749027,13.848060807072375,59.69325929204712,1.168386161579294,False
674,7.991135444302106,297.11481068029934,6048.321597146743,76.12740904080142,0.3974056517708242,0.6025943482291758,0.3579100923491756,0.28018874290476153,0.013391348984304843,0.1038252637352999,COMPLETE,7.991135444302106,239.7686810708948,297.11481068029934,1717.112127190763,76.12740904080142,5937.248229067875,6048.321597146743,1.9160240057391948,71.7318808969037,42.082623504327785,6.7558776888566925,59.517082250766364,1.0,False
675,8.887070757390845,301.0805205984637,8224.080627133675,96.11606237032892,0.07004200761826201,0.929957992381738,0.40313320382211465,0.030389959041648932,0.01628283288961377,0.023369172069462388,COMPLETE,8.887070757390845,242.96896931775424,301.0805205984637,1807.8889424822796,96.11606237032892,6693.851078994382,8224.080627133675,2.159282422177207,86.40511787873902,64.43048259559586,5.740395810483427,67.3456569139165,1.0,False
676,12.814035352682751,281.1918938549704,9041.556331411834,190.81732158631021,0.40493722292731743,0.5950627770726826,0.5431998629717047,0.14717567186619226,0.18205329130439551,0.07570771616091239,COMPLETE,11.533990042934787,252.10258308051974,312.3986456839859,2071.9605366370265,171.75581513712692,9009.856926119004,8138.359059334489,2.907748683048855,63.605330855998474,39.518763558338016,8.9076773396584,41.35267481730226,1.1109802683185133,False
677,7.981968056679742,297.07108934796014,5401.164522097575,75.9353451510749,0.40419867405823057,0.5958013259417694,0.35761590669810345,0.08241586229503127,0.12033619196534635,0.20144632538598217,COMPLETE,7.981968056679742,239.73339839291037,297.07108934796014,1716.3306424679117,75.9353451510749,5927.377485782771,5401.164522097575,1.913544328091489,64.22757412000784,37.00763815424608,16.01389856784806,30.279662323090633,1.0,True
678,12.961001650424382,280.46290740493276,12019.301932839986,194.85805269583582,0.07807629868309518,0.9219237013169048,0.5476771825730454,0.010455595474759275,0.05392255603227521,0.013698071862307093,COMPLETE,11.622335733024634,252.39964174407447,312.7667526785641,2080.3609099152,174.73230617482844,9093.815039732328,10777.898661519288,2.933473375244773,83.35101136128064,35.815114357582694,4.305553351723999,48.63706173560772,1.1151804549575999,False
679,7.993600821366827,297.12637005223127,5552.871296016571,76.17901019996582,0.43155171293779676,0.5684482870622032,0.358128797751045,0.0860381536879709,0.23771604692687126,0.1077971540480291,COMPLETE,7.993600821366827,239.7780093684501,297.12637005223127,1717.500884919336,76.17901019996582,5938.0901348853795,5552.871296016571,1.9166896926333457,65.87473499617126,46.82519472959528,15.593209832630878,69.52628744854705,1.0,True
680,8.78350142202872,300.6194743733431,5788.476460919956,93.66278784549414,0.40372007758203127,0.5962799224179687,0.3982424154252496,0.02848077851359821,0.17987911828439584,0.19535990010654178,COMPLETE,8.78350142202872,242.59690962454417,300.6194743733431,1797.7370845594826,93.66278784549414,6600.3094175610095,5788.476460919956,2.130850300666957,61.81761728270643,50.299013779761275,16.490353001976576,21.524599296592953,1.0,False
681,8.509806337297901,299.4204512934313,6542.787645251121,87.37033851296142,0.28538915233445594,0.7146108476655441,0.38397141375222654,0.156240012878355,0.12286793700990738,0.006280955350555164,COMPLETE,8.509806337297901,241.62930998928613,299.4204512934313,1769.7638499424909,87.37033851296142,6373.314744045674,6542.787645251121,2.056218633423746,72.22511548009638,39.337134859829646,16.889731662104563,57.27274158213571,1.0,False
682,7.9954046466263025,297.1392114682172,7250.353525777082,76.21897139384076,0.07004200761826201,0.929957992381738,0.3579100923491756,0.06164141645971153,0.005377548560185241,0.003022923675173834,COMPLETE,7.9954046466263025,239.7883722627366,297.1392114682172,1717.3923695994847,76.21897139384076,5943.762636026071,7250.353525777082,1.917205065796442,85.77115219545401,45.51266308433716,11.377786345044719,42.679637249230275,1.0,False
683,8.288920346376548,298.4428845968329,7130.388644349446,82.47341600458962,0.11098608096647472,0.8890139190335253,0.37275899843259913,0.01637189414396237,0.04700980326960336,0.04760431270184957,COMPLETE,8.288920346376548,240.8404234407982,298.4428845968329,1747.3008200222944,82.47341600458962,6187.937024093476,7130.388644349446,1.9963070860883756,81.06576136077244,38.71519673484817,5.640682729300385,20.750022887308333,1.0,True
684,14.285587595119395,274.14298383827037,14234.805419814555,232.88513660912133,0.009110912825774864,0.9908890871742251,0.5899748256119568,0.0002485623660698336,0.0013128751629585215,0.0075494626861130915,COMPLETE,12.395234890389807,254.96973697092974,315.95154459278274,2155.012808784318,202.0684099642351,9798.242912951619,12351.172510249175,3.16040977969558,88.62855075264946,33.549418413337854,-1.8962676613478897,56.92388875321059,1.1525064043921591,False
685,8.880372078261923,301.03480796762534,6139.710790035007,95.94637067863879,0.4812236474710556,0.5187763525289444,0.4035633986163001,0.013185284864559298,0.017695306076175765,0.45034183991204413,COMPLETE,8.880372078261923,242.932079681794,301.03480796762534,1807.720146498983,95.94637067863879,6677.500603199138,6139.710790035007,2.157327257320304,64.93982466957453,59.58923825194867,9.212280062138774,39.20943762898553,1.0,True
686,7.993633113603264,297.1293260332199,5832.6588799282235,76.181088856988,0.32637305392593735,0.6736269460740627,0.3579100923491756,0.28722902187388494,0.02505763335323189,0.014085844555293223,COMPLETE,7.993633113603264,239.78039481554814,297.1293260332199,1717.2810428114424,76.181088856988,5941.067861607901,5832.6588799282235,1.91671650399043,69.06944883884552,29.958495639203484,4.276373757663942,25.79737103685789,1.0,True
687,8.589581750106921,299.76603605720777,6741.892835143967,89.17556875916544,0.3974056517708242,0.6025943482291758,0.3882465986995947,0.2138595155731095,0.007311351054042126,0.17623428246102443,COMPLETE,8.589581750106921,241.9081934378061,299.76603605720777,1777.9645282809959,89.17556875916544,6437.532368233402,6741.892835143967,2.077890203554714,73.78856497751408,48.980053304840496,17.651941468728673,53.860383846758836,1.0,False
688,9.23388468580262,302.58903553451427,5638.36381977179,104.58295323255616,0.4812236474710556,0.5187763525289444,0.4214548343140179,0.07604112436774171,0.2038025331335643,0.20137944593432425,COMPLETE,9.23388468580262,244.18632578599767,302.58903553451427,1843.2935614451117,104.58295323255616,6983.571312156711,5638.36381977179,2.2547883741577333,56.92176494998879,33.073010364092774,14.000390731253264,26.090840304965436,1.0,True
689,8.115347621609391,297.67381321771506,7348.6868883881425,78.74084272610558,0.04972069637967258,0.9502793036203274,0.3639351238159993,0.013428295470770651,0.034582867643520955,0.0017094660142109594,COMPLETE,8.115347621609391,240.2197905285639,297.67381321771506,1729.6034048694705,78.74084272610558,6043.753048423712,7348.6868883881425,1.9494671057294872,85.49618187930838,39.89454922779973,7.923150920440412,56.96425171033843,1.0,True
690,13.55369654835633,277.54271612888334,13419.756144992538,211.4862151506221,0.007196744314877934,0.9928032556851221,0.5666800795566977,0.0011600284501960456,0.004364268448481264,0.0016724426458013231,COMPLETE,11.971869228047607,253.56761221211895,314.214069830009,2114.2573670288393,186.80404288858247,9411.670007343742,11853.560766020122,3.0356782938717757,88.54705437866342,34.48820361774471,15.64441827234143,45.875636442118974,1.1321286835144198,False
691,9.022924664555354,301.6695275213625,5898.423163074892,99.38110697648509,0.4278482340531429,0.5721517659468571,0.41048819601432335,0.08181744660589914,0.18140732350293345,0.1646232656555524,COMPLETE,9.022924664555354,243.44429201446434,301.6695275213625,1821.9303758405763,99.38110697648509,6804.404989651458,5898.423163074892,2.196579506862526,61.0890517219962,22.65606855758431,14.967242172954641,33.35808679611501,1.0,True
692,10.585680108756867,294.0191540643499,8479.378399628149,134.58671707681475,0.40419867405823057,0.5958013259417694,0.46915505888553644,0.24466902047530328,0.09028625167501848,0.06924290473066855,COMPLETE,10.152622457094058,247.3912335734793,306.5604698614348,1935.3095155449641,129.08080654074274,7783.263434670494,8132.4890491493215,2.5116697936663073,73.56161874631061,60.73304637767602,11.545393112258171,66.34718399511529,1.042654757772482,False
693,9.177216304989633,302.34257101141014,6898.872388235035,103.17051472880163,0.3340425682853231,0.6659574317146769,0.4183805487625825,0.1044557573880539,0.04350961374663426,0.18607698489235608,COMPLETE,9.177216304989633,243.98743138049787,302.34257101141014,1837.423397077419,103.17051472880163,6936.957147800093,6898.872388235035,2.2391254334776445,70.0730716047469,24.383694796607273,12.234073940192363,40.992011195386425,1.0,True
694,8.341911960282896,298.67481678014434,6010.503067473715,83.6316667712366,0.43275356294699013,0.5672464370530099,0.3756042394981304,0.23090780150259665,0.1183806505729614,0.08346487280002678,COMPLETE,8.341911960282896,241.02759039340867,298.67481678014434,1752.821265133452,83.6316667712366,6230.128764419976,6010.503067473715,2.0106309390609427,67.93518425557212,51.66270204546056,12.36514966419792,47.876272274649274,1.0,True
695,8.686859535820037,300.20124500259504,7890.472058603216,91.4144989143576,0.07004200761826201,0.929957992381738,0.39289750461585077,0.03649020276614485,0.011028880770532571,0.02252288645932241,COMPLETE,8.686859535820037,242.2594027046442,300.20124500259504,1787.6189579870875,91.4144989143576,6523.979728459928,7890.472058603216,2.104473402526905,85.05733160407839,25.258505497229716,1.1232235841644527,59.49557222248458,1.0,True
696,8.474184135187253,299.26217983833305,5061.056622077717,86.56901171905965,0.4481679092605599,0.5518320907394401,0.3823674280979913,0.0070696748114211635,0.39460322346717885,0.04649446724127366,COMPLETE,8.474184135187253,241.5015865077364,299.26217983833305,1766.3805210114438,86.56901171905965,6340.6229425070305,5061.056622077717,2.0465289130064117,56.21408490699346,38.34944143611861,10.841606399123012,53.08772403820831,1.0,True
697,8.812826768403813,300.7557918786069,8377.09851671432,94.35714810721274,0.004598525808314824,0.9954014741916852,0.3992797393792979,0.00211464147387987,0.0008932947418392239,0.0015905852955596365,COMPLETE,8.812826768403813,242.70691648811697,300.7557918786069,1800.337037972554,94.35714810721274,6631.474970641427,8377.09851671432,2.138934010503226,88.81184446563164,58.85997763896763,8.908884590680298,55.00359720597673,1.0,True
698,8.655530835933645,300.0641396390471,8176.305125976066,90.6916606585297,0.013266101936909858,0.9867338980630902,0.39125628324379796,0.007691723803160272,0.0026241368808703944,0.0029502333225300092,COMPLETE,8.655530835933645,242.14876004731462,300.0641396390471,1784.4123388656417,90.6916606585297,6498.070765855901,8176.305125976066,2.095926059472629,88.46525288173353,60.80724081271312,11.391465543348266,49.26968423684591,1.0,True
699,8.512330074305861,299.43315492203436,8017.638645944688,87.4281243829028,0.009110912825774864,0.9908890871742251,0.38397141375222654,0.003636538112767365,0.004010881164975632,0.0014634854818816074,COMPLETE,8.512330074305861,241.6395616905325,299.43315492203436,1769.8949305018489,87.4281243829028,6377.159619017484,8017.638645944688,2.056915708120407,88.39170820662957,30.095121983165015,6.803631722365701,43.03437959720731,1.0,True
700,9.299615432495756,302.88251022691065,8866.996218730912,106.2407617999777,0.009110912825774864,0.9908890871742251,0.42431929685034725,0.0014449974022575814,0.004101011009780807,0.003564899931092869,COMPLETE,9.299615432495756,244.42315692801466,302.88251022691065,1849.5075430042798,106.2407617999777,7047.186388264553,8866.996218730912,2.273041362227097,88.46289803863561,24.85916691958139,4.360136610752065,60.83021653975021,1.0,True
701,8.44483065436661,299.1269673952114,5799.657733136445,85.90928203479623,0.3925879806965068,0.6074120193034932,0.38093716065077976,0.11791440912825556,0.08522896171005233,0.18944440761805517,COMPLETE,8.44483065436661,241.39247141826166,299.1269673952114,1763.3401904867837,85.90928203479623,6314.946228392095,5799.657733136445,2.038518542366252,64.72243379426756,58.33366065903208,0.7144379532387082,18.891580095841025,1.0,True
702,8.476883013557858,299.2732109265194,5435.471021782192,86.6290289513233,0.4812236474710556,0.5187763525289444,0.3823674280979913,0.3706509380318496,0.0877380265116252,0.02283378463611443,COMPLETE,8.476883013557858,241.5104884855919,299.2732109265194,1766.4589923064316,86.6290289513233,6344.63422556299,5435.471021782192,2.0472561574395747,60.29760523085838,30.979931133349034,18.379919904116257,43.11324617651873,1.0,True
703,8.476101217099076,299.27042813615844,5042.514472020179,86.61187393846481,0.4463358555384874,0.5536641444615126,0.3823674280979913,0.20622397096048928,0.2148023189564192,0.025309269636261674,COMPLETE,8.476101217099076,241.5082428015985,299.27042813615844,1766.4481428117888,86.61187393846481,6343.487799594285,5042.514472020179,2.0470483107500885,55.95733222707203,16.049459493068895,9.660201695675795,48.602523358632965,1.0,True
704,14.447429145170712,273.41323734275596,13432.488002927661,237.73948145648248,0.10256982024100358,0.8974301797589964,0.5952330685215322,0.01203865323712723,0.031392699615285964,0.059138404255772,COMPLETE,12.487430228003367,255.27318017551355,316.3275631364869,2163.915494442083,205.486744894117,9880.764881317342,11610.180263879014,3.1877060265222577,82.66952932720989,21.572729936867226,7.797723415495037,37.96934649681336,1.1569577472210415,False
705,9.386869648181133,302.2544413976623,7554.288238349634,108.07118963583974,0.36112628419653314,0.6388737158034669,0.4278270300293877,0.08603322646515178,0.10287575903171195,0.17221704700610843,COMPLETE,9.359549118688388,244.62830352358364,303.1367222934406,1855.8380011999066,107.7566479159242,7093.191161201143,7532.301445909994,2.2896106226503927,74.82289098913348,67.70238177747353,14.937394076339935,61.20488203713796,1.0029190005999533,False
706,7.982145887270394,297.07174881784607,5482.445681732285,75.93897405065684,0.40419867405823057,0.5958013259417694,0.35761590669810345,0.11317339469209373,0.08707838477848605,0.20394659652165778,COMPLETE,7.982145887270394,239.7339305785136,297.07174881784607,1716.3319411042885,75.93897405065684,5927.636062679296,5482.445681732285,1.9135912080064486,65.18944753876086,38.100263239490296,18.60261559471124,29.949782338308246,1.0,True
707,12.634069095675748,282.1365554116396,9959.799166333714,185.94974873194195,0.28538915233445594,0.7146108476655441,0.5372446723547402,0.15978088897928278,0.053048592706263886,0.07255939996915674,COMPLETE,11.426630476952496,251.74020267937414,311.9495937736207,2061.337650440111,168.17852189595138,8914.785402486918,9007.940659221777,2.876542272210335,71.12256418702151,24.755932503569703,10.861314273455367,40.36438321717134,1.1056688252200555,False
708,9.184114447697306,302.3794856181613,8374.68392509177,103.34644833908725,0.07004200761826201,0.929957992381738,0.4183805487625825,0.0371852687217141,0.030935944447731654,0.0019207188868622129,COMPLETE,9.184114447697306,244.01722109899998,302.3794856181613,1837.8868029157916,103.34644833908725,6947.74951124498,8374.68392509177,2.2410820857822737,84.75806200726542,47.61371510295362,5.0827873945544155,25.071090544397496,1.0,True
709,8.509806337297901,299.4204512934313,6323.846154173781,87.37033851296142,0.28538915233445594,0.7146108476655441,0.38397141375222654,0.156240012878355,0.12286793700990738,0.006280955350555164,COMPLETE,8.509806337297901,241.62930998928613,299.4204512934313,1769.7638499424909,87.37033851296142,6373.314744045674,6323.846154173781,2.056218633423746,69.80824436432314,32.99593031152203,6.796005719797824,26.381468860759384,1.0,False
710,9.29968216691871,302.88281324651683,8894.870293339745,106.24245628599812,0.004598525808314824,0.9954014741916852,0.42431929685034725,0.0009514481074282248,0.0005678372956865106,0.0030792345914906027,COMPLETE,9.29968216691871,244.4234014618066,302.88281324651683,1849.5108601751454,106.24245628599812,7047.288900979166,8894.870293339745,2.2730599477519755,88.7381546887253,65.56806453505827,-0.2102500095131532,26.721098658090177,1.0,True
711,8.290935403701804,298.45374881865763,7811.774173303882,82.51838917069429,0.004598525808314824,0.9954014741916852,0.37275899843259913,0.0008770284039100458,0.0030401380808957462,0.0006813556714398909,COMPLETE,8.290935403701804,240.8491907591685,298.45374881865763,1747.4215078819566,82.51838917069429,6191.014781616228,7811.774173303882,1.9968650826181196,88.71013635781418,40.18388043559268,11.9713955810807,68.13245363716482,1.0,False
712,8.28646131747623,298.43167594135735,5392.4438878230885,82.41965804700432,0.4490271447203569,0.5509728552796431,0.37275899843259913,0.18333967282015246,0.2566960555321539,0.00899106265555886,COMPLETE,8.28646131747623,240.83137816791597,298.43167594135735,1747.2039279683497,82.41965804700432,6184.257002292688,5392.4438878230885,1.995639899222925,61.37689507001426,40.183563849396734,17.254689905498935,53.688938383000064,1.0,True
713,9.075553105040804,301.9032076148058,6174.803415867894,100.6668955968618,0.3749802351995889,0.6250197648004111,0.41297167792867573,0.2199257558091373,0.11275043060917606,0.042303822032619114,COMPLETE,9.075553105040804,243.63286951307217,301.9032076148058,1827.0759393197168,100.6668955968618,6852.378965138592,6174.803415867894,2.2111030453993634,63.42563529167568,28.26260486497206,6.0876333289218785,19.493827460825887,1.0,True
714,7.990455036733291,297.11093075543897,6211.120000916028,76.11282685873083,0.2760235904259901,0.7239764095740099,0.3579100923491756,0.10566444075543628,0.010560539736484366,0.1597983763902764,COMPLETE,7.990455036733291,239.7655500103317,297.11093075543897,1717.0663052889577,76.11282685873083,5936.210394922398,6211.120000916028,1.9158358467151828,73.69593353208303,27.493345824537673,-0.22820509901542518,39.235852291769284,1.0,True
715,9.691878016476029,300.06643973376697,7881.952525130898,114.57271813228924,0.1844568197848862,0.8155431802151138,0.4383397278625753,0.0024332190299809053,0.08410627933893838,0.09791709690062479,COMPLETE,9.565438144875253,245.3514620330865,304.032840596645,1876.4368175687837,113.07800681370149,7273.127585338,7779.124872580302,2.3468942338321983,75.2915081090184,25.365513426183064,1.633881622588627,24.644991608200595,1.0132184087843918,False
716,13.921783781482539,275.7667817448344,9808.915471831899,222.0938968452949,0.40419867405823057,0.5958013259417694,0.5790817382479283,0.06076783866516075,0.10342846266609795,0.24000211968117835,COMPLETE,12.184458670911416,254.2721230580219,315.087080457034,2135.17066822488,194.37838926736913,9595.881422227678,8584.842793778253,3.0981681745653695,63.077404670871424,43.477247917212054,3.2341120982100553,28.883610615846077,1.1425853341124401,False
717,8.47151066273215,299.2449139489109,5410.788061883742,86.50600899758228,0.4812236474710556,0.5187763525289444,0.3823674280979913,0.07629359090255074,0.21990325849353906,0.1850264950608455,COMPLETE,8.47151066273215,241.48765310763162,299.2449139489109,1766.1452531226987,86.50600899758228,6336.410664342649,5410.788061883742,2.0457652282194636,60.196434008087216,49.592534343560764,11.474833545088126,41.18376928817583,1.0,True
718,8.338900513974286,298.65822104923956,5844.013473810698,83.56372673201992,0.43275356294699013,0.5672464370530099,0.3756042394981304,0.09716094402203863,0.14761659307706934,0.18797552056190886,COMPLETE,8.338900513974286,241.01419780452582,298.65822104923956,1752.6308254219682,83.56372673201992,6225.509225102626,5844.013473810698,2.0097934179472605,66.16390626023848,37.49004747189998,2.324915498415819,61.88668169100282,1.0,True
719,8.910726635769995,301.18401897792035,5669.643287451307,96.68055112827935,0.40372007758203127,0.5962799224179687,0.40454749016213015,0.0762314340870114,0.31780985774620507,0.009678403968927265,COMPLETE,8.910726635769995,243.05249147499197,301.18401897792035,1810.517269494831,96.68055112827935,6711.359032456656,5669.643287451307,2.1657743096764706,59.46521476742924,43.844408969831385,7.996604932042091,44.81578010877585,1.0,True
720,8.43736975979201,299.09369933613414,6827.871091642879,85.7426865540738,0.28538915233445594,0.7146108476655441,0.3805347417861211,0.03984312660275986,0.03411148353688893,0.21143429873816325,COMPLETE,8.43736975979201,241.36562442726688,299.09369933613414,1762.5493591176942,85.7426865540738,6308.96989045566,6827.871091642879,2.0364910205959372,76.26445832647339,63.55786682457179,0.11120529252258304,47.447895322880896,1.0,True
721,8.390801547438572,298.8862711187673,4916.631629252511,84.70727995915269,0.4812236474710556,0.5187763525289444,0.3783328882267785,0.054868912475977076,0.19134553193096965,0.2350088105050511,COMPLETE,8.390801547438572,241.198231930134,298.8862711187673,1757.9851917477008,84.70727995915269,6267.716049255039,4916.631629252511,2.0238464977188158,55.31908963464596,15.350881977257856,1.1672525351696703,33.87881481095977,1.0,True
722,9.183358836507805,302.37550234252177,8376.157481364651,103.32720812099865,0.07004200761826201,0.929957992381738,0.4183805487625825,0.008109294766129654,0.03172522525446406,0.03020745382942882,COMPLETE,9.183358836507805,244.01400663539164,302.37550234252177,1837.8359313340625,103.32720812099865,6946.569687395111,8376.157481364651,2.240868184066798,84.80842161751691,37.07606996958095,14.62657487959946,41.33492685825411,1.0,True
723,14.27028989898804,274.1756749822614,8693.092821774839,232.3978572437981,0.4632938125807472,0.5367061874192528,0.5899565767841946,0.009134454406334118,0.3940849460882169,0.060073709539807646,COMPLETE,12.38489867061804,254.93966604521216,315.91428152171915,2154.4661532585496,201.6934437636969,9781.888558510685,7544.561077178482,3.1574019310911554,54.325967179034386,40.929585109771764,6.037562843209033,62.01718585768624,1.1522330766292748,False
724,8.509806337297901,299.4204512934313,6162.558767959902,87.37033851296142,0.28538915233445594,0.7146108476655441,0.38397141375222654,0.156240012878355,0.12286793700990738,0.006280955350555164,COMPLETE,8.509806337297901,241.62930998928613,299.4204512934313,1769.7638499424909,87.37033851296142,6373.314744045674,6162.558767959902,2.056218633423746,68.02781059107737,20.71131742656921,6.996936435314014,44.42061453075499,1.0,True
725,9.289504441925803,302.83138236133857,5207.2184633206125,105.98065373429058,0.4949801161949726,0.5050198838050274,0.42431929685034725,0.09994430108915582,0.20571561846927236,0.18931988659122426,COMPLETE,9.289504441925803,244.3818972517766,302.83138236133857,1848.894327144776,105.98065373429058,7031.440956210138,5207.2184633206125,2.270186720046634,52.207277948754914,21.693549114602654,4.642572160474931,21.16013511461548,1.0,True
726,8.507717058470684,299.4083048618052,6487.176578464119,87.32159059308817,0.28538915233445594,0.7146108476655441,0.38397141375222654,0.10441602934173934,0.08211329402522606,0.09885966383216474,COMPLETE,8.507717058470684,241.6195079404282,299.4083048618052,1769.6112807343015,87.32159059308817,6370.070259665908,6487.176578464119,2.055630409364074,71.70041926379069,42.037145193097174,7.665007162593906,30.292705535927418,1.0,True
727,8.677376363482189,300.14875269375483,6387.374513233019,91.18882582147683,0.3749802351995889,0.6250197648004111,0.39289750461585077,0.061431330731822595,0.011774721129919067,0.30177386118112676,COMPLETE,8.677376363482189,242.2170419363332,300.14875269375483,1786.9817616542946,91.18882582147683,6509.280487765146,6387.374513233019,2.101808434530912,69.20884886666325,39.82468941656998,4.738535855106067,36.24203524313322,1.0,True
728,7.9681786763151585,297.01284912526364,7048.1738048866955,75.65072478273711,0.21260675223461672,0.7873932477653833,0.3567407924960352,0.06765299787269483,0.012967246095180842,0.13198615348250198,COMPLETE,7.9681786763151585,239.68639911559652,297.01284912526364,1714.7628254996805,75.65072478273711,5918.401250524235,7048.1738048866955,1.9098640544356607,83.85107442383372,51.78445071065045,7.237137306707384,76.93213962401929,1.0,True
729,7.929944126587982,296.8472415291632,7124.420599073793,74.86276095150956,0.07004200761826201,0.929957992381738,0.3546369849586602,0.03716787992210221,0.03190000395020229,0.0009740854249941473,COMPLETE,7.929944126587982,239.55275544161944,296.8472415291632,1710.7426079688812,74.86276095150956,5889.229245909981,7124.420599073793,1.8996399660222372,85.06381980122458,56.228273036867606,4.976467312174098,35.15308840877379,1.0,True
730,12.72489180028106,281.6744455996433,12116.49221033803,188.41117749633167,0.07004200761826201,0.929957992381738,0.5400434659478441,0.018700970878893806,0.013641156111005156,0.037699811024541875,COMPLETE,11.481468466719525,251.92557711982403,312.17930472474757,2066.59656814209,170.00042335557202,8966.455388737852,10932.519146227723,2.8924755696613778,85.75908015536702,58.99900341565926,6.953665831833353,46.914932358967064,1.108298284071045,False
731,8.110502962641489,297.65005483143256,4340.345920664126,78.6369320178626,0.4812236474710556,0.5187763525289444,0.3639351238159993,0.12996626749590715,0.3347115973666798,0.016545131715466583,COMPLETE,8.110502962641489,240.20061774841776,297.65005483143256,1729.3764467323117,78.6369320178626,6036.476236498131,4340.345920664126,1.9481478218768578,50.623250666496666,15.363495676600499,5.056511697670777,41.17379252974704,1.0,True
732,8.863252819494583,300.974815105965,7599.5294117666435,95.54875207457842,0.12894384271660114,0.8710561572833988,0.40198829602125374,0.025639884751478013,0.045095897723672014,0.05820799810188175,COMPLETE,8.863252819494583,242.88366604236265,300.974815105965,1805.5385021113302,95.54875207457842,6672.5752323991255,7599.5294117666435,2.1527393378591517,80.13365288477483,25.259182765309454,-0.242172201372564,32.9148063195319,1.0,False
733,9.253867740348475,302.67242756664115,6062.595415665415,105.0813598019232,0.4911893084543032,0.5088106915456968,0.4225556872701355,0.16027978181914837,0.04538756684480529,0.2855216340954191,COMPLETE,9.253867740348475,244.25362232200374,302.67242756664115,1845.2931308155094,105.0813598019232,6999.676734223074,6062.595415665415,2.260290716068851,61.09342561419671,28.61638085799884,8.875452448662951,37.49476664117391,1.0,True
734,11.726447015714864,287.0778084727892,7465.161319902313,162.23872676047665,0.4911893084543032,0.5088106915456968,0.5077070546908058,0.14880238411517313,0.17544147398278415,0.16694527213500768,COMPLETE,10.87264586960457,249.86129005595637,309.62129649184794,2007.0548983844255,150.42614527983406,8415.070362541597,6921.623854352073,2.7166533233009638,57.97173692804108,46.136597129016735,12.999218399663592,20.466426909317228,1.0785274491922128,False
735,8.055639262640755,297.4041231826792,5120.906831346299,77.47761753097154,0.3925879806965068,0.6074120193034932,0.3612044566247643,0.04960012130109294,0.2643148502439619,0.07867272023994437,COMPLETE,8.055639262640755,240.0021533671903,297.4041231826792,1723.7934400467504,77.47761753097154,5990.302294376844,5120.906831346299,1.933370769783066,60.204477637770175,32.08249687994635,0.41428635634531163,55.471487609009,1.0,True
736,9.074890314804497,301.9021840303091,7536.02893711049,100.65188982702703,0.18727005942368125,0.8127299405763188,0.4128047970010131,0.12849528595526918,0.051574740307121086,0.007199749155846306,COMPLETE,9.074890314804497,243.63204349061917,301.9021840303091,1826.9017894748931,100.65188982702703,6853.606235375064,7536.02893711049,2.210934071849048,77.33908817498768,33.62979480950536,4.664389202470776,57.30337029651546,1.0,True
737,8.431780714362333,299.06218037512156,5342.624571081215,85.61432846902959,0.4812236474710556,0.5187763525289444,0.3805347417861211,0.10087676962170898,0.01133592834321044,0.36901033311074066,COMPLETE,8.431780714362333,241.34018894091935,299.06218037512156,1762.1683613870835,85.61432846902959,6300.34621461089,5342.624571081215,2.0349275507126054,59.851573802974954,38.27628332919001,14.237431513603845,25.687784646357137,1.0,True
738,9.03146829354637,301.71351611020674,8598.0041054508,99.59307081110438,0.004598525808314824,0.9954014741916852,0.41048819601432335,0.0005386097750540383,0.003523230315031376,0.0005366818647514333,COMPLETE,9.03146829354637,243.47979036577576,301.71351611020674,1822.4455414968038,99.59307081110438,6817.645496305476,8598.0041054508,2.1989800068078207,88.66422464728555,39.66734057502329,8.020756939040046,41.31834893038748,1.0,True
739,8.259408350720046,298.3138852166921,7759.894295321626,81.83255861131066,0.009110912825774864,0.9908890871742251,0.3711706242201289,0.004899706521581636,0.001671601960465721,0.0025395992920141854,COMPLETE,8.259408350720046,240.73632223101836,298.3138852166921,1744.2206850369228,81.83255861131066,6164.542548330623,7759.894295321626,1.988339590156505,88.50132693328624,25.09292627363105,5.630902227180528,70.03719601347045,1.0,True
740,7.995798659683256,297.1414166468147,7479.7613442513175,76.22740179566685,0.009110912825774864,0.9908890871742251,0.3579100923491756,0.0045364688354882455,0.004351964700817329,0.00022247053737723055,COMPLETE,7.995798659683256,239.79015181981302,297.1414166468147,1717.4180943271972,76.22740179566685,5944.362243895788,7479.7613442513175,1.917313774526105,88.4647627043358,39.9463483940936,19.12724657873433,41.20117822187973,1.0,True
741,8.473799385376457,299.2597345554175,5087.884471191706,86.55996529380154,0.4481679092605599,0.5518320907394401,0.3823674280979913,0.0073364841098429645,0.37438846505245926,0.06644239583681555,COMPLETE,8.473799385376457,241.49961318887637,299.2597345554175,1766.3484048646756,86.55996529380154,6340.018202427099,5087.884471191706,2.046419273808553,56.525313655039895,49.182879997252286,13.48763402167919,28.64713498316676,1.0,True
742,8.21144089784443,298.0969836886653,5923.916620686734,80.79335961687049,0.2882582377571268,0.7117417622428732,0.3690124911418303,0.002822801774960223,0.1890227158647776,0.0964124596548912,COMPLETE,8.21144089784443,240.56128486691603,298.0969836886653,1739.5877650711143,80.79335961687049,6120.846034171098,5923.916620686734,1.9753547729941983,68.15082852396824,53.65946702020247,8.109605241155347,31.34009392472933,1.0,True
743,9.514113664215147,301.328807947123,5960.074795184197,110.76181648122295,0.4632938125807472,0.5367061874192528,0.4322165662061618,0.17339665948522068,0.22581154385668767,0.0640852568898882,COMPLETE,9.445620340854276,244.93263615742111,303.5138429936196,1864.5026627980424,109.96442797189493,7168.386447231559,5917.167453038711,2.313540690227596,58.129100445513465,30.129708882191956,5.185774116878937,60.919408036608644,1.0072513313990212,False
744,8.545229348853967,299.5781983408983,8055.629646722268,88.17171047334405,0.009110912825774864,0.9908890871742251,0.38564537488042155,0.001117317458074103,0.003974923014440086,0.004018664359424662,COMPLETE,8.545229348853967,241.75661027912153,299.5781983408983,1773.233260614781,88.17171047334405,6404.865759244378,8055.629646722268,2.0658656814365997,88.42834568306363,39.240790626290924,7.805049384096412,39.84230325161745,1.0,True
745,8.338194423308707,298.65459130468264,5585.548580646461,83.54794440719729,0.43275356294699013,0.5672464370530099,0.3756042394981304,0.051723510310878316,0.17514812554475456,0.20588161104105446,COMPLETE,8.338194423308707,241.01126863696584,298.65459130468264,1752.5931034626383,83.54794440719729,6224.435854109708,5585.548580646461,2.009598816103305,63.26061795057413,51.41637115666205,8.606559833299702,41.29793311944036,1.0,True
746,8.435565196063056,299.0844378999771,5927.573382630469,85.70174170536714,0.4812236474710556,0.5187763525289444,0.3805347417861211,0.1783264604011688,0.08596304303984464,0.21693378166353877,COMPLETE,8.435565196063056,241.3581505409025,299.0844378999771,1762.446536287955,85.70174170536714,6306.219714397636,5927.573382630469,2.0359924144889847,66.26621186852176,49.79105073188293,1.509155822164566,50.74628897997941,1.0,True
747,14.55393019798906,272.9244066455309,10087.952345772053,240.9463461696349,0.44513189194545816,0.5548681080545419,0.5989225411121605,0.17280687446963744,0.14831461976730784,0.12401021954053763,COMPLETE,12.547285542808536,255.47066240732912,316.5722777324739,2169.8531902911272,207.72551226778074,9930.971145180714,8697.060993334737,3.2054633490352007,61.69356706944781,29.947700870573712,8.251471495456219,47.07892328320117,1.1599265951455635,False
748,8.591468522865505,299.7785087275477,6116.431344630526,89.22102317038708,0.3974056517708242,0.6025943482291758,0.3882465986995947,0.1715386412792925,0.16329147992671397,0.06257535207773082,COMPLETE,8.591468522865505,241.91825875804375,299.7785087275477,1778.1426804869407,89.22102317038708,6440.526866611717,6116.431344630526,2.078433105226165,66.86281951270145,57.14190081614842,6.514715224446704,36.625507336232026,1.0,True
749,8.805031941389798,300.7143218258901,6144.023290693661,94.16908708067282,0.40419867405823057,0.5958013259417694,0.3992797393792979,0.131878283225335,0.09793627257686555,0.17438364715094173,COMPLETE,8.805031941389798,242.67345057027507,300.7143218258901,1799.845232266623,94.16908708067282,6619.414681247417,6144.023290693661,2.1367474835985503,65.40584190586546,33.175727232077335,9.285704786899723,40.14383143671819,1.0,True
750,8.251161249660777,298.26813066153323,6034.644466291382,81.648812514104,0.3925879806965068,0.6074120193034932,0.3711706242201289,0.0964077129234271,0.07731399688378165,0.21886603724028517,COMPLETE,8.251161249660777,240.69939876255074,298.26813066153323,1743.6959379162975,81.648812514104,6151.911318317357,6034.644466291382,1.9860495518862058,69.14587979082597,55.816727948318345,8.58033010697579,40.81556074149059,1.0,True
751,9.019309860078234,301.64843116908474,6194.100183953403,99.28991214695435,0.40419867405823057,0.5958013259417694,0.41048819601432335,0.01365815617649985,0.06898530523947548,0.32155487844556785,COMPLETE,9.019309860078234,243.4272674691397,301.64843116908474,1821.646354423815,99.28991214695435,6798.704190698574,6194.100183953403,2.195545953696313,64.27638111219252,32.78734507783972,5.7131471412331525,31.86709300732167,1.0,True
752,7.966598678423114,297.00374974350814,6402.341094971736,75.616947496061,0.21260675223461672,0.7873932477653833,0.3567407924960352,0.00835803389403222,0.007474766473573009,0.19677374735717837,COMPLETE,7.966598678423114,239.67905600551364,297.00374974350814,1714.6566656923994,75.616947496061,5915.989753950812,6402.341094971736,1.9094268508192247,76.24029136983172,30.960715085692605,1.9512263443316047,29.271176748476165,1.0,True
753,8.25595598740921,298.2941873355205,6211.590762504808,81.75531821977512,0.3749802351995889,0.6250197648004111,0.3711706242201289,0.31152481033913026,0.003531744140673582,0.05992335953033678,COMPLETE,8.25595598740921,240.72042623789173,298.2941873355205,1743.9909518328259,81.75531821977512,6159.234509532978,6211.590762504808,1.9873772442904196,70.98268192658487,40.43335147842746,4.08220245972368,45.08635738565057,1.0,True
754,8.945356360019835,301.3359912555023,8158.130831297228,97.51072287132327,0.06844281503440364,0.9315571849655964,0.406113124567257,0.03264376750071558,0.01887920685031441,0.016919807026877186,COMPLETE,8.945356360019835,243.1751315832778,301.3359912555023,1813.7783354367425,97.51072287132327,6743.577286684005,8158.130831297228,2.175288209907134,85.07552247199982,37.74519827202108,4.098000795210401,49.57554965411412,1.0,True
755,9.026438173292066,301.6900208872196,5792.173417820752,99.46978821996917,0.45000932092405255,0.5499906790759475,0.41048819601432335,0.15997627045335278,0.28218743127367546,0.007845310558940968,COMPLETE,9.026438173292066,243.46082995577734,301.6900208872196,1822.2017044520053,99.46978821996917,6809.946214077704,5792.173417820752,2.197584129214197,59.87119817004754,55.34307620118953,5.780740983918696,46.51010629423344,1.0,True
756,7.922837241091901,296.8086583478702,5098.135314522836,74.71299671830774,0.4812236474710556,0.5187763525289444,0.3546369849586602,0.1206150189503002,0.2141856909595272,0.1464226924666832,COMPLETE,7.922837241091901,239.52161920014777,296.8086583478702,1710.33041135034,74.71299671830774,5878.478200392068,5098.135314522836,1.8976908046455634,61.116084035530285,29.435827024620977,19.287323306186888,49.10633239944373,1.0,True
757,12.421462797401656,283.2695052332731,10902.619148786427,180.2731287108743,0.12894384271660114,0.8710561572833988,0.530155058130096,0.027078609002613132,0.09841790244465638,0.003447195655087673,COMPLETE,11.298741767053377,251.3105016812277,311.4171200154001,2048.733815409798,163.9790387062157,8802.16164818852,9917.179671659716,2.8394924618448254,79.24098696515871,19.411267823751064,10.154012808488181,45.22696600621328,1.0993669077048989,False
758,8.11481981844134,297.6704031157158,7400.13754045245,78.72909423374867,0.04972069637967258,0.9502793036203274,0.3639351238159993,0.009488514245182015,0.00862953816037944,0.031602596454030414,COMPLETE,8.11481981844134,240.2170386103515,297.6704031157158,1729.5604095706544,78.72909423374867,6042.930542467419,7400.13754045245,1.949317985642569,86.1254806393473,32.84263078506234,-0.893775044285646,38.65957022243866,1.0,True
759,8.86721161674118,300.9857790236322,5303.322949786393,95.63881309192618,0.4812236474710556,0.5187763525289444,0.40261138358703485,0.0390145517521528,0.2224265084089904,0.2197819935591957,COMPLETE,8.86721161674118,242.8925138142809,300.9857790236322,1806.2796035860356,95.63881309192618,6670.249324400447,5303.322949786393,2.153779320113459,56.064419575988225,37.47067323755897,7.767463089549688,29.916682098250114,1.0,True
760,8.253540763021212,298.2854910436817,4900.69593195415,81.70402472363318,0.4572059729624799,0.5427940270375201,0.3711706242201289,0.04704430503631549,0.3809002858227559,0.029260230992621473,COMPLETE,8.253540763021212,240.7134084173407,298.2854910436817,1743.95140480191,81.70402472363318,6155.708217454943,4900.69593195415,1.9867379285782945,56.059550032589755,60.6469597619274,9.944745830558679,34.934290864518985,1.0,True
761,8.812842498925498,300.7558413065588,8367.49126817428,94.35750689061008,0.004598525808314824,0.9954014741916852,0.3992797393792979,0.0017210871202373154,0.00224134271609641,0.0006360924746632,COMPLETE,8.812842498925498,242.7069563759799,300.7558413065588,1800.3384452575233,94.35750689061008,6631.497968096801,8367.49126817428,2.1389381799350926,88.70912903609654,44.7103612144826,0.8593003628923994,60.06759488830282,1.0,True
762,8.2097428047103,298.0865573871556,5903.9258797827315,80.7552620910232,0.36112628419653314,0.6388737158034669,0.3690124911418303,0.0726636152457904,0.12592434280680706,0.16253815262738916,COMPLETE,8.2097428047103,240.5528709458607,298.0865573871556,1739.4552706367867,80.7552620910232,6118.211878781637,5903.9258797827315,1.9748772014001852,67.98986121919773,50.46307439516552,13.79988796138534,34.56272574734549,1.0,True
763,8.343359418556151,298.6827176668475,5799.687498477472,83.66429273979502,0.3749802351995889,0.6250197648004111,0.3756042394981304,0.2199257558091373,0.11275043060917606,0.042303822032619114,COMPLETE,8.343359418556151,241.0339663299693,298.6827176668475,1752.9153631015718,83.66429273979502,6232.346496164281,5799.687498477472,2.011033013171095,65.49921065455796,32.4845178504879,9.085250729851122,38.84366946785461,1.0,True
764,8.286047815541023,298.4298608272923,5203.01659372125,82.41065786390446,0.4490271447203569,0.5509728552796431,0.37275899843259913,0.1413606278554657,0.2927030747042836,0.014962853515149158,COMPLETE,8.286047815541023,240.8299133890166,298.4298608272923,1747.18822267276,82.41065786390446,6183.640776970266,5203.01659372125,1.9955281777539948,59.233021472374844,55.43098968138251,6.296640766445812,29.408569098745396,1.0,False
765,8.59353913025896,299.7879149323486,6997.528434987626,89.26843597210348,0.19156926412474873,0.8084307358752513,0.3882465986995947,0.1124467828676176,0.0031517538245240204,0.07597051073777915,COMPLETE,8.59353913025896,241.92584947125602,299.7879149323486,1778.2285814840893,89.26843597210348,6443.649589990789,6997.528434987626,2.078999254052378,76.42193836645312,19.56764626474526,9.04835046118465,28.66810414507586,1.0,True
766,8.988263874086837,301.5225674646297,5988.33599714731,98.54407131130432,0.3974056517708242,0.6025943482291758,0.40857289633941335,0.04654677990900015,0.30447836938352857,0.04638016945984771,COMPLETE,8.988263874086837,243.3256967182815,301.5225674646297,1818.3829703805047,98.54407131130432,6776.766027902012,5988.33599714731,2.1870755694499397,62.21920922933272,61.972483560276444,11.651737515972451,44.74085277477465,1.0,True
767,13.701362638547078,276.8376182085438,13409.998888841441,215.72560929794054,0.023482983387527523,0.9765170166124725,0.5714100849279111,0.007472884128189531,0.014870775210225114,0.0011392791084541432,COMPLETE,12.057940135741404,253.85393213621148,314.56886967150956,2122.5876035715823,189.8502033179339,9489.89048589812,11801.524278110453,3.0609555169209988,87.43511757865676,52.46306097200066,5.537824311882826,38.464792399419416,1.136293801785791,False
768,8.332087876123216,298.6359434190016,7860.344254174486,83.41847083190291,0.004598525808314824,0.9954014741916852,0.37483960037753794,0.0008328603825339391,0.0012072693056717793,0.0025583910310156823,COMPLETE,8.332087876123216,240.9962199797001,298.6359434190016,1751.6011590012015,83.41847083190291,6225.5202116009095,7860.344254174486,2.008001682684383,88.7681609788702,25.973002644115383,1.7725024769219462,59.42851855188019,1.0,True
769,8.43693366955952,299.09091525295423,6327.697990774955,85.73248548791747,0.3015760547331941,0.698423945266806,0.3805347417861211,0.06321804499138653,0.0071040659877156615,0.2312535574678142,COMPLETE,8.43693366955952,241.36337769998156,299.09091525295423,1762.511263822792,85.73248548791747,6308.284766998801,6327.697990774955,2.0363668079155857,70.69625139430656,20.609876736685788,14.559365117609207,30.243341463887475,1.0,True
770,9.274890348268329,302.76530962359305,6416.306972591759,105.61071007304122,0.3925879806965068,0.6074120193034932,0.42360473290439626,0.02937349334748166,0.09205411382080186,0.2711600840530412,COMPLETE,9.274890348268329,244.32857721314335,302.76530962359305,1847.4054758930356,105.61071007304122,7018.260024198605,6416.306972591759,2.2661207626003166,64.47329571023337,43.692043199169305,11.738861572714741,29.11850566735152,1.0,True
771,10.22411082415604,296.4005162426047,8259.12611022603,126.31743366536435,0.21260675223461672,0.7873932477653833,0.45670181493948475,0.07042557833110916,0.08995481155864034,0.052226181439725274,COMPLETE,9.917819599451168,246.57920769440486,305.5542295374228,1911.7658390805623,122.53324918963173,7579.577068476536,8011.701381092977,2.4455280988887083,74.3822072796373,27.39526692755964,5.880404925042685,34.117690660635205,1.030882919540281,False
772,8.339070304530628,298.6574718741425,6422.551595858266,83.56663680635495,0.35952295259212275,0.6404770474078773,0.3756042394981304,0.10282336317801515,0.022963784298773774,0.23373517682551204,COMPLETE,8.339070304530628,241.01359322771427,298.6574718741425,1752.600787580595,83.56663680635495,6225.707131250747,6422.551595858266,2.009829298273456,72.71774158110192,26.458970329115928,2.5494795818657905,55.026982614534525,1.0,False
773,9.073956510135677,301.8947452913302,6793.40562199897,100.62685128922882,0.3749802351995889,0.6250197648004111,0.41297167792867573,0.1585227707133569,0.11861212356387486,0.0978451774816308,COMPLETE,9.073956510135677,243.62604050265057,301.8947452913302,1826.9704153791072,100.62685128922882,6849.8916519754375,6793.40562199897,2.210652096257604,69.8389307781161,52.09851557775292,20.77580703231833,34.84839207808365,1.0,False
774,8.115710128738556,297.6753866993457,7610.704301464076,78.74851583268155,0.009110912825774864,0.9908890871742251,0.3639351238159993,0.0018200897302566457,0.0027083584905157024,0.00458245548968597,COMPLETE,8.115710128738556,240.22106031250502,297.6753866993457,1729.6177155457951,78.74851583268155,6044.290206414311,7610.704301464076,1.9495644923145126,88.52845022091604,41.843706828956115,6.992730920467778,52.54495758883883,1.0,True
775,8.507799043122516,299.4087590567549,6536.166471255271,87.32349041334147,0.28538915233445594,0.7146108476655441,0.38397141375222654,0.10640181813225631,0.0836749283820933,0.09531223754422939,COMPLETE,8.507799043122516,241.61987447121064,299.4087590567549,1769.6172273651005,87.32349041334147,6370.1967213252,6536.166471255271,2.0556533368255483,72.23842650654461,21.843133516182874,4.204485705547505,62.015717848513006,1.0,True
776,9.235686312172284,302.59858782006285,6055.8930248111565,104.62920284839898,0.4490271447203569,0.5509728552796431,0.4214548343140179,0.09736041634299607,0.20159568934018612,0.15007063361476128,COMPLETE,9.235686312172284,244.19403438491253,302.59858782006285,1843.414152160908,104.62920284839898,6986.390548548871,6055.8930248111565,2.2552995008828645,61.08258778553786,59.617824131602845,4.769775198109121,34.476192079608836,1.0,True
777,8.592282634648855,299.78187514515844,6814.604046335909,89.23947022962562,0.23802520109954983,0.7619747989004502,0.3882465986995947,0.06492974239482402,0.08144136591515748,0.09165399495536096,COMPLETE,8.592282634648855,241.9209754233914,299.78187514515844,1778.169899496552,89.23947022962562,6441.741931258532,6814.604046335909,2.0786533960877183,74.47089746272529,26.239054497478925,10.709286508571525,43.754828139332695,1.0,True
778,8.507848022025945,299.4093416100389,6635.90447641587,87.32480246050744,0.28538915233445594,0.7146108476655441,0.38397141375222654,0.09190210683347862,0.10647524644496856,0.08701165371161626,COMPLETE,8.507848022025945,241.6203445858853,299.4093416100389,1769.6279700138975,87.32480246050744,6370.284057047766,6635.90447641587,2.0556691707662513,73.33705908568302,34.50990572998947,4.224409445784634,69.7567696540113,1.0,True
779,7.9298290650314485,296.8462125390199,7094.665307368997,74.86013591534652,0.10747018929537838,0.8925298107046216,0.3546369849586602,0.0968895404735044,0.00582895385751709,0.0047515080378709475,COMPLETE,7.9298290650314485,239.5519250568637,296.8462125390199,1710.727239176516,74.86013591534652,5889.040894129942,7094.665307368997,1.899605817900153,84.71589561171375,53.02699128405402,4.643640429011983,21.62273259705482,1.0,True
780,8.812836703994796,300.7558251245471,8364.498430846343,94.35737595939771,0.004598525808314824,0.9954014741916852,0.3992797393792979,0.0018080501088908144,0.0018269060136141715,0.0009635660117796666,COMPLETE,8.812836703994796,242.70694331725826,300.7558251245471,1800.3379552530555,94.35737595939771,6631.489575615532,8364.498430846343,2.1389366583807177,88.67770906627827,29.220727940701842,4.894912746648972,24.306197895208708,1.0,True
781,9.180737117640925,302.3642506205249,6656.189692617729,103.26217924587927,0.2975389653501274,0.7024610346498725,0.4183805487625825,0.037618999266526676,0.24607870999681022,0.01384098694205561,COMPLETE,9.180737117640925,244.0049266082574,302.3642506205249,1837.7329605674106,103.26217924587927,6942.581277879141,6656.189692617729,2.2401450865996786,67.47066564063263,49.51982560373638,10.26876813960816,35.431119674098,1.0,True
782,8.24966155509446,298.26151456504095,5233.456605513034,81.61633569756091,0.44513189194545816,0.5548681080545419,0.3711706242201289,0.009485302833357351,0.2123332421169693,0.22331311490254557,COMPLETE,8.24966155509446,240.6940596388424,298.26151456504095,1743.6412515868503,81.61633569756091,6149.677329327136,5233.456605513034,1.9856445303421715,60.00662688159248,38.93888575083754,12.127855211981869,33.821303417439744,1.0,True
783,8.54533035748009,299.57881389641307,8087.838793844524,88.17409691107736,0.004598525808314824,0.9954014741916852,0.38564537488042155,0.0020680301419611045,0.0008300547115484981,0.0017004363839618977,COMPLETE,8.54533035748009,241.75710702626637,299.57881389641307,1773.2391915813478,88.17409691107736,6405.023864143547,8087.838793844524,2.065894345808117,88.77680498188239,36.350082182010276,18.5742373141739,55.39773293374307,1.0,True
784,8.648481216552447,300.0271569000079,5821.825347147373,90.52586425673843,0.40419867405823057,0.5958013259417694,0.39125628324379796,0.11858520295271756,0.1425897324178717,0.14302349978097992,COMPLETE,8.648481216552447,242.1189153467374,300.0271569000079,1783.9864597348073,90.52586425673843,6487.2314325623465,5821.825347147373,2.0939608915483103,63.226132985560604,28.11767460178342,-1.8809903321660932,49.328133747548215,1.0,True
785,8.061489926845553,297.43431281805056,7570.389857336744,77.60278307823184,0.004598525808314824,0.9954014741916852,0.3612044566247643,0.0019600303576978464,0.0023713352410324124,0.00026715622672444597,COMPLETE,8.061489926845553,240.02651610103862,297.43431281805056,1724.099434157196,77.60278307823184,5999.130615110787,7570.389857336744,1.9349713417243548,88.71831804732064,47.091837562487086,7.559574241168459,60.6344727391865,1.0,False
786,8.545342031807493,299.5788368707574,8083.4991670461595,88.1743450764488,0.004598525808314824,0.9954014741916852,0.38564537488042155,0.0022641765270705405,0.0011607866366681629,0.0011735603101565636,COMPLETE,8.545342031807493,241.75712556633255,299.5788368707574,1773.2400025154566,88.1743450764488,6405.040305333195,8083.4991670461595,2.0658973265909433,88.7285789971449,43.28554338151889,6.080023643253066,26.519456335440942,1.0,True
787,8.395153625800383,298.90979065576994,5445.482349713998,84.8060191946455,0.4812236474710556,0.5187763525289444,0.3783328882267785,0.25706870945346016,0.13037891900697324,0.09377575152893568,COMPLETE,8.395153625800383,241.21721196129977,298.90979065576994,1758.2537406774097,84.8060191946455,6274.38486256686,5445.482349713998,2.025055551602365,61.12604517464077,40.50693916958645,8.482059887697764,35.836255124509236,1.0,True
788,8.347226316299938,298.70313003621453,7874.207042669442,83.75111100081492,0.004598525808314824,0.9954014741916852,0.3756042394981304,0.0013329731802659514,0.0015010769300570924,0.0017644729893369383,COMPLETE,8.347226316299938,241.05043890792476,298.70313003621453,1753.1381040165493,83.75111100081492,6238.245866155372,7874.207042669442,2.01210256720788,88.74273753694649,59.154722318189684,6.121799788592243,35.15313863576966,1.0,True
789,8.463476142899493,299.20734712111533,5659.574976640295,86.3248999378822,0.44513189194545816,0.5548681080545419,0.38197947594013154,0.10454380108297599,0.09946417255344694,0.2411236055320363,COMPLETE,8.463476142899493,241.45733705326887,299.20734712111533,1765.302959423409,86.3248999378822,6329.313356762862,5659.574976640295,2.043568411678383,63.049727560364666,40.05770790107683,4.875215733080319,36.81091634782247,1.0,False
790,8.340279422210061,298.6645206044223,6482.7039445266455,83.59412211630986,0.28538915233445594,0.7146108476655441,0.3756042394981304,0.039063944821598244,0.046780236571077306,0.1995447322462333,COMPLETE,8.340279422210061,241.01928148256275,298.6645206044223,1752.6890939420468,83.59412211630986,6227.576165908805,6482.7039445266455,2.0101681537048726,73.34946741326644,61.13462734108168,8.445720433115163,34.30295074022342,1.0,True
791,9.173617174998544,302.32294893319164,6571.558610437375,103.07855281290784,0.4632938125807472,0.5367061874192528,0.4183805487625825,0.15790086811641707,0.02410877496085768,0.2812838486425899,COMPLETE,9.173617174998544,243.97159655959632,302.32294893319164,1837.1722804835576,103.07855281290784,6931.3123230117535,6571.558610437375,2.2381020284109283,66.86811748301143,48.75964466857802,-2.547312932991956,40.34317511696562,1.0,True
792,11.468829272202287,288.61334625512615,11143.651961074602,155.81170175310052,0.013266101936909858,0.9867338980630902,0.49864739486185955,0.00484023462227746,0.0021994627940769827,0.006226397873604908,COMPLETE,10.713787396634693,249.32201433523832,308.953040725707,1990.9477055340412,145.55395384048825,8281.492185744837,10410.01789279567,2.6711830548884503,88.38023048379468,58.70834729313935,3.328168271746574,42.458969442239216,1.0704738527670206,False
793,9.236172342059971,302.6020648845278,5555.833932426647,104.64228904816068,0.4812236474710556,0.5187763525289444,0.4214548343140179,0.10955559301976155,0.26250382303726044,0.10916344759969446,COMPLETE,9.236172342059971,244.1968403411651,302.6020648845278,1843.4690859791408,104.64228904816068,6987.188133381941,5555.833932426647,2.2554441027775036,56.020984396389096,23.677522464128828,10.787802892814552,39.737953590343245,1.0,False
794,8.254258940346675,298.2853108504932,6379.631643789179,81.71779695941662,0.344201198213868,0.655798801786132,0.3711706242201289,0.1681798921627081,0.05737687271917402,0.11864425993453899,COMPLETE,8.254258940346675,240.7132630032395,298.2853108504932,1743.8951612062742,81.71779695941662,6156.655128132944,6379.631643789179,1.9869096032045102,72.97258992060395,56.3076629500283,1.6563543097683584,41.86040307372024,1.0,False
795,8.594488244657617,299.7936390359891,7039.950422074074,89.29099444855554,0.2174136693018731,0.7825863306981269,0.3882465986995947,0.15515168683847222,0.03977824556910399,0.022483575457944122,COMPLETE,8.594488244657617,241.93046876565285,299.7936390359891,1778.3040805377102,89.29099444855554,6445.135062783521,7039.950422074074,2.0792685698309104,76.83951850435129,37.27293462353161,8.510292063036532,45.905960068748996,1.0,False
796,8.208417771645356,298.07987931768645,5401.033935078778,80.72631204411653,0.47022929217645715,0.5297707078235429,0.3690124911418303,0.11606969572660832,0.1834217979771043,0.17073757454248073,COMPLETE,8.208417771645356,240.5474818105798,298.07987931768645,1739.3863897240553,80.72631204411653,6116.209797297505,5401.033935078778,1.9745142246185017,62.23935871756939,26.07432998943827,10.615029339829247,58.89775663226382,1.0,True
797,13.282212189031846,278.83378265254805,8987.29173928761,203.76923648184064,0.3997079394844896,0.6002920605155104,0.558408941256328,0.15316624127389483,0.1084459058064734,0.13809542119791812,COMPLETE,11.811600007319415,253.03187057207688,313.5501934002613,2099.011510853927,181.2078199675123,9259.633263420512,7992.214976147655,2.9887112443011885,60.803248677096356,18.989247639774263,3.7691451954034005,28.65407201734721,1.1245057554269635,False
798,8.37181654881532,298.8070836761237,6275.561520024533,84.29024628251777,0.28538915233445594,0.7146108476655441,0.37708693101632246,0.12073012746705568,0.05196238199554312,0.11269645193557026,COMPLETE,8.37181654881532,241.13432845579504,298.8070836761237,1755.8150018708907,84.29024628251777,6255.629377052583,6275.561520024533,2.0187323614536936,70.6355585084404,21.33332718586682,10.741811076542717,33.87379340061176,1.0,True
799,8.946191899648529,301.34036695866183,8491.93659795412,97.5312526018816,0.009110912825774864,0.9908890871742251,0.406113124567257,0.0041496754104336,0.0023999245930642643,0.002561308543863494,COMPLETE,8.946191899648529,243.17866273197052,301.34036695866183,1813.8293982746786,97.5312526018816,6744.872229736912,8491.93659795412,2.1755229827001163,88.51735496069251,33.428317647673204,18.421278539509363,55.78299450925589,1.0,False
800,8.212057087158726,298.1010371775692,5212.313328563471,80.80732965702484,0.3974056517708242,0.6025943482291758,0.3690124911418303,0.13104328050479613,0.231151573958631,0.03521054448898331,COMPLETE,8.212057087158726,240.56455599192657,298.1010371775692,1739.641824719788,80.80732965702484,6121.811804958584,5212.313328563471,1.9755298669526926,59.93790159329021,39.66537090657454,-0.1878774279430777,30.369256170069256,1.0,True
801,15.397996750024479,269.370845919285,13568.710374385664,267.2378692544889,0.1804869484700134,0.8195130515299867,0.6251940726386729,0.014002021535945375,0.04861968443519132,0.117865089608458,COMPLETE,13.023053563297955,257.02190610675524,318.49453661972916,2214.7290821900133,226.0198610210313,10372.878554742514,11475.911110983981,3.3472100501692115,77.88833536493092,52.95617726637468,11.333141698299386,30.266132508468132,1.1823645410950068,False
802,8.867379167718509,300.9851666771186,6260.85765157629,95.64195866726266,0.3925879806965068,0.6074120193034932,0.40261138358703485,0.018733074364119445,0.10679944111743225,0.26705518012193646,COMPLETE,8.867379167718509,242.89201965676799,300.9851666771186,1806.2497361613323,95.64195866726266,6670.449628069543,6260.85765157629,2.153815635109499,66.19076104028606,18.831566608211265,6.302706040875309,41.126658602165136,1.0,False
803,8.115672008850973,297.67513546295703,7615.485876581841,78.74766467482716,0.009110912825774864,0.9908890871742251,0.3639351238159993,0.0014138236759684254,0.0009687672443315545,0.006728314824807305,COMPLETE,8.115672008850973,240.22085756725173,297.67513546295703,1729.6146412757269,78.74766467482716,6044.230622126435,7615.485876581841,1.9495536897007215,88.58636659626093,50.509064845008126,12.727304159639624,45.94579176917924,1.0,True
804,8.780524908471126,300.60260928725364,6273.559458133348,93.59064161183146,0.47022929217645715,0.5297707078235429,0.3982424154252496,0.04277422058869676,0.13405089153298014,0.2934037585157026,COMPLETE,8.780524908471126,242.5832996687208,300.60260928725364,1797.5218001795033,93.59064161183146,6595.667404776503,6273.559458133348,2.1300087051203183,67.10252210439693,49.35951239540218,8.289316489538642,56.7532154481049,1.0,True
805,7.9213000035419325,296.7996057923011,5291.1587492630415,74.68027906078792,0.4812236474710556,0.5187763525289444,0.3546369849586602,0.0794401855360971,0.19034493658624307,0.21143795699474272,COMPLETE,7.9213000035419325,239.51431387832906,296.7996057923011,1710.2222079327348,74.68027906078792,5876.128117838309,5291.1587492630415,1.8972647353727514,63.48780801189455,38.709194499758894,8.884014354412402,59.05386619765882,1.0,True
806,9.2799100325865,302.79165464769204,7414.011937711419,105.74017864919102,0.22300288647897787,0.7769971135210221,0.42360473290439626,0.016685110407196294,0.05228976459718152,0.1540278470431749,COMPLETE,9.2799100325865,244.34983738414098,302.79165464769204,1847.73160610693,105.74017864919102,7026.113014387946,7414.011937711419,2.2675445074019698,74.3172619747998,16.289600487706217,10.101067104404075,27.58707699396147,1.0,True
807,11.879996713736366,286.226927350598,8645.8540771815,166.15577336453134,0.3749802351995889,0.6250197648004111,0.5125702842135075,0.23845819093251527,0.0455160479033076,0.09100575050773071,COMPLETE,10.968076151324066,250.186864873262,310.02473992647,2016.2863294949339,153.4014881617891,8503.359892462184,7982.18957435536,2.7440685859909615,66.09242130839257,34.6742845040619,1.591067581457644,22.42149061173955,1.083143164747467,False
808,8.946194597824768,301.3403828215955,8499.110899381905,97.53131999589394,0.009110912825774864,0.9908890871742251,0.406113124567257,0.0035590952089454213,0.0033550298460423237,0.0021967841012757697,COMPLETE,8.946194597824768,243.17867553319934,301.3403828215955,1813.8298771261798,97.53131999589394,6744.876480494934,8499.110899381905,2.17552375336129,88.5919319679964,62.83527462835521,14.06095247400255,59.071361342405055,1.0,True
809,8.259403821041051,298.3138816570173,7759.967138529018,81.83246916340732,0.009110912825774864,0.9908890871742251,0.3711706242201289,0.004660433234805649,0.0017665794244915403,0.0026838948277349453,COMPLETE,8.259403821041051,240.7363193583964,298.3138816570173,1744.2204455602837,81.83246916340732,6164.536402791614,7759.967138529018,1.988338475972098,88.5023711854846,50.53097917792984,2.705332714354346,25.929848399129984,1.0,True
810,8.061489926845553,297.43431281805056,7563.444628304416,77.60278307823184,0.004598525808314824,0.9954014741916852,0.3612044566247643,0.0019600303576978464,0.0023713352410324124,0.00026715622672444597,COMPLETE,8.061489926845553,240.02651610103862,297.43431281805056,1724.099434157196,77.60278307823184,5999.130615110787,7563.444628304416,1.9349713417243548,88.6369260648979,15.436180970604465,4.0093909235782785,18.495206805453886,1.0,True
811,8.539541661388812,299.5479218912286,6144.556477329273,88.03991083570077,0.3661124432047806,0.6338875567952194,0.38564537488042155,0.13835791825858415,0.11455812250034032,0.11319609664162525,COMPLETE,8.539541661388812,241.73217748700256,299.5479218912286,1772.8885917265516,88.03991083570077,6396.1306049787345,6144.556477329273,2.0642820005484928,67.6573556314095,38.506696471872075,8.03173096122898,43.42994608660082,1.0,True
812,9.236172342059971,302.6020648845278,5512.794547855346,104.64228904816068,0.4812236474710556,0.5187763525289444,0.4214548343140179,0.10955559301976155,0.26250382303726044,0.10916344759969446,COMPLETE,9.236172342059971,244.1968403411651,302.6020648845278,1843.4690859791408,104.64228904816068,6987.188133381941,5512.794547855346,2.2554441027775036,55.58700657760898,32.42594799275935,13.185662652123801,21.019529355160433,1.0,True
813,12.948071107334298,280.5050609084265,9628.25751710104,194.48309610964117,0.40419867405823057,0.5958013259417694,0.5476350100132152,0.18603105841507026,0.0634670424819164,0.15470038135882228,COMPLETE,11.613902026869615,252.36886355972538,312.7286131918926,2079.753803222721,174.44356038639754,9080.647953653117,8636.16198630097,2.9309872560150763,67.00270899449119,41.598734226845,13.68777951518133,34.08952129475246,1.1148769016113607,False
814,8.732917544947673,300.3929439737437,5657.341203624055,92.47740689669719,0.4812236474710556,0.5187763525289444,0.3957617128742784,0.15600979386427,0.03692960148116585,0.28828387402792166,COMPLETE,8.732917544947673,242.4141018573714,300.3929439737437,1792.6355051093556,92.47740689669719,6555.915597708181,5657.341203624055,2.116982363252971,60.86824566556657,16.797344374203643,8.61870286410354,40.42461868938003,1.0,True
815,9.183310174357162,302.3749788291642,8441.704167389702,103.32579114270362,0.07004200761826201,0.929957992381738,0.4183805487625825,0.013992312426907048,0.020821060375973026,0.035228564739519824,COMPLETE,9.183310174357162,244.01358416534723,302.3749788291642,1837.8286828473908,103.32579114270362,6946.482793046106,8441.704167389702,2.2408524301469908,85.4754385738756,27.4011834184481,9.381115083417262,59.87016619624431,1.0,True
816,14.755030559737616,272.0784792499199,14763.472888135879,247.11801730805936,0.004598525808314824,0.9954014741916852,0.6047586954695958,0.0017307201488783678,0.0016324962883059741,0.0012353075867170692,COMPLETE,12.662550945551834,255.84754394143252,317.03929905132964,2180.498905502266,212.07306017146644,10044.200671613367,12669.79602803467,3.239682559452701,88.6830856634216,25.11271295715698,7.980924345009573,27.51326697615727,1.165249452751133,False
817,9.307143745679447,302.84792914417125,5830.188627337781,106.40562749466685,0.40372007758203127,0.5962799224179687,0.42490040265775575,0.036243508482922834,0.35349307871597696,0.013982938804087991,COMPLETE,9.305330244397284,244.44288014879936,302.90695070422106,1850.3897768772372,106.38489430872241,7048.384280913445,5829.052612375529,2.274621725676203,58.21913630476326,27.45608804708382,9.74674571372048,44.832914377530116,1.0001948884386187,True
818,9.175437239370012,302.3345156604101,6851.745872699028,103.12614508416641,0.4812236474710556,0.5187763525289444,0.4183805487625825,0.149865767938975,0.14904616867263384,0.18231140632620935,COMPLETE,9.175437239370012,243.98093079279434,302.3345156604101,1837.3412974057633,103.12614508416641,6934.233947636383,6851.745872699028,2.238631718092363,69.64680215377962,63.65661068525135,0.601253237224507,75.76371843180308,1.0,True
819,8.809964141648287,300.7401159934023,7804.744471693917,94.28778396291997,0.21260675223461672,0.7873932477653833,0.3992797393792979,0.139525989096428,0.010362649295228933,0.06271783032056669,COMPLETE,8.809964141648287,242.6942662055157,300.7401159934023,1800.1470511610455,94.28778396291997,6627.028036485012,7804.744471693917,2.138127782654237,82.87342491395513,64.32701456613545,-2.9404194408685833,60.93905244170156,1.0,True
820,8.067344500943419,297.4544494263564,4890.46312833775,77.7230188734499,0.4938340039983235,0.5061659960016764,0.36182804341055175,0.1981943693535923,0.192911995939089,0.10272743436255925,COMPLETE,8.067344500943419,240.04276614257537,297.4544494263564,1724.9870459651765,77.7230188734499,5999.536064891877,4890.46312833775,1.9365076894315525,57.421694624755716,29.918715119321092,0.9740536164745719,60.330541534799835,1.0,True
821,8.856777580554159,300.9427108470619,5344.296595549874,95.39278288386018,0.47022929217645715,0.5297707078235429,0.40198829602125374,0.04277207121157323,0.27967786943736966,0.14777893000961873,COMPLETE,8.856777580554159,242.8577582264705,300.9427108470619,1805.185004007361,95.39278288386018,6662.634843697682,5344.296595549874,2.150937148323846,56.5318334299241,62.81762628565266,10.072898976959085,25.425474200899686,1.0,True
822,8.86968951113016,300.99820628551,6373.812284536459,95.69865941428382,0.35278758625784423,0.6472124137421558,0.40261138358703485,0.024581276832052308,0.14014072525353335,0.18806521007720733,COMPLETE,8.86968951113016,242.90254249034368,300.99820628551,1806.4166008238399,95.69865941428382,6674.059662875439,6373.812284536459,2.154470133353449,67.30295364892211,32.752343609116686,11.354384935624031,38.2467691222814,1.0,True
823,9.070042466213165,301.87476197429584,6437.316116349809,100.52921892625695,0.4626241587078329,0.5373758412921671,0.41297167792867573,0.06714048134918754,0.20856471512966185,0.1869185904147622,COMPLETE,9.070042466213165,243.60991416563698,301.87476197429584,1826.738769292804,100.52921892625695,6843.825290272956,6437.316116349809,2.2095522666728713,66.30501552589682,57.66714775684477,13.403107017036469,62.868182189775474,1.0,True
824,8.685198592936125,300.1919034741896,7977.944163066362,91.37486085306554,0.10256982024100358,0.8974301797589964,0.39289750461585077,0.016803553784574484,0.0032207858343278072,0.08254539250130503,COMPLETE,8.685198592936125,242.25186418463628,300.1919034741896,1787.504648855031,91.37486085306554,6521.3991805470205,7977.944163066362,2.1040055499525563,86.08282162991335,30.537229354742195,15.675057567799506,68.13962099285098,1.0,False
825,9.02166783598913,301.6640664861981,5623.008287460938,99.35059752605842,0.4812236474710556,0.5187763525289444,0.41048819601432335,0.04695686708400886,0.26249682608059377,0.1717696673821516,COMPLETE,9.02166783598913,243.43988501369702,301.6640664861981,1821.8754455908665,99.35059752605842,6802.498057490137,5623.008287460938,2.1962337806249628,58.268356347804676,47.60009549241901,14.780440474587293,34.1917201147901,1.0,True
826,9.173027301235642,302.3229450138235,5777.859287443526,103.06562161722572,0.4812236474710556,0.5187763525289444,0.4183805487625825,0.006902151119681244,0.2385787070373326,0.23574215244625427,COMPLETE,9.173027301235642,243.97159339670546,302.3229450138235,1837.2119827638217,103.06562161722572,6930.518380973646,5777.859287443526,2.2379580869539404,58.79635205829177,39.007988727128776,6.074570949881776,45.84596310229548,1.0,True
827,8.91189792711654,301.1896882638362,6489.218271009776,96.70889304078017,0.28397261527631473,0.7160273847236853,0.40454749016213015,0.011719198452626043,0.26251901876332834,0.009734111307357109,COMPLETE,8.91189792711654,243.05706653203322,301.1896882638362,1810.5767013332347,96.70889304078017,6713.154168979787,6489.218271009776,2.1660997673978537,68.02396928921283,33.34171621625588,13.739956083359356,23.45585920335445,1.0,True
828,9.079686755977102,301.9241599111525,8624.686984158992,100.76999400046498,0.009110912825774864,0.9908890871742251,0.41297167792867573,0.0042776105091034715,0.002193023846185253,0.0026402740601685205,COMPLETE,9.079686755977102,243.64977780670097,301.9241599111525,1827.3179209233604,100.76999400046498,6858.780604078841,8624.686984158992,2.2122636606482664,88.4080888673874,27.099185983054735,2.2211594579248017,35.91727458845329,1.0,True
829,7.971242059533608,297.03074898375036,7123.652414725701,75.71636805918301,0.06844281503440364,0.9315571849655964,0.3567407924960352,0.002532451146390246,0.034758896650821186,0.031151405271523252,COMPLETE,7.971242059533608,239.70084412239672,297.03074898375036,1714.9720614276364,75.71636805918301,5923.086288154673,7123.652414725701,1.9107134503741579,84.5909093070934,47.066474378713025,5.158311554939154,43.4539575019131,1.0,True
830,8.646956821093962,300.01922235100426,5794.133049095345,90.49007367047844,0.47022929217645715,0.5297707078235429,0.39125628324379796,0.11606969572660832,0.1834217979771043,0.17073757454248073,COMPLETE,8.646956821093962,242.11251224503695,300.01922235100426,1783.8985425196618,90.49007367047844,6484.890268687871,5794.133049095345,2.093536439229418,62.973293746969794,36.42218996859115,13.045245121717638,53.490529040906736,1.0,True
831,8.396871634925848,298.92030381128455,5868.053121146422,84.84569653251613,0.4812236474710556,0.5187763525289444,0.3783328882267785,0.27730562873369086,0.19381056336172905,0.010107057759389528,COMPLETE,8.396871634925848,241.22569597266852,298.92030381128455,1758.3884787366896,84.84569653251613,6277.0635901843125,5868.053121146422,2.025541204128147,65.80057112126171,59.963277494673775,13.079746334584978,40.84878639038535,1.0,True
832,7.9264706952276915,296.82822908849573,6096.992386309094,74.78946612122316,0.28538915233445594,0.7146108476655441,0.3546369849586602,0.10316315133715402,0.10423902558588709,0.0779867657797632,COMPLETE,7.9264706952276915,239.53741259212515,296.82822908849573,1710.5352974114949,74.78946612122316,5883.96897975494,6096.992386309094,1.8986862813221446,72.94446269698356,64.49309275583217,4.136780573265419,27.918553345943067,1.0,True
833,8.10436870374074,297.61223867593714,5190.3969637426235,78.5014991030778,0.4812236474710556,0.5187763525289444,0.3639351238159993,0.06606655732848236,0.10521859496417443,0.3099381643059297,COMPLETE,8.10436870374074,240.1701004890945,297.61223867593714,1728.8988550505305,78.5014991030778,6026.98490333546,5190.3969637426235,1.9464270459780861,60.76209819055779,19.122295139040297,4.637331858246414,41.05196462243015,1.0,False
834,7.9957085423345795,297.1409251903538,7474.605503741119,76.22548003012162,0.009110912825774864,0.9908890871742251,0.3579100923491756,0.0018200897302566457,0.0027083584905157024,0.00458245548968597,COMPLETE,7.9957085423345795,239.7897552193636,297.1409251903538,1717.411709642879,76.22548003012162,5944.2255621820805,7474.605503741119,1.9172889941717837,88.40896702964098,26.064005358519637,9.95422463159,30.68644906814489,1.0,True
835,8.390801547438572,298.8862711187673,5421.355002439445,84.70727995915269,0.4812236474710556,0.5187763525289444,0.3783328882267785,0.054868912475977076,0.19134553193096965,0.2350088105050511,COMPLETE,8.390801547438572,241.198231930134,298.8862711187673,1757.9851917477008,84.70727995915269,6267.716049255039,5421.355002439445,2.0238464977188158,60.99794451486684,33.15471315320116,1.9515490088892027,53.4249094288632,1.0,False
836,8.810845967679876,300.74499416153407,7917.033588925039,94.30917824824314,0.10256982024100358,0.8974301797589964,0.3992797393792979,0.03995650260264861,0.007658578609129118,0.054954529490287195,COMPLETE,8.810845967679876,242.69820283841636,300.74499416153407,1800.2057078241476,94.30917824824314,6628.399793754602,7917.033588925039,2.1383764818420135,84.02705298774111,38.82986115335165,17.079365615853487,44.352228153986644,1.0,True
837,15.476776271343788,269.06638944537303,15577.885962952223,269.772019096439,0.004598525808314824,0.9954014741916852,0.6273188586129591,0.0017513022622642669,0.001058180752429216,0.0017890392349050644,COMPLETE,13.067585201774682,257.16553722481365,318.67252038416046,2218.727815027664,227.77798055559913,10418.869217975753,13152.955661788683,3.360532568645411,88.75463444172004,29.229819456834825,2.8271849926581614,60.583662450883025,1.184363907513832,False
838,8.401087348711304,298.94144127067756,7912.767972806327,84.94052377755702,0.009110912825774864,0.9908890871742251,0.3783328882267785,0.003094285486334811,0.002918674965836796,0.0030979491833217276,COMPLETE,8.401087348711304,241.2427536910241,298.94144127067756,1758.6086124121584,84.94052377755702,6283.463169688713,7912.767972806327,2.0267014460019395,88.53748216823085,37.333563098546804,12.589051021033317,62.50171013549611,1.0,True
839,8.655592807891768,300.0645431579163,8205.797165763915,90.6931651869392,0.004598525808314824,0.9954014741916852,0.39125628324379796,0.000556536857619917,0.0013175489419952587,0.0027244360269625487,COMPLETE,8.655592807891768,242.14908568300692,300.0645431579163,1784.4162139938026,90.6931651869392,6498.169083736847,8205.797165763915,2.0959438844754024,88.78135736801332,35.0495730390119,7.082499871594996,58.771625633875146,1.0,True
840,8.21571267888211,298.1192898085111,7346.72536998705,80.88717176327451,0.07004200761826201,0.929957992381738,0.3690124911418303,0.018040850649737407,0.034616554955017545,0.01738456535377662,COMPLETE,8.21571267888211,240.57928568257037,298.1192898085111,1739.8227528815794,80.88717176327451,6127.3298542468565,7346.72536998705,1.9765302876586943,84.32191629246029,25.21937037100367,1.8616323602525289,58.36947377984711,1.0,True
841,9.29967047810875,302.88279009404056,8890.888987276725,106.24217996248439,0.004598525808314824,0.9954014741916852,0.42431929685034725,0.0006699261443789974,0.00039982112231229394,0.003528774448120219,COMPLETE,9.29967047810875,244.4233827779898,302.88279009404056,1849.5100813106355,106.24217996248439,7047.272184062635,8890.888987276725,2.273056916979946,88.69897229128216,29.302567823864187,2.1381601693180596,23.91705338875581,1.0,True
842,8.397152556266104,298.92066171512147,6321.440769057586,84.85143179658832,0.28538915233445594,0.7146108476655441,0.3783328882267785,0.11470705794404118,0.09988121739193064,0.07080075873279408,COMPLETE,8.397152556266104,241.22598479748586,298.92066171512147,1758.3769217636095,84.85143179658832,6277.450743335056,6321.440769057586,2.0256113948800167,70.88429881208323,31.896077772051633,12.14373445518801,33.03753769702308,1.0,True
843,9.233632235428026,302.5873488722335,5902.203882864023,104.57623885150916,0.4812236474710556,0.5187763525289444,0.4214548343140179,0.08113284922969598,0.18522637455032145,0.2148638432269208,COMPLETE,9.233632235428026,244.18496466640372,302.5873488722335,1843.269538551222,104.57623885150916,6983.16197333659,5902.203882864023,2.2547141611505586,59.59393607959691,63.022371910745264,7.925600483152959,31.256915583595926,1.0,True
844,8.538128757245559,299.54091344510033,5538.5366932001125,88.00748219089445,0.40419867405823057,0.5958013259417694,0.38564537488042155,0.09303849937588754,0.17045604787936544,0.14070392116554753,COMPLETE,8.538128757245559,241.72652174106153,299.54091344510033,1772.81323365457,88.00748219089445,6393.980387012166,5538.5366932001125,2.0638921666663013,61.028135454192736,32.07933487544523,-0.7180095844403827,35.80176807919219,1.0,True
845,8.94615872115156,301.3400944399601,8465.787168810519,97.5303749824432,0.013266101936909858,0.9867338980630902,0.406113124567257,0.006761861748829101,0.003910657268545213,0.002593575947896134,COMPLETE,8.94615872115156,243.17844281210344,301.3400944399601,1813.8274627014837,97.5303749824432,6744.816875313788,8465.787168810519,2.175512946959555,88.24635473626363,42.935775890084855,18.005679876102214,23.93902459315424,1.0,True
846,8.40107565037826,298.9413110475025,7907.752584293133,84.94022088383002,0.009110912825774864,0.9908890871742251,0.3783328882267785,0.004546482670491932,0.00017347444150075603,0.004390951026251001,COMPLETE,8.40107565037826,241.24264860222405,298.9413110475025,1758.606928126033,84.94022088383002,6283.442733929901,7907.752584293133,2.026697741004903,88.48227229572937,27.135566835343035,9.64594906191811,37.43016956791619,1.0,True
847,8.808452715084485,300.7342529035519,6464.814447108304,94.25264872990309,0.2981349392410265,0.7018650607589735,0.3992797393792979,0.0651367517474674,0.1814908489853068,0.05150705531586501,COMPLETE,8.808452715084485,242.68953475063736,300.7342529035519,1800.1032154561426,94.25264872990309,6624.7749089453555,6464.814447108304,2.1377192912968423,68.6899944139074,23.08090543338384,14.264664202203218,39.99493087214846,1.0,True
848,9.174877311100287,302.3301553338797,5955.47103664064,103.11096874195151,0.4632938125807472,0.5367061874192528,0.4183805487625825,0.178830987638033,0.05225441484083834,0.23220797669584975,COMPLETE,9.174877311100287,243.9774120528876,302.3301553338797,1837.2681134064248,103.11096874195151,6933.302364059236,5955.47103664064,2.238462822265004,60.55947086109975,35.908846600351346,8.88642209951138,24.855230682195696,1.0,True
849,8.807160982947098,300.72775476847664,5738.818506776618,94.22171766717378,0.3925879806965068,0.6074120193034932,0.3992797393792979,0.10189591754153665,0.22592572176107242,0.06476609444394078,COMPLETE,8.807160982947098,242.68429082061297,300.72775476847664,1800.0318758183198,94.22171766717378,6622.791044668678,5738.818506776618,2.1373596172894893,61.01483157159466,32.71095796273405,7.359528534837901,28.865136564943306,1.0,True
850,7.97151975611998,297.031840035102,7294.37134030022,75.7220560113064,0.03847660081460458,0.9615233991853954,0.3567407924960352,0.0015125988725923994,0.0013527491613656776,0.03561121576938919,COMPLETE,7.97151975611998,239.70172458992698,297.031840035102,1714.9803367431791,75.7220560113064,5923.492150760091,7294.37134030022,1.9107870331446333,86.60672876207472,21.48408118197017,5.375564810673541,27.00768831709211,1.0,True
851,10.084668997167237,297.3320653242605,6036.352834931732,123.18671015849219,0.4812236474710556,0.5187763525289444,0.4519624891304198,0.2748368639967023,0.19911740079781692,0.007269096706967918,COMPLETE,9.825996937914828,246.26059496997757,305.15941333842744,1902.6505474990104,120.02696738476531,7498.7467709684715,5881.520205459758,2.419755852104083,55.2059569451993,24.380912792986358,10.505355497364667,24.718546206643875,1.0263252737495052,False
852,13.577226248464607,277.43015315098563,13468.156524992013,212.15945208772288,0.004598525808314824,0.9954014741916852,0.5674300314586285,0.0026084946225018646,0.0006380023970035502,0.0013520260993897513,COMPLETE,11.985625523317696,253.61338183399607,314.2707862972231,2115.584924549911,187.28889814613433,9424.231833451155,11889.341581549976,3.03971502236446,88.69480042959134,20.57751534016706,11.057773768542766,30.802130847329956,1.1327924622749557,False
853,7.972428779812099,297.0371544988225,7444.715074868563,75.741543855528,0.009110912825774864,0.9908890871742251,0.3567407924960352,0.0035590952089454213,0.0033550298460423237,0.0021967841012757697,COMPLETE,7.972428779812099,239.70601330900473,297.0371544988225,1715.0412109031718,75.741543855528,5924.882589065751,7444.715074868563,1.9110391191987317,88.34114214434747,22.944373387756343,5.859727893061494,21.352731099017785,1.0,True
854,8.290935403701804,298.45374881865763,7806.930144517515,82.51838917069429,0.004598525808314824,0.9954014741916852,0.37275899843259913,0.0008770284039100458,0.0030401380808957462,0.0006813556714398909,COMPLETE,8.290935403701804,240.8491907591685,298.45374881865763,1747.4215078819566,82.51838917069429,6191.014781616228,7806.930144517515,1.9968650826181196,88.65512779706644,25.08902059141762,7.249234972649337,27.203633123731443,1.0,True
855,8.227183471194062,298.16971168591914,7338.927766383374,81.13437442000857,0.06844281503440364,0.9315571849655964,0.3696069022396827,0.002532451146390246,0.034758896650821186,0.031151405271523252,COMPLETE,8.227183471194062,240.6199756334199,298.16971168591914,1740.9994569952387,81.13437442000857,6136.706596814323,7338.927766383374,1.9796246863703901,84.11361256791596,48.80704142296872,3.674037233398765,29.458171678891063,1.0,True
856,8.105569661044324,297.61945272244856,5089.87993362717,78.5279051495473,0.4812236474710556,0.5187763525289444,0.3639351238159993,0.08607415862739055,0.13708300234970863,0.2580660554200433,COMPLETE,8.105569661044324,240.1759221524888,297.61945272244856,1728.9886126554634,78.5279051495473,6028.836102901327,5089.87993362717,1.9467626679125565,59.54424889827334,43.68673334923055,9.266029040304765,31.817080304845533,1.0,True
857,8.87029582676744,301.0019847393783,6498.518790187372,95.71376416737252,0.35278758625784423,0.6472124137421558,0.40261138358703485,0.020525809371733324,0.17522362315318474,0.15703784135681323,COMPLETE,8.87029582676744,242.90559166483092,301.0019847393783,1806.469502803204,95.71376416737252,6675.02117955275,6498.518790187372,2.154644456043026,68.59547554520425,28.475237236065745,17.639866187621507,46.02435907618858,1.0,True
858,9.293254348996552,302.8488788584678,6841.207504280062,106.07607473292082,0.4938340039983235,0.5061659960016764,0.42431929685034725,0.34636178486162317,0.034879414476561885,0.11259244755294537,COMPLETE,9.293254348996552,244.39601674999494,302.8488788584678,1849.085612723891,106.07607473292082,7037.219374299284,6841.207504280062,2.2712343455393245,68.47133436259558,48.38713932872924,10.91904221239849,55.397365318485356,1.0,True
859,7.9202810918294,296.79442670701934,5241.1267018766,74.65900086006168,0.4812236474710556,0.5187763525289444,0.3546369849586602,0.006902151119681244,0.2385787070373326,0.23574215244625427,COMPLETE,7.9202810918294,239.51013440829755,296.79442670701934,1710.1708905817536,74.65900086006168,5874.5994528149095,5241.1267018766,1.8969875888555574,62.92098875974588,53.680767468436386,1.953149116973044,67.2821439202828,1.0,False
860,8.938981568943873,301.302770885131,5595.892093684355,97.3542801209621,0.4812236474710556,0.5187763525289444,0.406113124567257,0.225442937202456,0.13038273980766193,0.12539773802393675,COMPLETE,8.938981568943873,243.14832307659188,301.302770885131,1813.3867712766985,97.3542801209621,6733.705062072867,5595.892093684355,2.1734983785012654,58.54543003723468,23.894749678033264,12.528293832387947,42.11389879095309,1.0,True
861,9.235669916749686,302.5977961038818,6008.682079379037,104.62830654809272,0.39536158241948177,0.6046384175805182,0.4214548343140179,0.0665075993997363,0.15183691481094128,0.17701659238088305,COMPLETE,9.235669916749686,244.19339547787158,302.5977961038818,1843.394900709608,104.62830654809272,6986.3359185705785,6008.682079379037,2.2552895964839372,60.610982729968406,21.600377529756624,-1.6804698820479333,31.052096123788573,1.0,True
862,9.891354880991615,298.62841205351793,6954.948118197606,118.89500804858137,0.47022929217645715,0.5297707078235429,0.445625750879621,0.0517404875660172,0.16215043526493866,0.25633785944404414,COMPLETE,9.69749715971989,245.80765330336968,304.5981403776623,1889.9809802630198,116.56482016146242,7381.968820437595,6818.640159381179,2.3837190197468385,65.14684833746094,45.218153209826966,13.142405038562087,52.43727719666993,1.01999049013151,False
863,8.464820794424444,299.2158445765978,5728.759291262781,86.35643886958228,0.44513189194545816,0.5548681080545419,0.38197947594013154,0.0954472135296006,0.17873053029362185,0.17095386256065587,COMPLETE,8.464820794424444,241.4641944148687,299.2158445765978,1765.4190623712475,86.35643886958228,6331.4243492455125,5728.759291262781,2.043951133991927,63.76908655161277,26.632694513387552,10.511931230958615,57.91127604229467,1.0,True
864,8.983989759548377,301.4976453076516,6175.952036828573,98.4368123630027,0.44298887411809357,0.5570111258819064,0.40857289633941335,0.03866720418878071,0.18813141293168972,0.21618997345442603,COMPLETE,8.983989759548377,243.30558478682175,301.4976453076516,1818.0552201971766,98.4368123630027,6770.033047907299,6175.952036828573,2.185854882165736,64.31813478378491,28.675024964215993,14.063166408763788,50.43143787475842,1.0,True
865,8.721223013147144,300.3533552050997,8265.739440527885,92.21228404764005,0.004598525808314824,0.9954014741916852,0.39459881832593385,0.0036115423797714917,0.0008914588208567778,9.552084985290411e-05,COMPLETE,8.721223013147144,242.38215411696342,300.3533552050997,1791.061886817346,92.21228404764005,6553.788903662358,8265.739440527885,2.113868820461039,88.66882778369056,18.12364267376543,6.663399858999782,60.254965758987304,1.0,True
866,8.10436870374074,297.61223867593714,5100.836402214332,78.5014991030778,0.4812236474710556,0.5187763525289444,0.3639351238159993,0.06606655732848236,0.10521859496417443,0.3099381643059297,COMPLETE,8.10436870374074,240.1701004890945,297.61223867593714,1728.8988550505305,78.5014991030778,6026.98490333546,5100.836402214332,1.9464270459780861,59.713645120089836,46.41710905054025,7.96239702752753,30.614905287834254,1.0,True
867,8.941782236787816,301.31702332180396,6681.092037602623,97.42277614972438,0.3079315940911523,0.6920684059088478,0.406113124567257,0.1656007985831134,0.05649697963478509,0.0858336451349133,COMPLETE,8.941782236787816,243.1598246504626,301.31702332180396,1813.5497913893914,97.42277614972438,6738.028413069804,6681.092037602623,2.1742822007599463,69.80318876027508,22.011158878871043,14.425733910794811,42.93775284006798,1.0,True
868,8.65562357516733,300.0649101662868,8196.494964489864,90.69401041398255,0.004598525808314824,0.9954014741916852,0.39125628324379796,0.0005546740487206943,0.003303473411882087,0.0007403743793023897,COMPLETE,8.65562357516733,242.14938185509175,300.0649101662868,1784.4192035572264,90.69401041398255,6498.224317261619,8196.494964489864,2.0959538982971284,88.67869438510509,30.261030719155215,10.153587771501275,48.59984090375675,1.0,True
869,8.915730379633127,301.20698517078114,8472.110656465153,96.80087683562517,0.004598525808314824,0.9954014741916852,0.40454749016213015,0.0005386097750540383,0.003523230315031376,0.0005366818647514333,COMPLETE,8.915730379633127,243.0710249629687,301.20698517078114,1810.7473406075628,96.80087683562517,6718.978526362525,8472.110656465153,2.167155721670902,88.64894142364786,33.817176484280424,5.024622109554029,38.23769109247169,1.0,True
870,8.447802866460904,299.1457802653913,5371.068172794046,85.97881913160386,0.44513189194545816,0.5548681080545419,0.38093716065077976,0.17269669680956298,0.2535908363656486,0.01884361745377084,COMPLETE,8.447802866460904,241.40765321636815,299.1457802653913,1763.5930898959402,85.97881913160386,6319.611004114645,5371.068172794046,2.0393642648268346,59.82864662880477,46.91472489927846,7.17449725733521,23.832696312747657,1.0,True
871,8.655603281960412,300.0645795348125,8197.727776730497,90.69340071133155,0.004598525808314824,0.9954014741916852,0.39125628324379796,7.10744472055619e-05,0.0025344186756231348,0.0019930297726922465,COMPLETE,8.655603281960412,242.1491150387983,300.0645795348125,1784.4172452917164,90.69340071133155,6498.184474706375,8197.727776730497,2.0959466748536317,88.69344289814063,45.72456725663967,16.73139779096073,27.37564250796469,1.0,True
872,9.31381789114739,302.83462579846304,8875.060439857958,106.55866646976843,0.010634705425193569,0.9893652945748064,0.42490040265775575,0.0038909457652280223,0.0030598594456288167,0.00368389406075475,COMPLETE,9.310842767048934,244.46260365785682,302.9313915387512,1850.6390665534564,106.52462830623347,7056.829630610927,8872.22546858211,2.2761528650817064,88.39428441020182,34.69308848955236,11.198299504752105,45.55679174876932,1.0003195332767283,False
873,8.988192612482573,301.5200017545886,6168.286522278852,98.54091166786198,0.3974056517708242,0.6025943482291758,0.40857289633941335,0.14996574385005818,0.15675458834588155,0.09068514812700855,COMPLETE,8.988192612482573,243.32362621593546,301.5200017545886,1818.326478484058,98.54091166786198,6776.567738260702,6168.286522278852,2.187039619596542,64.10070025309876,31.626707421328696,1.9196243161166389,59.15645047239761,1.0,False
874,8.655623358836527,300.06472981319666,8201.272527596146,90.69389966029559,0.004598525808314824,0.9954014741916852,0.39125628324379796,0.0022097674752218177,0.0007786528001042549,0.0016101031798384105,COMPLETE,8.655623358836527,242.1492363119516,300.06472981319666,1784.4181354333512,90.69389966029559,6498.217079792718,8201.272527596146,2.0959525861461543,88.73080569097645,29.19552437247237,4.585365076248081,43.72841403176897,1.0,True
875,8.93873402048994,301.30169813333316,5259.955289215318,97.34834507956938,0.4812236474710556,0.5187763525289444,0.406113124567257,0.20639206963695894,0.14493687861515184,0.12989444083586868,COMPLETE,8.93873402048994,243.14745737661852,301.30169813333316,1813.375360502613,97.34834507956938,6733.330382735123,5259.955289215318,2.173430449248008,55.03714346273104,24.111433313739703,-1.921179221214016,31.366466726017876,1.0,True
876,8.736741699742408,300.41380294680835,6275.478248998755,92.56895371218106,0.4812236474710556,0.5187763525289444,0.3957617128742784,0.29436975491195166,0.028811237093023412,0.1580423604869314,COMPLETE,8.736741699742408,242.43093484004487,300.41380294680835,1792.8895486736158,92.56895371218106,6561.840011506201,6275.478248998755,2.1180564577245544,67.38344375492518,47.311883813362364,5.428074094206684,44.66144705252004,1.0,True
877,8.20769685547066,298.0746850606817,5752.464627014664,80.70973924904308,0.47022929217645715,0.5297707078235429,0.3690124911418303,0.1489605207212344,0.10078955432037552,0.2204789297491651,COMPLETE,8.20769685547066,240.54329009711955,298.0746850606817,1739.3116346939096,80.70973924904308,6115.063524697385,5752.464627014664,1.9743064057346948,66.32114891933813,47.781746590989314,13.92369471199481,47.91916626796787,1.0,True
878,8.322450722799923,298.58438137258855,4927.483337284154,83.2023384565649,0.4812236474710556,0.5187763525289444,0.37483960037753794,0.06825665405135775,0.20329492525705234,0.2096716510885518,COMPLETE,8.322450722799923,240.95460992386523,298.58438137258855,1751.0257367017166,83.2023384565649,6210.799750984382,4927.483337284154,2.0053328675228457,55.9384172385189,39.40446306510245,5.621755988560114,27.687418165662486,1.0,True
879,8.399921480014145,298.93519706908495,7628.843570477726,84.9140718246282,0.07004200761826201,0.929957992381738,0.3783328882267785,0.010293106688446555,0.0301498616337113,0.029598965654180506,COMPLETE,8.399921480014145,241.23771468278085,298.93519706908495,1758.5391743768514,84.9140718246282,6281.678364527466,7628.843570477726,2.0263778613534145,85.4169779326189,36.34434194698087,13.735390618453085,62.23911501807659,1.0,True
880,8.655607699117725,300.06471989713737,8207.279825906195,90.6935737469984,0.004598525808314824,0.9954014741916852,0.39125628324379796,0.0014760595992698068,0.0010178162534155172,0.002104646879708289,COMPLETE,8.655607699117725,242.14922830979089,300.06471989713737,1784.4172828195387,90.6935737469984,6498.195782171076,8207.279825906195,2.095948724893642,88.79650926726826,66.94578293417158,9.246427245425991,45.552559033195564,1.0,True
881,8.50789564067455,299.4098026400618,6513.154974655875,87.3260181488969,0.31375273160918504,0.686247268390815,0.38397141375222654,0.1246032583904592,0.1122403437454812,0.07690900100433784,COMPLETE,8.50789564067455,241.6207166325035,299.4098026400618,1769.6332270089779,87.3260181488969,6370.364978128784,6513.154974655875,2.055683841734337,71.9772921552608,60.35447666148786,4.716480913404066,36.100716457326676,1.0,True
882,9.017935536672463,301.64222673648584,6097.9954625996825,99.25641985035837,0.4812236474710556,0.5187763525289444,0.41048819601432335,0.004417084877541859,0.1526802848394834,0.32412587018557465,COMPLETE,9.017935536672463,243.42226055407673,301.64222673648584,1821.5846553484168,99.25641985035837,6796.609869423353,6097.9954625996825,2.1951662538677517,63.31508795068753,31.649275566707907,6.630480606023363,49.02177874873591,1.0,True
883,8.115755883900682,297.6756955276025,7611.846528740666,78.74954123355187,0.009110912825774864,0.9908890871742251,0.3639351238159993,0.00476943837975171,0.0014400238986880642,0.002901445700755985,COMPLETE,8.115755883900682,240.22130953381998,297.6756955276025,1729.6204730571117,78.74954123355187,6044.361987959358,7611.846528740666,1.9495775062874265,88.53920303129925,32.84220772002307,10.780165256929687,60.55476943493565,1.0,True
884,13.984354415913128,275.51086513611415,13276.90904248273,223.9577531765265,0.07004200761826201,0.929957992381738,0.5804820241593555,0.020783983014871818,0.029099901707572186,0.020158082797816834,COMPLETE,12.221843260285942,254.39735752220093,315.24226758968626,2138.419859114762,195.7313491093028,9638.637129342302,11603.56041274584,3.1092046294672646,84.664300952339,32.94701736240998,7.704215647753914,47.94148804180872,1.1442099295573809,False
885,8.91134144048228,301.1863006997203,6108.276840995733,96.69499237679292,0.40372007758203127,0.5962799224179687,0.40454749016213015,0.1555921446336397,0.23868598520005951,0.009441575310523996,COMPLETE,8.91134144048228,243.05433280166727,301.1863006997203,1810.5313032611248,96.69499237679292,6712.273752688291,6108.276840995733,2.1659401481842693,64.04916797045198,52.609421358093385,9.537784018867635,47.97662482531627,1.0,True
886,9.299692720584671,302.8829897865281,8898.298363256825,106.24281226585249,0.004598525808314824,0.9954014741916852,0.42431929685034725,0.0005892538524145315,0.0017763612727101793,0.0022329064673796174,COMPLETE,9.299692720584671,244.42354392783037,302.8829897865281,1849.5121805656406,106.24281226585249,7047.310436883954,8898.298363256825,2.273063852205152,88.77159304660327,44.21411313342534,9.011693437609656,61.47537935032163,1.0,True
887,7.97124320938925,297.03054329809,7119.516804026779,75.71628708922239,0.07004200761826201,0.929957992381738,0.3567407924960352,0.018494814359824797,0.015386591768060658,0.036160563908173696,COMPLETE,7.97124320938925,239.70067813612565,297.03054329809,1714.9663993519698,75.71628708922239,5923.080510453214,7119.516804026779,1.9107124028785898,84.5432397002964,27.67151798584716,7.438354144687169,30.878309277072105,1.0,True
888,8.594317318995575,299.792837532955,7138.997406935475,89.28706488350042,0.2174136693018731,0.7825863306981269,0.3882465986995947,0.14276378106306106,0.04769269253215867,0.026957002150245195,COMPLETE,8.594317318995575,241.92982196071932,299.792837532955,1778.2952637880276,89.28706488350042,6444.876314582666,7138.997406935475,2.0792216588585264,77.92771065175016,45.57936007389519,9.668495040554289,47.21645234925855,1.0,True
889,9.247757222889955,302.65702327849993,8829.303293919898,104.93563393534801,0.004598525808314824,0.9954014741916852,0.4216331437304907,0.0008770284039100458,0.0030401380808957462,0.0006813556714398909,COMPLETE,9.247757222889955,244.2411912155167,302.65702327849993,1844.2757929692852,104.93563393534801,7002.747180432664,8829.303293919898,2.2586832401905412,88.64278571380812,19.87840657571055,3.8285981604274837,31.027203353019992,1.0,True
890,8.472413480710387,299.2563610416666,7697.5937972202955,86.5304493553711,0.05523705656569733,0.9447629434343027,0.38197947594013154,0.012582996232049917,0.032461973756985736,0.010192051093835912,COMPLETE,8.472413480710387,241.49689079701452,299.2563610416666,1765.877546773948,86.5304493553711,6343.064628256737,7697.5937972202955,2.04606151313827,85.33639683167216,37.337038841649,14.062074018222516,30.089512415857172,1.0,True
891,9.06732709751085,301.8596347110617,5489.814549281391,100.46069970882772,0.4626241587078329,0.5373758412921671,0.41297167792867573,0.006931785797349276,0.16898668790161647,0.28670511470155446,COMPLETE,9.06732709751085,243.59770661547967,301.8596347110617,1826.5418677463972,100.46069970882772,6839.566151580564,5489.814549281391,2.2087800860860365,56.62462863605759,31.651365017786127,9.620911988918909,23.675894112599913,1.0,True
892,9.182608107710328,302.37183666021195,8137.968749446441,103.30828889411252,0.11680387552495497,0.883196124475045,0.4183805487625825,0.008149943610969518,0.07253125057850741,0.03612248771879844,COMPLETE,9.182608107710328,244.01104846642443,302.37183666021195,1837.7987655843572,103.30828889411252,6945.409442547715,8137.968749446441,2.240657832018687,82.42642168448424,57.242906508705936,12.96099149468478,65.99648474309186,1.0,True
893,8.463476142899493,299.20734712111533,5531.896549229658,86.3248999378822,0.44513189194545816,0.5548681080545419,0.38197947594013154,0.10454380108297599,0.09946417255344694,0.2411236055320363,COMPLETE,8.463476142899493,241.45733705326887,299.20734712111533,1765.302959423409,86.3248999378822,6329.313356762862,5531.896549229658,2.043568411678383,61.62734335363484,48.373128220321874,-0.8810510218641636,29.603862770515505,1.0,True
894,8.994150965582477,301.55025841646545,8561.109194877656,98.68768929062064,0.004598525808314824,0.9954014741916852,0.40857289633941335,0.0007156152948268067,0.001244857986455937,0.0026380472794882534,COMPLETE,8.994150965582477,243.34804303950344,301.55025841646545,1818.6754206290457,98.68768929062064,6785.775787900831,8561.109194877656,2.188709036276356,88.69970243450568,30.434523824848505,5.278209641043411,29.54152023944347,1.0,False
895,8.446581715448147,299.14104507974315,4750.517150248433,85.9519233519869,0.44513189194545816,0.5548681080545419,0.38093716065077976,0.014539591721294555,0.40920970165851955,0.02138140233198589,COMPLETE,8.446581715448147,241.4038319689019,299.14104507974315,1763.5633599812272,85.9519233519869,6317.806965437969,4750.517150248433,2.0390371931476436,52.94504703587887,44.458980649723344,5.652313323776815,23.654083916552192,1.0,True
896,7.921178414544868,296.7992859911644,5501.121274121075,74.67788606848053,0.4938611948680158,0.5061388051319842,0.3546369849586602,0.07643313226252604,0.20996191027307193,0.20746559185500177,COMPLETE,7.921178414544868,239.5140558020098,296.7992859911644,1710.2206596906026,74.67788606848053,5875.956211470103,5501.121274121075,1.8972335687989748,66.01006244757133,48.497078578055195,4.450165261672678,78.54923562593163,1.0,True
897,8.993093592377202,301.545187797241,8140.968425556319,98.66182306884978,0.06844281503440364,0.9315571849655964,0.40857289633941335,0.004601241883810253,0.04816134823063823,0.015680112333763003,COMPLETE,8.993093592377202,243.3439511004955,301.545187797241,1818.6196994155284,98.66182306884978,6784.153563025357,8140.968425556319,2.1884149273856175,84.39174038697766,41.03106933444429,18.30608178771316,24.55660257995307,1.0,True
898,8.588507792066773,299.7621554048836,5547.70595084967,89.15156975545888,0.4812236474710556,0.5187763525289444,0.3882465986995947,0.1666898905407329,0.1624767269944717,0.15205659621653494,COMPLETE,8.588507792066773,241.905061790187,299.7621554048836,1777.945144122688,89.15156975545888,6435.951034000614,5547.70595084967,2.0776035081254154,60.743135207239725,19.82643214894184,15.35846416972097,57.319207269324515,1.0,True
899,8.735072722118662,300.40660927103954,5765.103867170775,92.53014058561372,0.4812236474710556,0.5187763525289444,0.3957617128742784,0.1373517107131685,0.16552352639159276,0.1783480774874131,COMPLETE,8.735072722118662,242.4251296156362,300.40660927103954,1792.8250396921344,92.53014058561372,6559.32858511473,5765.103867170775,2.1176011368616248,61.950137328456805,30.734632943130975,3.0168520101301213,61.69750857904408,1.0,True
900,9.121053829997827,302.10174959424137,5410.0069184983495,101.78417058683085,0.47022929217645715,0.5297707078235429,0.41547616635951923,0.06855696672579357,0.3333602623746253,0.06831157258594019,COMPLETE,9.121053829997827,243.79309090505683,302.10174959424137,1831.8535913347505,101.78417058683085,6889.178314017531,5410.0069184983495,2.223649905526577,55.312365709162535,55.38636241901484,4.629839394236816,39.98387531431462,1.0,True
901,8.73273791067639,300.39207292421355,6643.567883736319,92.47317328551307,0.47498059197511266,0.5250194080248873,0.3957617128742784,0.13056933118563363,0.0531052061919131,0.2913055108885786,COMPLETE,8.73273791067639,242.4133989291111,300.39207292421355,1792.6289764618873,92.47317328551307,6555.641552204859,6643.567883736319,2.1169326788841683,71.48498408127841,59.423862856365744,5.9709724017934604,57.003555740980346,1.0,True
902,8.871447038525377,301.00876426846077,6190.023051467885,95.74220280621961,0.35278758625784423,0.6472124137421558,0.40261138358703485,0.037129614994577426,0.2088873949408351,0.10677031067899137,COMPLETE,8.871447038525377,242.91106267700516,301.00876426846077,1806.5583566207688,95.74220280621961,6676.831284917485,6190.023051467885,2.1549726276109697,65.29685214690757,46.80982601619681,11.981281392622765,31.402544923254702,1.0,True
903,10.773439362504051,292.8473378269489,10445.365247338603,138.9910519923817,0.004598525808314824,0.9954014741916852,0.47527423273547853,0.002087168289632476,0.0003792107910156965,0.0021321424864571676,COMPLETE,10.274021069208532,247.81258220264817,307.0825935918018,1947.2196358039964,132.54792165733053,7893.617975644139,9961.15530201417,2.5460316907649787,88.72024232990657,34.01630167471779,5.370973727894345,25.438403698275224,1.0486098179019983,False
904,7.925336687898435,296.8232021687632,5176.154465869257,74.7661260598199,0.4812236474710556,0.5187763525289444,0.3546369849586602,0.2104300916781533,0.22613571387604278,0.04465760255193,COMPLETE,7.925336687898435,239.5333559181702,296.8232021687632,1710.497978777939,74.7661260598199,5882.293369256371,5176.154465869257,1.8983824936337081,61.95872714823951,62.751087334786206,6.378868778659788,23.748963601573887,1.0,True
905,9.288445237806888,302.8249080109986,5742.260207066465,105.95266454720769,0.4812236474710556,0.5187763525289444,0.42431929685034725,0.09174553635771657,0.14611532400269034,0.24336232763351875,COMPLETE,9.288445237806888,244.3766725157958,302.8249080109986,1848.8006142925494,105.95266454720769,7029.745531571397,5742.260207066465,2.269879340060437,57.60519147781386,42.93658261311559,1.7556143995610802,29.191735107830148,1.0,True
906,9.247757222889955,302.65702327849993,8834.885530627069,104.93563393534801,0.004598525808314824,0.9954014741916852,0.4216331437304907,0.0008770284039100458,0.0030401380808957462,0.0006813556714398909,COMPLETE,9.247757222889955,244.2411912155167,302.65702327849993,1844.2757929692852,104.93563393534801,7002.747180432664,8834.885530627069,2.2586832401905412,88.69882920849453,34.616764717283615,13.406369835871438,52.09557481890522,1.0,False
907,8.854649861250117,300.9271679372494,6494.508101677043,95.33847982972794,0.4812236474710556,0.5187763525289444,0.40198829602125374,0.18019172640183811,0.0070899380447537,0.2939415975063984,COMPLETE,8.854649861250117,242.8452152536809,300.9271679372494,1804.9453540403138,95.33847982972794,6659.172086966072,6494.508101677043,2.15030935155126,68.79223829473815,25.40877245461455,14.27967397845596,60.86322945469861,1.0,False
908,12.542500945986097,282.6351056191551,12348.774124964448,183.5046557964244,0.004598525808314824,0.9954014741916852,0.5340234167632123,0.0012882889207879193,9.865890938355552e-05,0.0032115726135277987,COMPLETE,11.372107208917459,251.55760662200197,311.7233257190324,2055.83586059598,166.381061324159,8869.304773130852,11196.457855779001,2.860740071724091,88.7532168856838,43.85061618052828,-2.2466975668412257,32.25018723167951,1.1029179302979901,False
909,8.05482391486462,297.3991117851463,5379.571080143684,77.45977549496777,0.3925879806965068,0.6074120193034932,0.3612044566247643,0.03948134959315044,0.23427977336238726,0.11882662137374844,COMPLETE,8.05482391486462,239.9981092194952,297.3991117851463,1723.7304900711238,77.45977549496777,5989.043273464082,5379.571080143684,1.9331425096634811,63.277512066431186,43.227698109912915,5.89083018018785,50.899860050706344,1.0,True
910,8.91570505459381,301.2069326082867,8479.665183022047,96.80030753331606,0.004598525808314824,0.9954014741916852,0.40454749016213015,0.0007430827002298327,0.0019915820274063957,0.001863855764301224,COMPLETE,8.91570505459381,243.07098254556126,301.2069326082867,1810.74530665758,96.80030753331606,6718.942486787217,8479.665183022047,2.1671491877065443,88.72928375451919,46.79053061426394,-2.3541148844501514,57.29019789341335,1.0,True
911,15.630006317370379,268.41215542077816,9599.375593556399,274.66290257578083,0.4812236474710556,0.5187763525289444,0.6328195322405377,0.008451045334740313,0.2921175491691263,0.18065427318151772,COMPLETE,13.150874754784885,257.43929920966997,319.01175876983604,2227.0291495907486,231.0976309424471,10485.69595829632,8076.784077476809,3.3855519808659613,54.30314741650324,33.23821924126914,8.429267655477055,29.148329164695813,1.1885145747953743,False
912,9.275751428160499,302.77004386276263,7018.144062755285,105.63305864194805,0.47022929217645715,0.5297707078235429,0.42360473290439626,0.1519989886468333,0.09325379391565669,0.2249762163662474,COMPLETE,9.275751428160499,244.33239769681083,302.77004386276263,1847.4644920427463,105.63305864194805,7019.61592426629,7018.144062755285,2.266366586882072,70.48870652065796,46.26912591508772,13.235569183255297,66.79865819802608,1.0,True
913,8.43409485975801,299.07713500520543,5096.626573345256,85.66852492335131,0.4812236474710556,0.5187763525289444,0.3805347417861211,0.0818077280349913,0.14811740843847374,0.2512980111212854,COMPLETE,8.43409485975801,241.35225717785076,299.07713500520543,1762.3698518071155,85.66852492335131,6303.988145211438,5096.626573345256,2.0355878316547047,57.018493039808455,31.813732328973913,7.01125484230613,28.130889596335763,1.0,True
914,8.908826006601734,301.17425233671867,5189.172054011376,96.63421691165405,0.4626241587078329,0.5373758412921671,0.40454749016213015,0.05418560304818685,0.35444651794237253,0.05399165004694586,COMPLETE,8.908826006601734,243.04460989320862,301.17425233671867,1810.4033503899516,96.63421691165405,6708.423736469173,5189.172054011376,2.1652421413809897,54.47848231953969,41.456490864112055,1.1909498103515506,72.40844419087216,1.0,True
915,9.299736474179491,302.88314532169375,8894.33588872026,106.24389373068904,0.004598525808314824,0.9954014741916852,0.42431929685034725,0.0017665463331146814,0.0023320319236254656,0.0004999439618818383,COMPLETE,9.299736474179491,244.42366944315364,302.88314532169375,1849.5151960533608,106.24389373068904,7047.37586262836,8894.33588872026,2.273075713873287,88.72996770761833,64.01658343412939,4.1632279767986,30.097261757055108,1.0,True
916,8.259401397331967,298.31378965603875,7771.77472812264,81.83237309234423,0.009110912825774864,0.9908890871742251,0.3711706242201289,0.0046092538790264955,0.0015869733742585933,0.002914680776530734,COMPLETE,8.259401397331967,240.73624511452672,298.31378965603875,1744.2201078541957,81.83237309234423,6164.529802203223,7771.77472812264,1.9883372792873726,88.63728580260742,60.92467616393863,10.817216413992725,50.715379274133,1.0,True
917,8.717432895237256,300.33262614247786,7169.132880514615,92.12172677727247,0.2563442555082543,0.7436557444917458,0.39459881832593385,0.15450740422457832,0.015702352393931963,0.08613433812377148,COMPLETE,8.717432895237256,242.3654259707182,300.33262614247786,1790.8117493732384,92.12172677727247,6547.91750173159,7169.132880514615,2.1128043370253287,77.06575118923963,45.84581448815809,11.352990387210465,41.34368408520318,1.0,True
918,9.29202073987999,302.8468634848806,5272.336214346031,106.0472332613647,0.47022929217645715,0.5297707078235429,0.42431929685034725,0.052767578160765174,0.3450364552694258,0.07242473872285203,COMPLETE,9.29202073987999,244.39439036366377,302.8468634848806,1849.1150620182784,106.0472332613647,7035.473085906205,5272.336214346031,2.2709177439694903,52.78668236036044,25.948789860259964,5.65943196050161,30.601149056371177,1.0,True
919,9.031463558584583,301.71334467944297,8601.840213376334,99.59285857773801,0.004598525808314824,0.9954014741916852,0.41048819601432335,0.001260992029030333,0.002081046347889829,0.0012564784096404389,COMPLETE,9.031463558584583,243.4796520228637,301.71334467944297,1822.4445183415883,99.59285857773801,6817.6322458345085,8601.840213376334,2.1989776045013483,88.70431450893874,32.38205292103144,6.571412531380178,45.68479538348569,1.0,True
920,8.596439070625635,299.80402848829567,8133.596380694992,89.33657276123081,0.009110912825774864,0.9908890871742251,0.3882465986995947,0.004547574202933735,0.001756429897656474,0.002806904036528082,COMPLETE,8.596439070625635,241.93885294976974,299.80402848829567,1778.4227918277502,89.33657276123081,6448.135830876349,8133.596380694992,2.079812608199751,88.68381087581155,59.05536574324842,4.264907858752551,77.38871674888858,1.0,True
921,8.873366792122507,301.0119641318688,6096.882097772896,95.78460716638101,0.4626241587078329,0.5373758412921671,0.40295840960165247,0.006005934875554189,0.2082066711739609,0.24841105852467327,COMPLETE,8.873366792122507,242.9136449347768,301.0119641318688,1806.9183699774235,95.78460716638101,6675.0396242075785,6096.882097772896,2.155461870317686,64.41944445694814,32.32464582374583,9.085274421539937,58.10196473835277,1.0,True
922,8.259469805974318,298.31414603283844,7783.451016215468,81.83388589820697,0.004598525808314824,0.9954014741916852,0.3711706242201289,0.0024730153085122243,0.0008437030299186865,0.0012818049201466333,COMPLETE,8.259469805974318,240.73653270704028,298.31414603283844,1744.2244048662028,81.83388589820697,6164.633739500948,7783.451016215468,1.9883561230887479,88.76691126428067,44.10998077236462,6.754648690039527,46.88832638965103,1.0,True
923,8.987913238685838,301.52019471722423,5755.544911424589,98.53506018002226,0.3974056517708242,0.6025943482291758,0.40857289633941335,0.04690638122374037,0.28632726666829383,0.06417165991843453,COMPLETE,8.987913238685838,243.32378193485278,301.52019471722423,1818.3528126981662,98.53506018002226,6776.200508444659,5755.544911424589,2.186973040939369,59.81292241875835,23.764735336744796,7.244048850351728,45.321713089106375,1.0,True
924,8.25780273347883,298.3048008797633,7449.094188032986,81.79667133851457,0.11024310453508768,0.8897568954649123,0.3711706242201289,0.05558814351181655,0.010685278481362966,0.04396962522921732,COMPLETE,8.25780273347883,240.72899126196018,298.3048008797633,1744.1163166701936,81.79667133851457,6162.076642019059,7449.094188032986,1.9878925220706158,85.03695990474809,60.012698884547135,11.72985724581999,53.714706351732985,1.0,True
925,10.175576905620137,296.7242591028023,7766.688037819791,125.2244345380677,0.28538915233445594,0.7146108476655441,0.455037577750019,0.1163341190911466,0.14343102435792154,0.025623824901446095,COMPLETE,9.885933645333443,246.4691441646285,305.417841812945,1908.597047214335,121.65997683472797,7551.742237358294,7545.612725258268,2.43657760483364,70.31120988966902,33.717793184453,13.701879387322968,29.754007025523983,1.0292985236071674,False
926,9.276977773806813,302.7754341603224,6769.39923892817,105.66397188028202,0.3925879806965068,0.6074120193034932,0.42360473290439626,0.15147819384703629,0.016904115234667165,0.22420537937183954,COMPLETE,9.276977773806813,244.33674761303854,302.7754341603224,1847.5194409342384,105.66397188028202,7021.49121716353,6769.39923892817,2.2667065769304036,67.95575309200461,38.05476981867911,14.771497131972092,34.637502170027034,1.0,True
927,15.498234283153398,268.95830172185174,10494.49872343738,270.4394896375126,0.48455131507040566,0.5154486849295943,0.6283256849585639,0.23477142787200433,0.2430272115176334,0.006752410037887903,COMPLETE,13.07847798266866,257.20423967259904,318.7204794019741,2220.036376356844,228.21547579216903,10424.084645365472,8855.98113862644,3.3638399856071204,59.80166726041131,53.103348065649186,4.85793429973303,31.430248595906882,1.1850181881784219,False
928,8.721223271672402,300.35335523251445,8283.08477446781,92.21228939608092,0.004598525808314824,0.9954014741916852,0.39459881832593385,0.0036380995194177645,0.0008674719982721927,9.295063390468085e-05,COMPLETE,8.721223271672402,242.38215413908685,300.35335523251445,1791.0618946457826,92.21228939608092,6553.78925035268,8283.08477446781,2.1138688833158916,88.8548858097008,70.73679680518796,2.8241531729368483,40.97255664893412,1.0,True
929,8.539503372887708,299.5468047944339,5823.494950887975,88.03850039870665,0.44513189194545816,0.5548681080545419,0.38564537488042155,0.2803404658743729,0.050262274448356715,0.11452886258507704,COMPLETE,8.539503372887708,241.7312760010602,299.5468047944339,1772.8646224900313,88.03850039870665,6396.037092388485,5823.494950887975,2.064265046743503,64.12580865735603,35.90200927532498,8.105268129527122,36.644209721990535,1.0,True
930,8.11579053791157,297.67592605104846,7626.836529624298,78.75031611392298,0.004598525808314824,0.9954014741916852,0.3639351238159993,0.0006237180160806801,0.0016063064477504926,0.0023684982207985623,COMPLETE,8.11579053791157,240.2214955639356,297.67592605104846,1729.622873120295,78.75031611392298,6044.416231916066,7626.836529624298,1.949587340700755,88.71170514639333,56.00321502165483,5.143048541424113,31.78925760885982,1.0,True
931,13.308240257753072,278.73495829234326,13178.662392338641,204.5250587725225,0.004598525808314824,0.9954014741916852,0.5588061854161377,0.0009737020370425966,0.001411425740548669,0.002213392081034106,COMPLETE,11.827942735421903,253.08768476034086,313.6193568202095,2100.3051554177764,181.77539902098457,9280.943412247643,11712.778029779682,2.9935066423858223,88.7274331100298,20.669420182925617,7.45383068485452,47.045104902120556,1.1251525777088882,False
932,8.452036963779273,299.1665801065764,7610.783494083608,86.07457160596752,0.05523705656569733,0.9447629434343027,0.38093716065077976,0.015127178325050802,0.03902552752533437,0.0010843080581403061,COMPLETE,8.452036963779273,241.42443848020613,299.1665801065764,1763.8059991696646,86.07457160596752,6326.031385052441,7610.783494083608,2.0405282779943574,84.59532407033895,30.629743061524152,-0.4007572143000817,42.61058948820808,1.0,True
933,8.786580137922272,300.63848356995015,5233.176061613884,93.73839898307897,0.47022929217645715,0.5297707078235429,0.3982424154252496,0.1072497471798184,0.3361118923565035,0.026866595696048802,COMPLETE,8.786580137922272,242.61224985611406,300.63848356995015,1797.996308538497,93.73839898307897,6605.172498487114,5233.176061613884,2.131731975802367,55.78558302822864,19.555170543851983,16.030038609286223,40.034422429978385,1.0,False
934,8.105965638551098,297.6224102258677,5004.040712665872,78.53691087592556,0.4812236474710556,0.5187763525289444,0.3639351238159993,0.058461433528467846,0.19534556281813742,0.2274162712479811,COMPLETE,8.105965638551098,240.178308828173,297.6224102258677,1729.0336788789523,78.53691087592556,6029.467381226751,5004.040712665872,1.9468771184864841,58.5239493363122,51.84273287997082,7.591800062042912,33.932982493634114,1.0,True
935,8.068428519646288,297.46174447072144,5053.806365916997,77.74711140046486,0.4079165624953089,0.5920834375046911,0.36182804341055175,0.07146287281684005,0.2809345132625037,0.0555188788345511,COMPLETE,8.068428519646288,240.04865317042749,297.46174447072144,1725.0859444823436,77.74711140046486,6001.233309308585,5053.806365916997,1.936815399342957,59.29863593165571,53.39900407091443,3.0438223389200725,33.13538818482334,1.0,True
936,9.029445360798348,301.703538305706,7984.740280309254,99.54313965489726,0.11222028591833033,0.8877797140816697,0.41048819601432335,0.0009389392070783437,0.07921190287630077,0.03206935719817307,COMPLETE,9.029445360798348,243.47173837732166,301.703538305706,1822.3342107360875,99.54313965489726,6814.527740364216,7984.740280309254,2.1984147585766163,82.4250425306131,42.694543582192594,13.043141959015012,72.02622668035048,1.0,True
937,8.332081392098582,298.63593790860943,7855.85825162165,83.41834120120333,0.004598525808314824,0.9954014741916852,0.37483960037753794,5.611214868862364e-05,0.0019395640070883635,0.0026028444750186308,COMPLETE,8.332081392098582,240.99621553286875,298.63593790860943,1751.6009872093168,83.41834120120333,6225.511388217596,7855.85825162165,2.008000083007595,88.71776253990895,50.5176686026452,9.214225797526915,39.914871280528864,1.0,True
938,8.285414096314677,298.42592189985487,5422.5461129873975,82.39624238996826,0.35278758625784423,0.6472124137421558,0.37275899843259913,0.020661153567898112,0.26174983058046597,0.07037628767360461,COMPLETE,8.285414096314677,240.82673471396387,298.42592189985487,1747.1365757672866,82.39624238996826,6182.65370870192,5422.5461129873975,1.9953492225685112,61.758772201809734,48.78468271398478,1.1492958549164372,39.1303624815101,1.0,False
939,11.84403872874853,286.45209009820337,11598.084104179277,165.25287259428265,0.004598525808314824,0.9954014741916852,0.5110923268680241,0.0022641765270705405,0.0011607866366681629,0.0011735603101565636,COMPLETE,10.946581330405433,250.1159911620325,309.9369151563619,2013.9703522505793,152.731179909573,8488.541978109475,10719.263405912194,2.7379150392901552,88.78055133511721,39.83993079867461,19.707482295243757,64.5361865887866,1.0819851761252897,False
940,9.299701851466141,302.88299600823103,8893.348170490943,106.24302000283163,0.004598525808314824,0.9954014741916852,0.42431929685034725,0.0007814443186451859,0.0019294524119878346,0.0018876258236381841,COMPLETE,9.299701851466141,244.42354894868237,302.88299600823103,1849.512774627443,106.24302000283163,7047.323004443506,8893.348170490943,2.2730661306999864,88.72180316134256,31.576974620736664,11.149422539339646,43.946086382330535,1.0,True
941,8.438417113099215,299.09931852459846,6791.452368592346,85.76659242169573,0.21260675223461672,0.7873932477653833,0.3805347417861211,0.00835803389403222,0.007474766473573009,0.19677374735717837,COMPLETE,8.438417113099215,241.37015905616573,299.09931852459846,1762.6107198983066,85.76659242169573,6310.575299442468,6791.452368592346,2.036782080771028,75.81704582016027,39.37179877189149,13.77906229308006,26.281736479464772,1.0,False
942,15.012272795074054,270.9566094558684,10036.639421084963,255.06046904195202,0.4812236474710556,0.5187763525289444,0.6132382587891141,0.182801326177039,0.25126199122146653,0.047159814590586394,COMPLETE,12.80650592797703,256.32070862239397,317.6256318199655,2194.475984238342,217.58420282971198,10171.053326017527,8561.946881572003,3.2825726744359613,59.275390491258996,53.78986980673251,5.365143230814477,39.15910499358603,1.172237992119171,False
943,9.449906046606872,301.8325868117606,9017.131798522136,109.41669496312383,0.009110912825774864,0.9908890871742251,0.42968001277661183,0.0042776105091034715,0.002193023846185253,0.0026402740601685205,COMPLETE,9.403179317170192,244.78626816694748,303.33246777153056,1859.9384958768906,108.87566479031769,7136.278575746697,8972.544997789264,2.3017691739547166,88.39738571562144,23.265715370352282,5.810849062595068,35.080897752762574,1.0049692479384453,False
944,8.594484958753723,299.7937413048157,6959.188637727723,89.29098727320394,0.2174136693018731,0.7825863306981269,0.3882465986995947,0.1483397345176651,0.04908335029764405,0.01999043013809244,COMPLETE,8.594484958753723,241.93055129557322,299.7937413048157,1778.3068690928894,89.29098727320394,6445.134590316618,6959.188637727723,2.0792684841728,75.95747905094885,37.466154421069575,2.628445172350095,28.93849711672355,1.0,True
945,8.472413480710387,299.2563610416666,7750.868568186083,86.5304493553711,0.05523705656569733,0.9447629434343027,0.38197947594013154,0.012582996232049917,0.032461973756985736,0.010192051093835912,COMPLETE,8.472413480710387,241.49689079701452,299.2563610416666,1765.877546773948,86.5304493553711,6343.064628256737,7750.868568186083,2.04606151313827,85.92700697764981,70.84739517506951,16.52088286033548,39.06799013814083,1.0,False
946,15.778680768339923,267.8616746694545,15847.538221263418,279.5259487207994,0.009110912825774864,0.9908890871742251,0.636695449468926,0.0039647766528313885,0.0036330053040070785,0.0015131267811578843,COMPLETE,13.23503203312069,257.7059380857279,319.342170393348,2234.381198149539,234.46414435555252,10574.5105119814,13292.789117413196,3.410746345690026,88.37880112438144,20.293529675393536,7.476105890018266,52.4524902387268,1.1921905990747697,False
947,8.915744357588528,301.2071389440139,8474.846138995483,96.80126927058808,0.004598525808314824,0.9954014741916852,0.40454749016213015,0.002537552321940618,0.0016510426340930098,0.00040992790892075694,COMPLETE,8.915744357588528,243.07114905642973,301.2071389440139,1810.7478434290224,96.80126927058808,6719.003369323694,8474.846138995483,2.167160225692424,88.67687617844207,25.465577782798263,6.156159265669421,24.444645038110117,1.0,True
948,8.735459283570366,300.40678640835984,6183.638409902959,92.53823472905664,0.4812236474710556,0.5187763525289444,0.3957617128742784,0.25207265734034673,0.0246714377890944,0.20447929974712487,COMPLETE,8.735459283570366,242.4252725636823,300.40678640835984,1792.8020775603572,92.53823472905664,6559.85236383281,6183.638409902959,2.1176960977884947,66.44306186207743,37.240915408561214,6.718160033082329,52.11059942910204,1.0,True
949,12.926866609927998,280.6371313904594,12336.912385777727,193.92018367044813,0.05523705656569733,0.9447629434343027,0.5465725941917066,0.001046613093682871,0.029456413909518975,0.024733943453213066,COMPLETE,11.602070076805886,252.33126717875575,312.68202478191273,2078.3724411853987,174.04647453572966,9075.518625585966,11072.576700163298,2.927565044377153,85.80425713764352,58.48719769522305,6.722997594096361,58.268240622452424,1.1141862205926993,False
950,8.505006036400488,299.3940415552235,5325.921763458796,87.25921222367198,0.4626241587078329,0.5373758412921671,0.38397141375222654,0.17920988970263552,0.14093156441736526,0.14248242116503093,COMPLETE,8.505006036400488,241.60799759464985,299.3940415552235,1769.4500706003669,87.25921222367198,6365.9172943836365,5325.921763458796,2.0548774779851313,58.94789206554405,33.79221445801293,9.962817708233459,24.943434612789112,1.0,True
951,8.054981220914202,297.3991116632813,5284.721636553282,77.46272628400096,0.3925879806965068,0.6074120193034932,0.3612044566247643,0.10041935491237554,0.15810543528120355,0.1340629471314957,COMPLETE,8.054981220914202,239.99810912115137,297.3991116632813,1723.7169229272668,77.46272628400096,5989.251505255696,5284.721636553282,1.9331802620257916,62.16062759971837,27.161651547547194,10.86319495899356,26.45003784753223,1.0,True
952,8.346240290192991,298.6875618589871,5571.2401239850615,83.72330152395136,0.4812236474710556,0.5187763525289444,0.376096027973423,0.08715665146261191,0.12633756185618178,0.267728901592002,COMPLETE,8.346240290192991,241.03787554458404,298.6875618589871,1753.4525881713525,83.72330152395136,6229.993233511471,5571.2401239850615,2.011760028332731,63.075136560682594,28.40364191042869,6.860950387233471,50.335165511823675,1.0,True
953,10.668321986230419,293.4432547926211,8895.533319301152,136.4840776922388,0.4626241587078329,0.5373758412921671,0.4725359639212096,0.018186761982099658,0.01626480586824558,0.42817214585191515,COMPLETE,10.20476101276236,247.56289958275931,306.7731936985084,1940.8519019481823,130.5535581597795,7820.32550863968,8509.003732892423,2.5263202258685453,76.83153833373161,46.16733974738556,2.3740342599656965,65.52074769591167,1.045425950974091,False
954,8.47243429773393,299.2564901760543,7704.668057259194,86.53093691501986,0.05523705656569733,0.9447629434343027,0.38197947594013154,0.013304539759886057,0.03265957790212705,0.00927290320486563,COMPLETE,8.47243429773393,241.49699500717404,299.2564901760543,1765.879017614574,86.53093691501986,6343.097227097441,7704.668057259194,2.0460674232984606,85.4137240663886,45.523231289497474,13.004898942532844,30.25280462069106,1.0,True
955,8.85444018023979,300.9293941780451,5191.937159134518,95.33545176405688,0.4812236474710556,0.5187763525289444,0.40198829602125374,0.006902151119681244,0.2385787070373326,0.23574215244625427,COMPLETE,8.85444018023979,242.8470118077406,300.9293941780451,1805.0143608076773,95.33545176405688,6658.978967238107,5191.937159134518,2.150274339001625,54.98837992224671,29.72475277870391,11.522701363839396,24.251083862781474,1.0,True
956,8.314531928898313,298.55120098241844,6084.883793220587,83.0299810390598,0.36171005684429247,0.6382899431557075,0.37431386477229434,0.06935060139121471,0.12284786093505577,0.16951134677881594,COMPLETE,8.314531928898313,240.92783368080185,298.55120098241844,1750.1075133702525,83.0299810390598,6205.849902693996,6084.883793220587,2.0032021656993293,69.08803977092767,34.81367405411232,-0.6988002572225436,58.30031343861425,1.0,True
957,13.176534236872822,279.3594067828687,9582.847870956639,200.81260497611342,0.4812236474710556,0.5187763525289444,0.5549776290978787,0.2991461194149867,0.06791038391540258,0.11416683571394123,COMPLETE,11.749392266624179,252.82338647922577,313.29184559811864,2092.9303470108225,179.06272055548988,9203.6995495885,8544.935765595934,2.9705211419207513,65.39462307077589,51.83382011498378,1.7225752342461864,30.815609858149877,1.1214651735054113,False
958,8.332067411099988,298.6358981501645,7854.417337206946,83.41804649961001,0.004598525808314824,0.9954014741916852,0.37483960037753794,0.000689807260874784,0.0003208903919617582,0.003587823940493792,COMPLETE,8.332067411099988,240.99618344820126,298.6358981501645,1751.5996504439674,83.41804649961001,6225.491329170227,7854.417337206946,2.007996446308232,88.70231561112607,19.252054997481483,7.876412000497604,25.775625075162335,1.0,True
959,11.454784295299072,288.6662548144801,7601.825977989107,155.4442031318671,0.4812236474710556,0.5187763525289444,0.4985439581041923,0.30307076163918345,0.05433759179670984,0.1238149815620382,COMPLETE,10.704184832432379,249.2857689993576,308.90812649395605,1990.2441147302443,145.25838623923443,8267.48521025626,7103.699924386651,2.6684009474641655,60.52483839156175,22.96092214997539,12.377572093798525,53.899221500853855,1.0701220573651222,False
960,7.995764311490334,297.1411741845966,7477.389419711806,76.22664171780667,0.009110912825774864,0.9908890871742251,0.3579100923491756,0.00448594089066665,0.0022998296186324224,0.0023251376913646224,COMPLETE,7.995764311490334,239.7899561552276,297.1411741845966,1717.4151807019887,76.22664171780667,5944.30818508568,7477.389419711806,1.9173039736798008,88.43885802177141,29.01364473640343,11.091897599924382,39.178905483426014,1.0,True
961,8.39605896222396,298.91438073362485,6689.637648727038,84.8264005798278,0.240293288663324,0.759706711336676,0.3783328882267785,0.03034563870413542,0.0813312281858149,0.12861620466582038,COMPLETE,8.39605896222396,241.22091610822793,298.91438073362485,1758.298263877758,84.8264005798278,6275.760942933502,6689.637648727038,2.025305034566361,75.06279550923196,37.47850251821485,6.94737526956046,44.04220615395945,1.0,True
962,8.507234724770989,299.40581105300805,5304.2126400736,87.31051547623062,0.4123404829625746,0.5876595170374255,0.38397141375222654,0.23593327565682076,0.09112556293162365,0.08528140112134215,COMPLETE,8.507234724770989,241.61749546166698,299.40581105300805,1769.5821636316778,87.31051547623062,6369.333017094725,5304.2126400736,2.0554967475036903,58.63843207801795,19.27889174662955,-1.5194651289305823,21.548629738658608,1.0,True
963,12.101049151179366,285.00457856542124,10621.051495365846,171.85791996505642,0.17390460395109653,0.8260953960489035,0.5197195891987373,0.06583018091763468,0.062055721688454864,0.04601863347253327,COMPLETE,11.103904005238164,250.6497734366848,310.5983635939538,2029.602623630537,157.6965618428141,8626.643351778217,9745.860442831081,2.7831910231756427,79.48731420491829,23.996469678573177,14.68529340895461,74.84782450109921,1.0898013118152685,False
964,7.960274001811398,296.9687160620007,5968.757856461067,75.48251932079458,0.4626241587078329,0.5373758412921671,0.3567407924960352,0.01488642574312521,0.09726525824297873,0.3504721104709394,COMPLETE,7.960274001811398,239.65078417487393,296.9687160620007,1714.2678479495921,75.48251932079458,5906.38717880056,5968.757856461067,1.9076859067809635,71.32170891927281,56.313067606835496,10.741134156873613,61.453995834993236,1.0,True
965,8.114380837065163,297.6679465480838,7265.152582098544,78.71951952209083,0.06844281503440364,0.9315571849655964,0.3639351238159993,0.009396423444600396,0.014964885601857242,0.04408145892907156,COMPLETE,8.114380837065163,240.21505618483818,297.6679465480838,1729.533138122587,78.71951952209083,6042.260177548481,7265.152582098544,1.9491964486807827,84.57652898281377,31.0594467253637,7.942768142303663,27.60147486793927,1.0,True
966,9.233325355290939,302.5864556017437,5569.749198621005,104.56885715203533,0.4812236474710556,0.5187763525289444,0.4214548343140179,0.03704190132986999,0.23285091121439258,0.2113305699108992,COMPLETE,9.233325355290939,244.18424380605114,302.5864556017437,1843.2666124774823,104.56885715203533,6982.711937007095,5569.749198621005,2.2546325696969562,56.24302908463352,40.660963557053485,8.827557255008786,30.208688419843753,1.0,True
967,8.646625555850719,300.01757331291435,5826.828020767502,90.4823414220997,0.40372007758203127,0.5962799224179687,0.39125628324379796,0.018835558500507398,0.1887469921668135,0.19613724026201654,COMPLETE,8.646625555850719,242.11118148778874,300.01757331291435,1783.878463953109,90.4823414220997,6484.384421090996,5826.828020767502,2.0934447292095255,63.34090131811129,26.376471051422683,17.138093269027042,32.71968652093128,1.0,True
968,8.72121492443287,300.3533470642154,8270.52217383481,92.21211234453986,0.004598525808314824,0.9954014741916852,0.39459881832593385,0.0024453929294113584,0.0020906525196281705,6.247790136625704e-05,COMPLETE,8.72121492443287,242.3821475473512,300.3533470642154,1791.0617645747127,92.21211234453986,6553.777773721503,8270.52217383481,2.1138668026060494,88.7204260546576,51.47141187997707,-0.2996999584296458,53.99136953152518,1.0,True
969,8.785111572691005,300.62800990518235,5425.158342729787,93.70147238045868,0.47022929217645715,0.5297707078235429,0.3982424154252496,0.18199680582618102,0.15865266177764084,0.12957964164432603,COMPLETE,8.785111572691005,242.6037977133831,300.62800990518235,1797.8374572691391,93.70147238045868,6602.797729412573,5425.158342729787,2.1313014308706295,57.887956914274376,29.56237473376811,5.68844800665185,33.67561486942619,1.0,True
970,8.290938349151153,298.45376571349084,7810.03428529732,82.51845546677944,0.004598525808314824,0.9954014741916852,0.37275899843259913,0.0011871725234057573,0.0027867774451664834,0.0006245724920315115,COMPLETE,8.290938349151153,240.84920439312998,298.45376571349084,1747.4216320453347,82.51845546677944,6191.019318013173,7810.03428529732,1.9968659050655457,88.6902336612434,22.143309752256215,12.740230296364441,58.137993071259196,1.0,True
971,14.608330909623687,272.66883630880716,10722.822901971645,242.5818697405421,0.4812236474710556,0.5187763525289444,0.6011039985091017,0.10087676962170898,0.01133592834321044,0.36901033311074066,COMPLETE,12.577637832691854,255.5672327468979,316.6919450636289,2172.9053187799136,208.8607467375865,9952.214307209977,9232.251366666738,3.2144320953937475,65.47465730502702,43.10979135230765,17.18301727259981,39.62650326555619,1.1614526593899568,False
972,9.29974631770881,302.88322979138746,8893.951733249833,106.24417089041827,0.004598525808314824,0.9954014741916852,0.42431929685034725,0.0022300385205483108,0.0022532952841004396,0.00011518747213856264,COMPLETE,9.29974631770881,244.42373760935175,302.88322979138746,1849.515898210064,106.24417089041827,7047.392630002101,8893.951733249833,2.273078753793193,88.72561389510004,41.36191989450896,16.544570123589725,37.38449339459809,1.0,True
973,13.149834445437182,279.49826060553977,10957.609076468998,200.07279739216307,0.3487357308346418,0.6512642691653582,0.5540422315280902,0.21332545097133537,0.0208790816425745,0.11453098445366189,COMPLETE,11.733836899012987,252.77114781394303,313.2271128687382,2091.352859872001,178.5286029470512,9190.729753353606,9777.674254374,2.9659754212251106,74.91321834713482,64.42139428551685,12.81653485801102,24.896923394088503,1.1206764299360004,False
974,8.78337840972885,300.6201861402584,5440.91459019777,93.66066169359135,0.47022929217645715,0.5297707078235429,0.3982424154252496,0.04376538840450746,0.26681142785795,0.15965204460698332,COMPLETE,8.78337840972885,242.59748401332715,300.6201861402584,1797.7595605232498,93.66066169359135,6600.172642215387,5440.91459019777,2.1308255033371974,58.1032218380013,47.47079021630579,14.177852878740374,31.19635267947254,1.0,True
975,9.177387949732537,302.34648288760184,6271.018144134808,103.17688276902174,0.3763583197788206,0.6236416802211794,0.4183805487625825,0.007497091323420743,0.2591433197372719,0.10971721695466453,COMPLETE,9.177387949732537,243.99058822546579,302.34648288760184,1837.5124227615606,103.17688276902174,6937.347941326481,6271.018144134808,2.239196284228543,63.67592393649959,53.8673105436313,1.6999447816159692,66.15266051601,1.0,True
976,15.031901558779841,270.8605462251405,12247.804372039365,255.6570768530727,0.44513189194545816,0.5548681080545419,0.6142612277596785,0.057761932227357454,0.10362126473993291,0.2837483920644195,COMPLETE,12.817106981330472,256.35265324502075,317.66521672514,2195.5997645452226,217.98866176356464,10175.063136705196,10443.217600180851,3.2856993815893447,72.39523089500666,37.508547006118526,9.095884459829975,69.988937255139,1.1727998822726113,False
977,7.990414945163583,297.11574391045906,4406.70231895499,76.11448709793201,0.435921763872616,0.564078236127384,0.3579100923491756,0.014480132389813731,0.4088562983362872,0.012584838053265733,COMPLETE,7.990414945163583,239.76943417830137,297.11574391045906,1717.1871203975056,76.11448709793201,5936.328561339593,4406.70231895499,1.9158572702517151,52.26452525552139,59.40171416443455,1.2803993288948212,46.29125695892688,1.0,True
978,8.332090630756511,298.6359499102286,7859.773245450432,83.41852816480655,0.004598525808314824,0.9954014741916852,0.37483960037753794,0.0010255955493828485,0.00108976301462317,0.002483160977530273,COMPLETE,8.332090630756511,240.99622521805537,298.6359499102286,1751.6012944529696,83.41852816480655,6225.52411399371,7859.773245450432,2.008002390187045,88.76158194912036,27.27499774801292,6.4128970748268,54.029990998893226,1.0,True
979,8.437646063768309,299.09538240439036,5509.34947754989,85.74910502613011,0.4812236474710556,0.5187763525289444,0.3805347417861211,0.2888460045309296,0.03730060525162452,0.15507674824453774,COMPLETE,8.437646063768309,241.36698264651898,299.09538240439036,1762.5690223823776,85.74910502613011,6309.400947170642,5509.34947754989,2.0365691710510347,61.52318351308517,33.94723813359722,8.090521976482812,33.261173605384975,1.0,True
980,10.04255393858934,297.6205961956179,7857.565958579522,122.24937869275205,0.28538915233445594,0.7146108476655441,0.45053565627774256,0.10441602934173934,0.08211329402522606,0.09885966383216474,COMPLETE,9.79834620033128,246.16285959225863,305.03830232376936,1899.8467258178332,119.27660459001184,7474.368357082593,7666.491215770845,2.41198891994849,72.21581940698684,33.771905816965266,3.8282026047281295,47.614036164142355,1.0249233629089165,False
981,8.108245702037415,297.6349508843692,5548.6349235329635,78.58646715652156,0.4812236474710556,0.5187763525289444,0.3639351238159993,0.1666898905407329,0.1624767269944717,0.15205659621653494,COMPLETE,8.108245702037415,240.18842901417707,297.6349508843692,1729.1733396110967,78.58646715652156,6032.940518417907,5548.6349235329635,1.9475067972333198,64.81172923643557,66.26604474523461,15.637852106538515,32.56379737940383,1.0,True
982,8.789708860746043,300.6516001489462,7874.410902604349,93.81150249396447,0.10256982024100358,0.8974301797589964,0.39822796881449246,0.020904174997086928,0.0038264445362988227,0.07783909601598145,COMPLETE,8.789708860746043,242.6228348041981,300.6516001489462,1798.0843932797948,93.81150249396447,6610.059404671026,7874.410902604349,2.1325840808977836,83.82270988584334,48.19692912373881,15.945590402683337,36.35377842298515,1.0,False
983,8.290890448441242,298.4534944924916,7814.54362607799,82.51737922858139,0.004598525808314824,0.9954014741916852,0.37275899843259913,0.000526288595529938,0.0009155122396939298,0.0031567211138631137,COMPLETE,8.290890448441242,240.8489855204958,298.4534944924916,1747.4179004167859,82.51737922858139,6190.945674777334,7814.54362607799,1.9968525535686417,88.74420609384171,47.27797449676844,1.9656993987696718,39.364417195851495,1.0,True
984,8.7864863258848,300.63860295173896,5028.819151488423,93.73651935725525,0.47022929217645715,0.5297707078235429,0.3982424154252496,0.07442356687832867,0.3771615177759024,0.018643474079481654,COMPLETE,8.7864863258848,242.6123461960238,300.63860295173896,1798.004197569601,93.73651935725525,6605.051629783984,5028.819151488423,2.1317100623421923,53.607666938313294,31.407531133921722,9.197306791147438,30.36443450533475,1.0,True
985,8.78674367607592,300.6394683487509,5542.372986105973,93.74240123823523,0.47022929217645715,0.5297707078235429,0.3982424154252496,0.11205373987017779,0.3377965594151043,0.020378191203870463,COMPLETE,8.78674367607592,242.61304456275846,300.6394683487509,1798.0078662490866,93.74240123823523,6605.429858216832,5542.372986105973,2.1317786350453436,59.076180604172364,65.41019026872941,10.817696287506882,42.495709114153534,1.0,True
986,8.22840840079411,298.17630624523673,7726.972105964232,81.16144108222088,0.009110912825774864,0.9908890871742251,0.3696069022396827,0.004345445462089528,0.0025131463068333013,0.0022523165765949743,COMPLETE,8.22840840079411,240.6252973768436,298.17630624523673,1741.071179776836,81.16144108222088,6138.573847561004,7726.972105964232,1.979963218379201,88.49855359044173,49.648158735869416,10.825473772543948,28.129725420016104,1.0,True
987,8.649531354768309,300.03216945484075,6598.215615549714,90.55025798620893,0.28538915233445594,0.7146108476655441,0.39125628324379796,0.04964222010149475,0.08817981689232854,0.14756693800512366,COMPLETE,8.649531354768309,242.12296042836195,300.03216945484075,1784.0382015006453,90.55025798620893,6488.8268371811855,6598.215615549714,2.094250137934443,71.62346443983093,52.9956669990671,15.151433907853038,26.708943775876126,1.0,True
988,9.177633734399706,302.3477153915814,6091.042087313422,103.18309340217763,0.4079165624953089,0.5920834375046911,0.4183805487625825,0.0630221323939274,0.24775231376761697,0.09714185390077609,COMPLETE,9.177633734399706,243.99158284385229,302.3477153915814,1837.5249912782954,103.18309340217763,6937.729063782934,6091.042087313422,2.239265381617319,61.84050665991395,48.80358500776591,10.3704074182698,35.05147853129254,1.0,True
989,7.995798659683256,297.1414166468147,7487.688761516011,76.22740179566685,0.009110912825774864,0.9908890871742251,0.3579100923491756,0.0045364688354882455,0.004351964700817329,0.00022247053737723055,COMPLETE,7.995798659683256,239.79015181981302,297.1414166468147,1717.4180943271972,76.22740179566685,5944.362243895788,7487.688761516011,1.917313774526105,88.55852199088288,67.21922469108962,11.857502697975049,49.44188239603186,1.0,False
990,7.874204281408903,296.59642910360935,7031.122311794157,73.71808846423954,0.11222028591833033,0.8877797140816697,0.35191576151505005,0.030191134391824446,0.03277915492510566,0.049249932007825625,COMPLETE,7.874204281408903,239.35035232232173,296.59642910360935,1705.116212054862,73.71808846423954,5841.999049937185,7031.122311794157,1.8846935690131552,84.6702444971545,56.6746804276966,14.899347302069746,69.76882731992522,1.0,True
991,12.574868099998358,282.464322613223,12347.76403008402,184.37174388870744,0.009110912825774864,0.9908890871742251,0.5350780755127227,0.004014870825994574,0.00390786452211688,0.0011881733382366193,COMPLETE,11.391587800024706,251.62334451127455,311.8047863186341,2057.7463336535207,167.0225796127558,8886.818760567745,11185.853956011464,2.8663894215360486,88.49404289519151,54.41673123389778,10.45791876953274,36.21621052693013,1.1038731668267603,False
992,16.00621413536214,266.9463656378133,10087.222642614655,286.95563568490223,0.4812236474710556,0.5187763525289444,0.6443558534082271,0.1666898905407329,0.1624767269944717,0.15205659621653494,COMPLETE,13.359170836345935,258.1078924669276,319.84026130054593,2246.2885618341616,239.50006710816274,10681.465684174082,8419.038343941113,3.4481074296748915,55.54284729939158,20.71226493611638,1.4876006940024706,36.733648128546776,1.1981442809170808,False
993,9.236851225984749,302.60729452652714,5501.687071765835,104.66082110685701,0.4812236474710556,0.5187763525289444,0.4214548343140179,0.056364098260884295,0.36869679844230646,0.056162347511516074,COMPLETE,9.236851225984749,244.20106060996216,302.60729452652714,1843.5533135256874,104.66082110685701,6988.317552234766,5501.687071765835,2.2556488660819047,55.449922695025904,47.015874246701244,10.318243386971922,48.83877502826593,1.0,True
994,8.105389066516201,297.61873555662794,5081.330675661785,78.52412319552117,0.4812236474710556,0.5187763525289444,0.3639351238159993,0.05434156284213603,0.17194913679582668,0.25493267568137495,COMPLETE,8.105389066516201,240.17534340684318,297.61873555662794,1728.9878940268036,78.52412319552117,6028.57098710283,5081.330675661785,1.9467146024966009,59.44829253496822,48.90718251668155,9.220834702244813,34.944583755855724,1.0,True
995,8.322065720446512,298.5814346575566,5625.114095712555,83.1932290442443,0.4812236474710556,0.5187763525289444,0.37483960037753794,0.09856620140252773,0.14212330049477517,0.24053376618636715,COMPLETE,8.322065720446512,240.9522319543016,298.5814346575566,1750.979827400908,83.1932290442443,6210.178913178187,5625.114095712555,2.00522030981197,63.87527761547566,50.03465098669779,-2.2150764318254037,54.08603846723325,1.0,True
996,7.920131560555578,296.79258440823344,4837.611626014305,74.65534744533001,0.44513189194545816,0.5548681080545419,0.3546369849586602,0.006050332764341385,0.17028365808957271,0.26879740330509755,COMPLETE,7.920131560555578,239.5086476916003,296.79258440823344,1710.139045547887,74.65534744533001,5874.336963433426,4837.611626014305,1.8969399996082303,58.086196673260964,25.20293895165659,1.5021448469485779,30.316225362855242,1.0,True
997,8.106230778477109,297.62254218723336,5920.800777095988,78.54198985386374,0.3899226975755718,0.6100773024244281,0.3639351238159993,0.0306088999760611,0.09129983308115443,0.2680136784020991,COMPLETE,8.106230778477109,240.17841531967545,297.62254218723336,1729.0172311193387,78.54198985386374,6029.823388997778,5920.800777095988,1.9469416625902112,69.24467100655167,24.124127893990774,13.755355183264669,47.944263212086206,1.0,True
998,8.107065316691791,297.6292970131816,4878.207801886823,78.56124127460264,0.4812236474710556,0.5187763525289444,0.3639351238159993,0.0639745087333785,0.24382963886739978,0.17341917947514063,COMPLETE,8.107065316691791,240.1838663966674,297.6292970131816,1729.1217936003063,78.56124127460264,6031.172703403277,4878.207801886823,1.9471862928933577,57.014473733482134,31.5666304651522,5.1264110061592945,43.13310405748166,1.0,True
999,8.112755914765799,297.65988716773575,5819.202598261113,78.6846172063147,0.4079165624953089,0.5920834375046911,0.3639351238159993,0.29529055474553995,0.10483121475264577,0.007794486358487066,COMPLETE,8.112755914765799,240.20855234549109,297.65988716773575,1729.4531111834765,78.6846172063147,6039.8161864591575,5819.202598261113,1.9487533538182127,67.7972091877364,46.76208392568562,8.793850593822642,41.902439900591226,1.0,True
