case,point,group,element,quantity,path,value,units,value_si,units_si
reference,DESIGN,station,fc.Fl_O,stat:W,DESIGN.fc.Fl_O:stat:W,344.30313657677164,lbm/s,156.17327571829153,kg/s
reference,DESIGN,station,fc.Fl_O,tot:P,DESIGN.fc.Fl_O:tot:P,5.272652582271801,lbf/inch**2,36353.65988469567,Pa
reference,DESIGN,station,fc.Fl_O,tot:T,DESIGN.fc.Fl_O:tot:T,444.40440206438075,degR,246.89133448021153,degK
reference,DESIGN,station,fc.Fl_O,tot:h,DESIGN.fc.Fl_O:tot:h,-23.98304703684412,Btu/lbm,-55784.567407699426,J/kg
reference,DESIGN,station,fc.Fl_O,tot:S,DESIGN.fc.Fl_O:tot:S,1.6645248705986988,Btu/lbm/degR,6969.032728222633,J/(kg*degK)
reference,DESIGN,station,fc.Fl_O,stat:P,DESIGN.fc.Fl_O:stat:P,3.4580299963163554,lbf/inch**2,23842.277562500673,Pa
reference,DESIGN,station,fc.Fl_O,stat:T,DESIGN.fc.Fl_O:stat:T,393.8539999999999,degR,218.80777777777774,degK
reference,DESIGN,station,fc.Fl_O,stat:MN,DESIGN.fc.Fl_O:stat:MN,0.8,,0.8,
reference,DESIGN,station,fc.Fl_O,stat:V,DESIGN.fc.Fl_O:stat:V,778.6190756208366,ft/s,237.32309424923102,m/s
reference,DESIGN,station,fc.Fl_O,stat:area,DESIGN.fc.Fl_O:stat:area,2687.027432043219,inch**2,1.7335626180570032,m**2
reference,DESIGN,station,inlet.Fl_O,stat:W,DESIGN.inlet.Fl_O:stat:W,344.30313657677164,lbm/s,156.17327571829153,kg/s
reference,DESIGN,station,inlet.Fl_O,tot:P,DESIGN.inlet.Fl_O:tot:P,5.26737992968953,lbf/inch**2,36317.30622481097,Pa
reference,DESIGN,station,inlet.Fl_O,tot:T,DESIGN.inlet.Fl_O:tot:T,444.40440206438075,degR,246.89133448021153,degK
reference,DESIGN,station,inlet.Fl_O,tot:h,DESIGN.inlet.Fl_O:tot:h,-23.98304703684412,Btu/lbm,-55784.567407699426,J/kg
reference,DESIGN,station,inlet.Fl_O,tot:S,DESIGN.inlet.Fl_O:tot:S,1.6645934656529082,Btu/lbm/degR,6969.319921995597,J/(kg*degK)
reference,DESIGN,station,inlet.Fl_O,stat:P,DESIGN.inlet.Fl_O:stat:P,3.622666037606401,lbf/inch**2,24977.403110113035,Pa
reference,DESIGN,station,inlet.Fl_O,stat:T,DESIGN.inlet.Fl_O:stat:T,399.2482968848662,degR,221.80460938048122,degK
reference,DESIGN,station,inlet.Fl_O,stat:MN,DESIGN.inlet.Fl_O:stat:MN,0.751,,0.751,
reference,DESIGN,station,inlet.Fl_O,stat:V,DESIGN.inlet.Fl_O:stat:V,735.9119864802941,ft/s,224.30597347919365,m/s
reference,DESIGN,station,inlet.Fl_O,stat:area,DESIGN.inlet.Fl_O:stat:area,2750.929946916696,inch**2,1.7747899645527754,m**2
reference,DESIGN,station,fan.Fl_O,stat:W,DESIGN.fan.Fl_O:stat:W,344.30313657677164,lbm/s,156.17327571829153,kg/s
reference,DESIGN,station,fan.Fl_O,tot:P,DESIGN.fan.Fl_O:tot:P,8.875535181526859,lbf/inch**2,61194.6609888065,Pa
reference,DESIGN,station,fan.Fl_O,tot:T,DESIGN.fan.Fl_O:tot:T,524.338415092674,degR,291.29911949593003,degK
reference,DESIGN,station,fan.Fl_O,tot:h,DESIGN.fan.Fl_O:tot:h,-4.821918848253546,Btu/lbm,-11215.783241037747,J/kg
reference,DESIGN,station,fan.Fl_O,tot:S,DESIGN.fan.Fl_O:tot:S,1.6684689735071208,Btu/lbm/degR,6985.5458982796135,J/(kg*degK)
reference,DESIGN,station,fan.Fl_O,stat:P,DESIGN.fan.Fl_O:stat:P,7.68712532821415,lbf/inch**2,53000.863476675215,Pa
reference,DESIGN,station,fan.Fl_O,stat:T,DESIGN.fan.Fl_O:stat:T,503.22852780237145,degR,279.5714043346508,degK
reference,DESIGN,station,fan.Fl_O,stat:MN,DESIGN.fan.Fl_O:stat:MN,0.4578,,0.4578,
reference,DESIGN,station,fan.Fl_O,stat:V,DESIGN.fan.Fl_O:stat:V,503.511145510622,ft/s,153.4701971516376,m/s
reference,DESIGN,station,fan.Fl_O,stat:area,DESIGN.fan.Fl_O:stat:area,2388.2667828171093,inch**2,1.5408141976022862,m**2
reference,DESIGN,station,splitter.Fl_O1,stat:W,DESIGN.splitter.Fl_O1:stat:W,56.39691016818536,lbm/s,25.581208143864295,kg/s
reference,DESIGN,station,splitter.Fl_O1,tot:P,DESIGN.splitter.Fl_O1:tot:P,8.875535181526859,lbf/inch**2,61194.6609888065,Pa
reference,DESIGN,station,splitter.Fl_O1,tot:T,DESIGN.splitter.Fl_O1:tot:T,524.338415092674,degR,291.29911949593003,degK
reference,DESIGN,station,splitter.Fl_O1,tot:h,DESIGN.splitter.Fl_O1:tot:h,-4.82191884825362,Btu/lbm,-11215.783241037921,J/kg
reference,DESIGN,station,splitter.Fl_O1,tot:S,DESIGN.splitter.Fl_O1:tot:S,1.6684689735071208,Btu/lbm/degR,6985.5458982796135,J/(kg*degK)
reference,DESIGN,station,splitter.Fl_O1,stat:P,DESIGN.splitter.Fl_O1:stat:P,8.301905106033072,lbf/inch**2,57239.62083800097,Pa
reference,DESIGN,station,splitter.Fl_O1,stat:T,DESIGN.splitter.Fl_O1:stat:T,514.4201474032715,degR,285.7889707795953,degK
reference,DESIGN,station,splitter.Fl_O1,stat:MN,DESIGN.splitter.Fl_O1:stat:MN,0.3104,,0.3104,
reference,DESIGN,station,splitter.Fl_O1,stat:V,DESIGN.splitter.Fl_O1:stat:V,345.15244442143205,ft/s,105.2024650596525,m/s
reference,DESIGN,station,splitter.Fl_O1,stat:area,DESIGN.splitter.Fl_O1:stat:area,540.1746735086338,inch**2,0.34849909236083015,m**2
reference,DESIGN,station,splitter.Fl_O2,stat:W,DESIGN.splitter.Fl_O2:stat:W,287.9062264085863,lbm/s,130.59206757442726,kg/s
reference,DESIGN,station,splitter.Fl_O2,tot:P,DESIGN.splitter.Fl_O2:tot:P,8.875535181526859,lbf/inch**2,61194.6609888065,Pa
reference,DESIGN,station,splitter.Fl_O2,tot:T,DESIGN.splitter.Fl_O2:tot:T,524.338415092674,degR,291.29911949593003,degK
reference,DESIGN,station,splitter.Fl_O2,tot:h,DESIGN.splitter.Fl_O2:tot:h,-4.82191884825362,Btu/lbm,-11215.783241037921,J/kg
reference,DESIGN,station,splitter.Fl_O2,tot:S,DESIGN.splitter.Fl_O2:tot:S,1.6684689735071208,Btu/lbm/degR,6985.5458982796135,J/(kg*degK)
reference,DESIGN,station,splitter.Fl_O2,stat:P,DESIGN.splitter.Fl_O2:stat:P,7.715388781161581,lbf/inch**2,53195.73312522226,Pa
reference,DESIGN,station,splitter.Fl_O2,stat:T,DESIGN.splitter.Fl_O2:stat:T,503.75685919599636,degR,279.86492177555357,degK
reference,DESIGN,station,splitter.Fl_O2,stat:MN,DESIGN.splitter.Fl_O2:stat:MN,0.4518,,0.4518,
reference,DESIGN,station,splitter.Fl_O2,stat:V,DESIGN.splitter.Fl_O2:stat:V,497.1717758305237,ft/s,151.53795727314363,m/s
reference,DESIGN,station,splitter.Fl_O2,stat:area,DESIGN.splitter.Fl_O2:stat:area,2017.2392268738479,inch**2,1.3014420596099316,m**2
reference,DESIGN,station,duct4.Fl_O,stat:W,DESIGN.duct4.Fl_O:stat:W,56.39691016818536,lbm/s,25.581208143864295,kg/s
reference,DESIGN,station,duct4.Fl_O,tot:P,DESIGN.duct4.Fl_O:tot:P,8.83293261265553,lbf/inch**2,60900.92661606022,Pa
reference,DESIGN,station,duct4.Fl_O,tot:T,DESIGN.duct4.Fl_O:tot:T,524.3384150926742,degR,291.2991194959301,degK
reference,DESIGN,station,duct4.Fl_O,tot:h,DESIGN.duct4.Fl_O:tot:h,-4.82191884825362,Btu/lbm,-11215.783241037921,J/kg
reference,DESIGN,station,duct4.Fl_O,tot:S,DESIGN.duct4.Fl_O:tot:S,1.668798857468153,Btu/lbm/degR,6986.927056447663,J/(kg*degK)
reference,DESIGN,station,duct4.Fl_O,stat:P,DESIGN.duct4.Fl_O:stat:P,8.256052640296422,lbf/inch**2,56923.47921511661,Pa
reference,DESIGN,station,duct4.Fl_O,stat:T,DESIGN.duct4.Fl_O:stat:T,514.3132706921988,degR,285.7295948289993,degK
reference,DESIGN,station,duct4.Fl_O,stat:MN,DESIGN.duct4.Fl_O:stat:MN,0.3121,,0.3121,
reference,DESIGN,station,duct4.Fl_O,stat:V,DESIGN.duct4.Fl_O:stat:V,347.0068870376366,ft/s,105.76769916907165,m/s
reference,DESIGN,station,duct4.Fl_O,stat:area,DESIGN.duct4.Fl_O:stat:area,540.1596631747946,inch**2,0.34848940829385044,m**2
reference,DESIGN,station,lpc.Fl_O,stat:W,DESIGN.lpc.Fl_O:stat:W,56.39691016818536,lbm/s,25.581208143864295,kg/s
reference,DESIGN,station,lpc.Fl_O,tot:P,DESIGN.lpc.Fl_O:tot:P,17.09172460548845,lbf/inch**2,117843.29300207655,Pa
reference,DESIGN,station,lpc.Fl_O,tot:T,DESIGN.lpc.Fl_O:tot:T,641.8831206181075,degR,356.6017336767264,degK
reference,DESIGN,station,lpc.Fl_O,tot:h,DESIGN.lpc.Fl_O:tot:h,23.430413543332513,Btu/lbm,54499.14190179142,J/kg
reference,DESIGN,station,lpc.Fl_O,tot:S,DESIGN.lpc.Fl_O:tot:S,1.6721540317965988,Btu/lbm/degR,7000.974500326,J/(kg*degK)
reference,DESIGN,station,lpc.Fl_O,stat:P,DESIGN.lpc.Fl_O:stat:P,16.019153737541146,lbf/inch**2,110448.17717997757,Pa
reference,DESIGN,station,lpc.Fl_O,stat:T,DESIGN.lpc.Fl_O:stat:T,630.1504635066823,degR,350.08359083704573,degK
reference,DESIGN,station,lpc.Fl_O,stat:MN,DESIGN.lpc.Fl_O:stat:MN,0.3059,,0.3059,
reference,DESIGN,station,lpc.Fl_O,stat:V,DESIGN.lpc.Fl_O:stat:V,376.17474058102505,ft/s,114.65806092909644,m/s
reference,DESIGN,station,lpc.Fl_O,stat:area,DESIGN.lpc.Fl_O:stat:area,314.644415124302,inch**2,0.20299599086159467,m**2
reference,DESIGN,station,duct6.Fl_O,stat:W,DESIGN.duct6.Fl_O:stat:W,56.39691016818536,lbm/s,25.581208143864295,kg/s
reference,DESIGN,station,duct6.Fl_O,tot:P,DESIGN.duct6.Fl_O:tot:P,16.919098186973017,lbf/inch**2,116653.07574275557,Pa
reference,DESIGN,station,duct6.Fl_O,tot:T,DESIGN.duct6.Fl_O:tot:T,641.8831206181073,degR,356.6017336767263,degK
reference,DESIGN,station,duct6.Fl_O,tot:h,DESIGN.duct6.Fl_O:tot:h,23.430413543332513,Btu/lbm,54499.14190179142,J/kg
reference,DESIGN,station,duct6.Fl_O,tot:S,DESIGN.duct6.Fl_O:tot:S,1.6728500160483146,Btu/lbm/degR,7003.888447191084,J/(kg*degK)
reference,DESIGN,station,duct6.Fl_O,stat:P,DESIGN.duct6.Fl_O:stat:P,15.499354338587759,lbf/inch**2,106864.28647924062,Pa
reference,DESIGN,station,duct6.Fl_O,stat:T,DESIGN.duct6.Fl_O:stat:T,626.0662451409332,degR,347.8145806338518,degK
reference,DESIGN,station,duct6.Fl_O,stat:MN,DESIGN.duct6.Fl_O:stat:MN,0.3563,,0.3563,
reference,DESIGN,station,duct6.Fl_O,stat:V,DESIGN.duct6.Fl_O:stat:V,436.7475805998953,ft/s,133.1206625668481,m/s
reference,DESIGN,station,duct6.Fl_O,stat:area,DESIGN.duct6.Fl_O:stat:area,278.27945312973793,inch**2,0.17953477198118173,m**2
reference,DESIGN,station,hpc.Fl_O,stat:W,DESIGN.hpc.Fl_O:stat:W,49.884082188142976,lbm/s,22.62703906499456,kg/s
reference,DESIGN,station,hpc.Fl_O,tot:P,DESIGN.hpc.Fl_O:tot:P,158.5150309137502,lbf/inch**2,1092922.666633877,Pa
reference,DESIGN,station,hpc.Fl_O,tot:T,DESIGN.hpc.Fl_O:tot:T,1276.4761356426259,degR,709.1534086903478,degK
reference,DESIGN,station,hpc.Fl_O,tot:h,DESIGN.hpc.Fl_O:tot:h,180.8239411036532,Btu/lbm,420596.48700709734,J/kg
reference,DESIGN,station,hpc.Fl_O,tot:S,DESIGN.hpc.Fl_O:tot:S,1.6893103211366995,Btu/lbm/degR,7072.804452535134,J/(kg*degK)
reference,DESIGN,station,hpc.Fl_O,stat:P,DESIGN.hpc.Fl_O:stat:P,152.2301982882959,lbf/inch**2,1049590.2710070135,Pa
reference,DESIGN,station,hpc.Fl_O,stat:T,DESIGN.hpc.Fl_O:stat:T,1262.7766656020606,degR,701.5425920011448,degK
reference,DESIGN,station,hpc.Fl_O,stat:MN,DESIGN.hpc.Fl_O:stat:MN,0.2442,,0.2442,
reference,DESIGN,station,hpc.Fl_O,stat:V,DESIGN.hpc.Fl_O:stat:V,419.9213897344863,ft/s,127.99203959107143,m/s
reference,DESIGN,station,hpc.Fl_O,stat:area,DESIGN.hpc.Fl_O:stat:area,52.57377557147148,inch**2,0.03391849704769054,m**2
reference,DESIGN,station,bld3.Fl_O,stat:W,DESIGN.bld3.Fl_O:stat:W,41.480110861906525,lbm/s,18.815061793714925,kg/s
reference,DESIGN,station,bld3.Fl_O,tot:P,DESIGN.bld3.Fl_O:tot:P,158.5150309137502,lbf/inch**2,1092922.666633877,Pa
reference,DESIGN,station,bld3.Fl_O,tot:T,DESIGN.bld3.Fl_O:tot:T,1276.4761356426259,degR,709.1534086903478,degK
reference,DESIGN,station,bld3.Fl_O,tot:h,DESIGN.bld3.Fl_O:tot:h,180.82394110365323,Btu/lbm,420596.4870070974,J/kg
reference,DESIGN,station,bld3.Fl_O,tot:S,DESIGN.bld3.Fl_O:tot:S,1.6893103211366995,Btu/lbm/degR,7072.804452535134,J/(kg*degK)
reference,DESIGN,station,bld3.Fl_O,stat:P,DESIGN.bld3.Fl_O:stat:P,149.14829873015125,lbf/inch**2,1028341.321529043,Pa
reference,DESIGN,station,bld3.Fl_O,stat:T,DESIGN.bld3.Fl_O:stat:T,1255.8979797745174,degR,697.7210998747319,degK
reference,DESIGN,station,bld3.Fl_O,stat:MN,DESIGN.bld3.Fl_O:stat:MN,0.3,,0.3,
reference,DESIGN,station,bld3.Fl_O,stat:V,DESIGN.bld3.Fl_O:stat:V,514.5478600551136,ft/s,156.8341877447986,m/s
reference,DESIGN,station,bld3.Fl_O,stat:area,DESIGN.bld3.Fl_O:stat:area,36.215929950504446,inch**2,0.02336506936686745,m**2
reference,DESIGN,station,burner.Fl_O,stat:W,DESIGN.burner.Fl_O:stat:W,42.513790827442484,lbm/s,19.2839311391039,kg/s
reference,DESIGN,station,burner.Fl_O,tot:P,DESIGN.burner.Fl_O:tot:P,149.9552192444077,lbf/inch**2,1033904.8426356475,Pa
reference,DESIGN,station,burner.Fl_O,tot:T,DESIGN.burner.Fl_O:tot:T,2857.0,degR,1587.2222222222224,degK
reference,DESIGN,station,burner.Fl_O,tot:h,DESIGN.burner.Fl_O:tot:h,176.42738926552713,Btu/lbm,410370.1074316161,J/kg
reference,DESIGN,station,burner.Fl_O,tot:S,DESIGN.burner.Fl_O:tot:S,1.9466756299592891,Btu/lbm/degR,8150.341527513552,J/(kg*degK)
reference,DESIGN,station,burner.Fl_O,stat:P,DESIGN.burner.Fl_O:stat:P,148.9482684341438,lbf/inch**2,1026962.1611853216,Pa
reference,DESIGN,station,burner.Fl_O,stat:T,DESIGN.burner.Fl_O:stat:T,2852.751927139287,degR,1584.8621817440485,degK
reference,DESIGN,station,burner.Fl_O,stat:MN,DESIGN.burner.Fl_O:stat:MN,0.1025,,0.1025,
reference,DESIGN,station,burner.Fl_O,stat:V,DESIGN.burner.Fl_O:stat:V,256.9602421908935,ft/s,78.32148181978434,m/s
reference,DESIGN,station,burner.Fl_O,stat:area,DESIGN.burner.Fl_O:stat:area,169.04116794572812,inch**2,0.10905859991186595,m**2
reference,DESIGN,station,hpt.Fl_O,stat:W,DESIGN.hpt.Fl_O:stat:W,50.917762153678936,lbm/s,23.095908410383533,kg/s
reference,DESIGN,station,hpt.Fl_O,tot:P,DESIGN.hpt.Fl_O:tot:P,41.48427018902613,lbf/inch**2,286023.97474230814,Pa
reference,DESIGN,station,hpt.Fl_O,tot:T,DESIGN.hpt.Fl_O:tot:T,2052.0718440864507,degR,1140.0399133813617,degK
reference,DESIGN,station,hpt.Fl_O,tot:h,DESIGN.hpt.Fl_O:tot:h,9.418507172207352,Btu/lbm,21907.447682554302,J/kg
reference,DESIGN,station,hpt.Fl_O,tot:S,DESIGN.hpt.Fl_O:tot:S,1.9321502842712288,Btu/lbm/degR,8089.526810186781,J/(kg*degK)
reference,DESIGN,station,hpt.Fl_O,stat:P,DESIGN.hpt.Fl_O:stat:P,38.044971816403766,lbf/inch**2,262310.84717902215,Pa
reference,DESIGN,station,hpt.Fl_O,stat:T,DESIGN.hpt.Fl_O:stat:T,2010.2765596103877,degR,1116.82031089466,degK
reference,DESIGN,station,hpt.Fl_O,stat:MN,DESIGN.hpt.Fl_O:stat:MN,0.365,,0.365,
reference,DESIGN,station,hpt.Fl_O,stat:V,DESIGN.hpt.Fl_O:stat:V,776.8008041592774,ft/s,236.76888510774776,m/s
reference,DESIGN,station,hpt.Fl_O,stat:area,DESIGN.hpt.Fl_O:stat:area,184.76648649093335,inch**2,0.11920394642449056,m**2
reference,DESIGN,station,duct11.Fl_O,stat:W,DESIGN.duct11.Fl_O:stat:W,50.917762153678936,lbm/s,23.095908410383533,kg/s
reference,DESIGN,station,duct11.Fl_O,tot:P,DESIGN.duct11.Fl_O:tot:P,41.2727004110621,lbf/inch**2,284565.25247112237,Pa
reference,DESIGN,station,duct11.Fl_O,tot:T,DESIGN.duct11.Fl_O:tot:T,2052.07185191378,degR,1140.0399177298777,degK
reference,DESIGN,station,duct11.Fl_O,tot:h,DESIGN.duct11.Fl_O:tot:h,9.418507172207352,Btu/lbm,21907.447682554302,J/kg
reference,DESIGN,station,duct11.Fl_O,tot:S,DESIGN.duct11.Fl_O:tot:S,1.9325008027008133,Btu/lbm/degR,8090.994360747765,J/(kg*degK)
reference,DESIGN,station,duct11.Fl_O,stat:P,DESIGN.duct11.Fl_O:stat:P,38.82600234439628,lbf/inch**2,267695.8631138233,Pa
reference,DESIGN,station,duct11.Fl_O,stat:T,DESIGN.duct11.Fl_O:stat:T,2022.4869147322415,degR,1123.603841517912,degK
reference,DESIGN,station,duct11.Fl_O,stat:MN,DESIGN.duct11.Fl_O:stat:MN,0.3063,,0.3063,
reference,DESIGN,station,duct11.Fl_O,stat:V,DESIGN.duct11.Fl_O:stat:V,653.736198507127,ft/s,199.25879330497233,m/s
reference,DESIGN,station,duct11.Fl_O,stat:area,DESIGN.duct11.Fl_O:stat:area,216.4386520649824,inch**2,0.13963756076624403,m**2
reference,DESIGN,station,lpt.Fl_O,stat:W,DESIGN.lpt.Fl_O:stat:W,54.92092763123707,lbm/s,24.91171372685131,kg/s
reference,DESIGN,station,lpt.Fl_O,tot:P,DESIGN.lpt.Fl_O:tot:P,9.454006781650673,lbf/inch**2,65183.082276900524,Pa
reference,DESIGN,station,lpt.Fl_O,tot:T,DESIGN.lpt.Fl_O:tot:T,1443.6444080100678,degR,802.0246711167043,degK
reference,DESIGN,station,lpt.Fl_O,tot:h,DESIGN.lpt.Fl_O:tot:h,-132.95805085489914,Btu/lbm,-309260.4262884954,J/kg
reference,DESIGN,station,lpt.Fl_O,tot:S,DESIGN.lpt.Fl_O:tot:S,1.9341418724072197,Btu/lbm/degR,8097.865191394548,J/(kg*degK)
reference,DESIGN,station,lpt.Fl_O,stat:P,DESIGN.lpt.Fl_O:stat:P,8.446424524380646,lbf/inch**2,58236.04715271903,Pa
reference,DESIGN,station,lpt.Fl_O,stat:T,DESIGN.lpt.Fl_O:stat:T,1402.8301889623935,degR,779.3501049791075,degK
reference,DESIGN,station,lpt.Fl_O,stat:MN,DESIGN.lpt.Fl_O:stat:MN,0.4127,,0.4127,
reference,DESIGN,station,lpt.Fl_O,stat:V,DESIGN.lpt.Fl_O:stat:V,741.9964103337422,ft/s,226.16050586972463,m/s
reference,DESIGN,station,lpt.Fl_O,stat:area,DESIGN.lpt.Fl_O:stat:area,655.8084163896588,inch**2,0.4231013579179522,m**2
reference,DESIGN,station,duct13.Fl_O,stat:W,DESIGN.duct13.Fl_O:stat:W,54.92092763123707,lbm/s,24.91171372685131,kg/s
reference,DESIGN,station,duct13.Fl_O,tot:P,DESIGN.duct13.Fl_O:tot:P,9.35284890908701,lbf/inch**2,64485.623296537684,Pa
reference,DESIGN,station,duct13.Fl_O,tot:T,DESIGN.duct13.Fl_O:tot:T,1443.6444114351214,degR,802.0246730195119,degK
reference,DESIGN,station,duct13.Fl_O,tot:h,DESIGN.duct13.Fl_O:tot:h,-132.95805085489914,Btu/lbm,-309260.4262884954,J/kg
reference,DESIGN,station,duct13.Fl_O,tot:S,DESIGN.duct13.Fl_O:tot:S,1.9348793558994497,Btu/lbm/degR,8100.952887279816,J/(kg*degK)
reference,DESIGN,station,duct13.Fl_O,stat:P,DESIGN.duct13.Fl_O:stat:P,8.200278861603254,lbf/inch**2,56538.9325472946,Pa
reference,DESIGN,station,duct13.Fl_O,stat:T,DESIGN.duct13.Fl_O:stat:T,1396.1084684124119,degR,775.6158157846733,degK
reference,DESIGN,station,duct13.Fl_O,stat:MN,DESIGN.duct13.Fl_O:stat:MN,0.4463,,0.4463,
reference,DESIGN,station,duct13.Fl_O,stat:V,DESIGN.duct13.Fl_O:stat:V,800.5987294082129,ft/s,244.0224927236233,m/s
reference,DESIGN,station,duct13.Fl_O,stat:area,DESIGN.duct13.Fl_O:stat:area,623.0490502736408,inch**2,0.40196632527454207,m**2
reference,DESIGN,station,core_nozz.Fl_O,stat:W,DESIGN.core_nozz.Fl_O:stat:W,54.92092763123707,lbm/s,24.91171372685131,kg/s
reference,DESIGN,station,core_nozz.Fl_O,tot:P,DESIGN.core_nozz.Fl_O:tot:P,9.35284890908701,lbf/inch**2,64485.623296537684,Pa
reference,DESIGN,station,core_nozz.Fl_O,tot:T,DESIGN.core_nozz.Fl_O:tot:T,1443.6444114351214,degR,802.0246730195119,degK
reference,DESIGN,station,core_nozz.Fl_O,tot:h,DESIGN.core_nozz.Fl_O:tot:h,-132.95805085489914,Btu/lbm,-309260.4262884954,J/kg
reference,DESIGN,station,core_nozz.Fl_O,tot:S,DESIGN.core_nozz.Fl_O:tot:S,1.9348793558994497,Btu/lbm/degR,8100.952887279816,J/(kg*degK)
reference,DESIGN,station,core_nozz.Fl_O,stat:P,DESIGN.core_nozz.Fl_O:stat:P,5.013785835549804,lbf/inch**2,34568.836492873714,Pa
reference,DESIGN,station,core_nozz.Fl_O,stat:T,DESIGN.core_nozz.Fl_O:stat:T,1229.570271605001,degR,683.0945953361116,degK
reference,DESIGN,station,core_nozz.Fl_O,stat:MN,DESIGN.core_nozz.Fl_O:stat:MN,1.0,,1.0,
reference,DESIGN,station,core_nozz.Fl_O,stat:V,DESIGN.core_nozz.Fl_O:stat:V,1689.8736998238971,ft/s,515.0735037063239,m/s
reference,DESIGN,station,core_nozz.Fl_O,stat:area,DESIGN.core_nozz.Fl_O:stat:area,425.18698241320817,inch**2,0.27431363357370536,m**2
reference,DESIGN,station,byp_bld.Fl_O,stat:W,DESIGN.byp_bld.Fl_O:stat:W,286.46669527654336,lbm/s,129.93910723655512,kg/s
reference,DESIGN,station,byp_bld.Fl_O,tot:P,DESIGN.byp_bld.Fl_O:tot:P,8.875535181526859,lbf/inch**2,61194.6609888065,Pa
reference,DESIGN,station,byp_bld.Fl_O,tot:T,DESIGN.byp_bld.Fl_O:tot:T,524.338415092674,degR,291.29911949593003,degK
reference,DESIGN,station,byp_bld.Fl_O,tot:h,DESIGN.byp_bld.Fl_O:tot:h,-4.82191884825362,Btu/lbm,-11215.783241037921,J/kg
reference,DESIGN,station,byp_bld.Fl_O,tot:S,DESIGN.byp_bld.Fl_O:tot:S,1.6684689735071208,Btu/lbm/degR,6985.5458982796135,J/(kg*degK)
reference,DESIGN,station,byp_bld.Fl_O,stat:P,DESIGN.byp_bld.Fl_O:stat:P,7.728963001246627,lbf/inch**2,53289.32407825242,Pa
reference,DESIGN,station,byp_bld.Fl_O,stat:T,DESIGN.byp_bld.Fl_O:stat:T,504.0101102007609,degR,280.00561677820053,degK
reference,DESIGN,station,byp_bld.Fl_O,stat:MN,DESIGN.byp_bld.Fl_O:stat:MN,0.4489,,0.4489,
reference,DESIGN,station,byp_bld.Fl_O,stat:V,DESIGN.byp_bld.Fl_O:stat:V,494.1041937499191,ft/s,150.60295825497533,m/s
reference,DESIGN,station,byp_bld.Fl_O,stat:area,DESIGN.byp_bld.Fl_O:stat:area,2017.0807006612895,inch**2,1.3013397848386374,m**2
reference,DESIGN,station,duct15.Fl_O,stat:W,DESIGN.duct15.Fl_O:stat:W,286.46669527654336,lbm/s,129.93910723655512,kg/s
reference,DESIGN,station,duct15.Fl_O,tot:P,DESIGN.duct15.Fl_O:tot:P,8.743289707322107,lbf/inch**2,60282.86054007327,Pa
reference,DESIGN,station,duct15.Fl_O,tot:T,DESIGN.duct15.Fl_O:tot:T,524.3384150926742,degR,291.2991194959301,degK
reference,DESIGN,station,duct15.Fl_O,tot:h,DESIGN.duct15.Fl_O:tot:h,-4.82191884825362,Btu/lbm,-11215.783241037921,J/kg
reference,DESIGN,station,duct15.Fl_O,tot:S,DESIGN.duct15.Fl_O:tot:S,1.6694982157361327,Btu/lbm/degR,6989.855129644041,J/(kg*degK)
reference,DESIGN,station,duct15.Fl_O,stat:P,DESIGN.duct15.Fl_O:stat:P,7.567457232331684,lbf/inch**2,52175.7809989509,Pa
reference,DESIGN,station,duct15.Fl_O,stat:T,DESIGN.duct15.Fl_O:stat:T,503.1310312399928,degR,279.5172395777738,degK
reference,DESIGN,station,duct15.Fl_O,stat:MN,DESIGN.duct15.Fl_O:stat:MN,0.4589,,0.4589,
reference,DESIGN,station,duct15.Fl_O,stat:V,DESIGN.duct15.Fl_O:stat:V,504.67228166174067,ft/s,153.82411145049858,m/s
reference,DESIGN,station,duct15.Fl_O,stat:area,DESIGN.duct15.Fl_O:stat:area,2013.4714240722872,inch**2,1.2990112239544767,m**2
reference,DESIGN,station,byp_nozz.Fl_O,stat:W,DESIGN.byp_nozz.Fl_O:stat:W,286.46669527654336,lbm/s,129.93910723655512,kg/s
reference,DESIGN,station,byp_nozz.Fl_O,tot:P,DESIGN.byp_nozz.Fl_O:tot:P,8.743289707322107,lbf/inch**2,60282.86054007327,Pa
reference,DESIGN,station,byp_nozz.Fl_O,tot:T,DESIGN.byp_nozz.Fl_O:tot:T,524.338415092674,degR,291.29911949593003,degK
reference,DESIGN,station,byp_nozz.Fl_O,tot:h,DESIGN.byp_nozz.Fl_O:tot:h,-4.82191884825362,Btu/lbm,-11215.783241037921,J/kg
reference,DESIGN,station,byp_nozz.Fl_O,tot:S,DESIGN.byp_nozz.Fl_O:tot:S,1.6694982157361327,Btu/lbm/degR,6989.855129644041,J/(kg*degK)
reference,DESIGN,station,byp_nozz.Fl_O,stat:P,DESIGN.byp_nozz.Fl_O:stat:P,4.617467383554589,lbf/inch**2,31836.31695265106,Pa
reference,DESIGN,station,byp_nozz.Fl_O,stat:T,DESIGN.byp_nozz.Fl_O:stat:T,436.81972827555165,degR,242.67762681975094,degK
reference,DESIGN,station,byp_nozz.Fl_O,stat:MN,DESIGN.byp_nozz.Fl_O:stat:MN,1.0,,1.0,
reference,DESIGN,station,byp_nozz.Fl_O,stat:V,DESIGN.byp_nozz.Fl_O:stat:V,1024.9146596913938,ft/s,312.3939882739368,m/s
reference,DESIGN,station,byp_nozz.Fl_O,stat:area,DESIGN.byp_nozz.Fl_O:stat:area,1410.6994502568584,inch**2,0.9101268573277148,m**2
reference,DESIGN,bleed_flow,hpc.cool1,stat:W,DESIGN.hpc.cool1:stat:W,2.8597745208083434,lbm/s,1.2971719025590709,kg/s
reference,DESIGN,bleed_flow,hpc.cool1,tot:P,DESIGN.hpc.cool1:tot:P,87.7170645503616,lbf/inch**2,604787.8711883161,Pa
reference,DESIGN,bleed_flow,hpc.cool1,tot:T,DESIGN.hpc.cool1:tot:T,964.6092425575313,degR,535.894023643073,degK
reference,DESIGN,bleed_flow,hpc.cool1,tot:h,DESIGN.hpc.cool1:tot:h,102.12717732349284,Btu/lbm,237547.81445444436,J/kg
reference,DESIGN,bleed_flow,hpc.cool2,stat:W,DESIGN.hpc.cool2:stat:W,1.14339095674979,lbm/s,0.5186334139087048,kg/s
reference,DESIGN,bleed_flow,hpc.cool2,tot:P,DESIGN.hpc.cool2:tot:P,94.79686118670047,lbf/inch**2,653601.3507328723,Pa
reference,DESIGN,bleed_flow,hpc.cool2,tot:T,DESIGN.hpc.cool2:tot:T,964.6092323896602,degR,535.8940179942557,degK
reference,DESIGN,bleed_flow,hpc.cool2,tot:h,DESIGN.hpc.cool2:tot:h,102.12717732349284,Btu/lbm,237547.81445444436,J/kg
reference,DESIGN,bleed_flow,hpc.cust,stat:W,DESIGN.hpc.cust:stat:W,2.5096625024842485,lbm/s,1.1383637624019611,kg/s
reference,DESIGN,bleed_flow,hpc.cust,tot:P,DESIGN.hpc.cust:tot:P,87.7170645503616,lbf/inch**2,604787.8711883161,Pa
reference,DESIGN,bleed_flow,hpc.cust,tot:T,DESIGN.hpc.cust:tot:T,964.6092425575313,degR,535.894023643073,degK
reference,DESIGN,bleed_flow,hpc.cust,tot:h,DESIGN.hpc.cust:tot:h,102.12717732349284,Btu/lbm,237547.81445444436,J/kg
reference,DESIGN,bleed_flow,bld3.cool3,stat:W,DESIGN.bld3.cool3:stat:W,3.352908700193842,lbm/s,1.5208538037145443,kg/s
reference,DESIGN,bleed_flow,bld3.cool3,tot:P,DESIGN.bld3.cool3:tot:P,158.5150309137502,lbf/inch**2,1092922.666633877,Pa
reference,DESIGN,bleed_flow,bld3.cool3,tot:T,DESIGN.bld3.cool3:tot:T,1276.4761356426259,degR,709.1534086903478,degK
reference,DESIGN,bleed_flow,bld3.cool3,tot:h,DESIGN.bld3.cool3:tot:h,180.82394110365323,Btu/lbm,420596.4870070974,J/kg
reference,DESIGN,bleed_flow,bld3.cool4,stat:W,DESIGN.bld3.cool4:stat:W,5.051062626042605,lbm/s,2.291123467565089,kg/s
reference,DESIGN,bleed_flow,bld3.cool4,tot:P,DESIGN.bld3.cool4:tot:P,158.5150309137502,lbf/inch**2,1092922.666633877,Pa
reference,DESIGN,bleed_flow,bld3.cool4,tot:T,DESIGN.bld3.cool4:tot:T,1276.4761356426259,degR,709.1534086903478,degK
reference,DESIGN,bleed_flow,bld3.cool4,tot:h,DESIGN.bld3.cool4:tot:h,180.82394110365323,Btu/lbm,420596.4870070974,J/kg
reference,DESIGN,bleed_flow,byp_bld.bypBld,stat:W,DESIGN.byp_bld.bypBld:stat:W,1.4395311320429316,lbm/s,0.6529603378721364,kg/s
reference,DESIGN,bleed_flow,byp_bld.bypBld,tot:P,DESIGN.byp_bld.bypBld:tot:P,8.875535181526859,lbf/inch**2,61194.6609888065,Pa
reference,DESIGN,bleed_flow,byp_bld.bypBld,tot:T,DESIGN.byp_bld.bypBld:tot:T,524.338415092674,degR,291.29911949593003,degK
reference,DESIGN,bleed_flow,byp_bld.bypBld,tot:h,DESIGN.byp_bld.bypBld:tot:h,-4.82191884825362,Btu/lbm,-11215.783241037921,J/kg
reference,DESIGN,bleed_fraction,hpc.cool1,frac_W,hpc.cool1:frac_W,0.050708,,0.050708,
reference,DESIGN,bleed_fraction,hpc.cool1,frac_P,hpc.cool1:frac_P,0.5,,0.5,
reference,DESIGN,bleed_fraction,hpc.cool1,frac_work,hpc.cool1:frac_work,0.5,,0.5,
reference,DESIGN,bleed_fraction,hpc.cool2,frac_W,hpc.cool2:frac_W,0.020274,,0.020274,
reference,DESIGN,bleed_fraction,hpc.cool2,frac_P,hpc.cool2:frac_P,0.55,,0.55,
reference,DESIGN,bleed_fraction,hpc.cool2,frac_work,hpc.cool2:frac_work,0.5,,0.5,
reference,DESIGN,bleed_fraction,hpc.cust,frac_W,hpc.cust:frac_W,0.0445,,0.0445,
reference,DESIGN,bleed_fraction,hpc.cust,frac_P,hpc.cust:frac_P,0.5,,0.5,
reference,DESIGN,bleed_fraction,hpc.cust,frac_work,hpc.cust:frac_work,0.5,,0.5,
reference,DESIGN,bleed_fraction,bld3.cool3,frac_W,bld3.cool3:frac_W,0.067214,,0.067214,
reference,DESIGN,bleed_fraction,bld3.cool4,frac_W,bld3.cool4:frac_W,0.101256,,0.101256,
reference,DESIGN,bleed_fraction,byp_bld.bypBld,frac_W,byp_bld.bypBld:frac_W,0.005,,0.005,
reference,DESIGN,bleed_fraction,hpt.cool3,frac_P,hpt.cool3:frac_P,1.0,,1.0,
reference,DESIGN,bleed_fraction,hpt.cool4,frac_P,hpt.cool4:frac_P,0.0,,0.0,
reference,DESIGN,bleed_fraction,lpt.cool1,frac_P,lpt.cool1:frac_P,1.0,,1.0,
reference,DESIGN,bleed_fraction,lpt.cool2,frac_P,lpt.cool2:frac_P,0.0,,0.0,
reference,DESIGN,compressor,fan,PR,DESIGN.fan.PR,1.685,,1.685,
reference,DESIGN,compressor,fan,eff,DESIGN.fan.eff,0.8948,,0.8948,
reference,DESIGN,compressor,fan,eff_poly,DESIGN.fan.eff_poly,0.9022524878562176,,0.9022524878562176,
reference,DESIGN,compressor,fan,Wc,DESIGN.fan.Wc,889.1758134006215,lbm/s,403.32336454706564,kg/s
reference,DESIGN,compressor,fan,Nc,DESIGN.fan.Nc,5040.9272569725235,rpm,5040.9272569725235,rpm
reference,DESIGN,compressor,fan,power,DESIGN.fan.power,-9334.121223665643,hp,-6960454.1964874705,W
reference,DESIGN,compressor,fan,trq,DESIGN.fan.trq,-10506.382507881646,ft*lbf,-14244.741991398523,N*m
reference,DESIGN,compressor,fan,SMN,DESIGN.fan.SMN,36.64057530577354,,36.64057530577354,
reference,DESIGN,compressor,fan,SMW,DESIGN.fan.SMW,29.886066890583585,,29.886066890583585,
reference,DESIGN,compressor,fan,map.RlineMap,DESIGN.fan.map.RlineMap,2.2,,2.2,
reference,DESIGN,compressor,fan,map.NcMap,DESIGN.fan.map.NcMap,0.99,rpm,0.99,rpm
reference,DESIGN,compressor,fan,map.PRmap,DESIGN.fan.map.PRmap,1.68506,,1.68506,
reference,DESIGN,compressor,fan,map.WcMap,DESIGN.fan.map.WcMap,803.5562,lbm/s,364.48696118619404,kg/s
reference,DESIGN,compressor,fan,map.effMap,DESIGN.fan.map.effMap,0.8946799999999999,,0.8946799999999999,
reference,DESIGN,compressor,fan,map.map.alphaMap,DESIGN.fan.map.map.alphaMap,0.0,,0.0,
reference,DESIGN,compressor,fan,s_Wc,DESIGN.fan.s_Wc,1.106550871489289,,1.106550871489289,
reference,DESIGN,compressor,fan,s_PR,DESIGN.fan.s_PR,0.9999124164306776,,0.9999124164306776,
reference,DESIGN,compressor,fan,s_eff,DESIGN.fan.s_eff,1.0001341261680154,,1.0001341261680154,
reference,DESIGN,compressor,fan,s_Nc,DESIGN.fan.s_Nc,5091.8457141136605,,5091.8457141136605,
reference,DESIGN,compressor,lpc,PR,DESIGN.lpc.PR,1.935,,1.935,
reference,DESIGN,compressor,lpc,eff,DESIGN.lpc.eff,0.9243,,0.9243,
reference,DESIGN,compressor,lpc,eff_poly,DESIGN.lpc.eff_poly,0.9309814278985299,,0.9309814278985299,
reference,DESIGN,compressor,lpc,Wc,DESIGN.lpc.Wc,94.3427133055404,lbm/s,42.79313492049061,kg/s
reference,DESIGN,compressor,lpc,Nc,DESIGN.lpc.Nc,4640.80978341722,rpm,4640.80978341722,rpm
reference,DESIGN,compressor,lpc,power,DESIGN.lpc.power,-2254.3482135447616,hp,-1681067.462840329,W
reference,DESIGN,compressor,lpc,trq,DESIGN.lpc.trq,-2537.4691489339225,ft*lbf,-3440.3462191274425,N*m
reference,DESIGN,compressor,lpc,SMN,DESIGN.lpc.SMN,15.98724996574874,,15.98724996574874,
reference,DESIGN,compressor,lpc,SMW,DESIGN.lpc.SMW,15.644380430927102,,15.644380430927102,
reference,DESIGN,compressor,lpc,map.RlineMap,DESIGN.lpc.map.RlineMap,2.15,,2.15,
reference,DESIGN,compressor,lpc,map.NcMap,DESIGN.lpc.map.NcMap,1.0,rpm,1.0,rpm
reference,DESIGN,compressor,lpc,map.PRmap,DESIGN.lpc.map.PRmap,1.935,,1.935,
reference,DESIGN,compressor,lpc,map.WcMap,DESIGN.lpc.map.WcMap,87.66624999999999,lbm/s,39.7647421065125,kg/s
reference,DESIGN,compressor,lpc,map.effMap,DESIGN.lpc.map.effMap,0.9243250000000001,,0.9243250000000001,
reference,DESIGN,compressor,lpc,map.map.alphaMap,DESIGN.lpc.map.map.alphaMap,0.0,,0.0,
reference,DESIGN,compressor,lpc,s_Wc,DESIGN.lpc.s_Wc,1.0761577380752616,,1.0761577380752616,
reference,DESIGN,compressor,lpc,s_PR,DESIGN.lpc.s_PR,1.0,,1.0,
reference,DESIGN,compressor,lpc,s_eff,DESIGN.lpc.s_eff,0.9999729532361452,,0.9999729532361452,
reference,DESIGN,compressor,lpc,s_Nc,DESIGN.lpc.s_Nc,4640.80978341722,,4640.80978341722,
reference,DESIGN,compressor,hpc,PR,DESIGN.hpc.PR,9.369,,9.369,
reference,DESIGN,compressor,hpc,eff,DESIGN.hpc.eff,0.8707,,0.8707,
reference,DESIGN,compressor,hpc,eff_poly,DESIGN.hpc.eff_poly,0.903094057266605,,0.903094057266605,
reference,DESIGN,compressor,hpc,Wc,DESIGN.hpc.Wc,54.49519462954407,lbm/s,24.71860448562617,kg/s
reference,DESIGN,compressor,hpc,Nc,DESIGN.hpc.Nc,13219.142640684086,rpm,13219.142640684086,rpm
reference,DESIGN,compressor,hpc,power,DESIGN.hpc.power,-11833.78993113061,hp,-8824457.151644096,W
reference,DESIGN,compressor,hpc,trq,DESIGN.hpc.trq,-4226.413325118177,ft*lbf,-5730.247049367695,N*m
reference,DESIGN,compressor,hpc,SMN,DESIGN.hpc.SMN,22.59806861441953,,22.59806861441953,
reference,DESIGN,compressor,hpc,SMW,DESIGN.hpc.SMW,22.468003524955666,,22.468003524955666,
reference,DESIGN,compressor,hpc,map.RlineMap,DESIGN.hpc.map.RlineMap,2.05,,2.05,
reference,DESIGN,compressor,hpc,map.NcMap,DESIGN.hpc.map.NcMap,0.976,rpm,0.976,rpm
reference,DESIGN,compressor,hpc,map.PRmap,DESIGN.hpc.map.PRmap,9.374422000000001,,9.374422000000001,
reference,DESIGN,compressor,hpc,map.WcMap,DESIGN.hpc.map.WcMap,49.45368,lbm/s,22.4318119164216,kg/s
reference,DESIGN,compressor,hpc,map.effMap,DESIGN.hpc.map.effMap,0.870634,,0.870634,
reference,DESIGN,compressor,hpc,map.map.alphaMap,DESIGN.hpc.map.map.alphaMap,0.0,,0.0,
reference,DESIGN,compressor,hpc,s_Wc,DESIGN.hpc.s_Wc,1.101944175429292,,1.101944175429292,
reference,DESIGN,compressor,hpc,s_PR,DESIGN.hpc.s_PR,0.9993525523313727,,0.9993525523313727,
reference,DESIGN,compressor,hpc,s_eff,DESIGN.hpc.s_eff,1.0000758068258304,,1.0000758068258304,
reference,DESIGN,compressor,hpc,s_Nc,DESIGN.hpc.s_Nc,13544.203525291072,,13544.203525291072,
reference,DESIGN,turbine,hpt,PR,DESIGN.hpt.PR,3.6147488809885213,,3.6147488809885213,
reference,DESIGN,turbine,hpt,eff,DESIGN.hpt.eff,0.8888,,0.8888,
reference,DESIGN,turbine,hpt,eff_poly,DESIGN.hpt.eff_poly,0.8731053859304525,,0.8731053859304525,
reference,DESIGN,turbine,hpt,Wp,DESIGN.hpt.Wp,15.15386329242895,lbm/s,6.873676765468851,kg/s
reference,DESIGN,turbine,hpt,Np,DESIGN.hpt.Np,275.1253333827212,rpm,275.1253333827212,rpm
reference,DESIGN,turbine,hpt,power,DESIGN.hpt.power,12083.790079739132,hp,9010882.262461472,W
reference,DESIGN,turbine,hpt,trq,DESIGN.hpt.trq,4315.700355351917,ft*lbf,5851.3040076407915,N*m
reference,DESIGN,turbine,hpt,map.NpMap,DESIGN.hpt.map.NpMap,100.0,rpm,100.0,rpm
reference,DESIGN,turbine,hpt,map.PRmap,DESIGN.hpt.map.PRmap,6.0,,6.0,
reference,DESIGN,turbine,hpt,map.alphaMap,DESIGN.hpt.map.alphaMap,1.0,,1.0,
reference,DESIGN,turbine,hpt,map.WpMap,DESIGN.hpt.map.WpMap,10.148,lbm/s,4.60305537076,kg/s
reference,DESIGN,turbine,hpt,map.effMap,DESIGN.hpt.map.effMap,0.8998,,0.8998,
reference,DESIGN,turbine,hpt,s_Wp,DESIGN.hpt.s_Wp,1.4932857008700187,,1.4932857008700187,
reference,DESIGN,turbine,hpt,s_PR,DESIGN.hpt.s_PR,0.5229497761977042,,0.5229497761977042,
reference,DESIGN,turbine,hpt,s_eff,DESIGN.hpt.s_eff,0.9877750611246944,,0.9877750611246944,
reference,DESIGN,turbine,hpt,s_Np,DESIGN.hpt.s_Np,2.751253333827212,,2.751253333827212,
reference,DESIGN,turbine,lpt,PR,DESIGN.lpt.PR,4.365630506122386,,4.365630506122386,
reference,DESIGN,turbine,lpt,eff,DESIGN.lpt.eff,0.8996,,0.8996,
reference,DESIGN,turbine,lpt,eff_poly,DESIGN.lpt.eff_poly,0.8814601887903758,,0.8814601887903758,
reference,DESIGN,turbine,lpt,Wp,DESIGN.lpt.Wp,55.88595853366489,lbm/s,25.349444381006784,kg/s
reference,DESIGN,turbine,lpt,Np,DESIGN.lpt.Np,103.00487048458002,rpm,103.00487048458002,rpm
reference,DESIGN,turbine,lpt,power,DESIGN.lpt.power,11588.469437210359,hp,8641521.659327764,W
reference,DESIGN,turbine,lpt,trq,DESIGN.lpt.trq,13043.851656815517,ft*lbf,17685.088210525897,N*m
reference,DESIGN,turbine,lpt,map.NpMap,DESIGN.lpt.map.NpMap,100.0,rpm,100.0,rpm
reference,DESIGN,turbine,lpt,map.PRmap,DESIGN.lpt.map.PRmap,6.0,,6.0,
reference,DESIGN,turbine,lpt,map.alphaMap,DESIGN.lpt.map.alphaMap,1.0,,1.0,
reference,DESIGN,turbine,lpt,map.WpMap,DESIGN.lpt.map.WpMap,35.295,lbm/s,16.00954269915,kg/s
reference,DESIGN,turbine,lpt,map.effMap,DESIGN.lpt.map.effMap,0.9231,,0.9231,
reference,DESIGN,turbine,lpt,s_Wp,DESIGN.lpt.s_Wp,1.5833959068894996,,1.5833959068894996,
reference,DESIGN,turbine,lpt,s_PR,DESIGN.lpt.s_PR,0.6731261012244772,,0.6731261012244772,
reference,DESIGN,turbine,lpt,s_eff,DESIGN.lpt.s_eff,0.9745423031090888,,0.9745423031090888,
reference,DESIGN,turbine,lpt,s_Np,DESIGN.lpt.s_Np,1.0300487048458002,,1.0300487048458002,
reference,DESIGN,burner,burner,Wfuel,DESIGN.burner.Wfuel,1.0336799655359594,lbm/s,0.4688693453889742,kg/s
reference,DESIGN,burner,burner,dPqP,burner.dPqP,0.054,,0.054,
reference,DESIGN,burner,burner,Fl_I:FAR,DESIGN.burner.Fl_I:FAR,0.02491989399394891,,0.02491989399394891,
reference,DESIGN,burner,burner,Fl_O:tot:T,DESIGN.burner.Fl_O:tot:T,2857.0,degR,1587.2222222222224,degK
reference,DESIGN,nozzle,core_nozz,PR,DESIGN.core_nozz.PR,2.704675471019649,,2.704675471019649,
reference,DESIGN,nozzle,core_nozz,Cv,core_nozz.Cv,0.9933,,0.9933,
reference,DESIGN,nozzle,core_nozz,Fg,DESIGN.core_nozz.Fg,3526.769905103511,lbf,15687.854140646787,N
reference,DESIGN,nozzle,core_nozz,Ps_exhaust,DESIGN.core_nozz.Ps_exhaust,3.4580299963163554,lbf/inch**2,23842.277562500673,Pa
reference,DESIGN,nozzle,core_nozz,Throat:stat:area,DESIGN.core_nozz.Throat:stat:area,425.18698241320817,inch**2,0.27431363357370536,m**2
reference,DESIGN,nozzle,core_nozz,Throat:stat:MN,DESIGN.core_nozz.Throat:stat:MN,1.0,,1.0,
reference,DESIGN,nozzle,core_nozz,Throat:stat:W,DESIGN.core_nozz.Throat:stat:W,54.92092763123707,lbm/s,24.91171372685131,kg/s
reference,DESIGN,nozzle,core_nozz,Throat:stat:V,DESIGN.core_nozz.Throat:stat:V,1689.8736998238971,ft/s,515.0735037063239,m/s
reference,DESIGN,nozzle,core_nozz,Fl_O:stat:MN,DESIGN.core_nozz.Fl_O:stat:MN,1.0,,1.0,
reference,DESIGN,nozzle,core_nozz,Fl_O:stat:V,DESIGN.core_nozz.Fl_O:stat:V,1689.8736998238971,ft/s,515.0735037063239,m/s
reference,DESIGN,nozzle,byp_nozz,PR,DESIGN.byp_nozz.PR,2.528401927292663,,2.528401927292663,
reference,DESIGN,nozzle,byp_nozz,Cv,byp_nozz.Cv,0.9939,,0.9939,
reference,DESIGN,nozzle,byp_nozz,Fg,DESIGN.byp_nozz.Fg,10705.454559829692,lbf,47620.23442496202,N
reference,DESIGN,nozzle,byp_nozz,Ps_exhaust,DESIGN.byp_nozz.Ps_exhaust,3.4580299963163554,lbf/inch**2,23842.277562500673,Pa
reference,DESIGN,nozzle,byp_nozz,Throat:stat:area,DESIGN.byp_nozz.Throat:stat:area,1410.6994502568584,inch**2,0.9101268573277148,m**2
reference,DESIGN,nozzle,byp_nozz,Throat:stat:MN,DESIGN.byp_nozz.Throat:stat:MN,1.0,,1.0,
reference,DESIGN,nozzle,byp_nozz,Throat:stat:W,DESIGN.byp_nozz.Throat:stat:W,286.46669527654336,lbm/s,129.93910723655512,kg/s
reference,DESIGN,nozzle,byp_nozz,Throat:stat:V,DESIGN.byp_nozz.Throat:stat:V,1024.9146596913938,ft/s,312.3939882739368,m/s
reference,DESIGN,nozzle,byp_nozz,Fl_O:stat:MN,DESIGN.byp_nozz.Fl_O:stat:MN,1.0,,1.0,
reference,DESIGN,nozzle,byp_nozz,Fl_O:stat:V,DESIGN.byp_nozz.Fl_O:stat:V,1024.9146596913938,ft/s,312.3939882739368,m/s
reference,DESIGN,duct,duct4,dPqP,duct4.dPqP,0.0048,,0.0048,
reference,DESIGN,duct,duct6,dPqP,duct6.dPqP,0.0101,,0.0101,
reference,DESIGN,duct,duct11,dPqP,duct11.dPqP,0.0051,,0.0051,
reference,DESIGN,duct,duct13,dPqP,duct13.dPqP,0.0107,,0.0107,
reference,DESIGN,duct,duct15,dPqP,duct15.dPqP,0.0149,,0.0149,
reference,DESIGN,inlet,inlet,ram_recovery,inlet.ram_recovery,0.999,,0.999,
reference,DESIGN,inlet,inlet,F_ram,DESIGN.inlet.F_ram,8332.224464933195,lbf,37063.58100760877,N
reference,DESIGN,splitter,splitter,BPR,DESIGN.splitter.BPR,5.105,,5.105,
reference,DESIGN,shaft,lp_shaft,Nmech,DESIGN.lp_shaft.Nmech,4666.1,rpm,4666.1,rpm
reference,DESIGN,shaft,lp_shaft,trq_in,DESIGN.lp_shaft.trq_in,13043.851656815517,ft*lbf,17685.088210525897,N*m
reference,DESIGN,shaft,lp_shaft,trq_out,DESIGN.lp_shaft.trq_out,-13043.851656815568,ft*lbf,-17685.088210525966,N*m
reference,DESIGN,shaft,lp_shaft,trq_net,DESIGN.lp_shaft.trq_net,-5.093170329928398e-11,ft*lbf,-6.905411754583475e-11,N*m
reference,DESIGN,shaft,lp_shaft,pwr_in,DESIGN.lp_shaft.pwr_in,11588.462548634672,hp,8641516.522516876,W
reference,DESIGN,shaft,lp_shaft,pwr_out,DESIGN.lp_shaft.pwr_out,-11588.462548634718,hp,-8641516.52251691,W
reference,DESIGN,shaft,lp_shaft,pwr_net,DESIGN.lp_shaft.pwr_net,-4.5248915101969184e-11,hp,-3.374211599153842e-08,W
reference,DESIGN,shaft,hp_shaft,Nmech,DESIGN.hp_shaft.Nmech,14705.7,rpm,14705.7,rpm
reference,DESIGN,shaft,hp_shaft,trq_in,DESIGN.hp_shaft.trq_in,4315.700355351917,ft*lbf,5851.3040076407915,N*m
reference,DESIGN,shaft,hp_shaft,trq_out,DESIGN.hp_shaft.trq_out,-4226.413325118177,ft*lbf,-5730.247049367695,N*m
reference,DESIGN,shaft,hp_shaft,trq_net,DESIGN.hp_shaft.trq_net,1.1468159755168017e-11,ft*lbf,1.5548736846955536e-11,N*m
reference,DESIGN,shaft,hp_shaft,pwr_in,DESIGN.hp_shaft.pwr_in,12083.78289672821,hp,9010876.906090226,W
reference,DESIGN,shaft,hp_shaft,pwr_out,DESIGN.hp_shaft.pwr_out,-11833.782896728178,hp,-8824451.906090204,W
reference,DESIGN,shaft,hp_shaft,pwr_net,DESIGN.hp_shaft.pwr_net,3.21103740519413e-11,hp,2.394470593053263e-08,W
reference,DESIGN,shaft_offtake,hp_shaft,HPX,DESIGN.hp_shaft.HPX,250.0,hp,186425.0,W
reference,DESIGN,flight_conditions,fc,alt,DESIGN.fc.alt,35000.0,ft,10668.0,m
reference,DESIGN,flight_conditions,fc,MN,DESIGN.fc.MN,0.8,,0.8,
reference,DESIGN,flight_conditions,fc,dTs,DESIGN.fc.dTs,0.0,degR,0.0,degK
reference,DESIGN,flight_conditions,fc,W,DESIGN.fc.W,156.17327571829153,kg/s,156.17327571829153,kg/s
reference,DESIGN,flight_conditions,fc,Fl_O:stat:P,DESIGN.fc.Fl_O:stat:P,3.4580299963163554,lbf/inch**2,23842.277562500673,Pa
reference,DESIGN,flight_conditions,fc,Fl_O:stat:T,DESIGN.fc.Fl_O:stat:T,393.8539999999999,degR,218.80777777777774,degK
reference,DESIGN,performance,perf,Fn,DESIGN.perf.Fn,5900.000000000007,lbf,26244.507558000034,N
reference,DESIGN,performance,perf,Fg,DESIGN.perf.Fg,14232.224464933202,lbf,63308.0885656088,N
reference,DESIGN,performance,perf,TSFC,DESIGN.perf.TSFC,0.6307199789710825,lbm/h/lbf,17.865427436684453,g/(kN*s)
reference,DESIGN,performance,perf,OPR,DESIGN.perf.OPR,30.093715097383036,,30.093715097383036,
reference,DESIGN,performance,perf,Wfuel,DESIGN.perf.Wfuel,1.0336799655359594,lbm/s,0.4688693453889742,kg/s
reference,DESIGN,performance,perf,ram_drag,DESIGN.perf.ram_drag,8332.224464933195,lbf,37063.58100760877,N
reference,DESIGN,balance,balance,W,DESIGN.balance.W,344.30313657677164,lbm/s,156.17327571829153,kg/s
reference,DESIGN,balance,balance,FAR,DESIGN.balance.FAR,0.02491989399394891,,0.02491989399394891,
reference,DESIGN,balance,balance,lpt_PR,DESIGN.balance.lpt_PR,4.365630506122386,,4.365630506122386,
reference,DESIGN,balance,balance,hpt_PR,DESIGN.balance.hpt_PR,3.6147488809885213,,3.6147488809885213,
reference,DESIGN,spool,DESIGN,LP_Nmech,DESIGN.LP_Nmech,4666.1,rpm,4666.1,rpm
reference,DESIGN,spool,DESIGN,HP_Nmech,DESIGN.HP_Nmech,14705.7,rpm,14705.7,rpm
reference,DESIGN,target,DESIGN,T4_MAX,DESIGN.T4_MAX,2857.0,degR,1587.2222222222224,degK
reference,DESIGN,target,DESIGN,Fn_DES,DESIGN.Fn_DES,5900.0,lbf,26244.507558,N
reference,OD_full_pwr,station,fc.Fl_O,stat:W,OD_full_pwr.fc.Fl_O:stat:W,344.3031365767646,lbm/s,156.17327571828835,kg/s
reference,OD_full_pwr,station,fc.Fl_O,tot:P,OD_full_pwr.fc.Fl_O:tot:P,5.2726525822717765,lbf/inch**2,36353.659884695495,Pa
reference,OD_full_pwr,station,fc.Fl_O,tot:T,OD_full_pwr.fc.Fl_O:tot:T,444.4044020643808,degR,246.89133448021155,degK
reference,OD_full_pwr,station,fc.Fl_O,tot:h,OD_full_pwr.fc.Fl_O:tot:h,-23.983047036844148,Btu/lbm,-55784.56740769949,J/kg
reference,OD_full_pwr,station,fc.Fl_O,tot:S,OD_full_pwr.fc.Fl_O:tot:S,1.664524870598699,Btu/lbm/degR,6969.0327282226335,J/(kg*degK)
reference,OD_full_pwr,station,fc.Fl_O,stat:P,OD_full_pwr.fc.Fl_O:stat:P,3.458029996316344,lbf/inch**2,23842.277562500592,Pa
reference,OD_full_pwr,station,fc.Fl_O,stat:T,OD_full_pwr.fc.Fl_O:stat:T,393.8539999999999,degR,218.80777777777774,degK
reference,OD_full_pwr,station,fc.Fl_O,stat:MN,OD_full_pwr.fc.Fl_O:stat:MN,0.8,,0.8,
reference,OD_full_pwr,station,fc.Fl_O,stat:V,OD_full_pwr.fc.Fl_O:stat:V,778.6190756208363,ft/s,237.3230942492309,m/s
reference,OD_full_pwr,station,fc.Fl_O,stat:area,OD_full_pwr.fc.Fl_O:stat:area,2687.027432043174,inch**2,1.733562618056974,m**2
reference,OD_full_pwr,station,inlet.Fl_O,stat:W,OD_full_pwr.inlet.Fl_O:stat:W,344.3031365767646,lbm/s,156.17327571828835,kg/s
reference,OD_full_pwr,station,inlet.Fl_O,tot:P,OD_full_pwr.inlet.Fl_O:tot:P,5.267379929689505,lbf/inch**2,36317.3062248108,Pa
reference,OD_full_pwr,station,inlet.Fl_O,tot:T,OD_full_pwr.inlet.Fl_O:tot:T,444.4044020643808,degR,246.89133448021155,degK
reference,OD_full_pwr,station,inlet.Fl_O,tot:h,OD_full_pwr.inlet.Fl_O:tot:h,-23.983047036844148,Btu/lbm,-55784.56740769949,J/kg
reference,OD_full_pwr,station,inlet.Fl_O,tot:S,OD_full_pwr.inlet.Fl_O:tot:S,1.6645934656529084,Btu/lbm/degR,6969.319921995598,J/(kg*degK)
reference,OD_full_pwr,station,inlet.Fl_O,stat:P,OD_full_pwr.inlet.Fl_O:stat:P,3.6226660376065456,lbf/inch**2,24977.403110114035,Pa
reference,OD_full_pwr,station,inlet.Fl_O,stat:T,OD_full_pwr.inlet.Fl_O:stat:T,399.248296884871,degR,221.80460938048392,degK
reference,OD_full_pwr,station,inlet.Fl_O,stat:MN,OD_full_pwr.inlet.Fl_O:stat:MN,0.7509999999999597,,0.7509999999999597,
reference,OD_full_pwr,station,inlet.Fl_O,stat:V,OD_full_pwr.inlet.Fl_O:stat:V,735.9119864802589,ft/s,224.3059734791829,m/s
reference,OD_full_pwr,station,inlet.Fl_O,stat:area,OD_full_pwr.inlet.Fl_O:stat:area,2750.929946916696,inch**2,1.7747899645527754,m**2
reference,OD_full_pwr,station,fan.Fl_O,stat:W,OD_full_pwr.fan.Fl_O:stat:W,344.3031365767646,lbm/s,156.17327571828835,kg/s
reference,OD_full_pwr,station,fan.Fl_O,tot:P,OD_full_pwr.fan.Fl_O:tot:P,8.875535181526738,lbf/inch**2,61194.66098880566,Pa
reference,OD_full_pwr,station,fan.Fl_O,tot:T,OD_full_pwr.fan.Fl_O:tot:T,524.3384150926731,degR,291.2991194959295,degK
reference,OD_full_pwr,station,fan.Fl_O,tot:h,OD_full_pwr.fan.Fl_O:tot:h,-4.821918848253926,Btu/lbm,-11215.78324103863,J/kg
reference,OD_full_pwr,station,fan.Fl_O,tot:S,OD_full_pwr.fan.Fl_O:tot:S,1.6684689735071205,Btu/lbm/degR,6985.545898279613,J/(kg*degK)
reference,OD_full_pwr,station,fan.Fl_O,stat:P,OD_full_pwr.fan.Fl_O:stat:P,7.687125328214041,lbf/inch**2,53000.86347667446,Pa
reference,OD_full_pwr,station,fan.Fl_O,stat:T,OD_full_pwr.fan.Fl_O:stat:T,503.2285278023704,degR,279.57140433465025,degK
reference,OD_full_pwr,station,fan.Fl_O,stat:MN,OD_full_pwr.fan.Fl_O:stat:MN,0.4577999999999966,,0.4577999999999966,
reference,OD_full_pwr,station,fan.Fl_O,stat:V,OD_full_pwr.fan.Fl_O:stat:V,503.5111455106178,ft/s,153.4701971516363,m/s
reference,OD_full_pwr,station,fan.Fl_O,stat:area,OD_full_pwr.fan.Fl_O:stat:area,2388.2667828171093,inch**2,1.5408141976022862,m**2
reference,OD_full_pwr,station,splitter.Fl_O1,stat:W,OD_full_pwr.splitter.Fl_O1:stat:W,56.39691016818307,lbm/s,25.581208143863257,kg/s
reference,OD_full_pwr,station,splitter.Fl_O1,tot:P,OD_full_pwr.splitter.Fl_O1:tot:P,8.875535181526738,lbf/inch**2,61194.66098880566,Pa
reference,OD_full_pwr,station,splitter.Fl_O1,tot:T,OD_full_pwr.splitter.Fl_O1:tot:T,524.3384150926731,degR,291.2991194959295,degK
reference,OD_full_pwr,station,splitter.Fl_O1,tot:h,OD_full_pwr.splitter.Fl_O1:tot:h,-4.821918848253779,Btu/lbm,-11215.78324103829,J/kg
reference,OD_full_pwr,station,splitter.Fl_O1,tot:S,OD_full_pwr.splitter.Fl_O1:tot:S,1.6684689735071205,Btu/lbm/degR,6985.545898279613,J/(kg*degK)
reference,OD_full_pwr,station,splitter.Fl_O1,stat:P,OD_full_pwr.splitter.Fl_O1:stat:P,8.30190510602351,lbf/inch**2,57239.620837935036,Pa
reference,OD_full_pwr,station,splitter.Fl_O1,stat:T,OD_full_pwr.splitter.Fl_O1:stat:T,514.4201474035376,degR,285.7889707797431,degK
reference,OD_full_pwr,station,splitter.Fl_O1,stat:MN,OD_full_pwr.splitter.Fl_O1:stat:MN,0.3104000000004254,,0.3104000000004254,
reference,OD_full_pwr,station,splitter.Fl_O1,stat:V,OD_full_pwr.splitter.Fl_O1:stat:V,345.15244442199406,ft/s,105.2024650598238,m/s
reference,OD_full_pwr,station,splitter.Fl_O1,stat:area,OD_full_pwr.splitter.Fl_O1:stat:area,540.1746735086338,inch**2,0.34849909236083015,m**2
reference,OD_full_pwr,station,splitter.Fl_O2,stat:W,OD_full_pwr.splitter.Fl_O2:stat:W,287.9062264085815,lbm/s,130.59206757442507,kg/s
reference,OD_full_pwr,station,splitter.Fl_O2,tot:P,OD_full_pwr.splitter.Fl_O2:tot:P,8.875535181526738,lbf/inch**2,61194.66098880566,Pa
reference,OD_full_pwr,station,splitter.Fl_O2,tot:T,OD_full_pwr.splitter.Fl_O2:tot:T,524.3384150926731,degR,291.2991194959295,degK
reference,OD_full_pwr,station,splitter.Fl_O2,tot:h,OD_full_pwr.splitter.Fl_O2:tot:h,-4.821918848253781,Btu/lbm,-11215.783241038294,J/kg
reference,OD_full_pwr,station,splitter.Fl_O2,tot:S,OD_full_pwr.splitter.Fl_O2:tot:S,1.6684689735071205,Btu/lbm/degR,6985.545898279613,J/(kg*degK)
reference,OD_full_pwr,station,splitter.Fl_O2,stat:P,OD_full_pwr.splitter.Fl_O2:stat:P,7.715388781161662,lbf/inch**2,53195.733125222825,Pa
reference,OD_full_pwr,station,splitter.Fl_O2,stat:T,OD_full_pwr.splitter.Fl_O2:stat:T,503.75685919599647,degR,279.8649217755536,degK
reference,OD_full_pwr,station,splitter.Fl_O2,stat:MN,OD_full_pwr.splitter.Fl_O2:stat:MN,0.45179999999998743,,0.45179999999998743,
reference,OD_full_pwr,station,splitter.Fl_O2,stat:V,OD_full_pwr.splitter.Fl_O2:stat:V,497.17177583051006,ft/s,151.53795727313948,m/s
reference,OD_full_pwr,station,splitter.Fl_O2,stat:area,OD_full_pwr.splitter.Fl_O2:stat:area,2017.2392268738479,inch**2,1.3014420596099316,m**2
reference,OD_full_pwr,station,duct4.Fl_O,stat:W,OD_full_pwr.duct4.Fl_O:stat:W,56.39691016818307,lbm/s,25.581208143863257,kg/s
reference,OD_full_pwr,station,duct4.Fl_O,tot:P,OD_full_pwr.duct4.Fl_O:tot:P,8.832932612655409,lbf/inch**2,60900.92661605939,Pa
reference,OD_full_pwr,station,duct4.Fl_O,tot:T,OD_full_pwr.duct4.Fl_O:tot:T,524.3384150926731,degR,291.2991194959295,degK
reference,OD_full_pwr,station,duct4.Fl_O,tot:h,OD_full_pwr.duct4.Fl_O:tot:h,-4.821918848253779,Btu/lbm,-11215.78324103829,J/kg
reference,OD_full_pwr,station,duct4.Fl_O,tot:S,OD_full_pwr.duct4.Fl_O:tot:S,1.6687988574681523,Btu/lbm/degR,6986.92705644766,J/(kg*degK)
reference,OD_full_pwr,station,duct4.Fl_O,stat:P,OD_full_pwr.duct4.Fl_O:stat:P,8.256052640288907,lbf/inch**2,56923.47921506479,Pa
reference,OD_full_pwr,station,duct4.Fl_O,stat:T,OD_full_pwr.duct4.Fl_O:stat:T,514.3132706924422,degR,285.72959482913456,degK
reference,OD_full_pwr,station,duct4.Fl_O,stat:MN,OD_full_pwr.duct4.Fl_O:stat:MN,0.3121000000003456,,0.3121000000003456,
reference,OD_full_pwr,station,duct4.Fl_O,stat:V,OD_full_pwr.duct4.Fl_O:stat:V,347.0068870381025,ft/s,105.76769916921364,m/s
reference,OD_full_pwr,station,duct4.Fl_O,stat:area,OD_full_pwr.duct4.Fl_O:stat:area,540.1596631747946,inch**2,0.34848940829385044,m**2
reference,OD_full_pwr,station,lpc.Fl_O,stat:W,OD_full_pwr.lpc.Fl_O:stat:W,56.39691016818307,lbm/s,25.581208143863257,kg/s
reference,OD_full_pwr,station,lpc.Fl_O,tot:P,OD_full_pwr.lpc.Fl_O:tot:P,17.091724605487244,lbf/inch**2,117843.29300206823,Pa
reference,OD_full_pwr,station,lpc.Fl_O,tot:T,OD_full_pwr.lpc.Fl_O:tot:T,641.8831206180967,degR,356.60173367672036,degK
reference,OD_full_pwr,station,lpc.Fl_O,tot:h,OD_full_pwr.lpc.Fl_O:tot:h,23.430413543330165,Btu/lbm,54499.141901785966,J/kg
reference,OD_full_pwr,station,lpc.Fl_O,tot:S,OD_full_pwr.lpc.Fl_O:tot:S,1.6721540317965988,Btu/lbm/degR,7000.974500326,J/(kg*degK)
reference,OD_full_pwr,station,lpc.Fl_O,stat:P,OD_full_pwr.lpc.Fl_O:stat:P,16.019153737508674,lbf/inch**2,110448.1771797537,Pa
reference,OD_full_pwr,station,lpc.Fl_O,stat:T,OD_full_pwr.lpc.Fl_O:stat:T,630.1504635070816,degR,350.08359083726754,degK
reference,OD_full_pwr,station,lpc.Fl_O,stat:MN,OD_full_pwr.lpc.Fl_O:stat:MN,0.3059000000007056,,0.3059000000007056,
reference,OD_full_pwr,station,lpc.Fl_O,stat:V,OD_full_pwr.lpc.Fl_O:stat:V,376.17474058201054,ft/s,114.65806092939683,m/s
reference,OD_full_pwr,station,lpc.Fl_O,stat:area,OD_full_pwr.lpc.Fl_O:stat:area,314.644415124302,inch**2,0.20299599086159467,m**2
reference,OD_full_pwr,station,duct6.Fl_O,stat:W,OD_full_pwr.duct6.Fl_O:stat:W,56.39691016818307,lbm/s,25.581208143863257,kg/s
reference,OD_full_pwr,station,duct6.Fl_O,tot:P,OD_full_pwr.duct6.Fl_O:tot:P,16.919098186971823,lbf/inch**2,116653.07574274733,Pa
reference,OD_full_pwr,station,duct6.Fl_O,tot:T,OD_full_pwr.duct6.Fl_O:tot:T,641.8831206180965,degR,356.6017336767203,degK
reference,OD_full_pwr,station,duct6.Fl_O,tot:h,OD_full_pwr.duct6.Fl_O:tot:h,23.430413543330165,Btu/lbm,54499.141901785966,J/kg
reference,OD_full_pwr,station,duct6.Fl_O,tot:S,OD_full_pwr.duct6.Fl_O:tot:S,1.6728500160483148,Btu/lbm/degR,7003.888447191085,J/(kg*degK)
reference,OD_full_pwr,station,duct6.Fl_O,stat:P,OD_full_pwr.duct6.Fl_O:stat:P,15.499354338590393,lbf/inch**2,106864.28647925878,Pa
reference,OD_full_pwr,station,duct6.Fl_O,stat:T,OD_full_pwr.duct6.Fl_O:stat:T,626.0662451409362,degR,347.81458063385344,degK
reference,OD_full_pwr,station,duct6.Fl_O,stat:MN,OD_full_pwr.duct6.Fl_O:stat:MN,0.35629999999992584,,0.35629999999992584,
reference,OD_full_pwr,station,duct6.Fl_O,stat:V,OD_full_pwr.duct6.Fl_O:stat:V,436.7475805998054,ft/s,133.1206625668207,m/s
reference,OD_full_pwr,station,duct6.Fl_O,stat:area,OD_full_pwr.duct6.Fl_O:stat:area,278.27945312973793,inch**2,0.17953477198118173,m**2
reference,OD_full_pwr,station,hpc.Fl_O,stat:W,OD_full_pwr.hpc.Fl_O:stat:W,49.88408218814095,lbm/s,22.627039064993642,kg/s
reference,OD_full_pwr,station,hpc.Fl_O,tot:P,OD_full_pwr.hpc.Fl_O:tot:P,158.51503091374286,lbf/inch**2,1092922.6666338262,Pa
reference,OD_full_pwr,station,hpc.Fl_O,tot:T,OD_full_pwr.hpc.Fl_O:tot:T,1276.4761356426163,degR,709.1534086903424,degK
reference,OD_full_pwr,station,hpc.Fl_O,tot:h,OD_full_pwr.hpc.Fl_O:tot:h,180.8239411036509,Btu/lbm,420596.487007092,J/kg
reference,OD_full_pwr,station,hpc.Fl_O,tot:S,OD_full_pwr.hpc.Fl_O:tot:S,1.689310321136701,Btu/lbm/degR,7072.804452535141,J/(kg*degK)
reference,OD_full_pwr,station,hpc.Fl_O,stat:P,OD_full_pwr.hpc.Fl_O:stat:P,152.2301983565496,lbf/inch**2,1049590.2714776064,Pa
reference,OD_full_pwr,station,hpc.Fl_O,stat:T,OD_full_pwr.hpc.Fl_O:stat:T,1262.7766665583213,degR,701.5425925324007,degK
reference,OD_full_pwr,station,hpc.Fl_O,stat:MN,OD_full_pwr.hpc.Fl_O:stat:MN,0.24419999966253414,,0.24419999966253414,
reference,OD_full_pwr,station,hpc.Fl_O,stat:V,OD_full_pwr.hpc.Fl_O:stat:V,419.9213899698897,ft/s,127.99203966282238,m/s
reference,OD_full_pwr,station,hpc.Fl_O,stat:area,OD_full_pwr.hpc.Fl_O:stat:area,52.57377557147148,inch**2,0.03391849704769054,m**2
reference,OD_full_pwr,station,bld3.Fl_O,stat:W,OD_full_pwr.bld3.Fl_O:stat:W,41.48011086190484,lbm/s,18.81506179371416,kg/s
reference,OD_full_pwr,station,bld3.Fl_O,tot:P,OD_full_pwr.bld3.Fl_O:tot:P,158.51503091374286,lbf/inch**2,1092922.6666338262,Pa
reference,OD_full_pwr,station,bld3.Fl_O,tot:T,OD_full_pwr.bld3.Fl_O:tot:T,1276.4761356426163,degR,709.1534086903424,degK
reference,OD_full_pwr,station,bld3.Fl_O,tot:h,OD_full_pwr.bld3.Fl_O:tot:h,180.82394110365075,Btu/lbm,420596.48700709164,J/kg
reference,OD_full_pwr,station,bld3.Fl_O,tot:S,OD_full_pwr.bld3.Fl_O:tot:S,1.689310321136701,Btu/lbm/degR,7072.804452535141,J/(kg*degK)
reference,OD_full_pwr,station,bld3.Fl_O,stat:P,OD_full_pwr.bld3.Fl_O:stat:P,149.14829878567133,lbf/inch**2,1028341.3219118405,Pa
reference,OD_full_pwr,station,bld3.Fl_O,stat:T,OD_full_pwr.bld3.Fl_O:stat:T,1255.8979806162856,degR,697.721100342381,degK
reference,OD_full_pwr,station,bld3.Fl_O,stat:MN,OD_full_pwr.bld3.Fl_O:stat:MN,0.2999999996370723,,0.2999999996370723,
reference,OD_full_pwr,station,bld3.Fl_O,stat:V,OD_full_pwr.bld3.Fl_O:stat:V,514.5478603237245,ft/s,156.83418782667124,m/s
reference,OD_full_pwr,station,bld3.Fl_O,stat:area,OD_full_pwr.bld3.Fl_O:stat:area,36.215929950504446,inch**2,0.02336506936686745,m**2
reference,OD_full_pwr,station,burner.Fl_O,stat:W,OD_full_pwr.burner.Fl_O:stat:W,42.513790827440765,lbm/s,19.283931139103117,kg/s
reference,OD_full_pwr,station,burner.Fl_O,tot:P,OD_full_pwr.burner.Fl_O:tot:P,149.95521924440075,lbf/inch**2,1033904.8426355998,Pa
reference,OD_full_pwr,station,burner.Fl_O,tot:T,OD_full_pwr.burner.Fl_O:tot:T,2857.0,degR,1587.2222222222224,degK
reference,OD_full_pwr,station,burner.Fl_O,tot:h,OD_full_pwr.burner.Fl_O:tot:h,176.42738926552468,Btu/lbm,410370.1074316104,J/kg
reference,OD_full_pwr,station,burner.Fl_O,tot:S,OD_full_pwr.burner.Fl_O:tot:S,1.9466756299592924,Btu/lbm/degR,8150.341527513566,J/(kg*degK)
reference,OD_full_pwr,station,burner.Fl_O,stat:P,OD_full_pwr.burner.Fl_O:stat:P,148.94826843413705,lbf/inch**2,1026962.161185275,Pa
reference,OD_full_pwr,station,burner.Fl_O,stat:T,OD_full_pwr.burner.Fl_O:stat:T,2852.7519271392875,degR,1584.8621817440487,degK
reference,OD_full_pwr,station,burner.Fl_O,stat:MN,OD_full_pwr.burner.Fl_O:stat:MN,0.1025000000000005,,0.1025000000000005,
reference,OD_full_pwr,station,burner.Fl_O,stat:V,OD_full_pwr.burner.Fl_O:stat:V,256.96024219089486,ft/s,78.32148181978475,m/s
reference,OD_full_pwr,station,burner.Fl_O,stat:area,OD_full_pwr.burner.Fl_O:stat:area,169.04116794572812,inch**2,0.10905859991186595,m**2
reference,OD_full_pwr,station,hpt.Fl_O,stat:W,OD_full_pwr.hpt.Fl_O:stat:W,50.917762153676875,lbm/s,23.0959084103826,kg/s
reference,OD_full_pwr,station,hpt.Fl_O,tot:P,OD_full_pwr.hpt.Fl_O:tot:P,41.484270189024045,lbf/inch**2,286023.97474229377,Pa
reference,OD_full_pwr,station,hpt.Fl_O,tot:T,OD_full_pwr.hpt.Fl_O:tot:T,2052.0718440864493,degR,1140.0399133813607,degK
reference,OD_full_pwr,station,hpt.Fl_O,tot:h,OD_full_pwr.hpt.Fl_O:tot:h,9.41850717220504,Btu/lbm,21907.447682548922,J/kg
reference,OD_full_pwr,station,hpt.Fl_O,tot:S,OD_full_pwr.hpt.Fl_O:tot:S,1.9321502842712321,Btu/lbm/degR,8089.526810186795,J/(kg*degK)
reference,OD_full_pwr,station,hpt.Fl_O,stat:P,OD_full_pwr.hpt.Fl_O:stat:P,38.044971816401485,lbf/inch**2,262310.8471790064,Pa
reference,OD_full_pwr,station,hpt.Fl_O,stat:T,OD_full_pwr.hpt.Fl_O:stat:T,2010.276559610384,degR,1116.820310894658,degK
reference,OD_full_pwr,station,hpt.Fl_O,stat:MN,OD_full_pwr.hpt.Fl_O:stat:MN,0.36500000000000643,,0.36500000000000643,
reference,OD_full_pwr,station,hpt.Fl_O,stat:V,OD_full_pwr.hpt.Fl_O:stat:V,776.800804159291,ft/s,236.7688851077519,m/s
reference,OD_full_pwr,station,hpt.Fl_O,stat:area,OD_full_pwr.hpt.Fl_O:stat:area,184.76648649093335,inch**2,0.11920394642449056,m**2
reference,OD_full_pwr,station,duct11.Fl_O,stat:W,OD_full_pwr.duct11.Fl_O:stat:W,50.917762153676875,lbm/s,23.0959084103826,kg/s
reference,OD_full_pwr,station,duct11.Fl_O,tot:P,OD_full_pwr.duct11.Fl_O:tot:P,41.27270041106002,lbf/inch**2,284565.2524711081,Pa
reference,OD_full_pwr,station,duct11.Fl_O,tot:T,OD_full_pwr.duct11.Fl_O:tot:T,2052.071851913777,degR,1140.0399177298764,degK
reference,OD_full_pwr,station,duct11.Fl_O,tot:h,OD_full_pwr.duct11.Fl_O:tot:h,9.41850717220504,Btu/lbm,21907.447682548922,J/kg
reference,OD_full_pwr,station,duct11.Fl_O,tot:S,OD_full_pwr.duct11.Fl_O:tot:S,1.9325008027008166,Btu/lbm/degR,8090.994360747779,J/(kg*degK)
reference,OD_full_pwr,station,duct11.Fl_O,stat:P,OD_full_pwr.duct11.Fl_O:stat:P,38.82600234439445,lbf/inch**2,267695.86311381066,Pa
reference,OD_full_pwr,station,duct11.Fl_O,stat:T,OD_full_pwr.duct11.Fl_O:stat:T,2022.486914732239,degR,1123.6038415179107,degK
reference,OD_full_pwr,station,duct11.Fl_O,stat:MN,OD_full_pwr.duct11.Fl_O:stat:MN,0.3063000000000014,,0.3063000000000014,
reference,OD_full_pwr,station,duct11.Fl_O,stat:V,OD_full_pwr.duct11.Fl_O:stat:V,653.7361985071302,ft/s,199.2587933049733,m/s
reference,OD_full_pwr,station,duct11.Fl_O,stat:area,OD_full_pwr.duct11.Fl_O:stat:area,216.4386520649824,inch**2,0.13963756076624403,m**2
reference,OD_full_pwr,station,lpt.Fl_O,stat:W,OD_full_pwr.lpt.Fl_O:stat:W,54.920927631234846,lbm/s,24.9117137268503,kg/s
reference,OD_full_pwr,station,lpt.Fl_O,tot:P,OD_full_pwr.lpt.Fl_O:tot:P,9.454006781650302,lbf/inch**2,65183.08227689797,Pa
reference,OD_full_pwr,station,lpt.Fl_O,tot:T,OD_full_pwr.lpt.Fl_O:tot:T,1443.6444080100694,degR,802.0246711167052,degK
reference,OD_full_pwr,station,lpt.Fl_O,tot:h,OD_full_pwr.lpt.Fl_O:tot:h,-132.95805085490016,Btu/lbm,-309260.4262884978,J/kg
reference,OD_full_pwr,station,lpt.Fl_O,tot:S,OD_full_pwr.lpt.Fl_O:tot:S,1.9341418724072226,Btu/lbm/degR,8097.86519139456,J/(kg*degK)
reference,OD_full_pwr,station,lpt.Fl_O,stat:P,OD_full_pwr.lpt.Fl_O:stat:P,8.446424524380387,lbf/inch**2,58236.04715271724,Pa
reference,OD_full_pwr,station,lpt.Fl_O,stat:T,OD_full_pwr.lpt.Fl_O:stat:T,1402.8301889623983,degR,779.3501049791103,degK
reference,OD_full_pwr,station,lpt.Fl_O,stat:MN,OD_full_pwr.lpt.Fl_O:stat:MN,0.41269999999999674,,0.41269999999999674,
reference,OD_full_pwr,station,lpt.Fl_O,stat:V,OD_full_pwr.lpt.Fl_O:stat:V,741.9964103337376,ft/s,226.1605058697232,m/s
reference,OD_full_pwr,station,lpt.Fl_O,stat:area,OD_full_pwr.lpt.Fl_O:stat:area,655.8084163896588,inch**2,0.4231013579179522,m**2
reference,OD_full_pwr,station,duct13.Fl_O,stat:W,OD_full_pwr.duct13.Fl_O:stat:W,54.920927631234846,lbm/s,24.9117137268503,kg/s
reference,OD_full_pwr,station,duct13.Fl_O,tot:P,OD_full_pwr.duct13.Fl_O:tot:P,9.352848909086642,lbf/inch**2,64485.62329653515,Pa
reference,OD_full_pwr,station,duct13.Fl_O,tot:T,OD_full_pwr.duct13.Fl_O:tot:T,1443.6444114351227,degR,802.0246730195126,degK
reference,OD_full_pwr,station,duct13.Fl_O,tot:h,OD_full_pwr.duct13.Fl_O:tot:h,-132.95805085490016,Btu/lbm,-309260.4262884978,J/kg
reference,OD_full_pwr,station,duct13.Fl_O,tot:S,OD_full_pwr.duct13.Fl_O:tot:S,1.9348793558994521,Btu/lbm/degR,8100.952887279826,J/(kg*degK)
reference,OD_full_pwr,station,duct13.Fl_O,stat:P,OD_full_pwr.duct13.Fl_O:stat:P,8.20027886160321,lbf/inch**2,56538.932547294295,Pa
reference,OD_full_pwr,station,duct13.Fl_O,stat:T,OD_full_pwr.duct13.Fl_O:stat:T,1396.1084684124214,degR,775.6158157846786,degK
reference,OD_full_pwr,station,duct13.Fl_O,stat:MN,OD_full_pwr.duct13.Fl_O:stat:MN,0.44629999999998726,,0.44629999999998726,
reference,OD_full_pwr,station,duct13.Fl_O,stat:V,OD_full_pwr.duct13.Fl_O:stat:V,800.5987294081899,ft/s,244.0224927236163,m/s
reference,OD_full_pwr,station,duct13.Fl_O,stat:area,OD_full_pwr.duct13.Fl_O:stat:area,623.0490502736408,inch**2,0.40196632527454207,m**2
reference,OD_full_pwr,station,core_nozz.Fl_O,stat:W,OD_full_pwr.core_nozz.Fl_O:stat:W,54.920927631234846,lbm/s,24.9117137268503,kg/s
reference,OD_full_pwr,station,core_nozz.Fl_O,tot:P,OD_full_pwr.core_nozz.Fl_O:tot:P,9.352848909086642,lbf/inch**2,64485.62329653515,Pa
reference,OD_full_pwr,station,core_nozz.Fl_O,tot:T,OD_full_pwr.core_nozz.Fl_O:tot:T,1443.644411435123,degR,802.0246730195128,degK
reference,OD_full_pwr,station,core_nozz.Fl_O,tot:h,OD_full_pwr.core_nozz.Fl_O:tot:h,-132.95805085490016,Btu/lbm,-309260.4262884978,J/kg
reference,OD_full_pwr,station,core_nozz.Fl_O,tot:S,OD_full_pwr.core_nozz.Fl_O:tot:S,1.9348793558994524,Btu/lbm/degR,8100.952887279827,J/(kg*degK)
reference,OD_full_pwr,station,core_nozz.Fl_O,stat:P,OD_full_pwr.core_nozz.Fl_O:stat:P,5.013785835549604,lbf/inch**2,34568.83649287233,Pa
reference,OD_full_pwr,station,core_nozz.Fl_O,stat:T,OD_full_pwr.core_nozz.Fl_O:stat:T,1229.5702716050027,degR,683.0945953361127,degK
reference,OD_full_pwr,station,core_nozz.Fl_O,stat:MN,OD_full_pwr.core_nozz.Fl_O:stat:MN,1.0,,1.0,
reference,OD_full_pwr,station,core_nozz.Fl_O,stat:V,OD_full_pwr.core_nozz.Fl_O:stat:V,1689.8736998239083,ft/s,515.0735037063273,m/s
reference,OD_full_pwr,station,core_nozz.Fl_O,stat:area,OD_full_pwr.core_nozz.Fl_O:stat:area,425.18698241320567,inch**2,0.27431363357370375,m**2
reference,OD_full_pwr,station,byp_bld.Fl_O,stat:W,OD_full_pwr.byp_bld.Fl_O:stat:W,286.4666952765386,lbm/s,129.93910723655296,kg/s
reference,OD_full_pwr,station,byp_bld.Fl_O,tot:P,OD_full_pwr.byp_bld.Fl_O:tot:P,8.875535181526738,lbf/inch**2,61194.66098880566,Pa
reference,OD_full_pwr,station,byp_bld.Fl_O,tot:T,OD_full_pwr.byp_bld.Fl_O:tot:T,524.3384150926731,degR,291.2991194959295,degK
reference,OD_full_pwr,station,byp_bld.Fl_O,tot:h,OD_full_pwr.byp_bld.Fl_O:tot:h,-4.82191884825378,Btu/lbm,-11215.783241038293,J/kg
reference,OD_full_pwr,station,byp_bld.Fl_O,tot:S,OD_full_pwr.byp_bld.Fl_O:tot:S,1.6684689735071205,Btu/lbm/degR,6985.545898279613,J/(kg*degK)
reference,OD_full_pwr,station,byp_bld.Fl_O,stat:P,OD_full_pwr.byp_bld.Fl_O:stat:P,7.72896300124643,lbf/inch**2,53289.32407825107,Pa
reference,OD_full_pwr,station,byp_bld.Fl_O,stat:T,OD_full_pwr.byp_bld.Fl_O:stat:T,504.0101102007597,degR,280.00561677819985,degK
reference,OD_full_pwr,station,byp_bld.Fl_O,stat:MN,OD_full_pwr.byp_bld.Fl_O:stat:MN,0.4489000000000035,,0.4489000000000035,
reference,OD_full_pwr,station,byp_bld.Fl_O,stat:V,OD_full_pwr.byp_bld.Fl_O:stat:V,494.1041937499224,ft/s,150.60295825497636,m/s
reference,OD_full_pwr,station,byp_bld.Fl_O,stat:area,OD_full_pwr.byp_bld.Fl_O:stat:area,2017.0807006612895,inch**2,1.3013397848386374,m**2
reference,OD_full_pwr,station,duct15.Fl_O,stat:W,OD_full_pwr.duct15.Fl_O:stat:W,286.4666952765386,lbm/s,129.93910723655296,kg/s
reference,OD_full_pwr,station,duct15.Fl_O,tot:P,OD_full_pwr.duct15.Fl_O:tot:P,8.743289707321988,lbf/inch**2,60282.860540072455,Pa
reference,OD_full_pwr,station,duct15.Fl_O,tot:T,OD_full_pwr.duct15.Fl_O:tot:T,524.3384150926732,degR,291.2991194959296,degK
reference,OD_full_pwr,station,duct15.Fl_O,tot:h,OD_full_pwr.duct15.Fl_O:tot:h,-4.82191884825378,Btu/lbm,-11215.783241038293,J/kg
reference,OD_full_pwr,station,duct15.Fl_O,tot:S,OD_full_pwr.duct15.Fl_O:tot:S,1.669498215736133,Btu/lbm/degR,6989.855129644043,J/(kg*degK)
reference,OD_full_pwr,station,duct15.Fl_O,stat:P,OD_full_pwr.duct15.Fl_O:stat:P,7.567457232331557,lbf/inch**2,52175.780998950024,Pa
reference,OD_full_pwr,station,duct15.Fl_O,stat:T,OD_full_pwr.duct15.Fl_O:stat:T,503.13103123999207,degR,279.5172395777734,degK
reference,OD_full_pwr,station,duct15.Fl_O,stat:MN,OD_full_pwr.duct15.Fl_O:stat:MN,0.45889999999999975,,0.45889999999999975,
reference,OD_full_pwr,station,duct15.Fl_O,stat:V,OD_full_pwr.duct15.Fl_O:stat:V,504.67228166174004,ft/s,153.82411145049838,m/s
reference,OD_full_pwr,station,duct15.Fl_O,stat:area,OD_full_pwr.duct15.Fl_O:stat:area,2013.4714240722872,inch**2,1.2990112239544767,m**2
reference,OD_full_pwr,station,byp_nozz.Fl_O,stat:W,OD_full_pwr.byp_nozz.Fl_O:stat:W,286.4666952765386,lbm/s,129.93910723655296,kg/s
reference,OD_full_pwr,station,byp_nozz.Fl_O,tot:P,OD_full_pwr.byp_nozz.Fl_O:tot:P,8.743289707321988,lbf/inch**2,60282.860540072455,Pa
reference,OD_full_pwr,station,byp_nozz.Fl_O,tot:T,OD_full_pwr.byp_nozz.Fl_O:tot:T,524.3384150926731,degR,291.2991194959295,degK
reference,OD_full_pwr,station,byp_nozz.Fl_O,tot:h,OD_full_pwr.byp_nozz.Fl_O:tot:h,-4.82191884825378,Btu/lbm,-11215.783241038293,J/kg
reference,OD_full_pwr,station,byp_nozz.Fl_O,tot:S,OD_full_pwr.byp_nozz.Fl_O:tot:S,1.6694982157361322,Btu/lbm/degR,6989.855129644038,J/(kg*degK)
reference,OD_full_pwr,station,byp_nozz.Fl_O,stat:P,OD_full_pwr.byp_nozz.Fl_O:stat:P,4.617467383554489,lbf/inch**2,31836.31695265037,Pa
reference,OD_full_pwr,station,byp_nozz.Fl_O,stat:T,OD_full_pwr.byp_nozz.Fl_O:stat:T,436.81972827555086,degR,242.6776268197505,degK
reference,OD_full_pwr,station,byp_nozz.Fl_O,stat:MN,OD_full_pwr.byp_nozz.Fl_O:stat:MN,1.0,,1.0,
reference,OD_full_pwr,station,byp_nozz.Fl_O,stat:V,OD_full_pwr.byp_nozz.Fl_O:stat:V,1024.9146596913922,ft/s,312.3939882739364,m/s
reference,OD_full_pwr,station,byp_nozz.Fl_O,stat:area,OD_full_pwr.byp_nozz.Fl_O:stat:area,1410.699450256865,inch**2,0.910126857327719,m**2
reference,OD_full_pwr,bleed_flow,hpc.cool1,stat:W,OD_full_pwr.hpc.cool1:stat:W,2.8597745208082275,lbm/s,1.2971719025590183,kg/s
reference,OD_full_pwr,bleed_flow,hpc.cool1,tot:P,OD_full_pwr.hpc.cool1:tot:P,87.71706455035734,lbf/inch**2,604787.8711882868,Pa
reference,OD_full_pwr,bleed_flow,hpc.cool1,tot:T,OD_full_pwr.hpc.cool1:tot:T,964.609242557521,degR,535.8940236430673,degK
reference,OD_full_pwr,bleed_flow,hpc.cool1,tot:h,OD_full_pwr.hpc.cool1:tot:h,102.12717732349053,Btu/lbm,237547.81445443898,J/kg
reference,OD_full_pwr,bleed_flow,hpc.cool2,stat:W,OD_full_pwr.hpc.cool2:stat:W,1.1433909567497436,lbm/s,0.5186334139086837,kg/s
reference,OD_full_pwr,bleed_flow,hpc.cool2,tot:P,OD_full_pwr.hpc.cool2:tot:P,94.79686118669589,lbf/inch**2,653601.3507328407,Pa
reference,OD_full_pwr,bleed_flow,hpc.cool2,tot:T,OD_full_pwr.hpc.cool2:tot:T,964.6092323896502,degR,535.8940179942501,degK
reference,OD_full_pwr,bleed_flow,hpc.cool2,tot:h,OD_full_pwr.hpc.cool2:tot:h,102.12717732349053,Btu/lbm,237547.81445443898,J/kg
reference,OD_full_pwr,bleed_flow,hpc.cust,stat:W,OD_full_pwr.hpc.cust:stat:W,2.5096625024841464,lbm/s,1.138363762401915,kg/s
reference,OD_full_pwr,bleed_flow,hpc.cust,tot:P,OD_full_pwr.hpc.cust:tot:P,87.71706455035734,lbf/inch**2,604787.8711882868,Pa
reference,OD_full_pwr,bleed_flow,hpc.cust,tot:T,OD_full_pwr.hpc.cust:tot:T,964.609242557521,degR,535.8940236430673,degK
reference,OD_full_pwr,bleed_flow,hpc.cust,tot:h,OD_full_pwr.hpc.cust:tot:h,102.12717732349053,Btu/lbm,237547.81445443898,J/kg
reference,OD_full_pwr,bleed_flow,bld3.cool3,stat:W,OD_full_pwr.bld3.cool3:stat:W,3.352908700193706,lbm/s,1.5208538037144825,kg/s
reference,OD_full_pwr,bleed_flow,bld3.cool3,tot:P,OD_full_pwr.bld3.cool3:tot:P,158.51503091374286,lbf/inch**2,1092922.6666338262,Pa
reference,OD_full_pwr,bleed_flow,bld3.cool3,tot:T,OD_full_pwr.bld3.cool3:tot:T,1276.4761356426163,degR,709.1534086903424,degK
reference,OD_full_pwr,bleed_flow,bld3.cool3,tot:h,OD_full_pwr.bld3.cool3:tot:h,180.82394110365078,Btu/lbm,420596.4870070917,J/kg
reference,OD_full_pwr,bleed_flow,bld3.cool4,stat:W,OD_full_pwr.bld3.cool4:stat:W,5.0510626260424,lbm/s,2.2911234675649963,kg/s
reference,OD_full_pwr,bleed_flow,bld3.cool4,tot:P,OD_full_pwr.bld3.cool4:tot:P,158.51503091374286,lbf/inch**2,1092922.6666338262,Pa
reference,OD_full_pwr,bleed_flow,bld3.cool4,tot:T,OD_full_pwr.bld3.cool4:tot:T,1276.4761356426163,degR,709.1534086903424,degK
reference,OD_full_pwr,bleed_flow,bld3.cool4,tot:h,OD_full_pwr.bld3.cool4:tot:h,180.82394110365078,Btu/lbm,420596.4870070917,J/kg
reference,OD_full_pwr,bleed_flow,byp_bld.bypBld,stat:W,OD_full_pwr.byp_bld.bypBld:stat:W,1.4395311320429076,lbm/s,0.6529603378721255,kg/s
reference,OD_full_pwr,bleed_flow,byp_bld.bypBld,tot:P,OD_full_pwr.byp_bld.bypBld:tot:P,8.875535181526738,lbf/inch**2,61194.66098880566,Pa
reference,OD_full_pwr,bleed_flow,byp_bld.bypBld,tot:T,OD_full_pwr.byp_bld.bypBld:tot:T,524.3384150926731,degR,291.2991194959295,degK
reference,OD_full_pwr,bleed_flow,byp_bld.bypBld,tot:h,OD_full_pwr.byp_bld.bypBld:tot:h,-4.821918848253781,Btu/lbm,-11215.783241038294,J/kg
reference,OD_full_pwr,bleed_fraction,hpc.cool1,frac_W,hpc.cool1:frac_W,0.050708,,0.050708,
reference,OD_full_pwr,bleed_fraction,hpc.cool1,frac_P,hpc.cool1:frac_P,0.5,,0.5,
reference,OD_full_pwr,bleed_fraction,hpc.cool1,frac_work,hpc.cool1:frac_work,0.5,,0.5,
reference,OD_full_pwr,bleed_fraction,hpc.cool2,frac_W,hpc.cool2:frac_W,0.020274,,0.020274,
reference,OD_full_pwr,bleed_fraction,hpc.cool2,frac_P,hpc.cool2:frac_P,0.55,,0.55,
reference,OD_full_pwr,bleed_fraction,hpc.cool2,frac_work,hpc.cool2:frac_work,0.5,,0.5,
reference,OD_full_pwr,bleed_fraction,hpc.cust,frac_W,hpc.cust:frac_W,0.0445,,0.0445,
reference,OD_full_pwr,bleed_fraction,hpc.cust,frac_P,hpc.cust:frac_P,0.5,,0.5,
reference,OD_full_pwr,bleed_fraction,hpc.cust,frac_work,hpc.cust:frac_work,0.5,,0.5,
reference,OD_full_pwr,bleed_fraction,bld3.cool3,frac_W,bld3.cool3:frac_W,0.067214,,0.067214,
reference,OD_full_pwr,bleed_fraction,bld3.cool4,frac_W,bld3.cool4:frac_W,0.101256,,0.101256,
reference,OD_full_pwr,bleed_fraction,byp_bld.bypBld,frac_W,byp_bld.bypBld:frac_W,0.005,,0.005,
reference,OD_full_pwr,bleed_fraction,hpt.cool3,frac_P,hpt.cool3:frac_P,1.0,,1.0,
reference,OD_full_pwr,bleed_fraction,hpt.cool4,frac_P,hpt.cool4:frac_P,0.0,,0.0,
reference,OD_full_pwr,bleed_fraction,lpt.cool1,frac_P,lpt.cool1:frac_P,1.0,,1.0,
reference,OD_full_pwr,bleed_fraction,lpt.cool2,frac_P,lpt.cool2:frac_P,0.0,,0.0,
reference,OD_full_pwr,compressor,fan,PR,OD_full_pwr.fan.PR,1.6849999999999852,,1.6849999999999852,
reference,OD_full_pwr,compressor,fan,eff,OD_full_pwr.fan.eff,0.894800000000018,,0.894800000000018,
reference,OD_full_pwr,compressor,fan,eff_poly,OD_full_pwr.fan.eff_poly,0.9022524878562277,,0.9022524878562277,
reference,OD_full_pwr,compressor,fan,Wc,OD_full_pwr.fan.Wc,889.1758134006074,lbm/s,403.32336454705927,kg/s
reference,OD_full_pwr,compressor,fan,Nc,OD_full_pwr.fan.Nc,5040.927256972323,rpm,5040.927256972323,rpm
reference,OD_full_pwr,compressor,fan,power,OD_full_pwr.fan.power,-9334.121223665281,hp,-6960454.1964872,W
reference,OD_full_pwr,compressor,fan,trq,OD_full_pwr.fan.trq,-10506.382507881657,ft*lbf,-14244.74199139854,N*m
reference,OD_full_pwr,compressor,fan,SMN,OD_full_pwr.fan.SMN,36.640575305773915,,36.640575305773915,
reference,OD_full_pwr,compressor,fan,SMW,OD_full_pwr.fan.SMW,29.88606688677084,,29.88606688677084,
reference,OD_full_pwr,compressor,fan,map.RlineMap,OD_full_pwr.fan.map.RlineMap,2.199999999999823,,2.199999999999823,
reference,OD_full_pwr,compressor,fan,map.NcMap,OD_full_pwr.fan.map.NcMap,0.9899999999999599,rpm,0.9899999999999599,rpm
reference,OD_full_pwr,compressor,fan,map.PRmap,OD_full_pwr.fan.map.PRmap,1.6850599999999851,,1.6850599999999851,
reference,OD_full_pwr,compressor,fan,map.WcMap,OD_full_pwr.fan.map.WcMap,803.5561999999834,lbm/s,364.4869611861865,kg/s
reference,OD_full_pwr,compressor,fan,map.effMap,OD_full_pwr.fan.map.effMap,0.894680000000018,,0.894680000000018,
reference,OD_full_pwr,compressor,fan,map.map.alphaMap,OD_full_pwr.fan.map.map.alphaMap,0.0,,0.0,
reference,OD_full_pwr,compressor,fan,s_Wc,OD_full_pwr.fan.s_Wc,1.106550871489289,,1.106550871489289,
reference,OD_full_pwr,compressor,fan,s_PR,OD_full_pwr.fan.s_PR,0.9999124164306776,,0.9999124164306776,
reference,OD_full_pwr,compressor,fan,s_eff,OD_full_pwr.fan.s_eff,1.0001341261680154,,1.0001341261680154,
reference,OD_full_pwr,compressor,fan,s_Nc,OD_full_pwr.fan.s_Nc,5091.8457141136605,,5091.8457141136605,
reference,OD_full_pwr,compressor,lpc,PR,OD_full_pwr.lpc.PR,1.9349999999998901,,1.9349999999998901,
reference,OD_full_pwr,compressor,lpc,eff,OD_full_pwr.lpc.eff,0.9243000000000057,,0.9243000000000057,
reference,OD_full_pwr,compressor,lpc,eff_poly,OD_full_pwr.lpc.eff_poly,0.9309814278985135,,0.9309814278985135,
reference,OD_full_pwr,compressor,lpc,Wc,OD_full_pwr.lpc.Wc,94.34271330553776,lbm/s,42.79313492048941,kg/s
reference,OD_full_pwr,compressor,lpc,Nc,OD_full_pwr.lpc.Nc,4640.80978341704,rpm,4640.80978341704,rpm
reference,OD_full_pwr,compressor,lpc,power,OD_full_pwr.lpc.power,-2254.3482135444956,hp,-1681067.4628401306,W
reference,OD_full_pwr,compressor,lpc,trq,OD_full_pwr.lpc.trq,-2537.469148933724,ft*lbf,-3440.3462191271733,N*m
reference,OD_full_pwr,compressor,lpc,SMN,OD_full_pwr.lpc.SMN,15.987249965750493,,15.987249965750493,
reference,OD_full_pwr,compressor,lpc,SMW,OD_full_pwr.lpc.SMW,15.644380430930068,,15.644380430930068,
reference,OD_full_pwr,compressor,lpc,map.RlineMap,OD_full_pwr.lpc.map.RlineMap,2.149999999999812,,2.149999999999812,
reference,OD_full_pwr,compressor,lpc,map.NcMap,OD_full_pwr.lpc.map.NcMap,0.9999999999999598,rpm,0.9999999999999598,rpm
reference,OD_full_pwr,compressor,lpc,map.PRmap,OD_full_pwr.lpc.map.PRmap,1.9349999999998901,,1.9349999999998901,
reference,OD_full_pwr,compressor,lpc,map.WcMap,OD_full_pwr.lpc.map.WcMap,87.66624999999601,lbm/s,39.764742106510695,kg/s
reference,OD_full_pwr,compressor,lpc,map.effMap,OD_full_pwr.lpc.map.effMap,0.9243250000000057,,0.9243250000000057,
reference,OD_full_pwr,compressor,lpc,map.map.alphaMap,OD_full_pwr.lpc.map.map.alphaMap,0.0,,0.0,
reference,OD_full_pwr,compressor,lpc,s_Wc,OD_full_pwr.lpc.s_Wc,1.0761577380752616,,1.0761577380752616,
reference,OD_full_pwr,compressor,lpc,s_PR,OD_full_pwr.lpc.s_PR,1.0,,1.0,
reference,OD_full_pwr,compressor,lpc,s_eff,OD_full_pwr.lpc.s_eff,0.9999729532361452,,0.9999729532361452,
reference,OD_full_pwr,compressor,lpc,s_Nc,OD_full_pwr.lpc.s_Nc,4640.80978341722,,4640.80978341722,
reference,OD_full_pwr,compressor,hpc,PR,OD_full_pwr.hpc.PR,9.369000000000227,,9.369000000000227,
reference,OD_full_pwr,compressor,hpc,eff,OD_full_pwr.hpc.eff,0.870699999999999,,0.870699999999999,
reference,OD_full_pwr,compressor,hpc,eff_poly,OD_full_pwr.hpc.eff_poly,0.9030940572665982,,0.9030940572665982,
reference,OD_full_pwr,compressor,hpc,Wc,OD_full_pwr.hpc.Wc,54.495194629545246,lbm/s,24.718604485626702,kg/s
reference,OD_full_pwr,compressor,hpc,Nc,OD_full_pwr.hpc.Nc,13219.14264068414,rpm,13219.14264068414,rpm
reference,OD_full_pwr,compressor,hpc,power,OD_full_pwr.hpc.power,-11833.789931130137,hp,-8824457.151643744,W
reference,OD_full_pwr,compressor,hpc,trq,OD_full_pwr.hpc.trq,-4226.4133251180265,ft*lbf,-5730.24704936749,N*m
reference,OD_full_pwr,compressor,hpc,SMN,OD_full_pwr.hpc.SMN,22.598068614418377,,22.598068614418377,
reference,OD_full_pwr,compressor,hpc,SMW,OD_full_pwr.hpc.SMW,22.468003524954494,,22.468003524954494,
reference,OD_full_pwr,compressor,hpc,map.RlineMap,OD_full_pwr.hpc.map.RlineMap,2.0500000000000016,,2.0500000000000016,
reference,OD_full_pwr,compressor,hpc,map.NcMap,OD_full_pwr.hpc.map.NcMap,0.9760000000000039,rpm,0.9760000000000039,rpm
reference,OD_full_pwr,compressor,hpc,map.PRmap,OD_full_pwr.hpc.map.PRmap,9.374422000000228,,9.374422000000228,
reference,OD_full_pwr,compressor,hpc,map.WcMap,OD_full_pwr.hpc.map.WcMap,49.453680000000766,lbm/s,22.43181191642195,kg/s
reference,OD_full_pwr,compressor,hpc,map.effMap,OD_full_pwr.hpc.map.effMap,0.870633999999999,,0.870633999999999,
reference,OD_full_pwr,compressor,hpc,map.map.alphaMap,OD_full_pwr.hpc.map.map.alphaMap,0.0,,0.0,
reference,OD_full_pwr,compressor,hpc,s_Wc,OD_full_pwr.hpc.s_Wc,1.101944175429292,,1.101944175429292,
reference,OD_full_pwr,compressor,hpc,s_PR,OD_full_pwr.hpc.s_PR,0.9993525523313727,,0.9993525523313727,
reference,OD_full_pwr,compressor,hpc,s_eff,OD_full_pwr.hpc.s_eff,1.0000758068258304,,1.0000758068258304,
reference,OD_full_pwr,compressor,hpc,s_Nc,OD_full_pwr.hpc.s_Nc,13544.203525291072,,13544.203525291072,
reference,OD_full_pwr,turbine,hpt,PR,OD_full_pwr.hpt.PR,3.6147488809885355,,3.6147488809885355,
reference,OD_full_pwr,turbine,hpt,eff,OD_full_pwr.hpt.eff,0.8887999999999991,,0.8887999999999991,
reference,OD_full_pwr,turbine,hpt,eff_poly,OD_full_pwr.hpt.eff_poly,0.8731053859304555,,0.8731053859304555,
reference,OD_full_pwr,turbine,hpt,Wp,OD_full_pwr.hpt.Wp,15.153863292429039,lbm/s,6.873676765468891,kg/s
reference,OD_full_pwr,turbine,hpt,Np,OD_full_pwr.hpt.Np,275.12533338272,rpm,275.12533338272,rpm
reference,OD_full_pwr,turbine,hpt,power,OD_full_pwr.hpt.power,12083.790079738632,hp,9010882.262461098,W
reference,OD_full_pwr,turbine,hpt,trq,OD_full_pwr.hpt.trq,4315.700355351757,ft*lbf,5851.304007640574,N*m
reference,OD_full_pwr,turbine,hpt,map.NpMap,OD_full_pwr.hpt.map.NpMap,99.99999999999956,rpm,99.99999999999956,rpm
reference,OD_full_pwr,turbine,hpt,map.PRmap,OD_full_pwr.hpt.map.PRmap,6.0000000000000275,,6.0000000000000275,
reference,OD_full_pwr,turbine,hpt,map.alphaMap,OD_full_pwr.hpt.map.alphaMap,1.0,,1.0,
reference,OD_full_pwr,turbine,hpt,map.WpMap,OD_full_pwr.hpt.map.WpMap,10.148,lbm/s,4.60305537076,kg/s
reference,OD_full_pwr,turbine,hpt,map.effMap,OD_full_pwr.hpt.map.effMap,0.8997999999999992,,0.8997999999999992,
reference,OD_full_pwr,turbine,hpt,s_Wp,OD_full_pwr.hpt.s_Wp,1.4932857008700187,,1.4932857008700187,
reference,OD_full_pwr,turbine,hpt,s_PR,OD_full_pwr.hpt.s_PR,0.5229497761977042,,0.5229497761977042,
reference,OD_full_pwr,turbine,hpt,s_eff,OD_full_pwr.hpt.s_eff,0.9877750611246944,,0.9877750611246944,
reference,OD_full_pwr,turbine,hpt,s_Np,OD_full_pwr.hpt.s_Np,2.751253333827212,,2.751253333827212,
reference,OD_full_pwr,turbine,lpt,PR,OD_full_pwr.lpt.PR,4.365630506122338,,4.365630506122338,
reference,OD_full_pwr,turbine,lpt,eff,OD_full_pwr.lpt.eff,0.8995999999999967,,0.8995999999999967,
reference,OD_full_pwr,turbine,lpt,eff_poly,OD_full_pwr.lpt.eff_poly,0.8814601887903728,,0.8814601887903728,
reference,OD_full_pwr,turbine,lpt,Wp,OD_full_pwr.lpt.Wp,55.885958533665395,lbm/s,25.34944438100701,kg/s
reference,OD_full_pwr,turbine,lpt,Np,OD_full_pwr.lpt.Np,103.00487048457602,rpm,103.00487048457602,rpm
reference,OD_full_pwr,turbine,lpt,power,OD_full_pwr.lpt.power,11588.469437209787,hp,8641521.65932734,W
reference,OD_full_pwr,turbine,lpt,trq,OD_full_pwr.lpt.trq,13043.851656815394,ft*lbf,17685.08821052573,N*m
reference,OD_full_pwr,turbine,lpt,map.NpMap,OD_full_pwr.lpt.map.NpMap,99.999999999996,rpm,99.999999999996,rpm
reference,OD_full_pwr,turbine,lpt,map.PRmap,OD_full_pwr.lpt.map.PRmap,5.999999999999928,,5.999999999999928,
reference,OD_full_pwr,turbine,lpt,map.alphaMap,OD_full_pwr.lpt.map.alphaMap,1.0,,1.0,
reference,OD_full_pwr,turbine,lpt,map.WpMap,OD_full_pwr.lpt.map.WpMap,35.295000000000115,lbm/s,16.009542699150053,kg/s
reference,OD_full_pwr,turbine,lpt,map.effMap,OD_full_pwr.lpt.map.effMap,0.9230999999999967,,0.9230999999999967,
reference,OD_full_pwr,turbine,lpt,s_Wp,OD_full_pwr.lpt.s_Wp,1.5833959068894996,,1.5833959068894996,
reference,OD_full_pwr,turbine,lpt,s_PR,OD_full_pwr.lpt.s_PR,0.6731261012244772,,0.6731261012244772,
reference,OD_full_pwr,turbine,lpt,s_eff,OD_full_pwr.lpt.s_eff,0.9745423031090888,,0.9745423031090888,
reference,OD_full_pwr,turbine,lpt,s_Np,OD_full_pwr.lpt.s_Np,1.0300487048458002,,1.0300487048458002,
reference,OD_full_pwr,burner,burner,Wfuel,OD_full_pwr.burner.Wfuel,1.0336799655359235,lbm/s,0.46886934538895786,kg/s
reference,OD_full_pwr,burner,burner,dPqP,burner.dPqP,0.054,,0.054,
reference,OD_full_pwr,burner,burner,Fl_I:FAR,OD_full_pwr.burner.Fl_I:FAR,0.024919893993949057,,0.024919893993949057,
reference,OD_full_pwr,burner,burner,Fl_O:tot:T,OD_full_pwr.burner.Fl_O:tot:T,2857.0,degR,1587.2222222222224,degK
reference,OD_full_pwr,nozzle,core_nozz,PR,OD_full_pwr.core_nozz.PR,2.7046754707316674,,2.7046754707316674,
reference,OD_full_pwr,nozzle,core_nozz,Cv,core_nozz.Cv,0.9933,,0.9933,
reference,OD_full_pwr,nozzle,core_nozz,Fg,OD_full_pwr.core_nozz.Fg,3526.769904946831,lbf,15687.854139949839,N
reference,OD_full_pwr,nozzle,core_nozz,Ps_exhaust,OD_full_pwr.core_nozz.Ps_exhaust,3.458029996316344,lbf/inch**2,23842.277562500592,Pa
reference,OD_full_pwr,nozzle,core_nozz,Throat:stat:area,OD_full_pwr.core_nozz.Throat:stat:area,425.18698241320567,inch**2,0.27431363357370375,m**2
reference,OD_full_pwr,nozzle,core_nozz,Throat:stat:MN,OD_full_pwr.core_nozz.Throat:stat:MN,1.0,,1.0,
reference,OD_full_pwr,nozzle,core_nozz,Throat:stat:W,OD_full_pwr.core_nozz.Throat:stat:W,54.920927631234846,lbm/s,24.9117137268503,kg/s
reference,OD_full_pwr,nozzle,core_nozz,Throat:stat:V,OD_full_pwr.core_nozz.Throat:stat:V,1689.8736998239083,ft/s,515.0735037063273,m/s
reference,OD_full_pwr,nozzle,core_nozz,Fl_O:stat:MN,OD_full_pwr.core_nozz.Fl_O:stat:MN,1.0,,1.0,
reference,OD_full_pwr,nozzle,core_nozz,Fl_O:stat:V,OD_full_pwr.core_nozz.Fl_O:stat:V,1689.8736998239083,ft/s,515.0735037063273,m/s
reference,OD_full_pwr,nozzle,byp_nozz,PR,OD_full_pwr.byp_nozz.PR,2.52840192725706,,2.52840192725706,
reference,OD_full_pwr,nozzle,byp_nozz,Cv,byp_nozz.Cv,0.9939,,0.9939,
reference,OD_full_pwr,nozzle,byp_nozz,Fg,OD_full_pwr.byp_nozz.Fg,10705.454559760768,lbf,47620.234424655435,N
reference,OD_full_pwr,nozzle,byp_nozz,Ps_exhaust,OD_full_pwr.byp_nozz.Ps_exhaust,3.458029996316344,lbf/inch**2,23842.277562500592,Pa
reference,OD_full_pwr,nozzle,byp_nozz,Throat:stat:area,OD_full_pwr.byp_nozz.Throat:stat:area,1410.699450256865,inch**2,0.910126857327719,m**2
reference,OD_full_pwr,nozzle,byp_nozz,Throat:stat:MN,OD_full_pwr.byp_nozz.Throat:stat:MN,1.0,,1.0,
reference,OD_full_pwr,nozzle,byp_nozz,Throat:stat:W,OD_full_pwr.byp_nozz.Throat:stat:W,286.4666952765386,lbm/s,129.93910723655296,kg/s
reference,OD_full_pwr,nozzle,byp_nozz,Throat:stat:V,OD_full_pwr.byp_nozz.Throat:stat:V,1024.9146596913922,ft/s,312.3939882739364,m/s
reference,OD_full_pwr,nozzle,byp_nozz,Fl_O:stat:MN,OD_full_pwr.byp_nozz.Fl_O:stat:MN,1.0,,1.0,
reference,OD_full_pwr,nozzle,byp_nozz,Fl_O:stat:V,OD_full_pwr.byp_nozz.Fl_O:stat:V,1024.9146596913922,ft/s,312.3939882739364,m/s
reference,OD_full_pwr,duct,duct4,dPqP,duct4.dPqP,0.0048,,0.0048,
reference,OD_full_pwr,duct,duct6,dPqP,duct6.dPqP,0.0101,,0.0101,
reference,OD_full_pwr,duct,duct11,dPqP,duct11.dPqP,0.0051,,0.0051,
reference,OD_full_pwr,duct,duct13,dPqP,duct13.dPqP,0.0107,,0.0107,
reference,OD_full_pwr,duct,duct15,dPqP,duct15.dPqP,0.0149,,0.0149,
reference,OD_full_pwr,inlet,inlet,ram_recovery,inlet.ram_recovery,0.999,,0.999,
reference,OD_full_pwr,inlet,inlet,F_ram,OD_full_pwr.inlet.F_ram,8332.224464933019,lbf,37063.58100760799,N
reference,OD_full_pwr,splitter,splitter,BPR,OD_full_pwr.splitter.BPR,5.105000000000123,,5.105000000000123,
reference,OD_full_pwr,shaft,lp_shaft,Nmech,OD_full_pwr.lp_shaft.Nmech,4666.099999999815,rpm,4666.099999999815,rpm
reference,OD_full_pwr,shaft,lp_shaft,trq_in,OD_full_pwr.lp_shaft.trq_in,13043.851656815394,ft*lbf,17685.08821052573,N*m
reference,OD_full_pwr,shaft,lp_shaft,trq_out,OD_full_pwr.lp_shaft.trq_out,-13043.851656815381,ft*lbf,-17685.08821052571,N*m
reference,OD_full_pwr,shaft,lp_shaft,trq_net,OD_full_pwr.lp_shaft.trq_net,1.2732925824820995e-11,ft*lbf,1.7263529386458687e-11,N*m
reference,OD_full_pwr,shaft,lp_shaft,pwr_in,OD_full_pwr.lp_shaft.pwr_in,11588.462548634101,hp,8641516.52251645,W
reference,OD_full_pwr,shaft,lp_shaft,pwr_out,OD_full_pwr.lp_shaft.pwr_out,-11588.46254863409,hp,-8641516.522516442,W
reference,OD_full_pwr,shaft,lp_shaft,pwr_net,OD_full_pwr.lp_shaft.pwr_net,1.1312228775491845e-11,hp,8.43552899788427e-09,W
reference,OD_full_pwr,shaft,hp_shaft,Nmech,OD_full_pwr.hp_shaft.Nmech,14705.699999999937,rpm,14705.699999999937,rpm
reference,OD_full_pwr,shaft,hp_shaft,trq_in,OD_full_pwr.hp_shaft.trq_in,4315.700355351757,ft*lbf,5851.304007640574,N*m
reference,OD_full_pwr,shaft,hp_shaft,trq_out,OD_full_pwr.hp_shaft.trq_out,-4226.4133251180265,ft*lbf,-5730.24704936749,N*m
reference,OD_full_pwr,shaft,hp_shaft,trq_net,OD_full_pwr.hp_shaft.trq_net,1.9753088054130785e-12,ft*lbf,2.67815913472964e-12,N*m
reference,OD_full_pwr,shaft,hp_shaft,pwr_in,OD_full_pwr.hp_shaft.pwr_in,12083.78289672771,hp,9010876.906089853,W
reference,OD_full_pwr,shaft,hp_shaft,pwr_out,OD_full_pwr.hp_shaft.pwr_out,-11833.782896727706,hp,-8824451.90608985,W
reference,OD_full_pwr,shaft,hp_shaft,pwr_net,OD_full_pwr.hp_shaft.pwr_net,5.53078313905802e-12,hp,4.124304986795566e-09,W
reference,OD_full_pwr,shaft_offtake,hp_shaft,HPX,OD_full_pwr.hp_shaft.HPX,250.0,hp,186425.0,W
reference,OD_full_pwr,flight_conditions,fc,alt,OD_full_pwr.fc.alt,35000.0,ft,10668.0,m
reference,OD_full_pwr,flight_conditions,fc,MN,OD_full_pwr.fc.MN,0.8,,0.8,
reference,OD_full_pwr,flight_conditions,fc,dTs,OD_full_pwr.fc.dTs,0.0,degR,0.0,degK
reference,OD_full_pwr,flight_conditions,fc,W,OD_full_pwr.fc.W,156.17327571828835,kg/s,156.17327571828835,kg/s
reference,OD_full_pwr,flight_conditions,fc,Fl_O:stat:P,OD_full_pwr.fc.Fl_O:stat:P,3.458029996316344,lbf/inch**2,23842.277562500592,Pa
reference,OD_full_pwr,flight_conditions,fc,Fl_O:stat:T,OD_full_pwr.fc.Fl_O:stat:T,393.8539999999999,degR,218.80777777777774,degK
reference,OD_full_pwr,performance,perf,Fn,OD_full_pwr.perf.Fn,5899.999999774582,lbf,26244.50755699729,N
reference,OD_full_pwr,performance,perf,Fg,OD_full_pwr.perf.Fg,14232.2244647076,lbf,63308.08856460528,N
reference,OD_full_pwr,performance,perf,TSFC,OD_full_pwr.perf.TSFC,0.6307199789951589,lbm/h/lbf,17.865427437366428,g/(kN*s)
reference,OD_full_pwr,performance,perf,OPR,OD_full_pwr.perf.OPR,30.093715097381786,,30.093715097381786,
reference,OD_full_pwr,performance,perf,Wfuel,OD_full_pwr.perf.Wfuel,1.0336799655359235,lbm/s,0.46886934538895786,kg/s
reference,OD_full_pwr,performance,perf,ram_drag,OD_full_pwr.perf.ram_drag,8332.224464933019,lbf,37063.58100760799,N
reference,OD_full_pwr,balance,balance,FAR,OD_full_pwr.balance.FAR,0.024919893993949057,,0.024919893993949057,
reference,OD_full_pwr,balance,balance,W,OD_full_pwr.balance.W,344.3031365767646,lbm/s,156.17327571828835,kg/s
reference,OD_full_pwr,balance,balance,BPR,OD_full_pwr.balance.BPR,5.105000000000123,,5.105000000000123,
reference,OD_full_pwr,balance,balance,lp_Nmech,OD_full_pwr.balance.lp_Nmech,4666.099999999815,rpm,4666.099999999815,rpm
reference,OD_full_pwr,balance,balance,hp_Nmech,OD_full_pwr.balance.hp_Nmech,14705.699999999937,rpm,14705.699999999937,rpm
reference,OD_full_pwr,spool,OD_full_pwr,LP_Nmech,OD_full_pwr.LP_Nmech,4666.099999999815,rpm,4666.099999999815,rpm
reference,OD_full_pwr,spool,OD_full_pwr,HP_Nmech,OD_full_pwr.HP_Nmech,14705.699999999937,rpm,14705.699999999937,rpm
reference,OD_full_pwr,target,OD_full_pwr,T4_MAX,OD_full_pwr.T4_MAX,2857.0,degR,1587.2222222222224,degK
reference,OD_part_pwr,station,fc.Fl_O,stat:W,OD_part_pwr.fc.Fl_O:stat:W,324.6331105780066,lbm/s,147.2511020075501,kg/s
reference,OD_part_pwr,station,fc.Fl_O,tot:P,OD_part_pwr.fc.Fl_O:tot:P,5.27265258227179,lbf/inch**2,36353.65988469559,Pa
reference,OD_part_pwr,station,fc.Fl_O,tot:T,OD_part_pwr.fc.Fl_O:tot:T,444.4044020643807,degR,246.8913344802115,degK
reference,OD_part_pwr,station,fc.Fl_O,tot:h,OD_part_pwr.fc.Fl_O:tot:h,-23.983047036844145,Btu/lbm,-55784.567407699484,J/kg
reference,OD_part_pwr,station,fc.Fl_O,tot:S,OD_part_pwr.fc.Fl_O:tot:S,1.6645248705986988,Btu/lbm/degR,6969.032728222633,J/(kg*degK)
reference,OD_part_pwr,station,fc.Fl_O,stat:P,OD_part_pwr.fc.Fl_O:stat:P,3.458029996316353,lbf/inch**2,23842.277562500658,Pa
reference,OD_part_pwr,station,fc.Fl_O,stat:T,OD_part_pwr.fc.Fl_O:stat:T,393.854,degR,218.80777777777777,degK
reference,OD_part_pwr,station,fc.Fl_O,stat:MN,OD_part_pwr.fc.Fl_O:stat:MN,0.8,,0.8,
reference,OD_part_pwr,station,fc.Fl_O,stat:V,OD_part_pwr.fc.Fl_O:stat:V,778.6190756208375,ft/s,237.32309424923127,m/s
reference,OD_part_pwr,station,fc.Fl_O,stat:area,OD_part_pwr.fc.Fl_O:stat:area,2533.5176500145567,inch**2,1.6345242470833914,m**2
reference,OD_part_pwr,station,inlet.Fl_O,stat:W,OD_part_pwr.inlet.Fl_O:stat:W,324.6331105780066,lbm/s,147.2511020075501,kg/s
reference,OD_part_pwr,station,inlet.Fl_O,tot:P,OD_part_pwr.inlet.Fl_O:tot:P,5.267379929689518,lbf/inch**2,36317.30622481089,Pa
reference,OD_part_pwr,station,inlet.Fl_O,tot:T,OD_part_pwr.inlet.Fl_O:tot:T,444.4044020643807,degR,246.8913344802115,degK
reference,OD_part_pwr,station,inlet.Fl_O,tot:h,OD_part_pwr.inlet.Fl_O:tot:h,-23.983047036844145,Btu/lbm,-55784.567407699484,J/kg
reference,OD_part_pwr,station,inlet.Fl_O,tot:S,OD_part_pwr.inlet.Fl_O:tot:S,1.6645934656529084,Btu/lbm/degR,6969.319921995598,J/(kg*degK)
reference,OD_part_pwr,station,inlet.Fl_O,stat:P,OD_part_pwr.inlet.Fl_O:stat:P,3.9300992353593536,lbf/inch**2,27097.080394740755,Pa
reference,OD_part_pwr,station,inlet.Fl_O,stat:T,OD_part_pwr.inlet.Fl_O:stat:T,408.6682858265086,degR,227.03793657028257,degK
reference,OD_part_pwr,station,inlet.Fl_O,stat:MN,OD_part_pwr.inlet.Fl_O:stat:MN,0.6603684670562543,,0.6603684670562543,
reference,OD_part_pwr,station,inlet.Fl_O,stat:V,OD_part_pwr.inlet.Fl_O:stat:V,654.6819356948887,ft/s,199.54705399980207,m/s
reference,OD_part_pwr,station,inlet.Fl_O,stat:area,OD_part_pwr.inlet.Fl_O:stat:area,2750.929946916696,inch**2,1.7747899645527754,m**2
reference,OD_part_pwr,station,fan.Fl_O,stat:W,OD_part_pwr.fan.Fl_O:stat:W,324.6331105780066,lbm/s,147.2511020075501,kg/s
reference,OD_part_pwr,station,fan.Fl_O,tot:P,OD_part_pwr.fan.Fl_O:tot:P,8.40504624935472,lbf/inch**2,57950.75398890133,Pa
reference,OD_part_pwr,station,fan.Fl_O,tot:T,OD_part_pwr.fan.Fl_O:tot:T,513.3363036466754,degR,285.18683535926414,degK
reference,OD_part_pwr,station,fan.Fl_O,tot:h,OD_part_pwr.fan.Fl_O:tot:h,-7.460964989258134,Btu/lbm,-17354.20456501442,J/kg
reference,OD_part_pwr,station,fan.Fl_O,tot:S,OD_part_pwr.fan.Fl_O:tot:S,1.6671165788598732,Btu/lbm/degR,6979.883692370518,J/(kg*degK)
reference,OD_part_pwr,station,fan.Fl_O,stat:P,OD_part_pwr.fan.Fl_O:stat:P,7.3192190030666575,lbf/inch**2,50464.23865545904,Pa
reference,OD_part_pwr,station,fan.Fl_O,stat:T,OD_part_pwr.fan.Fl_O:stat:T,493.42941365587683,degR,274.1274520310427,degK
reference,OD_part_pwr,station,fan.Fl_O,stat:MN,OD_part_pwr.fan.Fl_O:stat:MN,0.44889050385778856,,0.44889050385778856,
reference,OD_part_pwr,station,fan.Fl_O,stat:V,OD_part_pwr.fan.Fl_O:stat:V,488.89987173015373,ft/s,149.01668090335087,m/s
reference,OD_part_pwr,station,fan.Fl_O,stat:area,OD_part_pwr.fan.Fl_O:stat:area,2388.2667828171093,inch**2,1.5408141976022862,m**2
reference,OD_part_pwr,station,splitter.Fl_O1,stat:W,OD_part_pwr.splitter.Fl_O1:stat:W,49.07660674136615,lbm/s,22.26077436337425,kg/s
reference,OD_part_pwr,station,splitter.Fl_O1,tot:P,OD_part_pwr.splitter.Fl_O1:tot:P,8.40504624935472,lbf/inch**2,57950.75398890133,Pa
reference,OD_part_pwr,station,splitter.Fl_O1,tot:T,OD_part_pwr.splitter.Fl_O1:tot:T,513.3363036466754,degR,285.18683535926414,degK
reference,OD_part_pwr,station,splitter.Fl_O1,tot:h,OD_part_pwr.splitter.Fl_O1:tot:h,-7.460964989258155,Btu/lbm,-17354.20456501447,J/kg
reference,OD_part_pwr,station,splitter.Fl_O1,tot:S,OD_part_pwr.splitter.Fl_O1:tot:S,1.6671165788598732,Btu/lbm/degR,6979.883692370518,J/(kg*degK)
reference,OD_part_pwr,station,splitter.Fl_O1,stat:P,OD_part_pwr.splitter.Fl_O1:stat:P,7.962056763315637,lbf/inch**2,54896.448995982144,Pa
reference,OD_part_pwr,station,splitter.Fl_O1,stat:T,OD_part_pwr.splitter.Fl_O1:stat:T,505.4513613706313,degR,280.80631187257296,degK
reference,OD_part_pwr,station,splitter.Fl_O1,stat:MN,OD_part_pwr.splitter.Fl_O1:stat:MN,0.27916284026372645,,0.27916284026372645,
reference,OD_part_pwr,station,splitter.Fl_O1,stat:V,OD_part_pwr.splitter.Fl_O1:stat:V,307.7117401791053,ft/s,93.7905384065913,m/s
reference,OD_part_pwr,station,splitter.Fl_O1,stat:area,OD_part_pwr.splitter.Fl_O1:stat:area,540.1746735086338,inch**2,0.34849909236083015,m**2
reference,OD_part_pwr,station,splitter.Fl_O2,stat:W,OD_part_pwr.splitter.Fl_O2:stat:W,275.55650383664045,lbm/s,124.99032764417584,kg/s
reference,OD_part_pwr,station,splitter.Fl_O2,tot:P,OD_part_pwr.splitter.Fl_O2:tot:P,8.40504624935472,lbf/inch**2,57950.75398890133,Pa
reference,OD_part_pwr,station,splitter.Fl_O2,tot:T,OD_part_pwr.splitter.Fl_O2:tot:T,513.3363036466754,degR,285.18683535926414,degK
reference,OD_part_pwr,station,splitter.Fl_O2,tot:h,OD_part_pwr.splitter.Fl_O2:tot:h,-7.460964989258159,Btu/lbm,-17354.204565014476,J/kg
reference,OD_part_pwr,station,splitter.Fl_O2,tot:S,OD_part_pwr.splitter.Fl_O2:tot:S,1.6671165788598732,Btu/lbm/degR,6979.883692370518,J/(kg*degK)
reference,OD_part_pwr,station,splitter.Fl_O2,stat:P,OD_part_pwr.splitter.Fl_O2:stat:P,7.306361039306846,lbf/inch**2,50375.58611595633,Pa
reference,OD_part_pwr,station,splitter.Fl_O2,stat:T,OD_part_pwr.splitter.Fl_O2:stat:T,493.1813631786881,degR,273.9896462103823,degK
reference,OD_part_pwr,station,splitter.Fl_O2,stat:MN,OD_part_pwr.splitter.Fl_O2:stat:MN,0.4517911653994441,,0.4517911653994441,
reference,OD_part_pwr,station,splitter.Fl_O2,stat:V,OD_part_pwr.splitter.Fl_O2:stat:V,491.93581842851427,ft/s,149.94203745701117,m/s
reference,OD_part_pwr,station,splitter.Fl_O2,stat:area,OD_part_pwr.splitter.Fl_O2:stat:area,2017.2392268738479,inch**2,1.3014420596099316,m**2
reference,OD_part_pwr,station,duct4.Fl_O,stat:W,OD_part_pwr.duct4.Fl_O:stat:W,49.07660674136615,lbm/s,22.26077436337425,kg/s
reference,OD_part_pwr,station,duct4.Fl_O,tot:P,OD_part_pwr.duct4.Fl_O:tot:P,8.364702027357817,lbf/inch**2,57672.590369754595,Pa
reference,OD_part_pwr,station,duct4.Fl_O,tot:T,OD_part_pwr.duct4.Fl_O:tot:T,513.3363036466754,degR,285.18683535926414,degK
reference,OD_part_pwr,station,duct4.Fl_O,tot:h,OD_part_pwr.duct4.Fl_O:tot:h,-7.460964989258155,Btu/lbm,-17354.20456501447,J/kg
reference,OD_part_pwr,station,duct4.Fl_O,tot:S,OD_part_pwr.duct4.Fl_O:tot:S,1.6674464628209054,Btu/lbm/degR,6981.264850538567,J/(kg*degK)
reference,OD_part_pwr,station,duct4.Fl_O,stat:P,OD_part_pwr.duct4.Fl_O:stat:P,7.919275356512654,lbf/inch**2,54601.481579101,Pa
reference,OD_part_pwr,station,duct4.Fl_O,stat:T,OD_part_pwr.duct4.Fl_O:stat:T,505.3681147553303,degR,280.7600637529613,degK
reference,OD_part_pwr,station,duct4.Fl_O,stat:MN,OD_part_pwr.duct4.Fl_O:stat:MN,0.28065551983467446,,0.28065551983467446,
reference,OD_part_pwr,station,duct4.Fl_O,stat:V,OD_part_pwr.duct4.Fl_O:stat:V,309.3316990864375,ft/s,94.28430188154616,m/s
reference,OD_part_pwr,station,duct4.Fl_O,stat:area,OD_part_pwr.duct4.Fl_O:stat:area,540.1596631747946,inch**2,0.34848940829385044,m**2
reference,OD_part_pwr,station,lpc.Fl_O,stat:W,OD_part_pwr.lpc.Fl_O:stat:W,49.07660674136615,lbm/s,22.26077436337425,kg/s
reference,OD_part_pwr,station,lpc.Fl_O,tot:P,OD_part_pwr.lpc.Fl_O:tot:P,15.095072597065267,lbf/inch**2,104076.86199041366,Pa
reference,OD_part_pwr,station,lpc.Fl_O,tot:T,OD_part_pwr.lpc.Fl_O:tot:T,614.3587009676235,degR,341.3103894264575,degK
reference,OD_part_pwr,station,lpc.Fl_O,tot:h,OD_part_pwr.lpc.Fl_O:tot:h,16.80321639021204,Btu/lbm,39084.2813236332,J/kg
reference,OD_part_pwr,station,lpc.Fl_O,tot:S,OD_part_pwr.lpc.Fl_O:tot:S,1.670118592502845,Btu/lbm/degR,6992.452523090912,J/(kg*degK)
reference,OD_part_pwr,station,lpc.Fl_O,stat:P,OD_part_pwr.lpc.Fl_O:stat:P,14.219695854729748,lbf/inch**2,98041.35180549514,Pa
reference,OD_part_pwr,station,lpc.Fl_O,stat:T,OD_part_pwr.lpc.Fl_O:stat:T,603.9874210366652,degR,335.5485672425918,degK
reference,OD_part_pwr,station,lpc.Fl_O,stat:MN,OD_part_pwr.lpc.Fl_O:stat:MN,0.29352142390043245,,0.29352142390043245,
reference,OD_part_pwr,station,lpc.Fl_O,stat:V,OD_part_pwr.lpc.Fl_O:stat:V,353.46119566243635,ft/s,107.7349724379106,m/s
reference,OD_part_pwr,station,lpc.Fl_O,stat:area,OD_part_pwr.lpc.Fl_O:stat:area,314.644415124302,inch**2,0.20299599086159467,m**2
reference,OD_part_pwr,station,duct6.Fl_O,stat:W,OD_part_pwr.duct6.Fl_O:stat:W,49.07660674136615,lbm/s,22.26077436337425,kg/s
reference,OD_part_pwr,station,duct6.Fl_O,tot:P,OD_part_pwr.duct6.Fl_O:tot:P,14.942612363834908,lbf/inch**2,103025.68568431048,Pa
reference,OD_part_pwr,station,duct6.Fl_O,tot:T,OD_part_pwr.duct6.Fl_O:tot:T,614.3587009676235,degR,341.3103894264575,degK
reference,OD_part_pwr,station,duct6.Fl_O,tot:h,OD_part_pwr.duct6.Fl_O:tot:h,16.80321639021204,Btu/lbm,39084.2813236332,J/kg
reference,OD_part_pwr,station,duct6.Fl_O,tot:S,OD_part_pwr.duct6.Fl_O:tot:S,1.6708145767545615,Btu/lbm/degR,6995.366469955999,J/(kg*degK)
reference,OD_part_pwr,station,duct6.Fl_O,stat:P,OD_part_pwr.duct6.Fl_O:stat:P,13.786468564443526,lbf/inch**2,95054.35478301205,Pa
reference,OD_part_pwr,station,duct6.Fl_O,stat:T,OD_part_pwr.duct6.Fl_O:stat:T,600.4184896211564,degR,333.5658275673091,degK
reference,OD_part_pwr,station,duct6.Fl_O,stat:MN,OD_part_pwr.duct6.Fl_O:stat:MN,0.3412844312461999,,0.3412844312461999,
reference,OD_part_pwr,station,duct6.Fl_O,stat:V,OD_part_pwr.duct6.Fl_O:stat:V,409.7736845516339,ft/s,124.89901905133802,m/s
reference,OD_part_pwr,station,duct6.Fl_O,stat:area,OD_part_pwr.duct6.Fl_O:stat:area,278.27945312973793,inch**2,0.17953477198118173,m**2
reference,OD_part_pwr,station,hpc.Fl_O,stat:W,OD_part_pwr.hpc.Fl_O:stat:W,43.409142041659706,lbm/s,19.690055618343067,kg/s
reference,OD_part_pwr,station,hpc.Fl_O,tot:P,OD_part_pwr.hpc.Fl_O:tot:P,132.80756090700254,lbf/inch**2,915675.9001270933,Pa
reference,OD_part_pwr,station,hpc.Fl_O,tot:T,OD_part_pwr.hpc.Fl_O:tot:T,1205.0069596712437,degR,669.4483109284688,degK
reference,OD_part_pwr,station,hpc.Fl_O,tot:h,OD_part_pwr.hpc.Fl_O:tot:h,162.51905121326584,Btu/lbm,378019.31312205637,J/kg
reference,OD_part_pwr,station,hpc.Fl_O,tot:S,OD_part_pwr.hpc.Fl_O:tot:S,1.6866853906867898,Btu/lbm/degR,7061.814393727452,J/(kg*degK)
reference,OD_part_pwr,station,hpc.Fl_O,stat:P,OD_part_pwr.hpc.Fl_O:stat:P,127.44131652262188,lbf/inch**2,878676.9474815392,Pa
reference,OD_part_pwr,station,hpc.Fl_O,stat:T,OD_part_pwr.hpc.Fl_O:stat:T,1191.705497224405,degR,662.058609569114,degK
reference,OD_part_pwr,station,hpc.Fl_O,stat:MN,OD_part_pwr.hpc.Fl_O:stat:MN,0.24618720748980366,,0.24618720748980366,
reference,OD_part_pwr,station,hpc.Fl_O,stat:V,OD_part_pwr.hpc.Fl_O:stat:V,411.9269878701131,ft/s,125.55534590281049,m/s
reference,OD_part_pwr,station,hpc.Fl_O,stat:area,OD_part_pwr.hpc.Fl_O:stat:area,52.57377557147148,inch**2,0.03391849704769054,m**2
reference,OD_part_pwr,station,bld3.Fl_O,stat:W,OD_part_pwr.bld3.Fl_O:stat:W,36.0960038819013,lbm/s,16.37287194832081,kg/s
reference,OD_part_pwr,station,bld3.Fl_O,tot:P,OD_part_pwr.bld3.Fl_O:tot:P,132.80756090700254,lbf/inch**2,915675.9001270933,Pa
reference,OD_part_pwr,station,bld3.Fl_O,tot:T,OD_part_pwr.bld3.Fl_O:tot:T,1205.0069596712437,degR,669.4483109284688,degK
reference,OD_part_pwr,station,bld3.Fl_O,tot:h,OD_part_pwr.bld3.Fl_O:tot:h,162.5190512132659,Btu/lbm,378019.3131220565,J/kg
reference,OD_part_pwr,station,bld3.Fl_O,tot:S,OD_part_pwr.bld3.Fl_O:tot:S,1.6866853906867898,Btu/lbm/degR,7061.814393727452,J/(kg*degK)
reference,OD_part_pwr,station,bld3.Fl_O,stat:P,OD_part_pwr.bld3.Fl_O:stat:P,124.80658852979357,lbf/inch**2,860511.1374181161,Pa
reference,OD_part_pwr,station,bld3.Fl_O,stat:T,OD_part_pwr.bld3.Fl_O:stat:T,1185.0160232551666,degR,658.3422351417593,degK
reference,OD_part_pwr,station,bld3.Fl_O,stat:MN,OD_part_pwr.bld3.Fl_O:stat:MN,0.3025491094841482,,0.3025491094841482,
reference,OD_part_pwr,station,bld3.Fl_O,stat:V,OD_part_pwr.bld3.Fl_O:stat:V,504.88877693227386,ft/s,153.89009920895708,m/s
reference,OD_part_pwr,station,bld3.Fl_O,stat:area,OD_part_pwr.bld3.Fl_O:stat:area,36.215929950504446,inch**2,0.02336506936686745,m**2
reference,OD_part_pwr,station,burner.Fl_O,stat:W,OD_part_pwr.burner.Fl_O:stat:W,36.90735758619083,lbm/s,16.740895797957776,kg/s
reference,OD_part_pwr,station,burner.Fl_O,tot:P,OD_part_pwr.burner.Fl_O:tot:P,125.63595261802439,lbf/inch**2,866229.4015202302,Pa
reference,OD_part_pwr,station,burner.Fl_O,tot:T,OD_part_pwr.burner.Fl_O:tot:T,2661.04544165754,degR,1478.3585786986334,degK
reference,OD_part_pwr,station,burner.Fl_O,tot:h,OD_part_pwr.burner.Fl_O:tot:h,158.9463100894516,Btu/lbm,369709.1172680644,J/kg
reference,OD_part_pwr,station,burner.Fl_O,tot:S,OD_part_pwr.burner.Fl_O:tot:S,1.9347518438417133,Btu/lbm/degR,8100.419019796485,J/(kg*degK)
reference,OD_part_pwr,station,burner.Fl_O,stat:P,OD_part_pwr.burner.Fl_O:stat:P,124.79233209924016,lbf/inch**2,860412.8427894787,Pa
reference,OD_part_pwr,station,burner.Fl_O,stat:T,OD_part_pwr.burner.Fl_O:stat:T,2657.0121171933015,degR,1476.1178428851676,degK
reference,OD_part_pwr,station,burner.Fl_O,stat:MN,OD_part_pwr.burner.Fl_O:stat:MN,0.10221823523976646,,0.10221823523976646,
reference,OD_part_pwr,station,burner.Fl_O,stat:V,OD_part_pwr.burner.Fl_O:stat:V,247.98645941709643,ft/s,75.586272830331,m/s
reference,OD_part_pwr,station,burner.Fl_O,stat:area,OD_part_pwr.burner.Fl_O:stat:area,169.04116794572812,inch**2,0.10905859991186595,m**2
reference,OD_part_pwr,station,hpt.Fl_O,stat:W,OD_part_pwr.hpt.Fl_O:stat:W,44.220495745949236,lbm/s,20.058079467980033,kg/s
reference,OD_part_pwr,station,hpt.Fl_O,tot:P,OD_part_pwr.hpt.Fl_O:tot:P,34.57208157590379,lbf/inch**2,238366.11183944897,Pa
reference,OD_part_pwr,station,hpt.Fl_O,tot:T,OD_part_pwr.hpt.Fl_O:tot:T,1902.3900987277932,degR,1056.8833881821074,degK
reference,OD_part_pwr,station,hpt.Fl_O,tot:h,OD_part_pwr.hpt.Fl_O:tot:h,3.161354206526118,Btu/lbm,7353.309884379751,J/kg
reference,OD_part_pwr,station,hpt.Fl_O,tot:S,OD_part_pwr.hpt.Fl_O:tot:S,1.9212932418880033,Btu/lbm/degR,8044.070545136693,J/(kg*degK)
reference,OD_part_pwr,station,hpt.Fl_O,stat:P,OD_part_pwr.hpt.Fl_O:stat:P,31.685881661786777,lbf/inch**2,218466.4639108461,Pa
reference,OD_part_pwr,station,hpt.Fl_O,stat:T,OD_part_pwr.hpt.Fl_O:stat:T,1862.690669901855,degR,1034.8281499454752,degK
reference,OD_part_pwr,station,hpt.Fl_O,stat:MN,OD_part_pwr.hpt.Fl_O:stat:MN,0.3653694441600189,,0.3653694441600189,
reference,OD_part_pwr,station,hpt.Fl_O,stat:V,OD_part_pwr.hpt.Fl_O:stat:V,750.5588429978345,ft/s,228.77033534573997,m/s
reference,OD_part_pwr,station,hpt.Fl_O,stat:area,OD_part_pwr.hpt.Fl_O:stat:area,184.76648649093335,inch**2,0.11920394642449056,m**2
reference,OD_part_pwr,station,duct11.Fl_O,stat:W,OD_part_pwr.duct11.Fl_O:stat:W,44.220495745949236,lbm/s,20.058079467980033,kg/s
reference,OD_part_pwr,station,duct11.Fl_O,tot:P,OD_part_pwr.duct11.Fl_O:tot:P,34.39576395986668,lbf/inch**2,237150.4446690678,Pa
reference,OD_part_pwr,station,duct11.Fl_O,tot:T,OD_part_pwr.duct11.Fl_O:tot:T,1902.3901072475917,degR,1056.8833929153288,degK
reference,OD_part_pwr,station,duct11.Fl_O,tot:h,OD_part_pwr.duct11.Fl_O:tot:h,3.161354206526118,Btu/lbm,7353.309884379751,J/kg
reference,OD_part_pwr,station,duct11.Fl_O,tot:S,OD_part_pwr.duct11.Fl_O:tot:S,1.9216437638560508,Btu/lbm/degR,8045.538110512514,J/(kg*degK)
reference,OD_part_pwr,station,duct11.Fl_O,stat:P,OD_part_pwr.duct11.Fl_O:stat:P,32.342669517129,lbf/inch**2,222994.85677135625,Pa
reference,OD_part_pwr,station,duct11.Fl_O,stat:T,OD_part_pwr.duct11.Fl_O:stat:T,1874.2914888590083,degR,1041.2730493661159,degK
reference,OD_part_pwr,station,duct11.Fl_O,stat:MN,OD_part_pwr.duct11.Fl_O:stat:MN,0.3065764562089864,,0.3065764562089864,
reference,OD_part_pwr,station,duct11.Fl_O,stat:V,OD_part_pwr.duct11.Fl_O:stat:V,631.6251854257703,ft/s,192.51935651777478,m/s
reference,OD_part_pwr,station,duct11.Fl_O,stat:area,OD_part_pwr.duct11.Fl_O:stat:area,216.4386520649824,inch**2,0.13963756076624403,m**2
reference,OD_part_pwr,station,lpt.Fl_O,stat:W,OD_part_pwr.lpt.Fl_O:stat:W,47.70405144566489,lbm/s,21.638193753841065,kg/s
reference,OD_part_pwr,station,lpt.Fl_O,tot:P,OD_part_pwr.lpt.Fl_O:tot:P,7.877673361548113,lbf/inch**2,54314.64592060325,Pa
reference,OD_part_pwr,station,lpt.Fl_O,tot:T,OD_part_pwr.lpt.Fl_O:tot:T,1333.8263911452445,degR,741.0146617473581,degK
reference,OD_part_pwr,station,lpt.Fl_O,tot:h,OD_part_pwr.lpt.Fl_O:tot:h,-127.91958307368725,Btu/lbm,-297540.9502293965,J/kg
reference,OD_part_pwr,station,lpt.Fl_O,tot:S,OD_part_pwr.lpt.Fl_O:tot:S,1.9241395393211382,Btu/lbm/degR,8055.987423229742,J/(kg*degK)
reference,OD_part_pwr,station,lpt.Fl_O,stat:P,OD_part_pwr.lpt.Fl_O:stat:P,7.03496044301714,lbf/inch**2,48504.34487332386,Pa
reference,OD_part_pwr,station,lpt.Fl_O,stat:T,OD_part_pwr.lpt.Fl_O:stat:T,1295.3455768138722,degR,719.6364315632624,degK
reference,OD_part_pwr,station,lpt.Fl_O,stat:MN,OD_part_pwr.lpt.Fl_O:stat:MN,0.4123936957823933,,0.4123936957823933,
reference,OD_part_pwr,station,lpt.Fl_O,stat:V,OD_part_pwr.lpt.Fl_O:stat:V,714.5209296126327,ft/s,217.78597934593046,m/s
reference,OD_part_pwr,station,lpt.Fl_O,stat:area,OD_part_pwr.lpt.Fl_O:stat:area,655.8084163896588,inch**2,0.4231013579179522,m**2
reference,OD_part_pwr,station,duct13.Fl_O,stat:W,OD_part_pwr.duct13.Fl_O:stat:W,47.70405144566489,lbm/s,21.638193753841065,kg/s
reference,OD_part_pwr,station,duct13.Fl_O,tot:P,OD_part_pwr.duct13.Fl_O:tot:P,7.793382256579548,lbf/inch**2,53733.4792092528,Pa
reference,OD_part_pwr,station,duct13.Fl_O,tot:T,OD_part_pwr.duct13.Fl_O:tot:T,1333.8263933395162,degR,741.014662966398,degK
reference,OD_part_pwr,station,duct13.Fl_O,tot:h,OD_part_pwr.duct13.Fl_O:tot:h,-127.91958307368725,Btu/lbm,-297540.9502293965,J/kg
reference,OD_part_pwr,station,duct13.Fl_O,tot:S,OD_part_pwr.duct13.Fl_O:tot:S,1.9248770295466036,Btu/lbm/degR,8059.07514730572,J/(kg*degK)
reference,OD_part_pwr,station,duct13.Fl_O,stat:P,OD_part_pwr.duct13.Fl_O:stat:P,6.82944107597946,lbf/inch**2,47087.338717043676,Pa
reference,OD_part_pwr,station,duct13.Fl_O,stat:T,OD_part_pwr.duct13.Fl_O:stat:T,1289.010857392252,degR,716.1171429956956,degK
reference,OD_part_pwr,station,duct13.Fl_O,stat:MN,OD_part_pwr.duct13.Fl_O:stat:MN,0.4459800327565391,,0.4459800327565391,
reference,OD_part_pwr,station,duct13.Fl_O,stat:V,OD_part_pwr.duct13.Fl_O:stat:V,770.9338769817081,ft/s,234.98064570402462,m/s
reference,OD_part_pwr,station,duct13.Fl_O,stat:area,OD_part_pwr.duct13.Fl_O:stat:area,623.0490502736408,inch**2,0.40196632527454207,m**2
reference,OD_part_pwr,station,core_nozz.Fl_O,stat:W,OD_part_pwr.core_nozz.Fl_O:stat:W,47.70405144566489,lbm/s,21.638193753841065,kg/s
reference,OD_part_pwr,station,core_nozz.Fl_O,tot:P,OD_part_pwr.core_nozz.Fl_O:tot:P,7.793382256579548,lbf/inch**2,53733.4792092528,Pa
reference,OD_part_pwr,station,core_nozz.Fl_O,tot:T,OD_part_pwr.core_nozz.Fl_O:tot:T,1333.8263933395165,degR,741.0146629663981,degK
reference,OD_part_pwr,station,core_nozz.Fl_O,tot:h,OD_part_pwr.core_nozz.Fl_O:tot:h,-127.91958307368725,Btu/lbm,-297540.9502293965,J/kg
reference,OD_part_pwr,station,core_nozz.Fl_O,tot:S,OD_part_pwr.core_nozz.Fl_O:tot:S,1.924877029546604,Btu/lbm/degR,8059.075147305722,J/(kg*degK)
reference,OD_part_pwr,station,core_nozz.Fl_O,stat:P,OD_part_pwr.core_nozz.Fl_O:stat:P,4.167736181615501,lbf/inch**2,28735.529464812324,Pa
reference,OD_part_pwr,station,core_nozz.Fl_O,stat:T,OD_part_pwr.core_nozz.Fl_O:stat:T,1132.3519218344832,degR,629.0844010191573,degK
reference,OD_part_pwr,station,core_nozz.Fl_O,stat:MN,OD_part_pwr.core_nozz.Fl_O:stat:MN,1.0,,1.0,
reference,OD_part_pwr,station,core_nozz.Fl_O,stat:V,OD_part_pwr.core_nozz.Fl_O:stat:V,1626.1822661235117,ft/s,495.6603547144464,m/s
reference,OD_part_pwr,station,core_nozz.Fl_O,stat:area,OD_part_pwr.core_nozz.Fl_O:stat:area,425.18698241320703,inch**2,0.27431363357370464,m**2
reference,OD_part_pwr,station,byp_bld.Fl_O,stat:W,OD_part_pwr.byp_bld.Fl_O:stat:W,274.17872131745725,lbm/s,124.36537600595496,kg/s
reference,OD_part_pwr,station,byp_bld.Fl_O,tot:P,OD_part_pwr.byp_bld.Fl_O:tot:P,8.40504624935472,lbf/inch**2,57950.75398890133,Pa
reference,OD_part_pwr,station,byp_bld.Fl_O,tot:T,OD_part_pwr.byp_bld.Fl_O:tot:T,513.3363036466754,degR,285.18683535926414,degK
reference,OD_part_pwr,station,byp_bld.Fl_O,tot:h,OD_part_pwr.byp_bld.Fl_O:tot:h,-7.460964989258157,Btu/lbm,-17354.204565014472,J/kg
reference,OD_part_pwr,station,byp_bld.Fl_O,tot:S,OD_part_pwr.byp_bld.Fl_O:tot:S,1.6671165788598732,Btu/lbm/degR,6979.883692370518,J/(kg*degK)
reference,OD_part_pwr,station,byp_bld.Fl_O,stat:P,OD_part_pwr.byp_bld.Fl_O:stat:P,7.319216038210691,lbf/inch**2,50464.21821349672,Pa
reference,OD_part_pwr,station,byp_bld.Fl_O,stat:T,OD_part_pwr.byp_bld.Fl_O:stat:T,493.4293564951208,degR,274.12742027506715,degK
reference,OD_part_pwr,station,byp_bld.Fl_O,stat:MN,OD_part_pwr.byp_bld.Fl_O:stat:MN,0.44889117411093693,,0.44889117411093693,
reference,OD_part_pwr,station,byp_bld.Fl_O,stat:V,OD_part_pwr.byp_bld.Fl_O:stat:V,488.9005735070519,ft/s,149.01689480494943,m/s
reference,OD_part_pwr,station,byp_bld.Fl_O,stat:area,OD_part_pwr.byp_bld.Fl_O:stat:area,2017.0807006612895,inch**2,1.3013397848386374,m**2
reference,OD_part_pwr,station,duct15.Fl_O,stat:W,OD_part_pwr.duct15.Fl_O:stat:W,274.17872131745725,lbm/s,124.36537600595496,kg/s
reference,OD_part_pwr,station,duct15.Fl_O,tot:P,OD_part_pwr.duct15.Fl_O:tot:P,8.279811060239336,lbf/inch**2,57087.2877544667,Pa
reference,OD_part_pwr,station,duct15.Fl_O,tot:T,OD_part_pwr.duct15.Fl_O:tot:T,513.3363036466753,degR,285.1868353592641,degK
reference,OD_part_pwr,station,duct15.Fl_O,tot:h,OD_part_pwr.duct15.Fl_O:tot:h,-7.460964989258157,Btu/lbm,-17354.204565014472,J/kg
reference,OD_part_pwr,station,duct15.Fl_O,tot:S,OD_part_pwr.duct15.Fl_O:tot:S,1.668145821088885,Btu/lbm/degR,6984.192923734944,J/(kg*degK)
reference,OD_part_pwr,station,duct15.Fl_O,stat:P,OD_part_pwr.duct15.Fl_O:stat:P,7.166271026696738,lbf/inch**2,49409.6994787836,Pa
reference,OD_part_pwr,station,duct15.Fl_O,stat:T,OD_part_pwr.duct15.Fl_O:stat:T,492.56852873660523,degR,273.6491826314474,degK
reference,OD_part_pwr,station,duct15.Fl_O,stat:MN,OD_part_pwr.duct15.Fl_O:stat:MN,0.45889114732196307,,0.45889114732196307,
reference,OD_part_pwr,station,duct15.Fl_O,stat:V,OD_part_pwr.duct15.Fl_O:stat:V,499.35725484596776,ft/s,152.204091277051,m/s
reference,OD_part_pwr,station,duct15.Fl_O,stat:area,OD_part_pwr.duct15.Fl_O:stat:area,2013.4714240722872,inch**2,1.2990112239544767,m**2
reference,OD_part_pwr,station,byp_nozz.Fl_O,stat:W,OD_part_pwr.byp_nozz.Fl_O:stat:W,274.17872131745725,lbm/s,124.36537600595496,kg/s
reference,OD_part_pwr,station,byp_nozz.Fl_O,tot:P,OD_part_pwr.byp_nozz.Fl_O:tot:P,8.279811060239336,lbf/inch**2,57087.2877544667,Pa
reference,OD_part_pwr,station,byp_nozz.Fl_O,tot:T,OD_part_pwr.byp_nozz.Fl_O:tot:T,513.3363036466754,degR,285.18683535926414,degK
reference,OD_part_pwr,station,byp_nozz.Fl_O,tot:h,OD_part_pwr.byp_nozz.Fl_O:tot:h,-7.460964989258157,Btu/lbm,-17354.204565014472,J/kg
reference,OD_part_pwr,station,byp_nozz.Fl_O,tot:S,OD_part_pwr.byp_nozz.Fl_O:tot:S,1.668145821088885,Btu/lbm/degR,6984.192923734944,J/(kg*degK)
reference,OD_part_pwr,station,byp_nozz.Fl_O,stat:P,OD_part_pwr.byp_nozz.Fl_O:stat:P,4.37263641779807,lbf/inch**2,30148.266864109257,Pa
reference,OD_part_pwr,station,byp_nozz.Fl_O,stat:T,OD_part_pwr.byp_nozz.Fl_O:stat:T,427.63967353193163,degR,237.5775964066287,degK
reference,OD_part_pwr,station,byp_nozz.Fl_O,stat:MN,OD_part_pwr.byp_nozz.Fl_O:stat:MN,1.0,,1.0,
reference,OD_part_pwr,station,byp_nozz.Fl_O,stat:V,OD_part_pwr.byp_nozz.Fl_O:stat:V,1014.1064093725272,ft/s,309.0996335767463,m/s
reference,OD_part_pwr,station,byp_nozz.Fl_O,stat:area,OD_part_pwr.byp_nozz.Fl_O:stat:area,1410.6994502568587,inch**2,0.9101268573277149,m**2
reference,OD_part_pwr,bleed_flow,hpc.cool1,stat:W,OD_part_pwr.hpc.cool1:stat:W,2.4885765746411947,lbm/s,1.1287993464179815,kg/s
reference,OD_part_pwr,bleed_flow,hpc.cool1,tot:P,OD_part_pwr.hpc.cool1:tot:P,73.87508663541871,lbf/inch**2,509350.79290570185,Pa
reference,OD_part_pwr,bleed_flow,hpc.cool1,tot:T,OD_part_pwr.hpc.cool1:tot:T,914.1268400427931,degR,507.8482444682184,degK
reference,OD_part_pwr,bleed_flow,hpc.cool1,tot:h,OD_part_pwr.hpc.cool1:tot:h,89.66113380173894,Btu/lbm,208551.7972228448,J/kg
reference,OD_part_pwr,bleed_flow,hpc.cool2,stat:W,OD_part_pwr.hpc.cool2:stat:W,0.9949791250744573,lbm/s,0.4513149394430495,kg/s
reference,OD_part_pwr,bleed_flow,hpc.cool2,tot:P,OD_part_pwr.hpc.cool2:tot:P,79.76833406257711,lbf/inch**2,549983.303627841,Pa
reference,OD_part_pwr,bleed_flow,hpc.cool2,tot:T,OD_part_pwr.hpc.cool2:tot:T,914.1268338921133,degR,507.84824105117406,degK
reference,OD_part_pwr,bleed_flow,hpc.cool2,tot:h,OD_part_pwr.hpc.cool2:tot:h,89.66113380173894,Btu/lbm,208551.7972228448,J/kg
reference,OD_part_pwr,bleed_flow,hpc.cust,stat:W,OD_part_pwr.hpc.cust:stat:W,2.1839089999907935,lbm/s,0.990604459170154,kg/s
reference,OD_part_pwr,bleed_flow,hpc.cust,tot:P,OD_part_pwr.hpc.cust:tot:P,73.87508663541871,lbf/inch**2,509350.79290570185,Pa
reference,OD_part_pwr,bleed_flow,hpc.cust,tot:T,OD_part_pwr.hpc.cust:tot:T,914.1268400427931,degR,507.8482444682184,degK
reference,OD_part_pwr,bleed_flow,hpc.cust,tot:h,OD_part_pwr.hpc.cust:tot:h,89.66113380173894,Btu/lbm,208551.7972228448,J/kg
reference,OD_part_pwr,bleed_flow,bld3.cool3,stat:W,OD_part_pwr.bld3.cool3:stat:W,2.9177020731881154,lbm/s,1.3234473983313109,kg/s
reference,OD_part_pwr,bleed_flow,bld3.cool3,tot:P,OD_part_pwr.bld3.cool3:tot:P,132.80756090700254,lbf/inch**2,915675.9001270933,Pa
reference,OD_part_pwr,bleed_flow,bld3.cool3,tot:T,OD_part_pwr.bld3.cool3:tot:T,1205.0069596712437,degR,669.4483109284688,degK
reference,OD_part_pwr,bleed_flow,bld3.cool3,tot:h,OD_part_pwr.bld3.cool3:tot:h,162.5190512132659,Btu/lbm,378019.3131220565,J/kg
reference,OD_part_pwr,bleed_flow,bld3.cool4,stat:W,OD_part_pwr.bld3.cool4:stat:W,4.395436086570295,lbm/s,1.9937362716909455,kg/s
reference,OD_part_pwr,bleed_flow,bld3.cool4,tot:P,OD_part_pwr.bld3.cool4:tot:P,132.80756090700254,lbf/inch**2,915675.9001270933,Pa
reference,OD_part_pwr,bleed_flow,bld3.cool4,tot:T,OD_part_pwr.bld3.cool4:tot:T,1205.0069596712437,degR,669.4483109284688,degK
reference,OD_part_pwr,bleed_flow,bld3.cool4,tot:h,OD_part_pwr.bld3.cool4:tot:h,162.5190512132659,Btu/lbm,378019.3131220565,J/kg
reference,OD_part_pwr,bleed_flow,byp_bld.bypBld,stat:W,OD_part_pwr.byp_bld.bypBld:stat:W,1.3777825191832023,lbm/s,0.6249516382208792,kg/s
reference,OD_part_pwr,bleed_flow,byp_bld.bypBld,tot:P,OD_part_pwr.byp_bld.bypBld:tot:P,8.40504624935472,lbf/inch**2,57950.75398890133,Pa
reference,OD_part_pwr,bleed_flow,byp_bld.bypBld,tot:T,OD_part_pwr.byp_bld.bypBld:tot:T,513.3363036466754,degR,285.18683535926414,degK
reference,OD_part_pwr,bleed_flow,byp_bld.bypBld,tot:h,OD_part_pwr.byp_bld.bypBld:tot:h,-7.460964989258159,Btu/lbm,-17354.204565014476,J/kg
reference,OD_part_pwr,bleed_fraction,hpc.cool1,frac_W,hpc.cool1:frac_W,0.050708,,0.050708,
reference,OD_part_pwr,bleed_fraction,hpc.cool1,frac_P,hpc.cool1:frac_P,0.5,,0.5,
reference,OD_part_pwr,bleed_fraction,hpc.cool1,frac_work,hpc.cool1:frac_work,0.5,,0.5,
reference,OD_part_pwr,bleed_fraction,hpc.cool2,frac_W,hpc.cool2:frac_W,0.020274,,0.020274,
reference,OD_part_pwr,bleed_fraction,hpc.cool2,frac_P,hpc.cool2:frac_P,0.55,,0.55,
reference,OD_part_pwr,bleed_fraction,hpc.cool2,frac_work,hpc.cool2:frac_work,0.5,,0.5,
reference,OD_part_pwr,bleed_fraction,hpc.cust,frac_W,hpc.cust:frac_W,0.0445,,0.0445,
reference,OD_part_pwr,bleed_fraction,hpc.cust,frac_P,hpc.cust:frac_P,0.5,,0.5,
reference,OD_part_pwr,bleed_fraction,hpc.cust,frac_work,hpc.cust:frac_work,0.5,,0.5,
reference,OD_part_pwr,bleed_fraction,bld3.cool3,frac_W,bld3.cool3:frac_W,0.067214,,0.067214,
reference,OD_part_pwr,bleed_fraction,bld3.cool4,frac_W,bld3.cool4:frac_W,0.101256,,0.101256,
reference,OD_part_pwr,bleed_fraction,byp_bld.bypBld,frac_W,byp_bld.bypBld:frac_W,0.005,,0.005,
reference,OD_part_pwr,bleed_fraction,hpt.cool3,frac_P,hpt.cool3:frac_P,1.0,,1.0,
reference,OD_part_pwr,bleed_fraction,hpt.cool4,frac_P,hpt.cool4:frac_P,0.0,,0.0,
reference,OD_part_pwr,bleed_fraction,lpt.cool1,frac_P,lpt.cool1:frac_P,1.0,,1.0,
reference,OD_part_pwr,bleed_fraction,lpt.cool2,frac_P,lpt.cool2:frac_P,0.0,,0.0,
reference,OD_part_pwr,compressor,fan,PR,OD_part_pwr.fan.PR,1.5956787551966372,,1.5956787551966372,
reference,OD_part_pwr,compressor,fan,eff,OD_part_pwr.fan.eff,0.9220185253464558,,0.9220185253464558,
reference,OD_part_pwr,compressor,fan,eff_poly,OD_part_pwr.fan.eff_poly,0.9269964174779832,,0.9269964174779832,
reference,OD_part_pwr,compressor,fan,Wc,OD_part_pwr.fan.Wc,838.3772306721636,lbm/s,380.2815150146234,kg/s
reference,OD_part_pwr,compressor,fan,Nc,OD_part_pwr.fan.Nc,4647.508483049027,rpm,4647.508483049027,rpm
reference,OD_part_pwr,compressor,fan,power,OD_part_pwr.fan.power,-7588.727688325428,hp,-5658914.237184272,W
reference,OD_part_pwr,compressor,fan,trq,OD_part_pwr.fan.trq,-9264.862527479525,ft*lbf,-12561.46691696378,N*m
reference,OD_part_pwr,compressor,fan,SMN,OD_part_pwr.fan.SMN,41.356359458821615,,41.356359458821615,
reference,OD_part_pwr,compressor,fan,SMW,OD_part_pwr.fan.SMW,31.200866824137314,,31.200866824137314,
reference,OD_part_pwr,compressor,fan,map.RlineMap,OD_part_pwr.fan.map.RlineMap,2.012347022143231,,2.012347022143231,
reference,OD_part_pwr,compressor,fan,map.NcMap,OD_part_pwr.fan.map.NcMap,0.912735527348558,rpm,0.912735527348558,rpm
reference,OD_part_pwr,compressor,fan,map.PRmap,OD_part_pwr.fan.map.PRmap,1.5957309314379682,,1.5957309314379682,
reference,OD_part_pwr,compressor,fan,map.WcMap,OD_part_pwr.fan.map.WcMap,757.6490627528086,lbm/s,343.6638340023252,kg/s
reference,OD_part_pwr,compressor,fan,map.effMap,OD_part_pwr.fan.map.effMap,0.9218948751195429,,0.9218948751195429,
reference,OD_part_pwr,compressor,fan,map.map.alphaMap,OD_part_pwr.fan.map.map.alphaMap,0.0,,0.0,
reference,OD_part_pwr,compressor,fan,s_Wc,OD_part_pwr.fan.s_Wc,1.106550871489289,,1.106550871489289,
reference,OD_part_pwr,compressor,fan,s_PR,OD_part_pwr.fan.s_PR,0.9999124164306776,,0.9999124164306776,
reference,OD_part_pwr,compressor,fan,s_eff,OD_part_pwr.fan.s_eff,1.0001341261680154,,1.0001341261680154,
reference,OD_part_pwr,compressor,fan,s_Nc,OD_part_pwr.fan.s_Nc,5091.8457141136605,,5091.8457141136605,
reference,OD_part_pwr,compressor,lpc,PR,OD_part_pwr.lpc.PR,1.8046156991241196,,1.8046156991241196,
reference,OD_part_pwr,compressor,lpc,eff,OD_part_pwr.lpc.eff,0.9327171359277131,,0.9327171359277131,
reference,OD_part_pwr,compressor,lpc,eff_poly,OD_part_pwr.lpc.eff_poly,0.9380688940315264,,0.9380688940315264,
reference,OD_part_pwr,compressor,lpc,Wc,OD_part_pwr.lpc.Wc,85.77824807712956,lbm/s,38.90835883975314,kg/s
reference,OD_part_pwr,compressor,lpc,Nc,OD_part_pwr.lpc.Nc,4324.2259404373,rpm,4324.2259404373,rpm
reference,OD_part_pwr,compressor,lpc,power,OD_part_pwr.lpc.power,-1684.8124077766154,hp,-1256364.6124790222,W
reference,OD_part_pwr,compressor,lpc,trq,OD_part_pwr.lpc.trq,-2056.939711600933,ft*lbf,-2788.835782595614,N*m
reference,OD_part_pwr,compressor,lpc,SMN,OD_part_pwr.lpc.SMN,13.952411115670206,,13.952411115670206,
reference,OD_part_pwr,compressor,lpc,SMW,OD_part_pwr.lpc.SMW,13.465225081256769,,13.465225081256769,
reference,OD_part_pwr,compressor,lpc,map.RlineMap,OD_part_pwr.lpc.map.RlineMap,1.6914833077083096,,1.6914833077083096,
reference,OD_part_pwr,compressor,lpc,map.NcMap,OD_part_pwr.lpc.map.NcMap,0.9317826289473974,rpm,0.9317826289473974,rpm
reference,OD_part_pwr,compressor,lpc,map.PRmap,OD_part_pwr.lpc.map.PRmap,1.8046156991241196,,1.8046156991241196,
reference,OD_part_pwr,compressor,lpc,map.WcMap,OD_part_pwr.lpc.map.WcMap,79.70787649638271,lbm/s,36.15488460766153,kg/s
reference,OD_part_pwr,compressor,lpc,map.effMap,OD_part_pwr.lpc.map.effMap,0.9327423635901585,,0.9327423635901585,
reference,OD_part_pwr,compressor,lpc,map.map.alphaMap,OD_part_pwr.lpc.map.map.alphaMap,0.0,,0.0,
reference,OD_part_pwr,compressor,lpc,s_Wc,OD_part_pwr.lpc.s_Wc,1.0761577380752616,,1.0761577380752616,
reference,OD_part_pwr,compressor,lpc,s_PR,OD_part_pwr.lpc.s_PR,1.0,,1.0,
reference,OD_part_pwr,compressor,lpc,s_eff,OD_part_pwr.lpc.s_eff,0.9999729532361452,,0.9999729532361452,
reference,OD_part_pwr,compressor,lpc,s_Nc,OD_part_pwr.lpc.s_Nc,4640.80978341722,,4640.80978341722,
reference,OD_part_pwr,compressor,hpc,PR,OD_part_pwr.hpc.PR,8.887840872351887,,8.887840872351887,
reference,OD_part_pwr,compressor,hpc,eff,OD_part_pwr.hpc.eff,0.8727685811027556,,0.8727685811027556,
reference,OD_part_pwr,compressor,hpc,eff_poly,OD_part_pwr.hpc.eff_poly,0.9041932279518199,,0.9041932279518199,
reference,OD_part_pwr,compressor,hpc,Wc,OD_part_pwr.hpc.Wc,52.530451524042434,lbm/s,23.82741200396052,kg/s
reference,OD_part_pwr,compressor,hpc,Nc,OD_part_pwr.hpc.Nc,13095.121841174907,rpm,13095.121841174907,rpm
reference,OD_part_pwr,compressor,hpc,power,OD_part_pwr.hpc.power,-9533.732265670307,hp,-7109304.150510348,W
reference,OD_part_pwr,compressor,hpc,trq,OD_part_pwr.hpc.trq,-3513.352934390278,ft*lbf,-4763.46697234452,N*m
reference,OD_part_pwr,compressor,hpc,SMN,OD_part_pwr.hpc.SMN,24.25799740627106,,24.25799740627106,
reference,OD_part_pwr,compressor,hpc,SMW,OD_part_pwr.hpc.SMW,24.582999608702984,,24.582999608702984,
reference,OD_part_pwr,compressor,hpc,map.RlineMap,OD_part_pwr.hpc.map.RlineMap,2.055649291350622,,2.055649291350622,
reference,OD_part_pwr,compressor,hpc,map.NcMap,OD_part_pwr.hpc.map.NcMap,0.9668432563585156,rpm,0.9668432563585156,rpm
reference,OD_part_pwr,compressor,hpc,map.PRmap,OD_part_pwr.hpc.map.PRmap,8.892951145169418,,8.892951145169418,
reference,OD_part_pwr,compressor,hpc,map.WcMap,OD_part_pwr.hpc.map.WcMap,47.67070119825059,lbm/s,21.623066336076327,kg/s
reference,OD_part_pwr,compressor,hpc,map.effMap,OD_part_pwr.hpc.map.effMap,0.8727024243020747,,0.8727024243020747,
reference,OD_part_pwr,compressor,hpc,map.map.alphaMap,OD_part_pwr.hpc.map.map.alphaMap,0.0,,0.0,
reference,OD_part_pwr,compressor,hpc,s_Wc,OD_part_pwr.hpc.s_Wc,1.101944175429292,,1.101944175429292,
reference,OD_part_pwr,compressor,hpc,s_PR,OD_part_pwr.hpc.s_PR,0.9993525523313727,,0.9993525523313727,
reference,OD_part_pwr,compressor,hpc,s_eff,OD_part_pwr.hpc.s_eff,1.0000758068258304,,1.0000758068258304,
reference,OD_part_pwr,compressor,hpc,s_Nc,OD_part_pwr.hpc.s_Nc,13544.203525291072,,13544.203525291072,
reference,OD_part_pwr,turbine,hpt,PR,OD_part_pwr.hpt.PR,3.6340291614257527,,3.6340291614257527,
reference,OD_part_pwr,turbine,hpt,eff,OD_part_pwr.hpt.eff,0.8886069447868417,,0.8886069447868417,
reference,OD_part_pwr,turbine,hpt,eff_poly,OD_part_pwr.hpt.eff_poly,0.8725040374919624,,0.8725040374919624,
reference,OD_part_pwr,turbine,hpt,Wp,OD_part_pwr.hpt.Wp,15.153925942804104,lbm/s,6.8737051832009985,kg/s
reference,OD_part_pwr,turbine,hpt,Np,OD_part_pwr.hpt.Np,276.2796138622989,rpm,276.2796138622989,rpm
reference,OD_part_pwr,turbine,hpt,power,OD_part_pwr.hpt.power,9783.732414278811,hp,7295729.26132771,W
reference,OD_part_pwr,turbine,hpt,trq,OD_part_pwr.hpt.trq,3605.4825150451143,ft*lbf,4888.377911501683,N*m
reference,OD_part_pwr,turbine,hpt,map.NpMap,OD_part_pwr.hpt.map.NpMap,100.41954714434532,rpm,100.41954714434532,rpm
reference,OD_part_pwr,turbine,hpt,map.PRmap,OD_part_pwr.hpt.map.PRmap,6.036868321423552,,6.036868321423552,
reference,OD_part_pwr,turbine,hpt,map.alphaMap,OD_part_pwr.hpt.map.alphaMap,1.0,,1.0,
reference,OD_part_pwr,turbine,hpt,map.WpMap,OD_part_pwr.hpt.map.WpMap,10.148041954714435,lbm/s,4.603074401098353,kg/s
reference,OD_part_pwr,turbine,hpt,map.effMap,OD_part_pwr.hpt.map.effMap,0.8996045554896491,,0.8996045554896491,
reference,OD_part_pwr,turbine,hpt,s_Wp,OD_part_pwr.hpt.s_Wp,1.4932857008700187,,1.4932857008700187,
reference,OD_part_pwr,turbine,hpt,s_PR,OD_part_pwr.hpt.s_PR,0.5229497761977042,,0.5229497761977042,
reference,OD_part_pwr,turbine,hpt,s_eff,OD_part_pwr.hpt.s_eff,0.9877750611246944,,0.9877750611246944,
reference,OD_part_pwr,turbine,hpt,s_Np,OD_part_pwr.hpt.s_Np,2.751253333827212,,2.751253333827212,
reference,OD_part_pwr,turbine,lpt,PR,OD_part_pwr.lpt.PR,4.366233833425564,,4.366233833425564,
reference,OD_part_pwr,turbine,lpt,eff,OD_part_pwr.lpt.eff,0.896123199646521,,0.896123199646521,
reference,OD_part_pwr,turbine,lpt,eff_poly,OD_part_pwr.lpt.eff_poly,0.877082625840634,,0.877082625840634,
reference,OD_part_pwr,turbine,lpt,Wp,OD_part_pwr.lpt.Wp,56.074890742924744,lbm/s,25.435142589574298,kg/s
reference,OD_part_pwr,turbine,lpt,Np,OD_part_pwr.lpt.Np,98.63113102772468,rpm,98.63113102772468,rpm
reference,OD_part_pwr,turbine,lpt,power,OD_part_pwr.lpt.power,9273.54009610204,hp,6915278.849663292,W
reference,OD_part_pwr,turbine,lpt,trq,OD_part_pwr.lpt.trq,11321.802239080456,ft*lbf,15350.302699559392,N*m
reference,OD_part_pwr,turbine,lpt,map.NpMap,OD_part_pwr.lpt.map.NpMap,95.75385179722147,rpm,95.75385179722147,rpm
reference,OD_part_pwr,turbine,lpt,map.PRmap,OD_part_pwr.lpt.map.PRmap,6.000896306504948,,6.000896306504948,
reference,OD_part_pwr,turbine,lpt,map.alphaMap,OD_part_pwr.lpt.map.alphaMap,1.0,,1.0,
reference,OD_part_pwr,turbine,lpt,map.WpMap,OD_part_pwr.lpt.map.WpMap,35.41432089026991,lbm/s,16.06366574455804,kg/s
reference,OD_part_pwr,turbine,lpt,map.effMap,OD_part_pwr.lpt.map.effMap,0.9195323761601863,,0.9195323761601863,
reference,OD_part_pwr,turbine,lpt,s_Wp,OD_part_pwr.lpt.s_Wp,1.5833959068894996,,1.5833959068894996,
reference,OD_part_pwr,turbine,lpt,s_PR,OD_part_pwr.lpt.s_PR,0.6731261012244772,,0.6731261012244772,
reference,OD_part_pwr,turbine,lpt,s_eff,OD_part_pwr.lpt.s_eff,0.9745423031090888,,0.9745423031090888,
reference,OD_part_pwr,turbine,lpt,s_Np,OD_part_pwr.lpt.s_Np,1.0300487048458002,,1.0300487048458002,
reference,OD_part_pwr,burner,burner,Wfuel,OD_part_pwr.burner.Wfuel,0.8113537042895312,lbm/s,0.36802384963696766,kg/s
reference,OD_part_pwr,burner,burner,dPqP,burner.dPqP,0.054,,0.054,
reference,OD_part_pwr,burner,burner,Fl_I:FAR,OD_part_pwr.burner.Fl_I:FAR,0.022477660046361744,,0.022477660046361744,
reference,OD_part_pwr,burner,burner,Fl_O:tot:T,OD_part_pwr.burner.Fl_O:tot:T,2661.04544165754,degR,1478.3585786986334,degK
reference,OD_part_pwr,nozzle,core_nozz,PR,OD_part_pwr.core_nozz.PR,2.2537057992213483,,2.2537057992213483,
reference,OD_part_pwr,nozzle,core_nozz,Cv,core_nozz.Cv,0.9933,,0.9933,
reference,OD_part_pwr,nozzle,core_nozz,Fg,OD_part_pwr.core_nozz.Fg,2696.726649334001,lbf,11995.637784797662,N
reference,OD_part_pwr,nozzle,core_nozz,Ps_exhaust,OD_part_pwr.core_nozz.Ps_exhaust,3.458029996316353,lbf/inch**2,23842.277562500658,Pa
reference,OD_part_pwr,nozzle,core_nozz,Throat:stat:area,OD_part_pwr.core_nozz.Throat:stat:area,425.18698241320703,inch**2,0.27431363357370464,m**2
reference,OD_part_pwr,nozzle,core_nozz,Throat:stat:MN,OD_part_pwr.core_nozz.Throat:stat:MN,1.0,,1.0,
reference,OD_part_pwr,nozzle,core_nozz,Throat:stat:W,OD_part_pwr.core_nozz.Throat:stat:W,47.70405144566489,lbm/s,21.638193753841065,kg/s
reference,OD_part_pwr,nozzle,core_nozz,Throat:stat:V,OD_part_pwr.core_nozz.Throat:stat:V,1626.1822661235117,ft/s,495.6603547144464,m/s
reference,OD_part_pwr,nozzle,core_nozz,Fl_O:stat:MN,OD_part_pwr.core_nozz.Fl_O:stat:MN,1.0,,1.0,
reference,OD_part_pwr,nozzle,core_nozz,Fl_O:stat:V,OD_part_pwr.core_nozz.Fl_O:stat:V,1626.1822661235117,ft/s,495.6603547144464,m/s
reference,OD_part_pwr,nozzle,byp_nozz,PR,OD_part_pwr.byp_nozz.PR,2.394372249245772,,2.394372249245772,
reference,OD_part_pwr,nozzle,byp_nozz,Cv,byp_nozz.Cv,0.9939,,0.9939,
reference,OD_part_pwr,nozzle,byp_nozz,Fg,OD_part_pwr.byp_nozz.Fg,9879.478126831913,lbf,43946.10819809082,N
reference,OD_part_pwr,nozzle,byp_nozz,Ps_exhaust,OD_part_pwr.byp_nozz.Ps_exhaust,3.458029996316353,lbf/inch**2,23842.277562500658,Pa
reference,OD_part_pwr,nozzle,byp_nozz,Throat:stat:area,OD_part_pwr.byp_nozz.Throat:stat:area,1410.6994502568587,inch**2,0.9101268573277149,m**2
reference,OD_part_pwr,nozzle,byp_nozz,Throat:stat:MN,OD_part_pwr.byp_nozz.Throat:stat:MN,1.0,,1.0,
reference,OD_part_pwr,nozzle,byp_nozz,Throat:stat:W,OD_part_pwr.byp_nozz.Throat:stat:W,274.17872131745725,lbm/s,124.36537600595496,kg/s
reference,OD_part_pwr,nozzle,byp_nozz,Throat:stat:V,OD_part_pwr.byp_nozz.Throat:stat:V,1014.1064093725272,ft/s,309.0996335767463,m/s
reference,OD_part_pwr,nozzle,byp_nozz,Fl_O:stat:MN,OD_part_pwr.byp_nozz.Fl_O:stat:MN,1.0,,1.0,
reference,OD_part_pwr,nozzle,byp_nozz,Fl_O:stat:V,OD_part_pwr.byp_nozz.Fl_O:stat:V,1014.1064093725272,ft/s,309.0996335767463,m/s
reference,OD_part_pwr,duct,duct4,dPqP,duct4.dPqP,0.0048,,0.0048,
reference,OD_part_pwr,duct,duct6,dPqP,duct6.dPqP,0.0101,,0.0101,
reference,OD_part_pwr,duct,duct11,dPqP,duct11.dPqP,0.0051,,0.0051,
reference,OD_part_pwr,duct,duct13,dPqP,duct13.dPqP,0.0107,,0.0107,
reference,OD_part_pwr,duct,duct15,dPqP,duct15.dPqP,0.0149,,0.0149,
reference,OD_part_pwr,inlet,inlet,ram_recovery,inlet.ram_recovery,0.999,,0.999,
reference,OD_part_pwr,inlet,inlet,F_ram,OD_part_pwr.inlet.F_ram,7856.204776346262,lbf,34946.13993729071,N
reference,OD_part_pwr,splitter,splitter,BPR,OD_part_pwr.splitter.BPR,5.614823887250885,,5.614823887250885,
reference,OD_part_pwr,shaft,lp_shaft,Nmech,OD_part_pwr.lp_shaft.Nmech,4301.934590061724,rpm,4301.934590061724,rpm
reference,OD_part_pwr,shaft,lp_shaft,trq_in,OD_part_pwr.lp_shaft.trq_in,11321.802239080456,ft*lbf,15350.302699559392,N*m
reference,OD_part_pwr,shaft,lp_shaft,trq_out,OD_part_pwr.lp_shaft.trq_out,-11321.802239080458,ft*lbf,-15350.302699559394,N*m
reference,OD_part_pwr,shaft,lp_shaft,trq_net,OD_part_pwr.lp_shaft.trq_net,-1.8189894035458565e-12,ft*lbf,-2.4662184837798124e-12,N*m
reference,OD_part_pwr,shaft,lp_shaft,pwr_in,OD_part_pwr.lp_shaft.pwr_in,9273.534583598153,hp,6915274.738989144,W
reference,OD_part_pwr,shaft,lp_shaft,pwr_out,OD_part_pwr.lp_shaft.pwr_out,-9273.534583598153,hp,-6915274.738989144,W
reference,OD_part_pwr,shaft,lp_shaft,pwr_net,OD_part_pwr.lp_shaft.pwr_net,-1.4899095377902586e-12,hp,-1.111025542330196e-09,W
reference,OD_part_pwr,shaft,hp_shaft,Nmech,OD_part_pwr.hp_shaft.Nmech,14251.972831912322,rpm,14251.972831912322,rpm
reference,OD_part_pwr,shaft,hp_shaft,trq_in,OD_part_pwr.hp_shaft.trq_in,3605.4825150451143,ft*lbf,4888.377911501683,N*m
reference,OD_part_pwr,shaft,hp_shaft,trq_out,OD_part_pwr.hp_shaft.trq_out,-3513.352934390278,ft*lbf,-4763.46697234452,N*m
reference,OD_part_pwr,shaft,hp_shaft,trq_net,OD_part_pwr.hp_shaft.trq_net,4.732214620162267e-12,ft*lbf,6.4160215242084185e-12,N*m
reference,OD_part_pwr,shaft,hp_shaft,pwr_in,OD_part_pwr.hp_shaft.pwr_in,9783.726598499463,hp,7295724.92450105,W
reference,OD_part_pwr,shaft,hp_shaft,pwr_out,OD_part_pwr.hp_shaft.pwr_out,-9533.72659849945,hp,-7109299.92450104,W
reference,OD_part_pwr,shaft,hp_shaft,pwr_net,OD_part_pwr.hp_shaft.pwr_net,1.28411922276401e-11,hp,9.575677044151224e-09,W
reference,OD_part_pwr,shaft_offtake,hp_shaft,HPX,OD_part_pwr.hp_shaft.HPX,250.0,hp,186425.0,W
reference,OD_part_pwr,flight_conditions,fc,alt,OD_part_pwr.fc.alt,35000.0,ft,10668.0,m
reference,OD_part_pwr,flight_conditions,fc,MN,OD_part_pwr.fc.MN,0.8,,0.8,
reference,OD_part_pwr,flight_conditions,fc,dTs,OD_part_pwr.fc.dTs,0.0,degR,0.0,degK
reference,OD_part_pwr,flight_conditions,fc,W,OD_part_pwr.fc.W,147.2511020075501,kg/s,147.2511020075501,kg/s
reference,OD_part_pwr,flight_conditions,fc,Fl_O:stat:P,OD_part_pwr.fc.Fl_O:stat:P,3.458029996316353,lbf/inch**2,23842.277562500658,Pa
reference,OD_part_pwr,flight_conditions,fc,Fl_O:stat:T,OD_part_pwr.fc.Fl_O:stat:T,393.854,degR,218.80777777777777,degK
reference,OD_part_pwr,performance,perf,Fn,OD_part_pwr.perf.Fn,4719.999999819652,lbf,20995.60604559777,N
reference,OD_part_pwr,performance,perf,Fg,OD_part_pwr.perf.Fg,12576.204776165914,lbf,55941.74598288848,N
reference,OD_part_pwr,performance,perf,TSFC,OD_part_pwr.perf.TSFC,0.6188290965156473,lbm/h/lbf,17.528612836309378,g/(kN*s)
reference,OD_part_pwr,performance,perf,OPR,OD_part_pwr.perf.OPR,25.213210871392523,,25.213210871392523,
reference,OD_part_pwr,performance,perf,Wfuel,OD_part_pwr.perf.Wfuel,0.8113537042895312,lbm/s,0.36802384963696766,kg/s
reference,OD_part_pwr,performance,perf,ram_drag,OD_part_pwr.perf.ram_drag,7856.204776346262,lbf,34946.13993729071,N
reference,OD_part_pwr,balance,balance,FAR,OD_part_pwr.balance.FAR,0.022477660046361744,,0.022477660046361744,
reference,OD_part_pwr,balance,balance,W,OD_part_pwr.balance.W,324.6331105780066,lbm/s,147.2511020075501,kg/s
reference,OD_part_pwr,balance,balance,BPR,OD_part_pwr.balance.BPR,5.614823887250885,,5.614823887250885,
reference,OD_part_pwr,balance,balance,lp_Nmech,OD_part_pwr.balance.lp_Nmech,4301.934590061724,rpm,4301.934590061724,rpm
reference,OD_part_pwr,balance,balance,hp_Nmech,OD_part_pwr.balance.hp_Nmech,14251.972831912322,rpm,14251.972831912322,rpm
reference,OD_part_pwr,spool,OD_part_pwr,LP_Nmech,OD_part_pwr.LP_Nmech,4301.934590061724,rpm,4301.934590061724,rpm
reference,OD_part_pwr,spool,OD_part_pwr,HP_Nmech,OD_part_pwr.HP_Nmech,14251.972831912322,rpm,14251.972831912322,rpm
reference,OD_part_pwr,target,OD_part_pwr,PC,OD_part_pwr.PC,0.8,,0.8,
reference,OD_part_pwr,target,OD_part_pwr,Fn_max,OD_part_pwr.Fn_max,5899.999999774582,lbf,26244.50755699729,N
