parameter,value,profile_objective
eta_combustor,0.96,0.0
eta_combustor,0.9600974999999999,0.0
eta_combustor,0.9601949999999999,0.0
eta_combustor,0.9602925,0.0
eta_combustor,0.96039,0.0
eta_combustor,0.9604874999999999,0.0
eta_combustor,0.9605849999999999,0.0
eta_combustor,0.9606825,0.0
eta_combustor,0.96078,0.0
eta_combustor,0.9608774999999999,0.0
eta_combustor,0.9609749999999999,0.0
eta_combustor,0.9610725,0.0
eta_combustor,0.96117,0.0
eta_combustor,0.9612674999999999,0.0
eta_combustor,0.9613649999999999,0.0
eta_combustor,0.9614625,0.0
eta_combustor,0.96156,0.0
eta_combustor,0.9616574999999999,0.0
eta_combustor,0.9617549999999999,0.0
eta_combustor,0.9618525,0.0
eta_combustor,0.96195,0.0
eta_combustor,0.9620474999999999,0.0
eta_combustor,0.9621449999999999,0.0
eta_combustor,0.9622425,0.0
eta_combustor,0.96234,0.0
eta_combustor,0.9624375,0.0
eta_combustor,0.9625349999999999,0.0
eta_combustor,0.9626325,0.0
eta_combustor,0.96273,0.0
eta_combustor,0.9628275,0.0
eta_combustor,0.9629249999999999,0.0
eta_combustor,0.9630225,0.0
eta_combustor,0.96312,0.0
eta_combustor,0.9632175,0.0
eta_combustor,0.9633149999999999,0.0
eta_combustor,0.9634125,0.0
eta_combustor,0.96351,0.0
eta_combustor,0.9636075,0.0
eta_combustor,0.9637049999999999,0.0
eta_combustor,0.9638025,0.0
eta_combustor,0.9639,0.0
eta_combustor,0.9639975,0.0
eta_combustor,0.9640949999999999,0.0
eta_combustor,0.9641925,0.0
eta_combustor,0.96429,0.0
eta_combustor,0.9643875,0.0
eta_combustor,0.9644849999999999,0.0
eta_combustor,0.9645825,0.0
eta_combustor,0.96468,0.0
eta_combustor,0.9647775,0.0
eta_combustor,0.9648749999999999,0.0
eta_combustor,0.9649725,0.0
eta_combustor,0.96507,0.0
eta_combustor,0.9651675,0.0
eta_combustor,0.9652649999999999,0.0
eta_combustor,0.9653625,0.0
eta_combustor,0.96546,0.0
eta_combustor,0.9655575,0.0
eta_combustor,0.9656549999999999,0.0
eta_combustor,0.9657525,0.0
eta_combustor,0.96585,0.0
eta_combustor,0.9659475,0.0
eta_combustor,0.9660449999999999,0.0
eta_combustor,0.9661425,0.0
eta_combustor,0.96624,0.0
eta_combustor,0.9663375,0.0
eta_combustor,0.9664349999999999,0.0
eta_combustor,0.9665325,0.0
eta_combustor,0.96663,0.0
eta_combustor,0.9667275,0.0
eta_combustor,0.9668249999999999,0.0
eta_combustor,0.9669225,0.0
eta_combustor,0.96702,0.0
eta_combustor,0.9671175,0.0
eta_combustor,0.9672149999999999,0.0
eta_combustor,0.9673125,0.0
eta_combustor,0.96741,0.0
eta_combustor,0.9675075,0.0
eta_combustor,0.9676049999999999,0.0
eta_combustor,0.9677025,0.0
eta_combustor,0.9678,0.0
eta_combustor,0.9678975,0.0
eta_combustor,0.9679949999999999,0.0
eta_combustor,0.9680925,0.0
eta_combustor,0.96819,0.0
eta_combustor,0.9682875,0.0
eta_combustor,0.9683849999999999,0.0
eta_combustor,0.9684825,0.0
eta_combustor,0.96858,0.0
eta_combustor,0.9686775,0.0
eta_combustor,0.9687749999999999,0.0
eta_combustor,0.9688725,0.0
eta_combustor,0.96897,0.0
eta_combustor,0.9690675,0.0
eta_combustor,0.9691649999999999,0.0
eta_combustor,0.9692625,0.0
eta_combustor,0.96936,0.0
eta_combustor,0.9694575,0.0
eta_combustor,0.969555,0.0
eta_combustor,0.9696525,0.0
eta_combustor,0.96975,0.0
eta_combustor,0.9698475,0.0
eta_combustor,0.969945,0.0
eta_combustor,0.9700424999999999,0.0
eta_combustor,0.97014,0.0
eta_combustor,0.9702375,0.0
eta_combustor,0.970335,0.0
eta_combustor,0.9704324999999999,0.0
eta_combustor,0.97053,0.0
eta_combustor,0.9706275,0.0
eta_combustor,0.970725,0.0
eta_combustor,0.9708224999999999,0.0
eta_combustor,0.97092,0.0
eta_combustor,0.9710175,0.0
eta_combustor,0.971115,0.0
eta_combustor,0.9712124999999999,0.0
eta_combustor,0.97131,0.0
eta_combustor,0.9714075,0.0
eta_combustor,0.971505,0.0
eta_combustor,0.9716024999999999,0.0
eta_combustor,0.9717,0.0
eta_combustor,0.9717975,0.0
eta_combustor,0.971895,0.0
eta_combustor,0.9719924999999999,0.0
eta_combustor,0.97209,0.0
eta_combustor,0.9721875,0.0
eta_combustor,0.972285,0.0
eta_combustor,0.9723824999999999,0.0
eta_combustor,0.97248,0.0
eta_combustor,0.9725775,0.0
eta_combustor,0.972675,0.0
eta_combustor,0.9727724999999999,0.0
eta_combustor,0.97287,0.0
eta_combustor,0.9729675,0.0
eta_combustor,0.973065,0.0
eta_combustor,0.9731624999999999,0.0
eta_combustor,0.97326,0.0
eta_combustor,0.9733575,0.0
eta_combustor,0.973455,0.0
eta_combustor,0.9735524999999999,0.0
eta_combustor,0.97365,0.0
eta_combustor,0.9737475,0.0
eta_combustor,0.973845,0.0
eta_combustor,0.9739424999999999,0.0
eta_combustor,0.97404,0.0
eta_combustor,0.9741375,0.0
eta_combustor,0.974235,0.0
eta_combustor,0.9743324999999999,0.0
eta_combustor,0.97443,0.0
eta_combustor,0.9745275,0.0
eta_combustor,0.974625,0.0
eta_combustor,0.9747224999999999,0.0
eta_combustor,0.97482,0.0
eta_combustor,0.9749175,0.0
eta_combustor,0.975015,0.0
eta_combustor,0.9751124999999999,0.0
eta_combustor,0.97521,0.0
eta_combustor,0.9753075,0.0
eta_combustor,0.975405,0.0
eta_combustor,0.9755024999999999,0.0
eta_combustor,0.9756,0.0
eta_combustor,0.9756975,0.0
eta_combustor,0.975795,0.0
eta_combustor,0.9758924999999999,0.0
eta_combustor,0.97599,0.0
eta_combustor,0.9760875,0.0
eta_combustor,0.976185,0.0
eta_combustor,0.9762824999999999,0.0
eta_combustor,0.97638,0.0
eta_combustor,0.9764775,0.0
eta_combustor,0.976575,0.0
eta_combustor,0.9766724999999999,0.0
eta_combustor,0.97677,0.0
eta_combustor,0.9768675,0.0
eta_combustor,0.976965,0.0
eta_combustor,0.9770625,0.0
eta_combustor,0.97716,0.0
eta_combustor,0.9772575,0.0
eta_combustor,0.977355,0.0
eta_combustor,0.9774525,0.0
eta_combustor,0.97755,0.0
eta_combustor,0.9776475,0.0
eta_combustor,0.977745,0.0
eta_combustor,0.9778425,0.0
eta_combustor,0.97794,0.0
eta_combustor,0.9780375,0.0
eta_combustor,0.978135,0.0
eta_combustor,0.9782325,0.0
eta_combustor,0.97833,0.0
eta_combustor,0.9784275,0.0
eta_combustor,0.978525,0.0
eta_combustor,0.9786225,0.0
eta_combustor,0.97872,0.0
eta_combustor,0.9788175,0.0
eta_combustor,0.978915,0.0
eta_combustor,0.9790125,0.0
eta_combustor,0.97911,0.0
eta_combustor,0.9792075,0.0
eta_combustor,0.979305,0.0
eta_combustor,0.9794025,0.0
eta_combustor,0.9795,0.0
eta_combustor,0.9795975,0.0
eta_combustor,0.979695,0.0
eta_combustor,0.9797925,0.0
eta_combustor,0.9798899999999999,0.0
eta_combustor,0.9799875,0.0
eta_combustor,0.980085,0.0
eta_combustor,0.9801825,0.0
eta_combustor,0.98028,0.0
eta_combustor,0.9803775,0.0
eta_combustor,0.980475,0.0
eta_combustor,0.9805725,0.0
eta_combustor,0.9806699999999999,0.0
eta_combustor,0.9807675,0.0
eta_combustor,0.980865,0.0
eta_combustor,0.9809625,0.0
eta_combustor,0.9810599999999999,0.0
eta_combustor,0.9811575,0.0
eta_combustor,0.981255,0.0
eta_combustor,0.9813525,0.0
eta_combustor,0.9814499999999999,0.0
eta_combustor,0.9815475,0.0
eta_combustor,0.981645,0.0
eta_combustor,0.9817425,0.0
eta_combustor,0.9818399999999999,0.0
eta_combustor,0.9819375,0.0
eta_combustor,0.982035,0.0
eta_combustor,0.9821325,0.0
eta_combustor,0.9822299999999999,0.0
eta_combustor,0.9823275,0.0
eta_combustor,0.982425,0.0
eta_combustor,0.9825225,0.0
eta_combustor,0.9826199999999999,0.0
eta_combustor,0.9827175,0.0
eta_combustor,0.982815,0.0
eta_combustor,0.9829125,0.0
eta_combustor,0.9830099999999999,0.0
eta_combustor,0.9831075,0.0
eta_combustor,0.983205,0.0
eta_combustor,0.9833025,0.0
eta_combustor,0.9833999999999999,0.0
eta_combustor,0.9834975,0.0
eta_combustor,0.983595,0.0
eta_combustor,0.9836925,0.0
eta_combustor,0.9837899999999999,0.0
eta_combustor,0.9838875,0.0
eta_combustor,0.983985,0.0
eta_combustor,0.9840825,0.0
eta_combustor,0.9841799999999999,0.0
eta_combustor,0.9842775,0.0
eta_combustor,0.984375,0.0
eta_combustor,0.9844725,0.0
eta_combustor,0.98457,0.0
eta_combustor,0.9846675,0.0
eta_combustor,0.984765,0.0
eta_combustor,0.9848625,0.0
eta_combustor,0.98496,0.0
eta_combustor,0.9850575,0.0
eta_combustor,0.985155,0.0
eta_combustor,0.9852525,0.0
eta_combustor,0.98535,0.0
eta_combustor,0.9854475,0.0
eta_combustor,0.985545,0.0
eta_combustor,0.9856425,0.0
eta_combustor,0.98574,0.0
eta_combustor,0.9858375,0.0
eta_combustor,0.985935,0.0
eta_combustor,0.9860325,0.0
eta_combustor,0.98613,0.0
eta_combustor,0.9862275,0.0
eta_combustor,0.986325,0.0
eta_combustor,0.9864225,0.0
eta_combustor,0.98652,0.0
eta_combustor,0.9866175,0.0
eta_combustor,0.986715,0.0
eta_combustor,0.9868125,0.0
eta_combustor,0.98691,0.0
eta_combustor,0.9870075,0.0
eta_combustor,0.987105,0.0
eta_combustor,0.9872025,0.0
eta_combustor,0.9873,0.0
eta_combustor,0.9873975,0.0
eta_combustor,0.987495,0.0
eta_combustor,0.9875925,0.0
eta_combustor,0.98769,0.0
eta_combustor,0.9877875,0.0
eta_combustor,0.987885,0.0
eta_combustor,0.9879825,0.0
eta_combustor,0.98808,0.0
eta_combustor,0.9881775,0.0
eta_combustor,0.988275,0.0
eta_combustor,0.9883725,0.0
eta_combustor,0.98847,0.0
eta_combustor,0.9885675,0.0
eta_combustor,0.988665,0.0
eta_combustor,0.9887625,0.0
eta_combustor,0.98886,0.0
eta_combustor,0.9889575,0.0
eta_combustor,0.989055,0.0
eta_combustor,0.9891525,0.0
eta_combustor,0.98925,0.0
eta_combustor,0.9893475,0.0
eta_combustor,0.989445,0.0
eta_combustor,0.9895425,0.0
eta_combustor,0.98964,0.0
eta_combustor,0.9897374999999999,0.0
eta_combustor,0.989835,0.0
eta_combustor,0.9899325,0.0
eta_combustor,0.99003,0.0
eta_combustor,0.9901275,0.0
eta_combustor,0.990225,0.0
eta_combustor,0.9903225,0.0
eta_combustor,0.99042,0.0
eta_combustor,0.9905174999999999,0.0
eta_combustor,0.990615,0.0
eta_combustor,0.9907125,0.0
eta_combustor,0.99081,0.0
eta_combustor,0.9909074999999999,0.0
eta_combustor,0.991005,0.0
eta_combustor,0.9911025,0.0
eta_combustor,0.9912,0.0
eta_combustor,0.9912974999999999,0.0
eta_combustor,0.991395,0.0
eta_combustor,0.9914925,0.0
eta_combustor,0.99159,0.0
eta_combustor,0.9916874999999999,0.0
eta_combustor,0.991785,0.0
eta_combustor,0.9918825,0.0
eta_combustor,0.99198,0.0
eta_combustor,0.9920775,0.0
eta_combustor,0.992175,0.0
eta_combustor,0.9922725,0.0
eta_combustor,0.99237,0.0
eta_combustor,0.9924675,0.0
eta_combustor,0.992565,0.0
eta_combustor,0.9926625,0.0
eta_combustor,0.99276,0.0
eta_combustor,0.9928575,0.0
eta_combustor,0.992955,0.0
eta_combustor,0.9930525,0.0
eta_combustor,0.99315,0.0
eta_combustor,0.9932475,0.0
eta_combustor,0.993345,0.0
eta_combustor,0.9934425,0.0
eta_combustor,0.99354,0.0
eta_combustor,0.9936375,0.0
eta_combustor,0.993735,0.0
eta_combustor,0.9938325,0.0
eta_combustor,0.99393,0.0
eta_combustor,0.9940275,0.0
eta_combustor,0.994125,0.0
eta_combustor,0.9942225,0.0
eta_combustor,0.99432,0.0
eta_combustor,0.9944175,0.0
eta_combustor,0.994515,0.0
eta_combustor,0.9946125,0.0
eta_combustor,0.99471,0.0
eta_combustor,0.9948075,0.0
eta_combustor,0.994905,0.0
eta_combustor,0.9950025,0.0
eta_combustor,0.9951,0.0
eta_combustor,0.9951975,0.0
eta_combustor,0.995295,0.0
eta_combustor,0.9953925,0.0
eta_combustor,0.99549,0.0
eta_combustor,0.9955875,0.0
eta_combustor,0.995685,0.0
eta_combustor,0.9957825,0.0
eta_combustor,0.99588,0.0
eta_combustor,0.9959775,0.0
eta_combustor,0.996075,0.0
eta_combustor,0.9961725,0.0
eta_combustor,0.99627,0.0
eta_combustor,0.9963347754418137,0.0
eta_combustor,0.9963675,0.0
eta_combustor,0.996465,0.0
eta_combustor,0.9965625,0.0
eta_combustor,0.99666,0.0
eta_combustor,0.9967575,0.0
eta_combustor,0.996855,0.0
eta_combustor,0.9969525,0.0
eta_combustor,0.99705,0.0
eta_combustor,0.9971475,0.0
eta_combustor,0.997245,0.0
eta_combustor,0.9973425,0.0
eta_combustor,0.99744,0.0
eta_combustor,0.9975375,0.0
eta_combustor,0.997635,0.0
eta_combustor,0.9977325,0.0
eta_combustor,0.99783,0.0
eta_combustor,0.9979275,0.0
eta_combustor,0.998025,0.0
eta_combustor,0.9981225,0.0
eta_combustor,0.99822,0.0
eta_combustor,0.9983175,0.0
eta_combustor,0.998415,0.0
eta_combustor,0.9985125,0.0
eta_combustor,0.99861,0.0
eta_combustor,0.9987075,0.0
eta_combustor,0.9988049999999999,0.0
eta_combustor,0.9989025,0.0
eta_combustor,0.999,0.0
pressure_loss,0.03,0.0
pressure_loss,0.030074999999999998,0.0
pressure_loss,0.03015,0.0
pressure_loss,0.030225,0.0
pressure_loss,0.0303,0.0
pressure_loss,0.030375,0.0
pressure_loss,0.030449999999999998,0.0
pressure_loss,0.030525,0.0
pressure_loss,0.0306,0.0
pressure_loss,0.030674999999999997,0.0
pressure_loss,0.03075,0.0
pressure_loss,0.030824999999999998,0.0
pressure_loss,0.0309,0.0
pressure_loss,0.030975,0.0
pressure_loss,0.031049999999999998,0.0
pressure_loss,0.031125,0.0
pressure_loss,0.0312,0.0
pressure_loss,0.031275,0.0
pressure_loss,0.031349999999999996,0.0
pressure_loss,0.031425,0.0
pressure_loss,0.0315,0.0
pressure_loss,0.031575,0.0
pressure_loss,0.03165,0.0
pressure_loss,0.031724999999999996,0.0
pressure_loss,0.0318,0.0
pressure_loss,0.031875,0.0
pressure_loss,0.03195,0.0
pressure_loss,0.032025,0.0
pressure_loss,0.0321,0.0
pressure_loss,0.032174999999999995,0.0
pressure_loss,0.03225,0.0
pressure_loss,0.032325,0.0
pressure_loss,0.0324,0.0
pressure_loss,0.032475,0.0
pressure_loss,0.032549999999999996,0.0
pressure_loss,0.032625,0.0
pressure_loss,0.0327,0.0
pressure_loss,0.032775,0.0
pressure_loss,0.03285,0.0
pressure_loss,0.032924999999999996,0.0
pressure_loss,0.033,0.0
pressure_loss,0.033075,0.0
pressure_loss,0.03315,0.0
pressure_loss,0.033225,0.0
pressure_loss,0.033299999999999996,0.0
pressure_loss,0.033375,0.0
pressure_loss,0.03345,0.0
pressure_loss,0.033525,0.0
pressure_loss,0.0336,0.0
pressure_loss,0.033675,0.0
pressure_loss,0.03375,0.0
pressure_loss,0.033825,0.0
pressure_loss,0.0339,0.0
pressure_loss,0.033975,0.0
pressure_loss,0.03405,0.0
pressure_loss,0.034124999999999996,0.0
pressure_loss,0.0342,0.0
pressure_loss,0.034275,0.0
pressure_loss,0.03435,0.0
pressure_loss,0.034425,0.0
pressure_loss,0.034499999999999996,0.0
pressure_loss,0.034574999999999995,0.0
pressure_loss,0.03465,0.0
pressure_loss,0.034725,0.0
pressure_loss,0.0348,0.0
pressure_loss,0.034874999999999996,0.0
pressure_loss,0.034949999999999995,0.0
pressure_loss,0.035025,0.0
pressure_loss,0.0351,0.0
pressure_loss,0.035175,0.0
pressure_loss,0.03525,0.0
pressure_loss,0.035324999999999995,0.0
pressure_loss,0.0354,0.0
pressure_loss,0.035475,0.0
pressure_loss,0.03555,0.0
pressure_loss,0.035625,0.0
pressure_loss,0.035699999999999996,0.0
pressure_loss,0.035775,0.0
pressure_loss,0.03585,0.0
pressure_loss,0.035925,0.0
pressure_loss,0.036,0.0
pressure_loss,0.036074999999999996,0.0
pressure_loss,0.03615,0.0
pressure_loss,0.036225,0.0
pressure_loss,0.0363,0.0
pressure_loss,0.036375,0.0
pressure_loss,0.036449999999999996,0.0
pressure_loss,0.036525,0.0
pressure_loss,0.0366,0.0
pressure_loss,0.036675,0.0
pressure_loss,0.03675,0.0
pressure_loss,0.036825,0.0
pressure_loss,0.036899999999999995,0.0
pressure_loss,0.036975,0.0
pressure_loss,0.03705,0.0
pressure_loss,0.037125,0.0
pressure_loss,0.0372,0.0
pressure_loss,0.037274999999999996,0.0
pressure_loss,0.03735,0.0
pressure_loss,0.037425,0.0
pressure_loss,0.0375,0.0
pressure_loss,0.037575,0.0
pressure_loss,0.037649999999999996,0.0
pressure_loss,0.037724999999999995,0.0
pressure_loss,0.0378,0.0
pressure_loss,0.037875,0.0
pressure_loss,0.03795,0.0
pressure_loss,0.038024999999999996,0.0
pressure_loss,0.038099999999999995,0.0
pressure_loss,0.038175,0.0
pressure_loss,0.03825,0.0
pressure_loss,0.038325,0.0
pressure_loss,0.0384,0.0
pressure_loss,0.038474999999999995,0.0
pressure_loss,0.03855,0.0
pressure_loss,0.038625,0.0
pressure_loss,0.0387,0.0
pressure_loss,0.038775,0.0
pressure_loss,0.038849999999999996,0.0
pressure_loss,0.038925,0.0
pressure_loss,0.039,0.0
pressure_loss,0.039075,0.0
pressure_loss,0.03915,0.0
pressure_loss,0.039224999999999996,0.0
pressure_loss,0.0393,0.0
pressure_loss,0.039375,0.0
pressure_loss,0.03945,0.0
pressure_loss,0.039525,0.0
pressure_loss,0.039599999999999996,0.0
pressure_loss,0.039675,0.0
pressure_loss,0.03975,0.0
pressure_loss,0.039825,0.0
pressure_loss,0.0399,0.0
pressure_loss,0.039975,0.0
pressure_loss,0.04005,0.0
pressure_loss,0.040124999999999994,0.0
pressure_loss,0.0402,0.0
pressure_loss,0.040275,0.0
pressure_loss,0.04035,0.0
pressure_loss,0.040424999999999996,0.0
pressure_loss,0.040499999999999994,0.0
pressure_loss,0.040575,0.0
pressure_loss,0.04065,0.0
pressure_loss,0.040725,0.0
pressure_loss,0.040799999999999996,0.0
pressure_loss,0.040874999999999995,0.0
pressure_loss,0.04095,0.0
pressure_loss,0.041025,0.0
pressure_loss,0.0411,0.0
pressure_loss,0.041174999999999996,0.0
pressure_loss,0.041249999999999995,0.0
pressure_loss,0.041325,0.0
pressure_loss,0.0414,0.0
pressure_loss,0.041475,0.0
pressure_loss,0.04155,0.0
pressure_loss,0.041624999999999995,0.0
pressure_loss,0.0417,0.0
pressure_loss,0.041775,0.0
pressure_loss,0.04185,0.0
pressure_loss,0.041925,0.0
pressure_loss,0.041999999999999996,0.0
pressure_loss,0.042075,0.0
pressure_loss,0.04215,0.0
pressure_loss,0.042225,0.0
pressure_loss,0.0423,0.0
pressure_loss,0.042374999999999996,0.0
pressure_loss,0.04245,0.0
pressure_loss,0.042525,0.0
pressure_loss,0.0426,0.0
pressure_loss,0.042675,0.0
pressure_loss,0.042749999999999996,0.0
pressure_loss,0.042825,0.0
pressure_loss,0.042899999999999994,0.0
pressure_loss,0.042975,0.0
pressure_loss,0.04305,0.0
pressure_loss,0.043125,0.0
pressure_loss,0.043199999999999995,0.0
pressure_loss,0.043274999999999994,0.0
pressure_loss,0.04335,0.0
pressure_loss,0.043425,0.0
pressure_loss,0.0435,0.0
pressure_loss,0.043574999999999996,0.0
pressure_loss,0.043649999999999994,0.0
pressure_loss,0.043725,0.0
pressure_loss,0.0438,0.0
pressure_loss,0.043875,0.0
pressure_loss,0.043949999999999996,0.0
pressure_loss,0.044024999999999995,0.0
pressure_loss,0.0441,0.0
pressure_loss,0.044175,0.0
pressure_loss,0.0442453140416395,0.0
pressure_loss,0.04425,0.0
pressure_loss,0.044324999999999996,0.0
pressure_loss,0.044399999999999995,0.0
pressure_loss,0.044475,0.0
pressure_loss,0.04455,0.0
pressure_loss,0.044625,0.0
pressure_loss,0.0447,0.0
pressure_loss,0.044774999999999995,0.0
pressure_loss,0.04485,0.0
pressure_loss,0.044925,0.0
pressure_loss,0.045,0.0
pressure_loss,0.045075,0.0
pressure_loss,0.045149999999999996,0.0
pressure_loss,0.045225,0.0
pressure_loss,0.0453,0.0
pressure_loss,0.045375,0.0
pressure_loss,0.04545,0.0
pressure_loss,0.045524999999999996,0.0
pressure_loss,0.0456,0.0
pressure_loss,0.04567499999999999,0.0
pressure_loss,0.04575,0.0
pressure_loss,0.045825,0.0
pressure_loss,0.045899999999999996,0.0
pressure_loss,0.045975,0.0
pressure_loss,0.046049999999999994,0.0
pressure_loss,0.046125,0.0
pressure_loss,0.0462,0.0
pressure_loss,0.046275,0.0
pressure_loss,0.04635,0.0
pressure_loss,0.046424999999999994,0.0
pressure_loss,0.0465,0.0
pressure_loss,0.046575,0.0
pressure_loss,0.04665,0.0
pressure_loss,0.046724999999999996,0.0
pressure_loss,0.046799999999999994,0.0
pressure_loss,0.046875,0.0
pressure_loss,0.04695,0.0
pressure_loss,0.047025,0.0
pressure_loss,0.047099999999999996,0.0
pressure_loss,0.047174999999999995,0.0
pressure_loss,0.04725,0.0
pressure_loss,0.047325,0.0
pressure_loss,0.0474,0.0
pressure_loss,0.047474999999999996,0.0
pressure_loss,0.047549999999999995,0.0
pressure_loss,0.047625,0.0
pressure_loss,0.04769999999999999,0.0
pressure_loss,0.047775,0.0
pressure_loss,0.04785,0.0
pressure_loss,0.047924999999999995,0.0
pressure_loss,0.048,0.0
pressure_loss,0.04807499999999999,0.0
pressure_loss,0.04815,0.0
pressure_loss,0.048225,0.0
pressure_loss,0.048299999999999996,0.0
pressure_loss,0.048375,0.0
pressure_loss,0.04844999999999999,0.0
pressure_loss,0.048525,0.0
pressure_loss,0.0486,0.0
pressure_loss,0.048674999999999996,0.0
pressure_loss,0.04875,0.0
pressure_loss,0.04882499999999999,0.0
pressure_loss,0.0489,0.0
pressure_loss,0.048975,0.0
pressure_loss,0.049049999999999996,0.0
pressure_loss,0.049125,0.0
pressure_loss,0.049199999999999994,0.0
pressure_loss,0.049275,0.0
pressure_loss,0.04935,0.0
pressure_loss,0.049425,0.0
pressure_loss,0.0495,0.0
pressure_loss,0.049574999999999994,0.0
pressure_loss,0.04965,0.0
pressure_loss,0.049725,0.0
pressure_loss,0.0498,0.0
pressure_loss,0.049874999999999996,0.0
pressure_loss,0.049949999999999994,0.0
pressure_loss,0.050025,0.0
pressure_loss,0.0501,0.0
pressure_loss,0.050175,0.0
pressure_loss,0.050249999999999996,0.0
pressure_loss,0.050324999999999995,0.0
pressure_loss,0.0504,0.0
pressure_loss,0.05047499999999999,0.0
pressure_loss,0.05055,0.0
pressure_loss,0.050624999999999996,0.0
pressure_loss,0.050699999999999995,0.0
pressure_loss,0.050775,0.0
pressure_loss,0.05084999999999999,0.0
pressure_loss,0.050925,0.0
pressure_loss,0.051,0.0
pressure_loss,0.051074999999999995,0.0
pressure_loss,0.05115,0.0
pressure_loss,0.05122499999999999,0.0
pressure_loss,0.0513,0.0
pressure_loss,0.051375,0.0
pressure_loss,0.051449999999999996,0.0
pressure_loss,0.051525,0.0
pressure_loss,0.05159999999999999,0.0
pressure_loss,0.051675,0.0
pressure_loss,0.05175,0.0
pressure_loss,0.051824999999999996,0.0
pressure_loss,0.0519,0.0
pressure_loss,0.05197499999999999,0.0
pressure_loss,0.05205,0.0
pressure_loss,0.052125,0.0
pressure_loss,0.052199999999999996,0.0
pressure_loss,0.052275,0.0
pressure_loss,0.052349999999999994,0.0
pressure_loss,0.052425,0.0
pressure_loss,0.0525,0.0
pressure_loss,0.052575,0.0
pressure_loss,0.052649999999999995,0.0
pressure_loss,0.052724999999999994,0.0
pressure_loss,0.0528,0.0
pressure_loss,0.052875,0.0
pressure_loss,0.05295,0.0
pressure_loss,0.053024999999999996,0.0
pressure_loss,0.053099999999999994,0.0
pressure_loss,0.053175,0.0
pressure_loss,0.05324999999999999,0.0
pressure_loss,0.053325,0.0
pressure_loss,0.053399999999999996,0.0
pressure_loss,0.053474999999999995,0.0
pressure_loss,0.05355,0.0
pressure_loss,0.05362499999999999,0.0
pressure_loss,0.0537,0.0
pressure_loss,0.053774999999999996,0.0
pressure_loss,0.053849999999999995,0.0
pressure_loss,0.053925,0.0
pressure_loss,0.05399999999999999,0.0
pressure_loss,0.054075,0.0
pressure_loss,0.05415,0.0
pressure_loss,0.054224999999999995,0.0
pressure_loss,0.0543,0.0
pressure_loss,0.05437499999999999,0.0
pressure_loss,0.05445,0.0
pressure_loss,0.054525,0.0
pressure_loss,0.054599999999999996,0.0
pressure_loss,0.054675,0.0
pressure_loss,0.05474999999999999,0.0
pressure_loss,0.054825,0.0
pressure_loss,0.0549,0.0
pressure_loss,0.054974999999999996,0.0
pressure_loss,0.05505,0.0
pressure_loss,0.05512499999999999,0.0
pressure_loss,0.0552,0.0
pressure_loss,0.055275,0.0
pressure_loss,0.055349999999999996,0.0
pressure_loss,0.055424999999999995,0.0
pressure_loss,0.055499999999999994,0.0
pressure_loss,0.055575,0.0
pressure_loss,0.05565,0.0
pressure_loss,0.055725,0.0
pressure_loss,0.055799999999999995,0.0
pressure_loss,0.055874999999999994,0.0
pressure_loss,0.05595,0.0
pressure_loss,0.05602499999999999,0.0
pressure_loss,0.0561,0.0
pressure_loss,0.056174999999999996,0.0
pressure_loss,0.056249999999999994,0.0
pressure_loss,0.056325,0.0
pressure_loss,0.05639999999999999,0.0
pressure_loss,0.056475,0.0
pressure_loss,0.056549999999999996,0.0
pressure_loss,0.056624999999999995,0.0
pressure_loss,0.0567,0.0
pressure_loss,0.05677499999999999,0.0
pressure_loss,0.05685,0.0
pressure_loss,0.056924999999999996,0.0
pressure_loss,0.056999999999999995,0.0
pressure_loss,0.057075,0.0
pressure_loss,0.05714999999999999,0.0
pressure_loss,0.057225,0.0
pressure_loss,0.0573,0.0
pressure_loss,0.057374999999999995,0.0
pressure_loss,0.05745,0.0
pressure_loss,0.05752499999999999,0.0
pressure_loss,0.0576,0.0
pressure_loss,0.057675,0.0
pressure_loss,0.057749999999999996,0.0
pressure_loss,0.057825,0.0
pressure_loss,0.05789999999999999,0.0
pressure_loss,0.057975,0.0
pressure_loss,0.05805,0.0
pressure_loss,0.058124999999999996,0.0
pressure_loss,0.058199999999999995,0.0
pressure_loss,0.058274999999999993,0.0
pressure_loss,0.05835,0.0
pressure_loss,0.058425,0.0
pressure_loss,0.058499999999999996,0.0
pressure_loss,0.058574999999999995,0.0
pressure_loss,0.058649999999999994,0.0
pressure_loss,0.058725,0.0
pressure_loss,0.0588,0.0
pressure_loss,0.058875,0.0
pressure_loss,0.058949999999999995,0.0
pressure_loss,0.059024999999999994,0.0
pressure_loss,0.0591,0.0
pressure_loss,0.05917499999999999,0.0
pressure_loss,0.05925,0.0
pressure_loss,0.059324999999999996,0.0
pressure_loss,0.059399999999999994,0.0
pressure_loss,0.059475,0.0
pressure_loss,0.05954999999999999,0.0
pressure_loss,0.059625,0.0
pressure_loss,0.059699999999999996,0.0
pressure_loss,0.059774999999999995,0.0
pressure_loss,0.05985,0.0
pressure_loss,0.05992499999999999,0.0
pressure_loss,0.06,0.0
k_pi,0.5,0.0
k_pi,0.5025,0.0
k_pi,0.505,0.0
k_pi,0.5075,0.0
k_pi,0.51,0.0
k_pi,0.5125,0.0
k_pi,0.515,0.0
k_pi,0.5175,0.0
k_pi,0.52,0.0
k_pi,0.5225,0.0
k_pi,0.525,0.0
k_pi,0.5275,0.0
k_pi,0.53,0.0
k_pi,0.5325,0.0
k_pi,0.535,0.0
k_pi,0.5375,0.0
k_pi,0.54,0.0
k_pi,0.5425,0.0
k_pi,0.545,0.0
k_pi,0.5475,0.0
k_pi,0.55,0.0
k_pi,0.5525,0.0
k_pi,0.555,0.0
k_pi,0.5575,0.0
k_pi,0.56,0.0
k_pi,0.561834047335499,0.0
k_pi,0.5625,0.0
k_pi,0.565,0.0
k_pi,0.5675,0.0
k_pi,0.5700000000000001,0.0
k_pi,0.5725,0.0
k_pi,0.575,0.0
k_pi,0.5775,0.0
k_pi,0.58,0.0
k_pi,0.5825,0.0
k_pi,0.585,0.0
k_pi,0.5875,0.0
k_pi,0.59,0.0
k_pi,0.5925,0.0
k_pi,0.595,0.0
k_pi,0.5975,0.0
k_pi,0.6,0.0
k_pi,0.6025,0.0
k_pi,0.605,0.0
k_pi,0.6075,0.0
k_pi,0.61,0.0
k_pi,0.6125,0.0
k_pi,0.615,0.0
k_pi,0.6175,0.0
k_pi,0.62,0.0
k_pi,0.6225,0.0
k_pi,0.625,0.0
k_pi,0.6275,0.0
k_pi,0.63,0.0
k_pi,0.6325000000000001,0.0
k_pi,0.635,0.0
k_pi,0.6375,0.0
k_pi,0.64,0.0
k_pi,0.6425000000000001,0.0
k_pi,0.645,0.0
k_pi,0.6475,0.0
k_pi,0.65,0.0
k_pi,0.6525,0.0
k_pi,0.655,0.0
k_pi,0.6575,0.0
k_pi,0.66,0.0
k_pi,0.6625,0.0
k_pi,0.665,0.0
k_pi,0.6675,0.0
k_pi,0.67,0.0
k_pi,0.6725,0.0
k_pi,0.675,0.0
k_pi,0.6775,0.0
k_pi,0.6799999999999999,0.0
k_pi,0.6825,0.0
k_pi,0.685,0.0
k_pi,0.6875,0.0
k_pi,0.69,0.0
k_pi,0.6925,0.0
k_pi,0.6950000000000001,0.0
k_pi,0.6975,0.0
k_pi,0.7,0.0
k_pi,0.7025,0.0
k_pi,0.7050000000000001,0.0
k_pi,0.7075,0.0
k_pi,0.71,0.0
k_pi,0.7125,0.0
k_pi,0.715,0.0
k_pi,0.7175,0.0
k_pi,0.72,0.0
k_pi,0.7225,0.0
k_pi,0.725,0.0
k_pi,0.7275,0.0
k_pi,0.73,0.0
k_pi,0.7325,0.0
k_pi,0.735,0.0
k_pi,0.7375,0.0
k_pi,0.74,0.0
k_pi,0.7424999999999999,0.0
k_pi,0.745,0.0
k_pi,0.7475,0.0
k_pi,0.75,0.0
k_pi,0.7525,0.0
k_pi,0.755,0.0
k_pi,0.7575000000000001,0.0
k_pi,0.76,0.0
k_pi,0.7625,0.0
k_pi,0.765,0.0
k_pi,0.7675000000000001,0.0
k_pi,0.77,0.0
k_pi,0.7725,0.0
k_pi,0.775,0.0
k_pi,0.7775000000000001,0.0
k_pi,0.78,0.0
k_pi,0.7825,0.0
k_pi,0.785,0.0
k_pi,0.7875000000000001,0.0
k_pi,0.79,0.0
k_pi,0.7925,0.0
k_pi,0.7949999999999999,0.0
k_pi,0.7975,0.0
k_pi,0.8,0.0
k_pi,0.8025,0.0
k_pi,0.8049999999999999,0.0
k_pi,0.8075,0.0
k_pi,0.81,0.0
k_pi,0.8125,0.0
k_pi,0.815,0.0
k_pi,0.8175,0.0
k_pi,0.8200000000000001,0.0
k_pi,0.8225,0.0
k_pi,0.825,0.0
k_pi,0.8275,0.0
k_pi,0.8300000000000001,0.0
k_pi,0.8325,0.0
k_pi,0.835,0.0
k_pi,0.8375,0.0
k_pi,0.8400000000000001,0.0
k_pi,0.8425,0.0
k_pi,0.845,0.0
k_pi,0.8475,0.0
k_pi,0.8500000000000001,0.0
k_pi,0.8525,0.0
k_pi,0.855,0.0
k_pi,0.8574999999999999,0.0
k_pi,0.86,0.0
k_pi,0.8625,0.0
k_pi,0.865,0.0
k_pi,0.8674999999999999,0.0
k_pi,0.87,0.0
k_pi,0.8725,0.0
k_pi,0.875,0.0
k_pi,0.8775,0.0
k_pi,0.88,0.0
k_pi,0.8825000000000001,0.0
k_pi,0.885,0.0
k_pi,0.8875,0.0
k_pi,0.89,0.0
k_pi,0.8925000000000001,0.0
k_pi,0.895,0.0
k_pi,0.8975,0.0
k_pi,0.9,0.0
k_pi,0.9025000000000001,0.0
k_pi,0.905,0.0
k_pi,0.9075,0.0
k_pi,0.91,0.0
k_pi,0.9125000000000001,0.0
k_pi,0.915,0.0
k_pi,0.9175,0.0
k_pi,0.9199999999999999,0.0
k_pi,0.9225,0.0
k_pi,0.925,0.0
k_pi,0.9275,0.0
k_pi,0.9299999999999999,0.0
k_pi,0.9325,0.0
k_pi,0.935,0.0
k_pi,0.9375,0.0
k_pi,0.94,0.0
k_pi,0.9425,0.0
k_pi,0.9450000000000001,0.0
k_pi,0.9475,0.0
k_pi,0.95,0.0
k_pi,0.9525,0.0
k_pi,0.9550000000000001,0.0
k_pi,0.9575,0.0
k_pi,0.96,0.0
k_pi,0.9625,0.0
k_pi,0.9650000000000001,0.0
k_pi,0.9675,0.0
k_pi,0.97,0.0
k_pi,0.9725,0.0
k_pi,0.9750000000000001,0.0
k_pi,0.9775,0.0
k_pi,0.98,0.0
k_pi,0.9824999999999999,0.0
k_pi,0.985,0.0
k_pi,0.9875,0.0
k_pi,0.99,0.0
k_pi,0.9924999999999999,0.0
k_pi,0.995,0.0
k_pi,0.9975,0.0
k_pi,1.0,0.0
k_pi,1.0025,0.0
k_pi,1.005,0.0
k_pi,1.0075,0.0
k_pi,1.01,0.0
k_pi,1.0125,0.0
k_pi,1.0150000000000001,0.0
k_pi,1.0175,0.0
k_pi,1.02,0.0
k_pi,1.0225,0.0
k_pi,1.025,0.0
k_pi,1.0274999999999999,0.0
k_pi,1.03,0.0
k_pi,1.0325,0.0
k_pi,1.0350000000000001,0.0
k_pi,1.0375,0.0
k_pi,1.04,0.0
k_pi,1.0425,0.0
k_pi,1.045,0.0
k_pi,1.0474999999999999,0.0
k_pi,1.05,0.0
k_pi,1.0525,0.0
k_pi,1.0550000000000002,0.0
k_pi,1.0575,0.0
k_pi,1.06,0.0
k_pi,1.0625,0.0
k_pi,1.065,0.0
k_pi,1.0675,0.0
k_pi,1.07,0.0
k_pi,1.0725,0.0
k_pi,1.0750000000000002,0.0
k_pi,1.0775000000000001,0.0
k_pi,1.08,0.0
k_pi,1.0825,0.0
k_pi,1.085,0.0
k_pi,1.0875,0.0
k_pi,1.0899999999999999,0.0
k_pi,1.0925,0.0
k_pi,1.095,0.0
k_pi,1.0975000000000001,0.0
k_pi,1.1,0.0
k_pi,1.1025,0.0
k_pi,1.105,0.0
k_pi,1.1075,0.0
k_pi,1.1099999999999999,0.0
k_pi,1.1125,0.0
k_pi,1.115,0.0
k_pi,1.1175000000000002,0.0
k_pi,1.12,0.0
k_pi,1.1225,0.0
k_pi,1.125,0.0
k_pi,1.1275,0.0
k_pi,1.13,0.0
k_pi,1.1325,0.0
k_pi,1.135,0.0
k_pi,1.1375000000000002,0.0
k_pi,1.1400000000000001,0.0
k_pi,1.1425,0.0
k_pi,1.145,0.0
k_pi,1.1475,0.0
k_pi,1.15,0.0
k_pi,1.1524999999999999,0.0
k_pi,1.155,0.0
k_pi,1.1575,0.0
k_pi,1.1600000000000001,0.0
k_pi,1.1625,0.0
k_pi,1.165,0.0
k_pi,1.1675,0.0
k_pi,1.17,0.0
k_pi,1.1724999999999999,0.0
k_pi,1.175,0.0
k_pi,1.1775,0.0
k_pi,1.1800000000000002,0.0
k_pi,1.1825,0.0
k_pi,1.185,0.0
k_pi,1.1875,0.0
k_pi,1.19,0.0
k_pi,1.1925,0.0
k_pi,1.195,0.0
k_pi,1.1975,0.0
k_pi,1.2000000000000002,0.0
k_pi,1.2025000000000001,0.0
k_pi,1.205,0.0
k_pi,1.2075,0.0
k_pi,1.21,0.0
k_pi,1.2125,0.0
k_pi,1.2149999999999999,0.0
k_pi,1.2175,0.0
k_pi,1.22,0.0
k_pi,1.2225000000000001,0.0
k_pi,1.225,0.0
k_pi,1.2275,0.0
k_pi,1.23,0.0
k_pi,1.2325,0.0
k_pi,1.2349999999999999,0.0
k_pi,1.2375,0.0
k_pi,1.24,0.0
k_pi,1.2425000000000002,0.0
k_pi,1.245,0.0
k_pi,1.2475,0.0
k_pi,1.25,0.0
k_pi,1.2525,0.0
k_pi,1.255,0.0
k_pi,1.2575,0.0
k_pi,1.26,0.0
k_pi,1.2625000000000002,0.0
k_pi,1.2650000000000001,0.0
k_pi,1.2675,0.0
k_pi,1.27,0.0
k_pi,1.2725,0.0
k_pi,1.275,0.0
k_pi,1.2774999999999999,0.0
k_pi,1.28,0.0
k_pi,1.2825,0.0
k_pi,1.2850000000000001,0.0
k_pi,1.2875,0.0
k_pi,1.29,0.0
k_pi,1.2925,0.0
k_pi,1.295,0.0
k_pi,1.2974999999999999,0.0
k_pi,1.3,0.0
k_pi,1.3025,0.0
k_pi,1.3050000000000002,0.0
k_pi,1.3075,0.0
k_pi,1.31,0.0
k_pi,1.3125,0.0
k_pi,1.315,0.0
k_pi,1.3175,0.0
k_pi,1.32,0.0
k_pi,1.3225,0.0
k_pi,1.3250000000000002,0.0
k_pi,1.3275000000000001,0.0
k_pi,1.33,0.0
k_pi,1.3325,0.0
k_pi,1.335,0.0
k_pi,1.3375,0.0
k_pi,1.3399999999999999,0.0
k_pi,1.3425,0.0
k_pi,1.345,0.0
k_pi,1.3475000000000001,0.0
k_pi,1.35,0.0
k_pi,1.3525,0.0
k_pi,1.355,0.0
k_pi,1.3575,0.0
k_pi,1.3599999999999999,0.0
k_pi,1.3625,0.0
k_pi,1.365,0.0
k_pi,1.3675000000000002,0.0
k_pi,1.37,0.0
k_pi,1.3725,0.0
k_pi,1.375,0.0
k_pi,1.3775,0.0
k_pi,1.38,0.0
k_pi,1.3825,0.0
k_pi,1.385,0.0
k_pi,1.3875000000000002,0.0
k_pi,1.3900000000000001,0.0
k_pi,1.3925,0.0
k_pi,1.395,0.0
k_pi,1.3975,0.0
k_pi,1.4,0.0
k_pi,1.4024999999999999,0.0
k_pi,1.405,0.0
k_pi,1.4075,0.0
k_pi,1.4100000000000001,0.0
k_pi,1.4125,0.0
k_pi,1.415,0.0
k_pi,1.4175,0.0
k_pi,1.42,0.0
k_pi,1.4224999999999999,0.0
k_pi,1.425,0.0
k_pi,1.4275,0.0
k_pi,1.4300000000000002,0.0
k_pi,1.4325,0.0
k_pi,1.435,0.0
k_pi,1.4375,0.0
k_pi,1.44,0.0
k_pi,1.4425,0.0
k_pi,1.445,0.0
k_pi,1.4475,0.0
k_pi,1.4500000000000002,0.0
k_pi,1.4525000000000001,0.0
k_pi,1.455,0.0
k_pi,1.4575,0.0
k_pi,1.46,0.0
k_pi,1.4625,0.0
k_pi,1.4649999999999999,0.0
k_pi,1.4675,0.0
k_pi,1.47,0.0
k_pi,1.4725000000000001,0.0
k_pi,1.475,0.0
k_pi,1.4775,0.0
k_pi,1.48,0.0
k_pi,1.4825,0.0
k_pi,1.4849999999999999,0.0
k_pi,1.4875,0.0
k_pi,1.49,0.0
k_pi,1.4925000000000002,0.0
k_pi,1.495,0.0
k_pi,1.4975,0.0
k_pi,1.5,0.0
k_mdot,0.3,0.3778204533641423
k_mdot,0.30174999999999996,0.37414986083478247
k_mdot,0.3035,0.3704938293094748
k_mdot,0.30524999999999997,0.36685229640522504
k_mdot,0.307,0.3632252000176846
k_mdot,0.30874999999999997,0.35961247831988113
k_mdot,0.3105,0.35601406976095284
k_mdot,0.31224999999999997,0.3524299130648903
k_mdot,0.314,0.34885994722928254
k_mdot,0.31575,0.3453041115240705
k_mdot,0.3175,0.34176234549030476
k_mdot,0.31925,0.3382345889389103
k_mdot,0.321,0.3347207819494553
k_mdot,0.32275,0.33122086486892827
k_mdot,0.3245,0.32773477831051706
k_mdot,0.32625,0.32426246315239715
k_mdot,0.32799999999999996,0.3208038605365235
k_mdot,0.32975,0.31735891186742804
k_mdot,0.3315,0.3139275588110236
k_mdot,0.33325,0.3105097432934126
k_mdot,0.33499999999999996,0.307105407499701
k_mdot,0.33675,0.30371449387281896
k_mdot,0.33849999999999997,0.30033694511234565
k_mdot,0.34025,0.29697270417333976
k_mdot,0.34199999999999997,0.29362171426517586
k_mdot,0.34375,0.2902839188503856
k_mdot,0.3455,0.2869592616435051
k_mdot,0.34725,0.2836476866099257
k_mdot,0.349,0.28034913796475275
k_mdot,0.35075,0.2770635601716673
k_mdot,0.3525,0.27379089794179406
k_mdot,0.35424999999999995,0.27053109623257493
k_mdot,0.356,0.26728410024664656
k_mdot,0.35775,0.26404985543072423
k_mdot,0.3595,0.2608283074744903
k_mdot,0.36124999999999996,0.2576194023094874
k_mdot,0.363,0.25442308610801784
k_mdot,0.36474999999999996,0.25123930528204713
k_mdot,0.3665,0.24806800648211272
k_mdot,0.36824999999999997,0.24490913659623806
k_mdot,0.37,0.24176264274885118
k_mdot,0.37174999999999997,0.238628472299709
k_mdot,0.3735,0.2355065728428256
k_mdot,0.37525,0.23239689220540635
k_mdot,0.377,0.22929937844678613
k_mdot,0.37875,0.2262139798573735
k_mdot,0.38049999999999995,0.22314064495759853
k_mdot,0.38225,0.22007932249686565
k_mdot,0.384,0.21702996145251283
k_mdot,0.38575,0.21399251102877348
k_mdot,0.38749999999999996,0.2109669206557443
k_mdot,0.38925,0.20795313998835716
k_mdot,0.391,0.20495111890535747
k_mdot,0.39275,0.20196080750828457
k_mdot,0.39449999999999996,0.1989821561204587
k_mdot,0.39625,0.19601511528597204
k_mdot,0.39799999999999996,0.19305963576868487
k_mdot,0.39975,0.1901156685512254
k_mdot,0.40149999999999997,0.18718316483399525
k_mdot,0.40325,0.18426207603417802
k_mdot,0.40499999999999997,0.181352353784755
k_mdot,0.40674999999999994,0.17845394993352218
k_mdot,0.4085,0.17556681654211437
k_mdot,0.41025,0.17269090588503255
k_mdot,0.412,0.1698261704486764
k_mdot,0.41374999999999995,0.1669725629303798
k_mdot,0.4155,0.16413003623745293
k_mdot,0.41725,0.1612985434862273
k_mdot,0.419,0.15847803800110521
k_mdot,0.42074999999999996,0.15566847331361464
k_mdot,0.4225,0.15286980316146684
k_mdot,0.42424999999999996,0.15008198148762
k_mdot,0.426,0.14730496243934596
k_mdot,0.42774999999999996,0.1445387003673018
k_mdot,0.4295,0.14178314982460524
k_mdot,0.43124999999999997,0.1390382655659154
k_mdot,0.43299999999999994,0.13630400254651578
k_mdot,0.43474999999999997,0.1335803159214036
k_mdot,0.4365,0.13086716104438245
k_mdot,0.43825,0.12816449346715833
k_mdot,0.43999999999999995,0.12547226893844096
k_mdot,0.44175,0.12279044340304864
k_mdot,0.4435,0.12011897300101813
k_mdot,0.44525,0.11745781406671672
k_mdot,0.44699999999999995,0.11480692312796059
k_mdot,0.44875,0.1121662569051353
k_mdot,0.4505,0.10953577231032241
k_mdot,0.45225,0.10691542644642778
k_mdot,0.45399999999999996,0.10430517660631533
k_mdot,0.45575,0.10170498027194463
k_mdot,0.45749999999999996,0.09911479511351273
k_mdot,0.45924999999999994,0.09653457898859819
k_mdot,0.46099999999999997,0.09396428994131178
k_mdot,0.46275,0.09140388620144872
k_mdot,0.46449999999999997,0.08885332618364618
k_mdot,0.46624999999999994,0.08631256848654408
k_mdot,0.46799999999999997,0.08378157189194983
k_mdot,0.46975,0.08126029536400699
k_mdot,0.4715,0.07874869804836804
k_mdot,0.47324999999999995,0.07624673927136992
k_mdot,0.475,0.07375437853921459
k_mdot,0.47675,0.07127157553715302
k_mdot,0.4785,0.06879829012867231
k_mdot,0.48024999999999995,0.06633448235468702
k_mdot,0.482,0.06388011243273399
k_mdot,0.48374999999999996,0.06143514075617221
k_mdot,0.48549999999999993,0.05899952789338342
k_mdot,0.48724999999999996,0.0565732345869794
k_mdot,0.489,0.054156221753011526
k_mdot,0.49074999999999996,0.05174845048018347
k_mdot,0.49249999999999994,0.04934988202906867
k_mdot,0.49424999999999997,0.04696047783133084
k_mdot,0.496,0.044580199488947904
k_mdot,0.49774999999999997,0.04220900877343966
k_mdot,0.49949999999999994,0.03984686762509947
k_mdot,0.50125,0.037493738152227805
k_mdot,0.503,0.03514958263037212
k_mdot,0.50475,0.03281436350156749
k_mdot,0.5065,0.0304880433735823
k_mdot,0.50825,0.02817058501916664
k_mdot,0.51,0.027357498822562356
k_mdot,0.5117499999999999,0.026598340441493354
k_mdot,0.5135,0.0258407798871395
k_mdot,0.51525,0.025084813796500058
k_mdot,0.5169999999999999,0.024330438813652572
k_mdot,0.5187499999999999,0.023577651589737864
k_mdot,0.5205,0.022826448782944958
k_mdot,0.52225,0.022076827058496992
k_mdot,0.524,0.021328783088635436
k_mdot,0.5257499999999999,0.02058231355260621
k_mdot,0.5275,0.01983741513664414
k_mdot,0.52925,0.019094084533959103
k_mdot,0.5309999999999999,0.018352318444720666
k_mdot,0.53275,0.01761211357604345
k_mdot,0.5345,0.01687346664197291
k_mdot,0.53625,0.016136374363470773
k_mdot,0.538,0.015400833468400044
k_mdot,0.53975,0.014666840691510558
k_mdot,0.5415,0.013934392774425016
k_mdot,0.54325,0.013203486465623875
k_mdot,0.5449999999999999,0.01247411852043123
k_mdot,0.54675,0.011746285701000246
k_mdot,0.5485,0.011019984776299159
k_mdot,0.5502499999999999,0.010295212522096591
k_mdot,0.552,0.0095719657209469
k_mdot,0.55375,0.008850241162177124
k_mdot,0.5554999999999999,0.008130035641871246
k_mdot,0.55725,0.007411345962856651
k_mdot,0.5589999999999999,0.006694168934690404
k_mdot,0.56075,0.005978501373644181
k_mdot,0.5625,0.005264340102690748
k_mdot,0.5642499999999999,0.004551681951489595
k_mdot,0.566,0.0038405237563729163
k_mdot,0.56775,0.003130862360331703
k_mdot,0.5694999999999999,0.002422694613001436
k_mdot,0.57125,0.001716017370648563
k_mdot,0.573,0.0010108274961559054
k_mdot,0.57475,0.00030712185900933446
k_mdot,0.5751875,0.0001314269955784911
k_mdot,0.5752421875,0.0001094716440183457
k_mdot,0.575255859375,0.00010398303199811826
k_mdot,0.5752626953125,0.0001012387598674191
k_mdot,0.575264404296875,0.00010055269536378386
k_mdot,0.5752652587890625,0.00010020966364129341
k_mdot,0.5752656860351563,0.00010003814791242313
k_mdot,0.575265739440918,0.00010001670845257339
k_mdot,0.5752657661437989,0.00010000598872308931
k_mdot,0.5752657794952394,0.00010000062885849184
k_mdot,0.5752657803297044,0.00010000029386694802
k_mdot,0.575265780746937,0.00010000012637109046
k_mdot,0.5752657809555533,0.00010000004262330489
k_mdot,0.5752657810598614,0.00010000000074940228
k_mdot,0.5752657810614912,0.00010000000009504881
k_mdot,0.5752657810616949,0.00010000000001330203
k_mdot,0.5752657810617203,0.00010000000000307701
k_mdot,0.5752657810617268,0.00010000000000048706
k_mdot,0.5752657810617283,9.999999999983433e-05
k_mdot,0.5752657810617299,9.999999999925878e-05
k_mdot,0.5752657810617331,9.99999999980305e-05
k_mdot,0.5752657810617459,9.999999999281269e-05
k_mdot,0.5752657810617967,9.99999999723809e-05
k_mdot,0.5752657810618986,9.999999993145977e-05
k_mdot,0.5752657810623061,9.999999976791002e-05
k_mdot,0.575265781063121,9.999999944077121e-05
k_mdot,0.5752657810663806,9.999999813225387e-05
k_mdot,0.5752657810728998,9.999999551504791e-05
k_mdot,0.5752657810859384,9.999999028086484e-05
k_mdot,0.5752657811120154,9.999997981236532e-05
k_mdot,0.5752657811641695,9.999995887538591e-05
k_mdot,0.5752657828330995,9.999928889233756e-05
k_mdot,0.5752657861709596,9.99979489262212e-05
k_mdot,0.5752657928466798,9.999526899402776e-05
k_mdot,0.5752658996582032,9.995239008115758e-05
k_mdot,0.57526611328125,9.986663227182158e-05
k_mdot,0.57526953125,9.849451032266879e-05
k_mdot,0.575296875,8.751773800080745e-05
k_mdot,0.57540625,4.361426221229824e-05
k_mdot,0.575625,3.7917453026815455e-17
k_mdot,0.5765,7.583490605363091e-17
k_mdot,0.5782499999999999,7.583490605363091e-17
k_mdot,0.58,7.583490605363091e-17
k_mdot,0.58175,3.7917453026815455e-17
k_mdot,0.5834999999999999,0.0
k_mdot,0.5852499999999999,9.54717829710952e-17
k_mdot,0.587,5.755432994427976e-17
k_mdot,0.5887499999999999,0.0
k_mdot,0.5905,3.7917453026815455e-17
k_mdot,0.5922499999999999,0.0
k_mdot,0.594,0.0
k_mdot,0.59575,5.755432994427976e-17
k_mdot,0.5974999999999999,3.7917453026815455e-17
k_mdot,0.59925,0.0
k_mdot,0.601,9.54717829710952e-17
k_mdot,0.6027499999999999,3.7917453026815455e-17
k_mdot,0.6045,0.0
k_mdot,0.60625,5.755432994427976e-17
k_mdot,0.6079999999999999,3.7917453026815455e-17
k_mdot,0.60975,3.7917453026815455e-17
k_mdot,0.6114999999999999,0.0
k_mdot,0.61325,3.7917453026815455e-17
k_mdot,0.615,0.0
k_mdot,0.6167499999999999,9.54717829710952e-17
k_mdot,0.6184999999999999,9.54717829710952e-17
k_mdot,0.62025,0.0
k_mdot,0.6217921052413873,0.0
k_mdot,0.6219999999999999,9.54717829710952e-17
k_mdot,0.62375,9.54717829710952e-17
k_mdot,0.624625,9.54717829710952e-17
k_mdot,0.6248437499999999,9.54717829710952e-17
k_mdot,0.624953125,1.068671458792264e-05
k_mdot,0.6250078125,5.915773024685785e-05
k_mdot,0.6250351562500001,8.339059480833167e-05
k_mdot,0.625048828125,9.550636632793784e-05
k_mdot,0.62505224609375,9.853524038133482e-05
k_mdot,0.6250531005859374,9.929245459311087e-05
k_mdot,0.6250535278320313,9.9671061053785e-05
k_mdot,0.6250537414550781,9.986036412277484e-05
k_mdot,0.6250538482666015,9.995501561685823e-05
k_mdot,0.6250538749694824,9.997867848626046e-05
k_mdot,0.6250538883209229,9.999050992039281e-05
k_mdot,0.6250538949966431,9.999642563723148e-05
k_mdot,0.6250538983345032,9.99993834956129e-05
k_mdot,0.6250538987517358,9.999975322797693e-05
k_mdot,0.625053898960352,9.999993809406416e-05
k_mdot,0.6250538990125061,9.999998431062388e-05
k_mdot,0.6250538990255445,9.99999958646785e-05
k_mdot,0.6250538990288041,9.999999875328762e-05
k_mdot,0.625053899029619,9.999999947536796e-05
k_mdot,0.6250538990300265,9.999999983638002e-05
k_mdot,0.6250538990301284,9.999999992673732e-05
k_mdot,0.6250538990301793,9.999999997184081e-05
k_mdot,0.6250538990302048,9.999999999445789e-05
k_mdot,0.6250538990302079,9.999999999724551e-05
k_mdot,0.6250538990302095,9.999999999855297e-05
k_mdot,0.6250538990302111,0.00010000000000003176
k_mdot,0.6250538990302175,0.00010000000000564353
k_mdot,0.6250538990302302,0.00010000000001698086
k_mdot,0.625053899030434,0.00010000000019752549
k_mdot,0.6250538990320638,0.00010000000164180127
k_mdot,0.6250538990385831,0.00010000000741888478
k_mdot,0.6250538990646601,0.00010000003052720325
k_mdot,0.6250538991689683,0.00010000012296022722
k_mdot,0.6250539000034332,0.00010000086242482324
k_mdot,0.6250539016723633,0.00010000234135401397
k_mdot,0.625053955078125,0.000100049667084287
k_mdot,0.6250556640625,0.0001015640869046134
k_mdot,0.6250625,0.00010762169736174483
k_mdot,0.6255,0.000495079809661786
k_mdot,0.62725,0.002040412325975332
k_mdot,0.629,0.003578570028214201
k_mdot,0.6307499999999999,0.005109586228274932
k_mdot,0.6325,0.006633494083390728
k_mdot,0.63425,0.008150326596848903
k_mdot,0.6359999999999999,0.00966011661870625
k_mdot,0.6377499999999999,0.01116289684650046
k_mdot,0.6395,0.012658699825957768
k_mdot,0.6412499999999999,0.014147557951697733
k_mdot,0.643,0.015629503467936175
k_mdot,0.6447499999999999,0.017104568469181382
k_mdot,0.6465,0.018572784900930814
k_mdot,0.64825,0.020034184560362385
k_mdot,0.6499999999999999,0.021488799097022792
k_mdot,0.6517499999999999,0.022936660013513716
k_mdot,0.6535,0.02437779866617337
k_mdot,0.6552499999999999,0.025812246265755567
k_mdot,0.657,0.027240033878106626
k_mdot,0.65875,0.02866119242483661
k_mdot,0.6605,0.030075752683990504
k_mdot,0.66225,0.03148374529071377
k_mdot,0.6639999999999999,0.032885200737916245
k_mdot,0.66575,0.03428014937693246
k_mdot,0.6675,0.03566862141817891
k_mdot,0.6692499999999999,0.037050646931808415
k_mdot,0.6709999999999999,0.03842625584836112
k_mdot,0.67275,0.03979547795941312
k_mdot,0.6744999999999999,0.041158342918221034
k_mdot,0.67625,0.042514880240365156
k_mdot,0.6779999999999999,0.0438651193043872
k_mdot,0.67975,0.04520908935242837
k_mdot,0.6815,0.046546819490861174
k_mdot,0.6832499999999999,0.04787833869092043
k_mdot,0.6849999999999999,0.04920367578933082
k_mdot,0.68675,0.050522859488930906
k_mdot,0.6884999999999999,0.05183591835929511
k_mdot,0.69025,0.05314288083735258
k_mdot,0.692,0.054443775228002374
k_mdot,0.6937499999999999,0.05573862970472738
k_mdot,0.6955,0.057027472310204025
k_mdot,0.6972499999999999,0.05831033095690905
k_mdot,0.699,0.059587233427725074
k_mdot,0.70075,0.060858207376541566
k_mdot,0.7024999999999999,0.06212328032885378
k_mdot,0.7042499999999999,0.06338247968235944
k_mdot,0.706,0.06463583270755131
k_mdot,0.7077499999999999,0.06588336654830816
k_mdot,0.7095,0.06712510822248298
k_mdot,0.7112499999999999,0.06836108462248719
k_mdot,0.713,0.06959132251587428
k_mdot,0.71475,0.07081584854591837
k_mdot,0.7164999999999999,0.07203468923219174
k_mdot,0.7182499999999999,0.07324787097113938
k_mdot,0.72,0.07445542003665014
k_mdot,0.7217499999999999,0.0756573625806261
k_mdot,0.7234999999999999,0.07685372463354898
k_mdot,0.72525,0.07804453210504339
k_mdot,0.7269999999999999,0.07922981078443862
k_mdot,0.72875,0.08040958634132701
k_mdot,0.7304999999999999,0.08158388432611918
k_mdot,0.73225,0.08275273017059846
k_mdot,0.734,0.08391614918847072
k_mdot,0.7357499999999999,0.08507416657591323
k_mdot,0.7374999999999999,0.08622680741212009
k_mdot,0.73925,0.08737409665984529
k_mdot,0.7409999999999999,0.08851605916594334
k_mdot,0.74275,0.08965271966190778
k_mdot,0.7444999999999999,0.09078410276440589
k_mdot,0.74625,0.09191023297581301
k_mdot,0.748,0.09303113468474229
k_mdot,0.7497499999999999,0.09414683216657295
k_mdot,0.7515,0.0952573495839767
k_mdot,0.75325,0.09636271098744008
k_mdot,0.7549999999999999,0.0974629403157859
k_mdot,0.7567499999999999,0.0985580613966918
k_mdot,0.7585,0.09964809794720586
k_mdot,0.7602499999999999,0.10073307357426033
k_mdot,0.762,0.10181301177518326
k_mdot,0.7637499999999999,0.10288793593820685
k_mdot,0.7655,0.10395786934297446
k_mdot,0.76725,0.10502283516104442
k_mdot,0.7689999999999999,0.10608285645639194
k_mdot,0.7707499999999999,0.10713795618590892
k_mdot,0.7725,0.10818815719990045
k_mdot,0.7742499999999999,0.10923348224258021
k_mdot,0.776,0.11027395395256341
k_mdot,0.7777499999999999,0.1113095948633558
k_mdot,0.7794999999999999,0.11234042740384302
k_mdot,0.78125,0.11336647389877574
k_mdot,0.7829999999999999,0.11438775656925282
k_mdot,0.78475,0.11540429753320335
k_mdot,0.7865,0.11641611880586504
k_mdot,0.7882499999999999,0.11742324230026106
k_mdot,0.7899999999999999,0.1184256898276752
k_mdot,0.79175,0.11942348309812334
k_mdot,0.7934999999999999,0.12041664372082407
k_mdot,0.79525,0.12140519320466721
k_mdot,0.7969999999999999,0.12238915295867846
k_mdot,0.79875,0.12336854429248399
k_mdot,0.8005,0.12434338841677173
k_mdot,0.8022499999999999,0.12531370644375045
k_mdot,0.804,0.1262795193876074
k_mdot,0.80575,0.12724084816496292
k_mdot,0.8074999999999999,0.12819771359532392
k_mdot,0.80925,0.12915013640153467
k_mdot,0.8109999999999999,0.13009813721022515
k_mdot,0.8127499999999999,0.1310417365522582
k_mdot,0.8145,0.13199744312371936
k_mdot,0.8162499999999999,0.13363384415457272
k_mdot,0.8179999999999998,0.1352644281786822
k_mdot,0.81975,0.13688921845603963
k_mdot,0.8214999999999999,0.13850823814653046
k_mdot,0.82325,0.14012151031038356
k_mdot,0.825,0.14172905790861548
k_mdot,0.8267499999999999,0.14333090380347643
k_mdot,0.8285,0.14492707075889116
k_mdot,0.8302499999999999,0.14651758144089896
k_mdot,0.8319999999999999,0.14810245841809255
k_mdot,0.83375,0.14968172416205344
k_mdot,0.8354999999999999,0.1512554010477857
k_mdot,0.8372499999999998,0.15282351135414926
k_mdot,0.839,0.15438607726428902
k_mdot,0.8407499999999999,0.15594312086606263
k_mdot,0.8425,0.15749466415246816
k_mdot,0.84425,0.15904072902206653
k_mdot,0.8459999999999999,0.16058133727940535
k_mdot,0.84775,0.1621165106354387
k_mdot,0.8494999999999999,0.16364627070794482
k_mdot,0.8512499999999998,0.1651706390219443
k_mdot,0.853,0.1666896370101134
k_mdot,0.8547499999999999,0.16820328601319698
k_mdot,0.8565,0.16971160728042023
k_mdot,0.85825,0.17121462196989637
k_mdot,0.8599999999999999,0.17271235114903516
k_mdot,0.86175,0.17420481579494715
k_mdot,0.8634999999999999,0.17569203679484732
k_mdot,0.8652499999999999,0.1771740349464572
k_mdot,0.867,0.17865083095840406
k_mdot,0.8687499999999999,0.18012244545061887
k_mdot,0.8704999999999998,0.18158889895473293
k_mdot,0.87225,0.18305021191447166
k_mdot,0.8739999999999999,0.1845064046860471
k_mdot,0.87575,0.18595749753854948
k_mdot,0.8775,0.1874035106543345
k_mdot,0.8792499999999999,0.18884446412941247
k_mdot,0.881,0.1902803779738326
k_mdot,0.8827499999999999,0.19171127211206637
k_mdot,0.8844999999999998,0.1931371663833903
k_mdot,0.88625,0.1945580805422659
k_mdot,0.8879999999999999,0.1959740342587172
k_mdot,0.8897499999999998,0.19738504711870888
k_mdot,0.8915,0.19879113862452039
k_mdot,0.8932499999999999,0.20019232819511892
k_mdot,0.895,0.20158863516653228
k_mdot,0.8967499999999999,0.202980078792217
k_mdot,0.8984999999999999,0.20436667824342822
k_mdot,0.90025,0.2057484526095855
k_mdot,0.9019999999999999,0.20712542089863692
k_mdot,0.9037499999999998,0.20849760203742376
k_mdot,0.9055,0.2098650148720411
k_mdot,0.9072499999999999,0.2112276781681975
k_mdot,0.909,0.21258561061157413
k_mdot,0.91075,0.21393883080818074
k_mdot,0.9124999999999999,0.21528735728471068
k_mdot,0.91425,0.21663120848889475
k_mdot,0.9159999999999999,0.21797040278985205
k_mdot,0.9177499999999998,0.21930495847844136
k_mdot,0.9195,0.22063489376760892
k_mdot,0.9212499999999999,0.2219602267927351
k_mdot,0.9229999999999998,0.22328097561198082
k_mdot,0.92475,0.22459715820663087
k_mdot,0.9264999999999999,0.22590879248143558
k_mdot,0.92825,0.22721589626495287
k_mdot,0.9299999999999999,0.22851848730988578
k_mdot,0.9317499999999999,0.2298165832934217
k_mdot,0.9335,0.23111020181756725
k_mdot,0.9352499999999999,0.2323993604094833
k_mdot,0.9369999999999998,0.23368407652181808
k_mdot,0.93875,0.2349643675330387
k_mdot,0.9404999999999999,0.23624025074776048
k_mdot,0.94225,0.2375117433970766
k_mdot,0.944,0.23877886263888384
k_mdot,0.9457499999999999,0.24004162555820932
k_mdot,0.9475,0.24130004916753398
k_mdot,0.9492499999999999,0.24255415040711414
k_mdot,0.9509999999999998,0.24380394614530468
k_mdot,0.95275,0.24504945317887736
k_mdot,0.9544999999999999,0.24629068823333847
k_mdot,0.9562499999999998,0.24752766796324688
k_mdot,0.958,0.24876040895252882
k_mdot,0.9597499999999999,0.24998892771479117
k_mdot,0.9615,0.25121324069363477
k_mdot,0.9632499999999999,0.25243336426296453
k_mdot,0.9649999999999999,0.2536493147273
k_mdot,0.96675,0.254861108322083
k_mdot,0.9684999999999999,0.25606876121398403
k_mdot,0.9702499999999998,0.25727228950120845
k_mdot,0.972,0.25847170921380014
k_mdot,0.9737499999999999,0.25966703631394367
k_mdot,0.9754999999999998,0.2608582866962665
k_mdot,0.97725,0.26204547618813806
k_mdot,0.9789999999999999,0.2632286205499683
k_mdot,0.98075,0.2644077354755055
k_mdot,0.9824999999999999,0.265582836592131
k_mdot,0.9842499999999998,0.26675393946115483
k_mdot,0.986,0.2679210595781083
k_mdot,0.9877499999999999,0.26908421237303487
k_mdot,0.9894999999999998,0.27024341321078266
k_mdot,0.99125,0.27139867739129175
k_mdot,0.9929999999999999,0.27255002014988255
k_mdot,0.99475,0.27369745665754314
k_mdot,0.9964999999999999,0.27484100202121287
k_mdot,0.9982499999999999,0.2759806712840679
k_mdot,1.0,0.2771164794258028
phi_idle,0.22,0.028092574783723984
phi_idle,0.2202,0.02794391393014461
phi_idle,0.2204,0.027795448788740334
phi_idle,0.2206,0.027647179735812683
phi_idle,0.2208,0.027499105058808034
phi_idle,0.221,0.02735122691118147
phi_idle,0.2212,0.027203540434101087
phi_idle,0.2214,0.02705605114200611
phi_idle,0.2216,0.026908753090803286
phi_idle,0.2218,0.026761649622140084
phi_idle,0.222,0.026614735826583465
phi_idle,0.2222,0.026468016646487683
phi_idle,0.22240000000000001,0.026321491854816276
phi_idle,0.2226,0.026175151720275795
phi_idle,0.2228,0.026029006759500786
phi_idle,0.223,0.02588305215939719
phi_idle,0.2232,0.025737284912044415
phi_idle,0.2234,0.025591710634786106
phi_idle,0.2236,0.025446325548237923
phi_idle,0.2238,0.02530112509176924
phi_idle,0.224,0.025156115103890916
phi_idle,0.2242,0.0250112959980601
phi_idle,0.2244,0.024866660290516433
phi_idle,0.2246,0.024722215506289447
phi_idle,0.2248,0.024577953736839412
phi_idle,0.225,0.024433880385486145
phi_idle,0.2252,0.024289993947952237
phi_idle,0.2254,0.024146289833955222
phi_idle,0.2256,0.02400277398541664
phi_idle,0.2258,0.023859442520666196
phi_idle,0.226,0.023716293967446997
phi_idle,0.2262,0.02357332965502823
phi_idle,0.2264,0.02343054911905634
phi_idle,0.2266,0.023287951783728753
phi_idle,0.2268,0.023145535880073093
phi_idle,0.227,0.023003304217217645
phi_idle,0.2272,0.02286125341639725
phi_idle,0.2274,0.02271938607875414
phi_idle,0.2276,0.02257769794547904
phi_idle,0.2278,0.0224361892329097
phi_idle,0.228,0.022294863188835615
phi_idle,0.22820000000000001,0.02215371612904438
phi_idle,0.2284,0.022012749231737117
phi_idle,0.2286,0.021871961794977007
phi_idle,0.2288,0.02173135256361569
phi_idle,0.229,0.021590922044304236
phi_idle,0.22920000000000001,0.021450669017398782
phi_idle,0.2294,0.02131059493560222
phi_idle,0.2296,0.021170699321551214
phi_idle,0.2298,0.02103097759769566
phi_idle,0.23,0.020891433801601276
phi_idle,0.2302,0.020752066362935005
phi_idle,0.2304,0.02061287218807125
phi_idle,0.2306,0.020473857535159592
phi_idle,0.2308,0.020335013487594308
phi_idle,0.231,0.020196348895356642
phi_idle,0.2312,0.020057854369856354
phi_idle,0.2314,0.019919535347354533
phi_idle,0.2316,0.0197813921762679
phi_idle,0.2318,0.019643418967082563
phi_idle,0.232,0.019505620292104574
phi_idle,0.2322,0.019367992754426622
phi_idle,0.2324,0.0192305378024793
phi_idle,0.2326,0.019093255191511657
phi_idle,0.2328,0.018956145591242635
phi_idle,0.233,0.018819205524055315
phi_idle,0.2332,0.01868243508489845
phi_idle,0.2334,0.018545836066378586
phi_idle,0.2336,0.018409405135366996
phi_idle,0.2338,0.018273145311658325
phi_idle,0.23399999999999999,0.018137054169130314
phi_idle,0.2342,0.018001132670260264
phi_idle,0.2344,0.017865380587781473
phi_idle,0.2346,0.01772979343355738
phi_idle,0.2348,0.01759437595376051
phi_idle,0.235,0.017459126894615394
phi_idle,0.2352,0.017324046006914555
phi_idle,0.2354,0.017189127806979124
phi_idle,0.2356,0.017054378146126543
phi_idle,0.2358,0.016919794256317008
phi_idle,0.236,0.01678537706793937
phi_idle,0.2362,0.016651125027564693
phi_idle,0.2364,0.01651703834462252
phi_idle,0.2366,0.01638311634475235
phi_idle,0.2368,0.016249357303871725
phi_idle,0.237,0.01611576270781689
phi_idle,0.2372,0.01598233275803047
phi_idle,0.2374,0.015849065434980197
phi_idle,0.2376,0.015715962040497373
phi_idle,0.2378,0.015583019738869571
phi_idle,0.238,0.015450238978265404
phi_idle,0.2382,0.015317623543181095
phi_idle,0.2384,0.01518516733311673
phi_idle,0.2386,0.015052871899867572
phi_idle,0.2388,0.014920739820567538
phi_idle,0.239,0.014788768664058304
phi_idle,0.2392,0.014656954950234648
phi_idle,0.2394,0.014525304410387673
phi_idle,0.2396,0.014393809379642864
phi_idle,0.2398,0.014262479249355989
phi_idle,0.24,0.014131302226422685
phi_idle,0.2402,0.01400028936061585
phi_idle,0.2404,0.013869430674485051
phi_idle,0.2406,0.013738733584653447
phi_idle,0.24080000000000001,0.013608191047364776
phi_idle,0.241,0.013477808496012114
phi_idle,0.2412,0.013347580127454696
phi_idle,0.2414,0.013217509347688818
phi_idle,0.2416,0.013087597655274924
phi_idle,0.2418,0.012957837776323651
phi_idle,0.242,0.012828238460833983
phi_idle,0.2422,0.0126987925229516
phi_idle,0.2424,0.012569500051832126
phi_idle,0.2426,0.012440365880385502
phi_idle,0.2428,0.012311383431977801
phi_idle,0.243,0.012182555904206492
phi_idle,0.2432,0.012053884157593085
phi_idle,0.2434,0.011925364238586087
phi_idle,0.2436,0.011796998405987117
phi_idle,0.2438,0.011668783167088274
phi_idle,0.244,0.011540722513573116
phi_idle,0.2442,0.011412816602245463
phi_idle,0.2444,0.011285058297618356
phi_idle,0.24459999999999998,0.011157455083650972
phi_idle,0.2448,0.011030004352673305
phi_idle,0.245,0.010902701906476436
phi_idle,0.2452,0.010775553113600886
phi_idle,0.2454,0.010648551197750863
phi_idle,0.24559999999999998,0.010521700755332685
phi_idle,0.2458,0.010395000732033956
phi_idle,0.246,0.010268450656139549
phi_idle,0.2462,0.010142051276065185
phi_idle,0.2464,0.010015797261301649
phi_idle,0.24659999999999999,0.00988969621868276
phi_idle,0.2468,0.009763740182302213
phi_idle,0.247,0.009637935797858974
phi_idle,0.2472,0.009512277088129137
phi_idle,0.2474,0.00938676614958885
phi_idle,0.2476,0.009261400666533111
phi_idle,0.2478,0.0091361852840181
phi_idle,0.248,0.009011115275214629
phi_idle,0.2482,0.008886195569895838
phi_idle,0.2484,0.008761416656078326
phi_idle,0.2486,0.008636784865047695
phi_idle,0.2488,0.008512298624231932
phi_idle,0.249,0.008387957338504816
phi_idle,0.2492,0.008263764122508893
phi_idle,0.2494,0.008139712262340443
phi_idle,0.2496,0.008015805665122267
phi_idle,0.2498,0.007892043457699794
phi_idle,0.25,0.0077684252226542265
phi_idle,0.2502,0.007644951016375846
phi_idle,0.2504,0.007521619376811059
phi_idle,0.2506,0.007398434906994906
phi_idle,0.2508,0.007275387271142953
phi_idle,0.251,0.007152482233325517
phi_idle,0.2512,0.007029724285085632
phi_idle,0.2514,0.006907106183668617
phi_idle,0.2516,0.006784625623069206
phi_idle,0.2518,0.006662291646599933
phi_idle,0.252,0.006540096168181737
phi_idle,0.2522,0.0064180414900650296
phi_idle,0.2524,0.00629612960535798
phi_idle,0.2526,0.006174353112504635
phi_idle,0.2528,0.006052723009929004
phi_idle,0.253,0.0059312281317223
phi_idle,0.2532,0.00580987295424852
phi_idle,0.2534,0.005688659992446221
phi_idle,0.2536,0.005567582101789194
phi_idle,0.2538,0.005446647028024589
phi_idle,0.254,0.005325845385817748
phi_idle,0.2542,0.005205186782207965
phi_idle,0.2544,0.0050846615729260155
phi_idle,0.2546,0.004964278025022192
phi_idle,0.2548,0.004844027489968987
phi_idle,0.255,0.004723918172131311
phi_idle,0.2552,0.004603941156085024
phi_idle,0.2554,0.004484104860582909
phi_idle,0.2556,0.004364401629657488
phi_idle,0.2558,0.004244838423760194
phi_idle,0.256,0.004125408456783604
phi_idle,0.2562,0.004006112809215282
phi_idle,0.2564,0.003886954386530139
phi_idle,0.2566,0.0037679286297437452
phi_idle,0.25680000000000003,0.0036490394886751834
phi_idle,0.257,0.0035302847915673796
phi_idle,0.2572,0.003411663517354514
phi_idle,0.2574,0.0032931757139718055
phi_idle,0.2576,0.0031748232756492983
phi_idle,0.2578,0.003056603576155125
phi_idle,0.258,0.002938516141699366
phi_idle,0.2582,0.0028205632755986415
phi_idle,0.2584,0.0027027433596698513
phi_idle,0.2586,0.002585051589582625
phi_idle,0.2588,0.00246749619076232
phi_idle,0.259,0.0023500727789936525
phi_idle,0.2592,0.0022327777612532076
phi_idle,0.2594,0.0021156158081175607
phi_idle,0.2596,0.0019985861673836197
phi_idle,0.2598,0.0018816868896372183
phi_idle,0.26,0.0017649168160833227
phi_idle,0.2602,0.0016482797302629973
phi_idle,0.2604,0.0015317706104695293
phi_idle,0.2606,0.0014153912923532215
phi_idle,0.2608,0.0012991425698287453
phi_idle,0.261,0.0011830269819935182
phi_idle,0.2612,0.0010670360683385776
phi_idle,0.2614,0.0009511720267114198
phi_idle,0.2616,0.0008354388293087489
phi_idle,0.2618,0.0007198399666872932
phi_idle,0.262,0.0006043596586395747
phi_idle,0.2622,0.0004890133988173541
phi_idle,0.26239999999999997,0.0003737918583387566
phi_idle,0.2626,0.0002586988361714849
phi_idle,0.2628,0.00014373743276331082
phi_idle,0.26285000000000003,0.00011501262941915471
phi_idle,0.262875,0.00010065917887025666
phi_idle,0.26287578125,0.0001002092928046168
phi_idle,0.2628759765625,0.00010009487362284466
phi_idle,0.26287607421875003,0.00010003800679132017
phi_idle,0.262876123046875,0.00010001217575024626
phi_idle,0.2628761352539063,0.00010000500658743119
phi_idle,0.2628761413574219,0.0001000016027291628
phi_idle,0.2628761428833008,0.00010000076754251992
phi_idle,0.26287614364624023,0.00010000035215650822
phi_idle,0.26287614402771,0.00010000014500353463
phi_idle,0.2628761441230774,0.00010000009327119256
phi_idle,0.2628761441707611,0.00010000006741317482
phi_idle,0.262876144194603,0.00010000005448625956
phi_idle,0.2628761442005635,0.00010000005125477787
phi_idle,0.2628761442035437,0.00010000004963890432
phi_idle,0.26287614420391625,0.00010000004943705775
phi_idle,0.2628761442041025,0.00010000004933619201
phi_idle,0.2628761442041956,0.00010000004928565453
phi_idle,0.26287614420420724,0.00010000004927937705
phi_idle,0.2628761442042101,0.00010000004927780344
phi_idle,0.26287614420421157,0.00010000004927699768
phi_idle,0.26287614420421196,0.00010000004927680538
phi_idle,0.2628761442042121,0.00010000004927674782
phi_idle,0.26287614420421235,0.00010000004927653726
phi_idle,0.26287614420421307,0.00010000004927619191
phi_idle,0.2628761442042189,0.00010000004927304336
phi_idle,0.26287614420424216,0.00010000004926048972
phi_idle,0.26287614420428873,0.00010000004923519289
phi_idle,0.2628761442050338,0.00010000004883138599
phi_idle,0.26287614420652394,0.00010000004802333412
phi_idle,0.26287614421844485,0.0001000000415606951
phi_idle,0.2628761444091797,9.999993820656665e-05
phi_idle,0.2628761474609375,9.999658672201145e-05
phi_idle,0.262876171875,9.99819870801122e-05
phi_idle,0.2628765625,9.97572543087149e-05
phi_idle,0.2628781250000001,9.886204315487628e-05
phi_idle,0.26288125000000007,9.706589966252298e-05
phi_idle,0.26288750000000005,9.347779981985944e-05
phi_idle,0.2629,8.629988052479686e-05
phi_idle,0.263,2.889781011998102e-05
phi_idle,0.2632,3.3524572386511914e-09
phi_idle,0.26339999999999997,1.1719081988978647e-09
phi_idle,0.2636,2.474927310673823e-09
phi_idle,0.2638,1.440598267494113e-09
phi_idle,0.264,5.975519203534227e-09
phi_idle,0.2642,3.0233473587440695e-09
phi_idle,0.26439999999999997,4.95065805290353e-09
phi_idle,0.2646,1.9829400408733066e-10
phi_idle,0.2648,2.9918586202906863e-09
phi_idle,0.265,2.4474720595667423e-09
phi_idle,0.2652,2.068346215308274e-09
phi_idle,0.26539999999999997,3.603077573700822e-09
phi_idle,0.2656,4.927672568713581e-11
phi_idle,0.2658,2.8663240010808286e-09
phi_idle,0.266,6.785969403279309e-10
phi_idle,0.2662,1.96571788900957e-09
phi_idle,0.26639999999999997,2.119079312448717e-09
phi_idle,0.2666,5.019968578649742e-10
phi_idle,0.2668,2.880278665846505e-09
phi_idle,0.267,3.1537133074225452e-09
phi_idle,0.2672,1.6593769467181614e-10
phi_idle,0.26739999999999997,2.8226706415454113e-09
phi_idle,0.2676,2.173284283258107e-09
phi_idle,0.2678,3.6909916220419906e-10
phi_idle,0.268,3.007172152457361e-09
phi_idle,0.2682,2.2858094886702976e-10
phi_idle,0.26839999999999997,1.1476661303146065e-09
phi_idle,0.2686,6.0131357815712755e-09
phi_idle,0.2688,1.8776771090413128e-09
phi_idle,0.269,1.3977920596942201e-09
phi_idle,0.2692,3.498116357824066e-09
phi_idle,0.2694,8.452602301623723e-11
phi_idle,0.2696,9.27217756046522e-10
phi_idle,0.2698,2.0180967173637354e-09
phi_idle,0.27,2.2538892428199645e-09
phi_idle,0.2702,2.9789651316459944e-09
phi_idle,0.2704,1.4058016666366988e-09
phi_idle,0.2706,2.8915275987185172e-09
phi_idle,0.2708,2.4236443529101615e-09
phi_idle,0.271,3.5069875434147963e-09
phi_idle,0.2712,2.3453521683956744e-09
phi_idle,0.2714,1.7161420281210163e-10
phi_idle,0.2716,2.295999210347379e-09
phi_idle,0.2718,3.3367996435157512e-09
phi_idle,0.272,1.2631514307507374e-09
phi_idle,0.2722,6.06270442087389e-10
phi_idle,0.2724,3.4101671850660212e-09
phi_idle,0.2726,3.363737377587045e-09
phi_idle,0.2728,2.208533978042315e-09
phi_idle,0.273,1.0076719558151447e-09
phi_idle,0.2732,3.296525741317182e-10
phi_idle,0.2734,3.1144928211224632e-09
phi_idle,0.2736,2.757681739227353e-09
phi_idle,0.2738,1.950946975232586e-09
phi_idle,0.274,2.852141754405785e-09
phi_idle,0.2742,1.4511259724921024e-09
phi_idle,0.2744,1.6576906059122468e-09
phi_idle,0.2746,1.8076695271192312e-09
phi_idle,0.2748,2.0654758641141444e-09
phi_idle,0.275,1.6615778652791032e-09
phi_idle,0.2752,9.184484532957744e-10
phi_idle,0.2754,4.85441359161283e-10
phi_idle,0.2756,2.953003867461924e-09
phi_idle,0.2758,5.833642862864544e-09
phi_idle,0.276,9.533698966891291e-10
phi_idle,0.2762,2.5613332992917056e-09
phi_idle,0.2764,2.2442359142887734e-09
phi_idle,0.2766,1.8371138702577682e-10
phi_idle,0.2768,9.235277236334345e-11
phi_idle,0.277,2.646092247865586e-09
phi_idle,0.2772,1.0472495486878332e-09
phi_idle,0.2774,1.7481305944401996e-09
phi_idle,0.2776,3.707457857636054e-09
phi_idle,0.2778,2.726242141793092e-09
phi_idle,0.278,2.082592105750073e-09
phi_idle,0.2782,2.2644466371836737e-09
phi_idle,0.2784,8.728222303987953e-11
phi_idle,0.2786,3.3274180510898273e-09
phi_idle,0.2788,3.505069261548717e-09
phi_idle,0.279,3.81957610652398e-09
phi_idle,0.2792,6.065369063103847e-10
phi_idle,0.2794,1.5456965170461072e-09
phi_idle,0.2796,1.4430859740328724e-09
phi_idle,0.2798,4.1244447716686866e-09
phi_idle,0.28,3.305063417846461e-10
phi_idle,0.2802,1.7125704315506082e-09
phi_idle,0.2804,3.449195581549069e-09
phi_idle,0.2806,4.189441371229709e-10
phi_idle,0.2808,1.3230710167407052e-09
phi_idle,0.28099999999999997,5.635920995225934e-09
phi_idle,0.2812,1.6702163710974844e-09
phi_idle,0.2814,8.020796958409956e-10
phi_idle,0.2816,2.375735764763139e-09
phi_idle,0.2818,2.524442176246543e-09
phi_idle,0.282,3.2465432512953545e-09
phi_idle,0.2822,1.9488184214525952e-09
phi_idle,0.2824,6.213818432173181e-09
phi_idle,0.28259999999999996,3.6026100332244246e-09
phi_idle,0.2828,1.2397887437380773e-09
phi_idle,0.28300000000000003,3.194637519002604e-09
phi_idle,0.2832,1.1635948352391884e-09
phi_idle,0.2834,6.144511129410477e-10
phi_idle,0.28359999999999996,1.365055988706066e-10
phi_idle,0.2838,3.1673952895029293e-09
phi_idle,0.28400000000000003,4.16558863905413e-10
phi_idle,0.2842,3.010773893402925e-09
phi_idle,0.2844,2.051510714494556e-09
phi_idle,0.28459999999999996,3.704249642298578e-10
phi_idle,0.2848,1.0411197753140651e-09
phi_idle,0.285,2.8445229626516543e-10
phi_idle,0.2852,1.7731445106972717e-09
phi_idle,0.2854,3.129801803194775e-09
phi_idle,0.28559999999999997,3.74806083255407e-09
phi_idle,0.2858,5.498353183607739e-10
phi_idle,0.286,2.153390645742294e-09
phi_idle,0.2862,3.1084294032914923e-09
phi_idle,0.2864,3.7447587349592e-09
phi_idle,0.28659999999999997,1.9584829173518535e-09
phi_idle,0.2868,5.789890292991432e-09
phi_idle,0.287,2.345460271054254e-10
phi_idle,0.2872,2.2620777822232763e-09
phi_idle,0.2874,4.183499233050395e-09
phi_idle,0.28759999999999997,2.5001008776887137e-09
phi_idle,0.2878,1.7573967099410807e-09
phi_idle,0.288,1.6629864424610202e-09
phi_idle,0.2882,2.653573513017589e-09
phi_idle,0.2884,2.630477840709143e-09
phi_idle,0.28859999999999997,6.356514434424946e-10
phi_idle,0.2888,2.8040125821539295e-09
phi_idle,0.289,2.505582945129878e-09
phi_idle,0.2892,3.2200969470521652e-09
phi_idle,0.2894,1.9833106392776867e-09
phi_idle,0.28959999999999997,1.9942859218912043e-09
phi_idle,0.2898,2.691210225222194e-09
phi_idle,0.29,8.241173757382098e-10
phi_idle,0.2902,3.5638228100232034e-09
phi_idle,0.2904,2.539020792338652e-09
phi_idle,0.29059999999999997,2.8000975475745815e-09
phi_idle,0.2908,1.2534554071674384e-09
phi_idle,0.291,2.2859978754323077e-09
phi_idle,0.2912,5.869180058038311e-11
phi_idle,0.2914,1.882684392416251e-09
phi_idle,0.29159999999999997,1.7607704728784718e-09
phi_idle,0.2918,3.536684227203227e-09
phi_idle,0.292,2.5371910856428428e-09
phi_idle,0.2922,3.4174260643560217e-09
phi_idle,0.2924,1.8568953675844048e-09
phi_idle,0.29259999999999997,3.756650621226816e-10
phi_idle,0.2928,4.326139344976397e-09
phi_idle,0.293,2.3812807751763273e-09
phi_idle,0.2932,2.303678025429651e-09
phi_idle,0.2934,2.861129107573517e-10
phi_idle,0.29359999999999997,3.5005655781480036e-09
phi_idle,0.2938,1.4613491048705032e-09
phi_idle,0.294,8.047174038239291e-10
phi_idle,0.2942,5.354902162249799e-10
phi_idle,0.2944,1.6386470201389652e-09
phi_idle,0.2946,2.1548137439524196e-09
phi_idle,0.2948,2.03997241525792e-09
phi_idle,0.295,3.200689467482185e-09
phi_idle,0.2952,2.2171309642496316e-09
phi_idle,0.29534021495306023,1.267037931768533e-09
phi_idle,0.2954,2.093320204487309e-09
phi_idle,0.2956,1.7209754037757974e-09
phi_idle,0.2958,2.374003601393392e-09
phi_idle,0.296,1.8108290747275964e-09
phi_idle,0.2962,3.460054912591231e-09
phi_idle,0.2964,3.6055114008951305e-09
phi_idle,0.2966,1.7816908391873448e-09
phi_idle,0.2968,2.9114602350129186e-09
phi_idle,0.297,2.4611036114346007e-09
phi_idle,0.2972,1.8379017949316653e-10
phi_idle,0.2974,2.2205620008216694e-09
phi_idle,0.2976,1.6046992590218863e-09
phi_idle,0.2978,2.4854949989478786e-09
phi_idle,0.298,3.5849988733547136e-10
phi_idle,0.2982,3.978056386121747e-09
phi_idle,0.2984,4.397115906054278e-09
phi_idle,0.2986,6.065113120295916e-10
phi_idle,0.2988,3.0355907343760402e-09
phi_idle,0.299,2.991974685614401e-09
phi_idle,0.2992,1.8748826489512653e-09
phi_idle,0.2994,7.34143847717393e-10
phi_idle,0.2996,4.049154075181473e-09
phi_idle,0.2998,4.919766647724554e-09
phi_idle,0.3,3.5463692926426013e-09
phi_app,0.3,1.4590896315603472e-09
phi_app,0.30024999999999996,1.253846382104433e-09
phi_app,0.3005,1.4592698720848557e-09
phi_app,0.30074999999999996,2.159339466061872e-09
phi_app,0.301,1.49562417970282e-09
phi_app,0.30124999999999996,1.7768294755577528e-09
phi_app,0.3015,1.9645748416183608e-10
phi_app,0.30174999999999996,7.842173035960596e-10
phi_app,0.302,4.6002352897544607e-10
phi_app,0.30224999999999996,1.3999981209350386e-09
phi_app,0.3025,7.56628597619816e-10
phi_app,0.30274999999999996,2.808432594827064e-11
phi_app,0.303,6.97840874315928e-11
phi_app,0.30324999999999996,2.3142826287914667e-10
phi_app,0.3035,7.770109076631602e-10
phi_app,0.30374999999999996,1.1785739713236837e-10
phi_app,0.304,1.1216376022200156e-09
phi_app,0.30424999999999996,1.7494351684711842e-09
phi_app,0.3045,8.546060581743478e-10
phi_app,0.30474999999999997,1.1423818518075025e-09
phi_app,0.305,7.367671698304422e-11
phi_app,0.30524999999999997,9.165400424100674e-11
phi_app,0.3052826104671048,2.1952629558144242e-10
phi_app,0.3055,2.658593350076928e-10
phi_app,0.30574999999999997,7.759326076547772e-10
phi_app,0.306,2.281349906451813e-09
phi_app,0.30624999999999997,3.52063269892079e-10
phi_app,0.3065,2.687727155525953e-10
phi_app,0.30674999999999997,8.180811398855519e-10
phi_app,0.307,5.721577235381553e-10
phi_app,0.30724999999999997,6.403508366270983e-10
phi_app,0.3075,1.1752536620291982e-10
phi_app,0.30774999999999997,1.0322417224774958e-09
phi_app,0.308,3.334910056080295e-10
phi_app,0.30824999999999997,1.3922183870478104e-09
phi_app,0.3085,7.385046815660323e-10
phi_app,0.30874999999999997,1.100334653114883e-09
phi_app,0.309,6.905222657202132e-11
phi_app,0.30924999999999997,1.6468892754229952e-09
phi_app,0.3095,1.0422139506464984e-09
phi_app,0.30974999999999997,1.2651113956326442e-09
phi_app,0.31,9.00438240184546e-10
phi_app,0.31024999999999997,3.802572564757704e-10
phi_app,0.3105,1.2553073412157388e-09
phi_app,0.31074999999999997,1.4907348439022703e-10
phi_app,0.311,1.187036242009721e-09
phi_app,0.31124999999999997,9.193862766888018e-10
phi_app,0.3115,1.7939310540487362e-09
phi_app,0.31174999999999997,1.129811813484682e-09
phi_app,0.312,2.3663919737970382e-09
phi_app,0.31224999999999997,1.6765428777315267e-09
phi_app,0.3125,4.713986242999635e-10
phi_app,0.31275,4.987906292133344e-10
phi_app,0.313,1.1061854157165754e-09
phi_app,0.31325,1.2683649419043942e-09
phi_app,0.3135,9.45635655489789e-10
phi_app,0.31375,1.0960578680479303e-09
phi_app,0.314,3.7534936854410193e-10
phi_app,0.31425,7.046368361103209e-10
phi_app,0.3145,1.2441268946350928e-09
phi_app,0.31475,1.856029677516647e-10
phi_app,0.315,9.407268270519645e-10
phi_app,0.31525,1.4303279290660856e-09
phi_app,0.3155,1.4512607841927998e-09
phi_app,0.31575,9.220899868097173e-10
phi_app,0.316,1.463293034856621e-09
phi_app,0.31625,2.0976123124510957e-09
phi_app,0.3165,7.725711470143815e-10
phi_app,0.31675,4.450116134592027e-10
phi_app,0.317,5.675866435453206e-10
phi_app,0.31725,3.637556046832493e-10
phi_app,0.3175,9.591099102534872e-10
phi_app,0.31775,6.07423889357316e-10
phi_app,0.318,2.9613024542232957e-10
phi_app,0.31825,5.350400728421401e-10
phi_app,0.31837499999999996,5.451944787459924e-10
phi_app,0.3184375,4.534109266663182e-05
phi_app,0.31846874999999997,7.805727061099196e-05
phi_app,0.318484375,9.441541312782588e-05
phi_app,0.31848828124999995,9.850493956474455e-05
phi_app,0.3184892578124999,9.952732116775308e-05
phi_app,0.3184895019531249,9.978291656798301e-05
phi_app,0.3184896240234374,9.991071426786707e-05
phi_app,0.31848968505859365,9.997461311807792e-05
phi_app,0.3184897003173827,9.999058783029056e-05
phi_app,0.3184897079467772,9.999857518702927e-05
phi_app,0.31848970890045153,9.999957360612574e-05
phi_app,0.3184897091388701,9.999982321127294e-05
phi_app,0.3184897092580794,9.999994801377069e-05
phi_app,0.31848970931768406,0.00010000001041498098
phi_app,0.31848970933258525,0.0001000000260150821
phi_app,0.31848970933444787,0.00010000002796510001
phi_app,0.31848970933450604,0.00010000002802608795
phi_app,0.31848970933453513,0.00010000002805649629
phi_app,0.3184897093345497,0.00010000002807169062
phi_app,0.318489709334557,0.00010000002807951802
phi_app,0.31848970933456067,0.00010000002808331659
phi_app,0.31848970933456155,0.00010000002808429503
phi_app,0.3184897093345618,0.00010000002808444805
phi_app,0.318489709334562,0.00010000002808462071
phi_app,0.31848970933456244,0.0001000000280852159
phi_app,0.3184897093345643,0.00010000002808711519
phi_app,0.3184897093346807,0.00010000002820893805
phi_app,0.31848970933491355,0.00010000002845275784
phi_app,0.31848970933537923,0.00010000002894030056
phi_app,0.31848970933631054,0.00010000002991532847
phi_app,0.31848970934003584,0.00010000003381526742
phi_app,0.3184897093474864,0.00010000004161541346
phi_app,0.3184897093772887,0.00010000007281603824
phi_app,0.31848970985412584,0.00010000057202566298
phi_app,0.3184897117614745,0.0001000025688651979
phi_app,0.3184897155761718,0.00010000656254300154
phi_app,0.3184897460937499,0.00010003851196825084
phi_app,0.31849023437499996,0.00010054970276803832
phi_app,0.31849218749999997,0.00010259446596106776
phi_app,0.3185,0.00011077351863206403
phi_app,0.31875,0.0003725026289773527
phi_app,0.319,0.0006342330059041277
phi_app,0.31925,0.000895962738068622
phi_app,0.3195,0.0011576933249299
phi_app,0.31975,0.0014194238102594495
phi_app,0.32,0.0016811531868589104
phi_app,0.32025,0.001942882191721505
phi_app,0.3205,0.0022046130449605854
phi_app,0.32075,0.0024663438049710522
phi_app,0.321,0.0027280742672037314
phi_app,0.32125,0.0029898034230267825
phi_app,0.3215,0.0032515335314129735
phi_app,0.32175,0.003513264077753542
phi_app,0.322,0.003774994058161162
phi_app,0.32225,0.0040367229049982295
phi_app,0.3225,0.004298453167195966
phi_app,0.32275,0.004560183444080564
phi_app,0.323,0.004821914664727882
phi_app,0.32325,0.005083643354833386
phi_app,0.3235,0.005345373724942784
phi_app,0.32375,0.005607103237361489
phi_app,0.324,0.0058688337067978325
phi_app,0.32425,0.0061305642583350745
phi_app,0.3245,0.006392295126315113
phi_app,0.32475,0.00665402491049842
phi_app,0.325,0.006915754726699007
phi_app,0.32525,0.007177484558100654
phi_app,0.3255,0.007439214340502251
phi_app,0.32575,0.007700944155150311
phi_app,0.326,0.007962673996182466
phi_app,0.32625,0.008224404698146186
phi_app,0.3265,0.008486134001673754
phi_app,0.32675,0.008747866996833087
phi_app,0.327,0.009009595902618484
phi_app,0.32725,0.009271325097764531
phi_app,0.3275,0.00953305462164314
phi_app,0.32775,0.009794786095336764
phi_app,0.328,0.010056517167420965
phi_app,0.32825,0.010318244599925027
phi_app,0.3285,0.010579975850041943
phi_app,0.32875,0.010841705341927584
phi_app,0.329,0.011103435425802425
phi_app,0.32925,0.011365165505223098
phi_app,0.3295,0.011626895581379368
phi_app,0.32975,0.011888625655024847
phi_app,0.33,0.012150355726680023
phi_app,0.33025,0.012412085832285903
phi_app,0.3305,0.012673815951902557
phi_app,0.33075,0.012935546070248568
phi_app,0.331,0.013197276187378782
phi_app,0.33125,0.013459005873648166
phi_app,0.3315,0.013720735997857813
phi_app,0.33175,0.013982466121315205
phi_app,0.332,0.014244196215718478
phi_app,0.33225,0.014505926269916024
phi_app,0.3325,0.01476765632571569
phi_app,0.33275,0.015029386427140154
phi_app,0.333,0.015291116417541084
phi_app,0.33325,0.01555284739441521
phi_app,0.3335,0.015814577342961388
phi_app,0.33375,0.016076307840114434
phi_app,0.334,0.016338038810592315
phi_app,0.33425,0.01659976943527985
phi_app,0.3345,0.01686149621302443
phi_app,0.33475,0.017123226300052283
phi_app,0.335,0.017384956855747875
phi_app,0.33525,0.01764668751773941
phi_app,0.3355,0.017908416776951888
phi_app,0.33575,0.01817014772671494
phi_app,0.336,0.01843187746731973
phi_app,0.33625,0.018693606508950664
phi_app,0.3365,0.018955338025074802
phi_app,0.33675,0.019217067650295256
phi_app,0.337,0.019478797085614355
phi_app,0.33725,0.019740528744153007
phi_app,0.3375,0.02000225739196344
phi_app,0.33775,0.020263989377314835
phi_app,0.33799999999999997,0.020525719080442383
phi_app,0.33825,0.02078744896719595
phi_app,0.3385,0.02104917802641749
phi_app,0.33875,0.02131090767086299
phi_app,0.33899999999999997,0.021572638964131443
phi_app,0.33925,0.021834367810614697
phi_app,0.3395,0.022096097455817726
phi_app,0.33975,0.022357828805111096
phi_app,0.33999999999999997,0.0226195585001361
phi_app,0.34025,0.022881289559708265
phi_app,0.3405,0.023143019465392486
phi_app,0.34075,0.023404749356876055
phi_app,0.34099999999999997,0.023666479247787395
phi_app,0.34125,0.023928209136127584
phi_app,0.3415,0.024189939136407254
phi_app,0.34175,0.024451669466546384
phi_app,0.34199999999999997,0.02471339978454618
phi_app,0.34225,0.024975130090736763
phi_app,0.3425,0.025236859941459817
phi_app,0.34275,0.025498589780234674
phi_app,0.34299999999999997,0.025760319630397266
phi_app,0.34325,0.026022049491140554
phi_app,0.3435,0.02628378034306124
phi_app,0.34375,0.026545509604437148
phi_app,0.344,0.026807238863061397
phi_app,0.34425,0.027068969069187376
phi_app,0.34450000000000003,0.027330699984897882
phi_app,0.34475,0.02759243064305911
phi_app,0.345,0.02785415993792581
phi_app,0.34525,0.028115889543574777
phi_app,0.34550000000000003,0.028377619307508765
phi_app,0.34575,0.028639349548449277
phi_app,0.346,0.02890107973273889
phi_app,0.34625,0.029162809642746933
phi_app,0.34650000000000003,0.029424540930971205
phi_app,0.34675,0.029686270788895342
phi_app,0.347,0.029948001122660398
phi_app,0.34725,0.030209731248720246
phi_app,0.34750000000000003,0.030471460704346462
phi_app,0.34775,0.030733191567769744
phi_app,0.348,0.03099491960526576
phi_app,0.34825,0.03125665087693718
phi_app,0.3485,0.03151838087888918
phi_app,0.34875,0.03178011043275992
phi_app,0.349,0.03204184146531273
phi_app,0.34925,0.032303570169573935
phi_app,0.3495,0.032565301220613456
phi_app,0.34975,0.032827033957967884
phi_app,0.35,0.03308876019729034
phi_app,0.35025,0.033350490233296726
phi_app,0.3505,0.03361222102727568
phi_app,0.35075,0.033873952335978647
phi_app,0.351,0.03413568095281604
phi_app,0.35125,0.03439741143525341
phi_app,0.3515,0.03465914218002165
phi_app,0.35175,0.0349208720547868
phi_app,0.352,0.035182601659216405
phi_app,0.35225,0.035444332345590156
phi_app,0.3525,0.03570606210591409
phi_app,0.35275,0.0359677917896341
phi_app,0.353,0.03622952146623465
phi_app,0.35325,0.03649125288508384
phi_app,0.3535,0.03675298123536997
phi_app,0.35375,0.03701471223791252
phi_app,0.354,0.03727644336302309
phi_app,0.35425,0.0375381731700313
phi_app,0.3545,0.03779990151560912
phi_app,0.35475,0.03806163291844495
phi_app,0.355,0.038323362501908605
phi_app,0.35525,0.03858509214482487
phi_app,0.3555,0.03884682355543653
phi_app,0.35575,0.039108551873550584
phi_app,0.356,0.039370281825759156
phi_app,0.35625,0.039632013718155334
phi_app,0.3565,0.03989374255035604
phi_app,0.35675,0.04015547261099055
phi_app,0.357,0.040417202769157466
phi_app,0.35725,0.04067893225829811
phi_app,0.3575,0.040940662373664435
phi_app,0.35775,0.04120239234081158
phi_app,0.358,0.04146412236993268
phi_app,0.35825,0.04172585246823827
phi_app,0.3585,0.04198758354432034
phi_app,0.35875,0.04224931437466716
phi_app,0.359,0.04251104335663312
phi_app,0.35925,0.042772772841671886
phi_app,0.3595,0.04303450396859446
phi_app,0.35975,0.04329623443637509
phi_app,0.36,0.04355796338657089
phi_app,0.36025,0.04381969334977132
phi_app,0.3605,0.04408142347736569
phi_app,0.36075,0.04434315444672632
phi_app,0.361,0.044604884537094595
phi_app,0.36125,0.04486661459744947
phi_app,0.3615,0.045128344630015076
phi_app,0.36175,0.04539007443571668
phi_app,0.362,0.04565180412043194
phi_app,0.36225,0.04591353495156523
phi_app,0.3625,0.04617526460759335
phi_app,0.36275,0.04643699429610063
phi_app,0.363,0.04669872378151346
phi_app,0.36325,0.046960454009522555
phi_app,0.3635,0.04722218457240714
phi_app,0.36375,0.047483914087782915
phi_app,0.364,0.047745644035378426
phi_app,0.36425,0.04800737396043015
phi_app,0.3645,0.04826910474800857
phi_app,0.36475,0.048530835681992825
phi_app,0.365,0.04879256574386167
phi_app,0.36525,0.049054294956977766
phi_app,0.3655,0.049316024386628354
phi_app,0.36575,0.04957775545411235
phi_app,0.366,0.04983948632125032
phi_app,0.36625,0.05010121605362842
phi_app,0.3665,0.05036294629727877
phi_app,0.36675,0.05062467652067338
phi_app,0.367,0.05088640669358818
phi_app,0.36725,0.051148136639634384
phi_app,0.3675,0.05140986661481609
phi_app,0.36775,0.05167159662142632
phi_app,0.368,0.05193332644165874
phi_app,0.36825,0.05219505693843765
phi_app,0.3685,0.05245678701481754
phi_app,0.36875,0.05271851706766123
phi_app,0.369,0.052980247178073724
phi_app,0.36925,0.05324197702352559
phi_app,0.3695,0.053503706799603166
phi_app,0.36975,0.05376543649614738
phi_app,0.37,0.0540271661009617
phi_app,0.37025,0.05428889569383261
phi_app,0.3705,0.05455062585215609
phi_app,0.37075,0.054812355987480986
phi_app,0.371,0.05507408610163738
phi_app,0.37125,0.055335816196135756
phi_app,0.3715,0.055597546272162755
phi_app,0.37175,0.05585927633057339
phi_app,0.372,0.0561210063718681
phi_app,0.37225,0.05638273639616415
phi_app,0.3725,0.05664446640315029
phi_app,0.37275,0.05690619639202368
phi_app,0.373,0.05716792636140319
phi_app,0.37325,0.057429656346883
phi_app,0.3735,0.0576913865761415
phi_app,0.37375,0.0579531168382022
phi_app,0.374,0.05821484808576844
phi_app,0.37425,0.05847657723929143
phi_app,0.3745,0.05873830693524997
phi_app,0.37475,0.05900003786060135
phi_app,0.375,0.059261767496218365
phi_app,0.37525,0.05952349779245064
phi_app,0.3755,0.059785228224796344
phi_app,0.37575000000000003,0.060046958199346835
phi_app,0.376,0.06030868732800659
phi_app,0.37625,0.06057041812244446
phi_app,0.3765,0.06083214810684142
phi_app,0.37675000000000003,0.06109387870729735
phi_app,0.377,0.06135560907350241
phi_app,0.37725,0.06161733941055175
phi_app,0.3775,0.061879069747895456
phi_app,0.37775000000000003,0.062140799020793974
phi_app,0.378,0.062402528280446144
phi_app,0.37825,0.06266425777717895
phi_app,0.3785,0.06292598855657165
phi_app,0.37875000000000003,0.06318771934283639
phi_app,0.379,0.06344944963375773
phi_app,0.37925,0.06371117884444331
phi_app,0.3795,0.06397290885193284
phi_app,0.37975000000000003,0.06423463843295964
phi_app,0.38,0.06449636823071282
phi_app,0.38025,0.06475809872214586
phi_app,0.3805,0.06501982922834883
phi_app,0.38075000000000003,0.06528155975935289
phi_app,0.381,0.06554329032886407
phi_app,0.38125,0.06580502042465454
phi_app,0.3815,0.06606674950330672
phi_app,0.38175000000000003,0.06632847904310972
phi_app,0.382,0.06659021019223367
phi_app,0.38225,0.06685194039089375
phi_app,0.3825,0.06711367081231234
phi_app,0.38275000000000003,0.06737540065407648
phi_app,0.383,0.06763713047981544
phi_app,0.38325,0.06789886032692373
phi_app,0.3835,0.06816059046844766
phi_app,0.38375000000000004,0.06842232028441429
phi_app,0.384,0.06868405011142607
phi_app,0.38425,0.06894577994979047
phi_app,0.3845,0.0692075097997933
phi_app,0.38475000000000004,0.06946923966169853
phi_app,0.385,0.06973096953574832
phi_app,0.38525,0.06999269966278347
phi_app,0.3855,0.07025443065831774
phi_app,0.38575000000000004,0.0705161605026438
phi_app,0.386,0.07077789036050842
phi_app,0.38625,0.07103962023203898
phi_app,0.3865,0.07130135011734307
phi_app,0.38675000000000004,0.071563080016508
phi_app,0.387,0.07182481008221105
phi_app,0.38725,0.07208654032025454
phi_app,0.3875,0.07234827054159411
phi_app,0.38775000000000004,0.07261000074613881
phi_app,0.388,0.07287173079325833
phi_app,0.38825,0.07313346045700772
phi_app,0.3885,0.07339519109534776
phi_app,0.38875000000000004,0.07365692175088596
phi_app,0.389,0.07391865229432783
phi_app,0.38925,0.074180382224602
phi_app,0.3895,0.0744421121715889
phi_app,0.38975000000000004,0.07470384213496985
phi_app,0.39,0.07496557211441644
phi_app,0.39025,0.0752273021095908
phi_app,0.3905,0.07548903112967865
phi_app,0.39075000000000004,0.07575076105918206
phi_app,0.391,0.07601249135336485
phi_app,0.39125,0.07627422165712507
phi_app,0.3915,0.07653595196999018
phi_app,0.39175000000000004,0.07679768229147689
phi_app,0.392,0.07705941429149941
phi_app,0.39225,0.07732114401768533
phi_app,0.3925,0.0775828737339121
phi_app,0.39275000000000004,0.0778446034408078
phi_app,0.393,0.07810633313901945
phi_app,0.39325,0.07836806282921245
phi_app,0.3935,0.07862979251207124
phi_app,0.39375000000000004,0.07889152218829949
phi_app,0.394,0.07915325187407084
phi_app,0.39425,0.07941498225556949
phi_app,0.3945,0.07967671263960589
phi_app,0.39475000000000005,0.07993844302555568
phi_app,0.395,0.08020017341278239
phi_app,0.39525,0.08046190380063813
phi_app,0.3955,0.08072363418846343
phi_app,0.39575000000000005,0.08098536407431221
phi_app,0.396,0.08124709335112294
phi_app,0.39625,0.08150882321076648
phi_app,0.3965,0.08177055306453816
phi_app,0.39675,0.08203228291018637
phi_app,0.397,0.08229401274573198
phi_app,0.39725,0.0825557430117375
phi_app,0.3975,0.08281747387743472
phi_app,0.39775,0.08307920306244396
phi_app,0.398,0.08334093433754107
phi_app,0.39825,0.08360266482047207
phi_app,0.3985,0.0838643947844786
phi_app,0.39875,0.08412612486106219
phi_app,0.399,0.08438785542240229
phi_app,0.39925,0.08464958545695912
phi_app,0.3995,0.08491131547880658
phi_app,0.39975,0.08517304548741199
phi_app,0.4,0.08543477617600559
phi_to,0.5,0.026384064546150412
phi_to,0.50025,0.026230589911756804
phi_to,0.5005,0.026077115277363266
phi_to,0.50075,0.025923640642969592
phi_to,0.501,0.025770166008576054
phi_to,0.50125,0.025616691374182446
phi_to,0.5015,0.025463216739788904
phi_to,0.50175,0.025309742105395234
phi_to,0.502,0.025156267471001692
phi_to,0.50225,0.025002792836608088
phi_to,0.5025,0.024849318202214546
phi_to,0.50275,0.02469584356782088
phi_to,0.503,0.024542368933427334
phi_to,0.50325,0.024388894299033733
phi_to,0.5035,0.024235419664640188
phi_to,0.50375,0.02408194503024652
phi_to,0.504,0.023928470395852913
phi_to,0.50425,0.02377499576145937
phi_to,0.5045,0.023621521127065767
phi_to,0.50475,0.02346804649267216
phi_to,0.505,0.023314571858278555
phi_to,0.50525,0.023161097223885013
phi_to,0.5055,0.02300762258949141
phi_to,0.50575,0.0228541479550978
phi_to,0.506,0.0227006733207042
phi_to,0.50625,0.022547198686310655
phi_to,0.5065,0.022393724051917047
phi_to,0.50675,0.022240249417523447
phi_to,0.507,0.02208677478312984
phi_to,0.50725,0.0219333001487363
phi_to,0.5075,0.021779825514342693
phi_to,0.50775,0.021626350879949022
phi_to,0.508,0.02147287624555548
phi_to,0.50825,0.021319401611161876
phi_to,0.5085,0.021165926976768334
phi_to,0.50875,0.021012452342374668
phi_to,0.509,0.020858977707981122
phi_to,0.50925,0.020705503073587518
phi_to,0.5095,0.020552028439193976
phi_to,0.50975,0.020398553804800306
phi_to,0.51,0.020245079170406764
phi_to,0.51025,0.02009160453601316
phi_to,0.5105,0.019938129901619618
phi_to,0.51075,0.019784655267225948
phi_to,0.511,0.019631180632832406
phi_to,0.51125,0.019477705998438802
phi_to,0.5115,0.01932423136404526
phi_to,0.51175,0.01917075672965159
phi_to,0.512,0.019017282095257985
phi_to,0.51225,0.018863807460864444
phi_to,0.5125,0.018710332826470836
phi_to,0.51275,0.01855685819207723
phi_to,0.513,0.018403383557683627
phi_to,0.51325,0.018249908923290085
phi_to,0.5135,0.01809643428889648
phi_to,0.51375,0.017942959654502873
phi_to,0.514,0.01778948502010927
phi_to,0.51425,0.017636010385715727
phi_to,0.5145,0.017482535751322123
phi_to,0.51475,0.01732906111692852
phi_to,0.515,0.01717558648253491
phi_to,0.51525,0.01702211184814137
phi_to,0.5155,0.016868637213747765
phi_to,0.51575,0.016715162579354095
phi_to,0.516,0.016561687944960553
phi_to,0.51625,0.01640821331056695
phi_to,0.5165,0.016254738676173407
phi_to,0.51675,0.016101264041779736
phi_to,0.517,0.015947789407386195
phi_to,0.51725,0.01579431477299259
phi_to,0.5175,0.01564084013859905
phi_to,0.51775,0.01548736550420538
phi_to,0.518,0.015333890869811836
phi_to,0.51825,0.01518041623541823
phi_to,0.5185,0.01502694160102469
phi_to,0.51875,0.01487346696663102
phi_to,0.519,0.01471999233223748
phi_to,0.51925,0.014566517697843874
phi_to,0.5195,0.014413043063450268
phi_to,0.51975,0.014259568429056664
phi_to,0.52,0.014106093794663058
phi_to,0.52025,0.013952619160269514
phi_to,0.5205,0.01379914452587591
phi_to,0.52075,0.013645669891482304
phi_to,0.521,0.013492195257088698
phi_to,0.52125,0.013338720622695158
phi_to,0.5215,0.013185245988301552
phi_to,0.52175,0.013031771353907947
phi_to,0.522,0.012878296719514341
phi_to,0.52225,0.012724822085120798
phi_to,0.5225,0.012571347450727193
phi_to,0.52275,0.012417872816333587
phi_to,0.523,0.012264398181939981
phi_to,0.52325,0.012110923547546377
phi_to,0.5235,0.011957448913152835
phi_to,0.52375,0.011803974278759165
phi_to,0.524,0.011650499644365625
phi_to,0.52425,0.011497025009972019
phi_to,0.5245,0.011343550375578477
phi_to,0.52475,0.011190075741184809
phi_to,0.525,0.011036601106791265
phi_to,0.52525,0.01088312647239766
phi_to,0.5255,0.010729651838004119
phi_to,0.5257499999999999,0.010576177203610515
phi_to,0.526,0.010422702569216909
phi_to,0.52625,0.010269227934823303
phi_to,0.5265,0.01011575330042976
phi_to,0.52675,0.009962278666036092
phi_to,0.527,0.009808804031642486
phi_to,0.52725,0.009655329397248944
phi_to,0.5275,0.00950185476285534
phi_to,0.5277499999999999,0.009348380128461798
phi_to,0.528,0.009194905494068128
phi_to,0.52825,0.009041430859674586
phi_to,0.5285,0.008887956225280982
phi_to,0.5287499999999999,0.00873448159088744
phi_to,0.529,0.00858100695649377
phi_to,0.52925,0.008427532322100228
phi_to,0.5295,0.008274057687706624
phi_to,0.5297499999999999,0.008120583053313082
phi_to,0.53,0.007967108418919412
phi_to,0.53025,0.00781363378452587
phi_to,0.5305,0.007660159150132265
phi_to,0.5307499999999999,0.007506684515738723
phi_to,0.531,0.0073532098813450545
phi_to,0.53125,0.0071997352469514485
phi_to,0.5315,0.007046260612557907
phi_to,0.53175,0.0068927859781643015
phi_to,0.532,0.006739311343770696
phi_to,0.53225,0.00658583670937709
phi_to,0.5325,0.0064323620749835485
phi_to,0.53275,0.006278887440589943
phi_to,0.533,0.006125412806196338
phi_to,0.53325,0.005971938171802732
phi_to,0.5335,0.00581846353740919
phi_to,0.53375,0.005664988903015585
phi_to,0.534,0.00551151426862198
phi_to,0.53425,0.005358039634228374
phi_to,0.5345,0.005204564999834833
phi_to,0.53475,0.005051090365441228
phi_to,0.535,0.0048976157310475586
phi_to,0.53525,0.004744141096654017
phi_to,0.5355,0.0045906664622604116
phi_to,0.53575,0.00443719182786687
phi_to,0.536,0.0042837171934732
phi_to,0.53625,0.0041302425590796586
phi_to,0.5365,0.003976767924686053
phi_to,0.53675,0.003823293290292511
phi_to,0.537,0.0036698186558988422
phi_to,0.53725,0.0035163440215053004
phi_to,0.5375,0.003362869387111695
phi_to,0.53775,0.003209394752718153
phi_to,0.538,0.003055920118324484
phi_to,0.53825,0.0029024454839309422
phi_to,0.5385,0.0027489708495373366
phi_to,0.53875,0.0025954962151437315
phi_to,0.539,0.0024420215807501263
phi_to,0.53925,0.0022885469463565207
phi_to,0.5395,0.002135072311962979
phi_to,0.53975,0.0019815976775693733
phi_to,0.54,0.001828123043175768
phi_to,0.54025,0.0016746484087821626
phi_to,0.5405,0.0015211737743886207
phi_to,0.54075,0.0013676991399950154
phi_to,0.5409261230079053,0.0012595774830087504
phi_to,0.541,0.00121422450560141
phi_to,0.54125,0.0010607498712078046
phi_to,0.5415,0.0009072752368142627
phi_to,0.54175,0.0007538006024206573
phi_to,0.542,0.0006003259680270519
phi_to,0.54225,0.00044685133363344645
phi_to,0.5425,0.00029337669923984103
phi_to,0.54275,0.00013990206484629922
phi_to,0.54278125,0.0001207177355470747
phi_to,0.5427890625,0.00011592165322223676
phi_to,0.542791015625,0.00011472263264105906
phi_to,0.5427919921875,0.00011412312235050205
phi_to,0.54279248046875,0.00011382336720522351
phi_to,0.5427927246093749,0.00011367348963261608
phi_to,0.5427928466796874,0.00011359855084628054
phi_to,0.5427928771972655,0.00011357981614963304
phi_to,0.5427928848266601,0.00011357513247547117
phi_to,0.5427928886413573,0.00011357279063842203
phi_to,0.542792888879776,0.00011357264427359056
phi_to,0.5427928889989853,0.00011357257109117483
phi_to,0.5427928890008479,0.00011357256994771349
phi_to,0.5427928890013136,0.00011357256966183225
phi_to,0.54279288900143,0.00011357256959039376
phi_to,0.5427928890014881,0.0001135725695546427
phi_to,0.5427928890014955,0.00011357256955018971
phi_to,0.542792889001499,0.00011357256954796324
phi_to,0.5427928890014999,0.00011357256954745433
phi_to,0.5427928890015001,0.0001135725695473271
phi_to,0.5427928890015004,0.00011357256954719986
phi_to,0.5427928890015008,0.0001135725695468818
phi_to,0.5427928890015027,0.00011357256954573675
phi_to,0.5427928890015172,0.00011357256953683079
phi_to,0.5427928890015464,0.00011357256951889163
phi_to,0.5427928890017792,0.00011357256937595101
phi_to,0.5427928890027105,0.00011357256880425217
phi_to,0.5427928890064359,0.00011357256651726588
phi_to,0.5427928890138864,0.00011357256194335696
phi_to,0.5427928890287875,0.0001135725527956027
phi_to,0.5427928890585898,0.00011357253450003058
phi_to,0.5427928891181945,0.00011357249790882271
phi_to,0.5427928895950316,0.00011357220517922337
phi_to,0.5427928905487059,0.00011357161971996109
phi_to,0.5427928924560546,0.00011357044880143652
phi_to,0.5427929077148437,0.00011356108145304916
phi_to,0.5427929687499999,0.00011352361205988139
phi_to,0.542796875,0.00011112557089752603
phi_to,0.5428124999999999,0.00010153340624791377
phi_to,0.542875,6.31647476494647e-05
phi_to,0.543,1.3572569547369815e-05
phi_to,0.5431250000000001,9.030988674414073e-05
phi_to,0.54315625,0.00010949421604330165
phi_to,0.54316015625,0.00011189225720572062
phi_to,0.5431621093750001,0.0001130912777869619
phi_to,0.5431625976562501,0.00011339103293224043
phi_to,0.543162841796875,0.00011354091050484787
phi_to,0.5431628723144531,0.00011355964520143177
phi_to,0.5431628875732422,0.0001135690125496919
phi_to,0.5431628913879394,0.00011357135438674101
phi_to,0.5431628932952881,0.00011357252530532919
phi_to,0.5431628933548928,0.00011357256189660068
phi_to,0.5431628933623434,0.00011357256647050961
phi_to,0.5431628933660686,0.00011357256875743227
phi_to,0.5431628933669999,0.00011357256932906751
phi_to,0.5431628933672327,0.00011357256947200813
phi_to,0.5431628933673491,0.00011357256954351026
phi_to,0.5431628933673528,0.00011357256954573675
phi_to,0.5431628933673547,0.0001135725695469454
phi_to,0.5431628933673551,0.00011357256954719986
phi_to,0.5431628933673553,0.0001135725695473271
phi_to,0.5431628933673556,0.00011357256954745433
phi_to,0.5431628933673565,0.00011357256954802684
phi_to,0.5431628933673637,0.00011357256955241622
phi_to,0.5431628933673782,0.00011357256956138578
phi_to,0.5431628933674073,0.00011357256957926131
phi_to,0.5431628933674655,0.00011357256961494874
phi_to,0.5431628933679312,0.00011357256990082998
phi_to,0.5431628933697938,0.00011357257104429132
phi_to,0.543162893384695,0.00011357258019217282
phi_to,0.5431628934144974,0.00011357259848780855
phi_to,0.5431628935337067,0.0001135726716702243
phi_to,0.5431628937721252,0.00011357281803499215
phi_to,0.5431628942489624,0.00011357311076459147
phi_to,0.5431628952026367,0.00011357369622385376
phi_to,0.5431629028320313,0.00011357837989801564
phi_to,0.5431629638671875,0.000113615849291247
phi_to,0.5431630859375001,0.00011369078807758254
phi_to,0.5431640625,0.00011429029836813958
phi_to,0.5431718750000001,0.00011908638069297753
phi_to,0.5431875,0.00012867854534252617
phi_to,0.54325,0.00016704720394091163
phi_to,0.5435,0.00032052183833451703
phi_to,0.54375,0.00047399647272805887
phi_to,0.544,0.0006274711071217279
phi_to,0.54425,0.0007809457415152697
phi_to,0.5445,0.0009344203759088751
phi_to,0.54475,0.0010878950103024169
phi_to,0.545,0.001241369644696086
phi_to,0.54525,0.0013948442790896276
phi_to,0.5455,0.0015483189134832332
phi_to,0.54575,0.001701793547876775
phi_to,0.546,0.001855268182270444
phi_to,0.54625,0.0020087428166640493
phi_to,0.5465,0.002162217451057591
phi_to,0.54675,0.0023156920854511967
phi_to,0.547,0.0024691667198448023
phi_to,0.54725,0.0026226413542384075
phi_to,0.5475,0.0027761159886319493
phi_to,0.54775,0.0029295906230255545
phi_to,0.548,0.00308306525741916
phi_to,0.54825,0.0032365398918127656
phi_to,0.5485,0.0033900145262063075
phi_to,0.54875,0.0035434891605999126
phi_to,0.5489999999999999,0.0036969637949934545
phi_to,0.54925,0.003850438429387124
phi_to,0.5495,0.004003913063780665
phi_to,0.54975,0.004157387698174271
phi_to,0.55,0.00431086233256794
phi_to,0.55025,0.0044643369669614815
phi_to,0.5505,0.0046178116013550876
phi_to,0.55075,0.004771286235748629
phi_to,0.5509999999999999,0.0049247608701422346
phi_to,0.55125,0.00507823550453584
phi_to,0.5515,0.005231710138929445
phi_to,0.55175,0.005385184773322987
phi_to,0.552,0.005538659407716656
phi_to,0.55225,0.005692134042110198
phi_to,0.5525,0.005845608676503803
phi_to,0.55275,0.005999083310897345
phi_to,0.5529999999999999,0.00615255794529095
phi_to,0.55325,0.006306032579684556
phi_to,0.5535,0.006459507214078161
phi_to,0.55375,0.006612981848471703
phi_to,0.554,0.006766456482865372
phi_to,0.55425,0.0069199311172589775
phi_to,0.5545,0.007073405751652519
phi_to,0.55475,0.0072268803860461245
phi_to,0.5549999999999999,0.007380355020439666
phi_to,0.55525,0.007533829654833336
phi_to,0.5555,0.0076873042892268775
phi_to,0.55575,0.007840778923620484
phi_to,0.5559999999999999,0.007994253558014025
phi_to,0.55625,0.008147728192407694
phi_to,0.5565,0.008301202826801236
phi_to,0.55675,0.008454677461194842
phi_to,0.5569999999999999,0.008608152095588384
phi_to,0.55725,0.008761626729982052
phi_to,0.5575,0.008915101364375594
phi_to,0.55775,0.0090685759987692
phi_to,0.5579999999999999,0.009222050633162804
phi_to,0.55825,0.00937552526755641
phi_to,0.5585,0.009528999901950016
phi_to,0.55875,0.009682474536343558
phi_to,0.5589999999999999,0.009835949170737162
phi_to,0.55925,0.009989423805130768
phi_to,0.5595,0.010142898439524374
phi_to,0.55975,0.010296373073917916
phi_to,0.5599999999999999,0.01044984770831152
phi_to,0.56025,0.010603322342705127
phi_to,0.5605,0.010756796977098733
phi_to,0.56075,0.010910271611492273
phi_to,0.5609999999999999,0.011063746245885879
phi_to,0.56125,0.011217220880279483
phi_to,0.5615,0.011370695514673089
phi_to,0.56175,0.011524170149066695
phi_to,0.5619999999999999,0.011677644783460237
phi_to,0.56225,0.011831119417853905
phi_to,0.5625,0.011984594052247449
phi_to,0.56275,0.012138068686641053
phi_to,0.563,0.012291543321034595
phi_to,0.56325,0.012445017955428265
phi_to,0.5635,0.012598492589821805
phi_to,0.56375,0.012751967224215411
phi_to,0.564,0.012905441858608953
phi_to,0.56425,0.013058916493002622
phi_to,0.5645,0.013212391127396165
phi_to,0.56475,0.01336586576178977
phi_to,0.565,0.013519340396183311
phi_to,0.56525,0.013672815030576982
phi_to,0.5655,0.013826289664970586
phi_to,0.56575,0.013979764299364128
phi_to,0.566,0.014133238933757732
phi_to,0.56625,0.014286713568151338
phi_to,0.5665,0.014440188202544944
phi_to,0.56675,0.014593662836938486
phi_to,0.567,0.014747137471332092
phi_to,0.56725,0.014900612105725698
phi_to,0.5675,0.015054086740119302
phi_to,0.56775,0.015207561374512844
phi_to,0.568,0.015361036008906448
phi_to,0.56825,0.015514510643300054
phi_to,0.5685,0.01566798527769366
phi_to,0.56875,0.015821459912087204
phi_to,0.569,0.015974934546480808
phi_to,0.56925,0.016128409180874475
phi_to,0.5695,0.01628188381526802
phi_to,0.56975,0.016435358449661625
phi_to,0.57,0.016588833084055166
phi_to,0.57025,0.016742307718448837
phi_to,0.5705,0.016895782352842375
phi_to,0.57075,0.017049256987235983
phi_to,0.571,0.017202731621629525
phi_to,0.57125,0.01735620625602319
phi_to,0.5715,0.017509680890416737
phi_to,0.57175,0.01766315552481034
phi_to,0.572,0.017816630159203883
phi_to,0.5722499999999999,0.017970104793597487
phi_to,0.5725,0.01812357942799109
phi_to,0.57275,0.0182770540623847
phi_to,0.573,0.018430528696778237
phi_to,0.57325,0.018584003331171908
phi_to,0.5735,0.018737477965565515
phi_to,0.57375,0.018890952599959054
phi_to,0.574,0.01904442723435266
phi_to,0.5742499999999999,0.019197901868746203
phi_to,0.5745,0.01935137650313987
phi_to,0.57475,0.019504851137533415
phi_to,0.575,0.01965832577192702
phi_to,0.57525,0.019811800406320624
phi_to,0.5755,0.01996527504071423
phi_to,0.57575,0.02011874967510777
phi_to,0.576,0.020272224309501378
phi_to,0.5762499999999999,0.02042569894389492
phi_to,0.5765,0.020579173578288586
phi_to,0.57675,0.02073264821268213
phi_to,0.577,0.020886122847075736
phi_to,0.57725,0.021039597481469403
phi_to,0.5775,0.021193072115862948
phi_to,0.57775,0.02134654675025655
phi_to,0.578,0.021500021384650094
phi_to,0.5782499999999999,0.021653496019043702
phi_to,0.5785,0.021806970653437303
phi_to,0.57875,0.02196044528783091
phi_to,0.579,0.02211391992222445
phi_to,0.57925,0.022267394556618123
phi_to,0.5795,0.02242086919101166
phi_to,0.57975,0.02257434382540527
phi_to,0.58,0.02272781845979881
phi_to,0.5802499999999999,0.022881293094192415
phi_to,0.5805,0.023034767728586023
phi_to,0.58075,0.023188242362979627
phi_to,0.581,0.023341716997373235
phi_to,0.58125,0.023495191631766835
phi_to,0.5815,0.023648666266160443
phi_to,0.58175,0.02380214090055398
phi_to,0.582,0.02395561553494759
phi_to,0.5822499999999999,0.024109090169341135
phi_to,0.5825,0.0242625648037348
phi_to,0.58275,0.024416039438128343
phi_to,0.583,0.024569514072521947
phi_to,0.5832499999999999,0.02472298870691549
phi_to,0.5835,0.02487646334130916
phi_to,0.58375,0.0250299379757027
phi_to,0.584,0.025183412610096306
phi_to,0.5842499999999999,0.025336887244489847
phi_to,0.5845,0.025490361878883514
phi_to,0.58475,0.025643836513277122
phi_to,0.585,0.025797311147670667
phi_to,0.5852499999999999,0.025950785782064268
phi_to,0.5855,0.026104260416457876
phi_to,0.58575,0.02625773505085148
phi_to,0.586,0.026411209685245022
phi_to,0.5862499999999999,0.026564684319638626
phi_to,0.5865,0.026718158954032234
phi_to,0.58675,0.026871633588425838
phi_to,0.587,0.02702510822281938
phi_to,0.5872499999999999,0.027178582857212984
phi_to,0.5875,0.027332057491606592
phi_to,0.58775,0.027485532126000193
phi_to,0.588,0.027639006760393738
phi_to,0.5882499999999999,0.027792481394787346
phi_to,0.5885,0.027945956029181013
phi_to,0.58875,0.028099430663574555
phi_to,0.589,0.02825290529796816
phi_to,0.5892499999999999,0.0284063799323617
phi_to,0.5895,0.02855985456675537
phi_to,0.58975,0.028713329201148913
phi_to,0.59,0.028866803835542517
phi_to,0.5902499999999999,0.02902027846993606
phi_to,0.5905,0.029173753104329726
phi_to,0.59075,0.02932722773872327
phi_to,0.591,0.02948070237311688
phi_to,0.5912499999999999,0.029634177007510417
phi_to,0.5915,0.029787651641904087
phi_to,0.59175,0.029941126276297626
phi_to,0.592,0.030094600910691233
phi_to,0.5922499999999999,0.03024807554508478
phi_to,0.5925,0.030401550179478445
phi_to,0.59275,0.03055502481387205
phi_to,0.593,0.03070849944826559
phi_to,0.5932499999999999,0.0308619740826592
phi_to,0.5935,0.031015448717052804
phi_to,0.59375,0.03116892335144641
phi_to,0.594,0.031322397985839946
phi_to,0.59425,0.031475872620233554
phi_to,0.5945,0.03162934725462716
phi_to,0.59475,0.03178282188902077
phi_to,0.595,0.03193629652341431
phi_to,0.59525,0.032089771157807916
phi_to,0.5955,0.03224324579220152
phi_to,0.59575,0.032396720426595124
phi_to,0.596,0.03255019506098867
phi_to,0.59625,0.03270366969538227
phi_to,0.5965,0.03285714432977594
phi_to,0.59675,0.03301061896416948
phi_to,0.597,0.03316409359856309
phi_to,0.59725,0.03331756823295663
phi_to,0.5974999999999999,0.03347104286735023
phi_to,0.59775,0.03362451750174384
phi_to,0.598,0.03377799213613745
phi_to,0.59825,0.03393146677053099
phi_to,0.5985,0.03408494140492466
phi_to,0.59875,0.0342384160393182
phi_to,0.599,0.0343918906737118
phi_to,0.59925,0.03454536530810535
phi_to,0.5994999999999999,0.034698839942498956
phi_to,0.59975,0.03485231457689256
phi_to,0.6,0.035005789211286165
