uid,model,mode,fuel,split,tau,p5_analytic_bar,p5_pinn_bar,p5_rel_err,T5_analytic_K,T5_pinn_raw_K,T5_rel_err
01P19RR106,Trent 1000-AE3,TAKE-OFF,Jet-A1,train,0.3799657924470327,3.6835814931929804,2.817228,-0.23519322,1174.2765046498153,1174.3155517578125,3.325205591922568e-05
01P19RR106,Trent 1000-AE3,TAKE-OFF,HEFA-SPK,train,0.38003179193512215,3.6817176010018047,2.8137283,-0.23575656,1173.8694685686883,1173.9515380859375,6.991366540038398e-05
01P19RR106,Trent 1000-AE3,TAKE-OFF,FT-SPK,train,0.38003585260268935,3.6815860960132367,2.8137085,-0.23573475,1173.7239649910543,1173.8602294921875,0.00011609586682861475
01P19RR106,Trent 1000-AE3,TAKE-OFF,ATJ-SPK,train,0.38041873057362885,3.6708104621345776,2.7932265,-0.23907085,1171.4881889149365,1171.823486328125,0.00028621493273362744
01P19RR106,Trent 1000-AE3,APPROACH,Jet-A1,train,0.38784704269322445,2.105286258181136,1.7339953,-0.17636126,831.4077125041716,831.7849731445312,0.0004537612950730595
01P19RR106,Trent 1000-AE3,APPROACH,HEFA-SPK,train,0.38791684360513173,2.1042777598464752,1.7321398,-0.1768483,831.1469664648378,831.5423583984375,0.000475718434347997
01P19RR106,Trent 1000-AE3,APPROACH,FT-SPK,train,0.3879272426624064,2.104160125272079,1.7320005,-0.17686851,831.0690691394453,831.4869384765625,0.0005028093965160591
01P19RR106,Trent 1000-AE3,APPROACH,ATJ-SPK,train,0.38832590667305117,2.098376350298356,1.721274,-0.17971149,829.6213225681186,830.1231079101562,0.0006048366024204877
01P19RR106,Trent 1000-AE3,IDLE,Jet-A1,train,0.272854112708692,2.292517636947431,2.4521801,0.06964505,877.4004397703466,877.225341796875,-0.00019956449248805517
01P19RR106,Trent 1000-AE3,IDLE,HEFA-SPK,train,0.2729134238393011,2.291764109052564,2.4515133,0.069705784,877.1288458183357,876.9678955078125,-0.00018349677050354043
01P19RR106,Trent 1000-AE3,IDLE,FT-SPK,train,0.27292281885142994,2.291674380574643,2.4514487,0.06971949,877.0483104312125,876.9051513671875,-0.00016322825358913132
01P19RR106,Trent 1000-AE3,IDLE,ATJ-SPK,train,0.27326109168822305,2.2873519891987213,2.4475996,0.07005815,875.5397207510484,875.461669921875,-8.914596028433987e-05
01P19RR107,Trent 1000-CE3,TAKE-OFF,Jet-A1,train,0.38364995793948903,3.796523076043778,2.751038,-0.2753796,1175.687044601139,1175.8087158203125,0.00010348946152998354
01P19RR107,Trent 1000-CE3,TAKE-OFF,HEFA-SPK,train,0.3837152888690136,3.7946039086025958,2.7473426,-0.27598706,1175.2832851605622,1175.4486083984375,0.0001406667141128801
01P19RR107,Trent 1000-CE3,TAKE-OFF,FT-SPK,train,0.38371907572967856,3.794472097763115,2.747337,-0.27596328,1175.1385701537492,1175.3587646484375,0.00018737747213883767
01P19RR107,Trent 1000-CE3,TAKE-OFF,ATJ-SPK,train,0.3840983014375673,3.783373522456123,2.7256591,-0.27956912,1172.9211739796285,1173.3419189453125,0.00035871546615227825
01P19RR107,Trent 1000-CE3,APPROACH,Jet-A1,train,0.3923420029015853,2.154966516252644,1.6872087,-0.21706043,832.5615976033479,832.982421875,0.0005054572212596975
01P19RR107,Trent 1000-CE3,APPROACH,HEFA-SPK,train,0.39241136951908817,2.1539302796979753,1.6852432,-0.21759619,832.3025064151797,832.7416381835938,0.0005276107725608993
01P19RR107,Trent 1000-CE3,APPROACH,FT-SPK,train,0.3924216346721651,2.1538099544263454,1.685095,-0.21762133,832.2248721763124,832.6870727539062,0.0005553794329472477
01P19RR107,Trent 1000-CE3,APPROACH,ATJ-SPK,train,0.39281787911956895,2.147866709846867,1.6737142,-0.22075509,830.7865479470953,831.33349609375,0.0006583497867246753
01P19RR107,Trent 1000-CE3,IDLE,Jet-A1,train,0.2778609446179343,2.349205941678,2.5253596,0.07498438,878.0890487719072,877.9111938476562,-0.0002025477080026046
01P19RR107,Trent 1000-CE3,IDLE,HEFA-SPK,train,0.27792049136728225,2.348423576594823,2.5246468,0.07503897,877.8186486962194,877.6549682617188,-0.00018646269903668648
01P19RR107,Trent 1000-CE3,IDLE,FT-SPK,train,0.2779299054660425,2.34833044338066,2.5245779,0.075052254,877.7382183886307,877.5926513671875,-0.0001658433213839311
01P19RR107,Trent 1000-CE3,IDLE,ATJ-SPK,train,0.27826953351171246,2.3438427464906257,2.520458,0.07535282,876.2365107700472,876.1567993164062,-9.09702490836338e-05
01P19RR108,Trent 1000-D3,TAKE-OFF,Jet-A1,holdout,0.38364995793948903,3.796523076043778,2.751038,-0.2753796,1175.687044601139,1175.8087158203125,0.00010348946152998354
01P19RR108,Trent 1000-D3,TAKE-OFF,HEFA-SPK,holdout,0.3837152888690136,3.7946039086025958,2.7473426,-0.27598706,1175.2832851605622,1175.4486083984375,0.0001406667141128801
01P19RR108,Trent 1000-D3,TAKE-OFF,FT-SPK,holdout,0.38371907572967856,3.794472097763115,2.747337,-0.27596328,1175.1385701537492,1175.3587646484375,0.00018737747213883767
01P19RR108,Trent 1000-D3,TAKE-OFF,ATJ-SPK,holdout,0.3840983014375673,3.783373522456123,2.7256591,-0.27956912,1172.9211739796285,1173.3419189453125,0.00035871546615227825
01P19RR108,Trent 1000-D3,APPROACH,Jet-A1,holdout,0.3923420029015853,2.154966516252644,1.6872087,-0.21706043,832.5615976033479,832.982421875,0.0005054572212596975
01P19RR108,Trent 1000-D3,APPROACH,HEFA-SPK,holdout,0.39241136951908817,2.1539302796979753,1.6852432,-0.21759619,832.3025064151797,832.7416381835938,0.0005276107725608993
01P19RR108,Trent 1000-D3,APPROACH,FT-SPK,holdout,0.3924216346721651,2.1538099544263454,1.685095,-0.21762133,832.2248721763124,832.6870727539062,0.0005553794329472477
01P19RR108,Trent 1000-D3,APPROACH,ATJ-SPK,holdout,0.39281787911956895,2.147866709846867,1.6737142,-0.22075509,830.7865479470953,831.33349609375,0.0006583497867246753
01P19RR108,Trent 1000-D3,IDLE,Jet-A1,holdout,0.2778609446179343,2.349205941678,2.5253596,0.07498438,878.0890487719072,877.9111938476562,-0.0002025477080026046
01P19RR108,Trent 1000-D3,IDLE,HEFA-SPK,holdout,0.27792049136728225,2.348423576594823,2.5246468,0.07503897,877.8186486962194,877.6549682617188,-0.00018646269903668648
01P19RR108,Trent 1000-D3,IDLE,FT-SPK,holdout,0.2779299054660425,2.34833044338066,2.5245779,0.075052254,877.7382183886307,877.5926513671875,-0.0001658433213839311
01P19RR108,Trent 1000-D3,IDLE,ATJ-SPK,holdout,0.27826953351171246,2.3438427464906257,2.520458,0.07535282,876.2365107700472,876.1567993164062,-9.09702490836338e-05
01P19RR109,Trent 1000-G3,TAKE-OFF,Jet-A1,train,0.38196798414059446,3.7446716065044834,2.7837632,-0.25660688,1175.0397217188847,1175.123046875,7.09126292287282e-05
01P19RR109,Trent 1000-G3,TAKE-OFF,HEFA-SPK,train,0.3820336232749079,3.7427777199488186,2.7801516,-0.25719568,1174.6344603182451,1174.7613525390625,0.000108026986355376
01P19RR109,Trent 1000-G3,TAKE-OFF,FT-SPK,train,0.38203753655925715,3.742645992030275,2.7801363,-0.2571736,1174.4893805290199,1174.670654296875,0.0001543426197463747
01P19RR109,Trent 1000-G3,TAKE-OFF,ATJ-SPK,train,0.38241844569984706,3.7316951747413096,2.7590065,-0.260656,1172.2635626254644,1172.6448974609375,0.00032529786613777207
01P19RR109,Trent 1000-G3,APPROACH,Jet-A1,train,0.39029150235323445,2.1322043518175477,1.7100998,-0.19796626,832.0311028108846,832.4315185546875,0.00048125093214684985
01P19RR109,Trent 1000-G3,APPROACH,HEFA-SPK,train,0.39036107046061796,2.131180798288385,1.7081838,-0.19848013,831.7712533903097,832.1900634765625,0.0005035159420883714
01P19RR109,Trent 1000-G3,APPROACH,FT-SPK,train,0.39037139780268393,2.1310616927262154,1.7080396,-0.19850294,831.6934973401274,832.1349487304688,0.0005307861510919859
01P19RR109,Trent 1000-G3,APPROACH,ATJ-SPK,train,0.39076876465875854,2.125191373999649,1.6969645,-0.20150039,830.2508571779318,830.7765502929688,0.0006331738299238561
01P19RR109,Trent 1000-G3,IDLE,Jet-A1,train,0.27557380033682644,2.3232040660849567,2.49193,0.0726264,877.7717912334625,877.5950927734375,-0.00020130341597868204
01P19RR109,Trent 1000-G3,IDLE,HEFA-SPK,train,0.27563324355029845,2.322434939828063,2.4912393,0.072684154,877.5008421600179,877.33837890625,-0.00018514313145043121
01P19RR109,Trent 1000-G3,IDLE,FT-SPK,train,0.27564264980684616,2.3223433677367264,2.491171,0.07269698,877.4203629073002,877.2755737304688,-0.00016501688694761508
01P19RR109,Trent 1000-G3,IDLE,ATJ-SPK,train,0.2759816819274058,2.31793156184527,2.4871757,0.07301519,875.9154912424787,875.836181640625,-9.054481014047561e-05
01P19RR110,Trent 1000-H3,TAKE-OFF,Jet-A1,train,0.37589133938671193,3.561370053156822,2.8683333,-0.1945983,1172.748083499403,1172.700439453125,-4.0625985195278024e-05
01P19RR110,Trent 1000-H3,TAKE-OFF,HEFA-SPK,train,0.3759580504729312,3.559566816945726,2.865042,-0.19511503,1172.3374784713856,1172.3326416015625,-4.125833995662145e-06
01P19RR110,Trent 1000-H3,TAKE-OFF,FT-SPK,train,0.3759624008075777,3.5594361518734514,2.8650098,-0.19509454,1172.1911465207886,1172.239990234375,4.1668727605875197e-05
01P19RR110,Trent 1000-H3,TAKE-OFF,ATJ-SPK,train,0.37634916846771854,3.5490143971580825,2.8457747,-0.1981507,1169.9353202049233,1170.1806640625,0.00020970719777374156
01P19RR110,Trent 1000-H3,APPROACH,Jet-A1,train,0.3828608630419069,2.0511039430502223,1.7721763,-0.13598904,830.1660395192281,830.4987182617188,0.000400737595437318
01P19RR110,Trent 1000-H3,APPROACH,HEFA-SPK,train,0.3829311136840683,2.050125924863452,1.7704395,-0.136424,829.9034891606723,830.2540283203125,0.0004223854511019593
01P19RR110,Trent 1000-H3,APPROACH,FT-SPK,train,0.3829416509729894,2.0500113403791214,1.770301,-0.13644338,829.8253165210735,830.1982421875,0.0004494026140223012
01P19RR110,Trent 1000-H3,APPROACH,ATJ-SPK,train,0.3833428217072421,2.044402710805484,1.7602628,-0.1389843,828.3672850333576,828.82275390625,0.0005498392815864083
01P19RR110,Trent 1000-H3,IDLE,Jet-A1,train,0.26733027476191995,2.2309669205159217,2.371614,0.06304308,876.6655010258878,876.4950561523438,-0.00019442406863803718
01P19RR110,Trent 1000-H3,IDLE,HEFA-SPK,train,0.2673892875436494,2.2302445855534283,2.3709924,0.06310876,876.3926241074178,876.2360229492188,-0.00017868835712589858
01P19RR110,Trent 1000-H3,IDLE,FT-SPK,train,0.2673986533703824,2.230158556349631,2.3709316,0.0631224,876.3119814349775,876.1729736328125,-0.00015862821131050733
01P19RR110,Trent 1000-H3,IDLE,ATJ-SPK,train,0.2677352139954448,2.226014965995632,2.36736,0.06349695,874.795990498926,874.7212524414062,-8.543484233065704e-05
01P19RR111,Trent 1000-J3,TAKE-OFF,Jet-A1,train,0.38614749526433945,3.8744181936160103,2.6941953,-0.30461937,1176.658606626066,1176.838134765625,0.00015257453482932795
01P19RR111,Trent 1000-J3,TAKE-OFF,HEFA-SPK,train,0.38621235923070774,3.87246136368581,2.69036,-0.3052584,1176.2570968369716,1176.48095703125,0.000190315701287017
01P19RR111,Trent 1000-J3,TAKE-OFF,FT-SPK,train,0.38621595390566027,3.872329616368894,2.6903543,-0.30523622,1176.1129386168573,1176.39208984375,0.00023735069798741114
01P19RR111,Trent 1000-J3,TAKE-OFF,ATJ-SPK,train,0.38659262985445525,3.8610107314782702,2.6678343,-0.3090321,1173.9081461384017,1174.3892822265625,0.00040985837754303555
01P19RR111,Trent 1000-J3,APPROACH,Jet-A1,train,0.39538159474390916,2.189017114022152,1.648165,-0.24707535,833.3608727680952,833.8129272460938,0.0005424474471629707
01P19RR111,Trent 1000-J3,APPROACH,HEFA-SPK,train,0.3954506523280596,2.1879619895534734,1.6461184,-0.24764763,833.1029158337125,833.5736083984375,0.000564987297222445
01P19RR111,Trent 1000-J3,APPROACH,FT-SPK,train,0.3954608218455286,2.187839882693018,1.6459725,-0.2476723,833.0254678555261,833.51953125,0.0005930951856078859
01P19RR111,Trent 1000-J3,APPROACH,ATJ-SPK,train,0.3958553452989641,2.1817880019030773,1.6341221,-0.25101694,831.5935958717952,832.1727905273438,0.0006964876334111038
01P19RR111,Trent 1000-J3,IDLE,Jet-A1,train,0.2812608407928962,2.3881903831344844,2.5750089,0.07822594,878.5692005301552,878.3899536132812,-0.00020402139838928874
01P19RR111,Trent 1000-J3,IDLE,HEFA-SPK,train,0.2813205287572152,2.3873881356178077,2.5742583,0.07827389,878.2996277372552,878.1348266601562,-0.00018763651024590993
01P19RR111,Trent 1000-J3,IDLE,FT-SPK,train,0.2813299517621601,2.3872926646314614,2.5741878,0.07828749,878.2192732016495,878.0726928710938,-0.00016690630122626656
01P19RR111,Trent 1000-J3,IDLE,ATJ-SPK,train,0.2816703939786098,2.382690988546959,2.5698779,0.07856119,876.7223314778753,876.6419677734375,-9.166380455065954e-05
01P19RR112,Trent 1000-K3,TAKE-OFF,Jet-A1,train,0.38614749526433945,3.8744181936160103,2.6941953,-0.30461937,1176.658606626066,1176.838134765625,0.00015257453482932795
01P19RR112,Trent 1000-K3,TAKE-OFF,HEFA-SPK,train,0.38621235923070774,3.87246136368581,2.69036,-0.3052584,1176.2570968369716,1176.48095703125,0.000190315701287017
01P19RR112,Trent 1000-K3,TAKE-OFF,FT-SPK,train,0.38621595390566027,3.872329616368894,2.6903543,-0.30523622,1176.1129386168573,1176.39208984375,0.00023735069798741114
01P19RR112,Trent 1000-K3,TAKE-OFF,ATJ-SPK,train,0.38659262985445525,3.8610107314782702,2.6678343,-0.3090321,1173.9081461384017,1174.3892822265625,0.00040985837754303555
01P19RR112,Trent 1000-K3,APPROACH,Jet-A1,train,0.39538159474390916,2.189017114022152,1.648165,-0.24707535,833.3608727680952,833.8129272460938,0.0005424474471629707
01P19RR112,Trent 1000-K3,APPROACH,HEFA-SPK,train,0.3954506523280596,2.1879619895534734,1.6461184,-0.24764763,833.1029158337125,833.5736083984375,0.000564987297222445
01P19RR112,Trent 1000-K3,APPROACH,FT-SPK,train,0.3954608218455286,2.187839882693018,1.6459725,-0.2476723,833.0254678555261,833.51953125,0.0005930951856078859
01P19RR112,Trent 1000-K3,APPROACH,ATJ-SPK,train,0.3958553452989641,2.1817880019030773,1.6341221,-0.25101694,831.5935958717952,832.1727905273438,0.0006964876334111038
01P19RR112,Trent 1000-K3,IDLE,Jet-A1,train,0.2812608407928962,2.3881903831344844,2.5750089,0.07822594,878.5692005301552,878.3899536132812,-0.00020402139838928874
01P19RR112,Trent 1000-K3,IDLE,HEFA-SPK,train,0.2813205287572152,2.3873881356178077,2.5742583,0.07827389,878.2996277372552,878.1348266601562,-0.00018763651024590993
01P19RR112,Trent 1000-K3,IDLE,FT-SPK,train,0.2813299517621601,2.3872926646314614,2.5741878,0.07828749,878.2192732016495,878.0726928710938,-0.00016690630122626656
01P19RR112,Trent 1000-K3,IDLE,ATJ-SPK,train,0.2816703939786098,2.382690988546959,2.5698779,0.07856119,876.7223314778753,876.6419677734375,-9.166380455065954e-05
01P19RR113,Trent 1000-L3,TAKE-OFF,Jet-A1,train,0.38364995793948903,3.796523076043778,2.751038,-0.2753796,1175.687044601139,1175.8087158203125,0.00010348946152998354
01P19RR113,Trent 1000-L3,TAKE-OFF,HEFA-SPK,train,0.3837152888690136,3.7946039086025958,2.7473426,-0.27598706,1175.2832851605622,1175.4486083984375,0.0001406667141128801
01P19RR113,Trent 1000-L3,TAKE-OFF,FT-SPK,train,0.38371907572967856,3.794472097763115,2.747337,-0.27596328,1175.1385701537492,1175.3587646484375,0.00018737747213883767
01P19RR113,Trent 1000-L3,TAKE-OFF,ATJ-SPK,train,0.3840983014375673,3.783373522456123,2.7256591,-0.27956912,1172.9211739796285,1173.3419189453125,0.00035871546615227825
01P19RR113,Trent 1000-L3,APPROACH,Jet-A1,train,0.3923420029015853,2.154966516252644,1.6872087,-0.21706043,832.5615976033479,832.982421875,0.0005054572212596975
01P19RR113,Trent 1000-L3,APPROACH,HEFA-SPK,train,0.39241136951908817,2.1539302796979753,1.6852432,-0.21759619,832.3025064151797,832.7416381835938,0.0005276107725608993
01P19RR113,Trent 1000-L3,APPROACH,FT-SPK,train,0.3924216346721651,2.1538099544263454,1.685095,-0.21762133,832.2248721763124,832.6870727539062,0.0005553794329472477
01P19RR113,Trent 1000-L3,APPROACH,ATJ-SPK,train,0.39281787911956895,2.147866709846867,1.6737142,-0.22075509,830.7865479470953,831.33349609375,0.0006583497867246753
01P19RR113,Trent 1000-L3,IDLE,Jet-A1,train,0.2778609446179343,2.349205941678,2.5253596,0.07498438,878.0890487719072,877.9111938476562,-0.0002025477080026046
01P19RR113,Trent 1000-L3,IDLE,HEFA-SPK,train,0.27792049136728225,2.348423576594823,2.5246468,0.07503897,877.8186486962194,877.6549682617188,-0.00018646269903668648
01P19RR113,Trent 1000-L3,IDLE,FT-SPK,train,0.2779299054660425,2.34833044338066,2.5245779,0.075052254,877.7382183886307,877.5926513671875,-0.0001658433213839311
01P19RR113,Trent 1000-L3,IDLE,ATJ-SPK,train,0.27826953351171246,2.3438427464906257,2.520458,0.07535282,876.2365107700472,876.1567993164062,-9.09702490836338e-05
01P19RR114,Trent 1000-M3,TAKE-OFF,Jet-A1,train,0.3872377890874699,3.9087629060870164,2.6661284,-0.3179099,1177.0866110669845,1177.29248046875,0.000174897411821656
01P19RR114,Trent 1000-M3,TAKE-OFF,HEFA-SPK,train,0.38730244568411604,3.906789594426036,2.6622157,-0.31856695,1176.686090870414,1176.9361572265625,0.00021251747436177364
01P19RR114,Trent 1000-M3,TAKE-OFF,FT-SPK,train,0.38730595476934254,3.906657948385965,2.6622212,-0.3185425,1176.5421814969675,1176.8475341796875,0.0002595339865600901
01P19RR114,Trent 1000-M3,TAKE-OFF,ATJ-SPK,train,0.38768149872744195,3.8952425795097505,2.6393335,-0.32242128,1174.3429292827354,1174.8509521484375,0.0004326018005765571
01P19RR114,Trent 1000-M3,APPROACH,Jet-A1,train,0.3967065549598836,2.2039760753151225,1.6291286,-0.26082292,833.7141505661788,834.1802978515625,0.0005591212348586913
01P19RR114,Trent 1000-M3,APPROACH,HEFA-SPK,train,0.39677547398673785,2.2029126863591864,1.6270472,-0.26141095,833.4566919022789,833.9414672851562,0.0005816443584740291
01P19RR114,Trent 1000-M3,APPROACH,FT-SPK,train,0.3967856005150432,2.202789813670296,1.6268984,-0.2614373,833.3793272903922,833.8873901367188,0.0006096417677870994
01P19RR114,Trent 1000-M3,APPROACH,ATJ-SPK,train,0.3971793525437571,2.196690385768827,1.6148441,-0.26487404,831.9502881957059,832.5440063476562,0.0007136461882091674
01P19RR114,Trent 1000-M3,IDLE,Jet-A1,train,0.28274635650334023,2.4053488916414674,2.5966623,0.07953667,878.7822488011875,878.6029663085938,-0.00020401241927488778
01P19RR114,Trent 1000-M3,IDLE,HEFA-SPK,train,0.2828061014164094,2.404537881577268,2.5959,0.07958384,878.513041643055,878.3482055664062,-0.0001876307679399251
01P19RR114,Trent 1000-M3,IDLE,FT-SPK,train,0.2828155272720409,2.404441383039718,2.5958245,0.07959567,878.4327213675988,878.2857666015625,-0.00016729199910438152
01P19RR114,Trent 1000-M3,IDLE,ATJ-SPK,train,0.2831562983987366,2.3997894725308253,2.5914295,0.07985701,876.9378852580587,876.8575439453125,-9.161573937767707e-05
01P19RR115,Trent 1000-N3,TAKE-OFF,Jet-A1,train,0.3872377890874699,3.9087629060870164,2.6661284,-0.3179099,1177.0866110669845,1177.29248046875,0.000174897411821656
01P19RR115,Trent 1000-N3,TAKE-OFF,HEFA-SPK,train,0.38730244568411604,3.906789594426036,2.6622157,-0.31856695,1176.686090870414,1176.9361572265625,0.00021251747436177364
01P19RR115,Trent 1000-N3,TAKE-OFF,FT-SPK,train,0.38730595476934254,3.906657948385965,2.6622212,-0.3185425,1176.5421814969675,1176.8475341796875,0.0002595339865600901
01P19RR115,Trent 1000-N3,TAKE-OFF,ATJ-SPK,train,0.38768149872744195,3.8952425795097505,2.6393335,-0.32242128,1174.3429292827354,1174.8509521484375,0.0004326018005765571
01P19RR115,Trent 1000-N3,APPROACH,Jet-A1,train,0.3967065549598836,2.2039760753151225,1.6291286,-0.26082292,833.7141505661788,834.1802978515625,0.0005591212348586913
01P19RR115,Trent 1000-N3,APPROACH,HEFA-SPK,train,0.39677547398673785,2.2029126863591864,1.6270472,-0.26141095,833.4566919022789,833.9414672851562,0.0005816443584740291
01P19RR115,Trent 1000-N3,APPROACH,FT-SPK,train,0.3967856005150432,2.202789813670296,1.6268984,-0.2614373,833.3793272903922,833.8873901367188,0.0006096417677870994
01P19RR115,Trent 1000-N3,APPROACH,ATJ-SPK,train,0.3971793525437571,2.196690385768827,1.6148441,-0.26487404,831.9502881957059,832.5440063476562,0.0007136461882091674
01P19RR115,Trent 1000-N3,IDLE,Jet-A1,train,0.28274635650334023,2.4053488916414674,2.5966623,0.07953667,878.7822488011875,878.6029663085938,-0.00020401241927488778
01P19RR115,Trent 1000-N3,IDLE,HEFA-SPK,train,0.2828061014164094,2.404537881577268,2.5959,0.07958384,878.513041643055,878.3482055664062,-0.0001876307679399251
01P19RR115,Trent 1000-N3,IDLE,FT-SPK,train,0.2828155272720409,2.404441383039718,2.5958245,0.07959567,878.4327213675988,878.2857666015625,-0.00016729199910438152
01P19RR115,Trent 1000-N3,IDLE,ATJ-SPK,train,0.2831562983987366,2.3997894725308253,2.5914295,0.07985701,876.9378852580587,876.8575439453125,-9.161573937767707e-05
01P19RR116,Trent 1000-P3,TAKE-OFF,Jet-A1,holdout,0.38364995793948903,3.796523076043778,2.751038,-0.2753796,1175.687044601139,1175.8087158203125,0.00010348946152998354
01P19RR116,Trent 1000-P3,TAKE-OFF,HEFA-SPK,holdout,0.3837152888690136,3.7946039086025958,2.7473426,-0.27598706,1175.2832851605622,1175.4486083984375,0.0001406667141128801
01P19RR116,Trent 1000-P3,TAKE-OFF,FT-SPK,holdout,0.38371907572967856,3.794472097763115,2.747337,-0.27596328,1175.1385701537492,1175.3587646484375,0.00018737747213883767
01P19RR116,Trent 1000-P3,TAKE-OFF,ATJ-SPK,holdout,0.3840983014375673,3.783373522456123,2.7256591,-0.27956912,1172.9211739796285,1173.3419189453125,0.00035871546615227825
01P19RR116,Trent 1000-P3,APPROACH,Jet-A1,holdout,0.3923420029015853,2.154966516252644,1.6872087,-0.21706043,832.5615976033479,832.982421875,0.0005054572212596975
01P19RR116,Trent 1000-P3,APPROACH,HEFA-SPK,holdout,0.39241136951908817,2.1539302796979753,1.6852432,-0.21759619,832.3025064151797,832.7416381835938,0.0005276107725608993
01P19RR116,Trent 1000-P3,APPROACH,FT-SPK,holdout,0.3924216346721651,2.1538099544263454,1.685095,-0.21762133,832.2248721763124,832.6870727539062,0.0005553794329472477
01P19RR116,Trent 1000-P3,APPROACH,ATJ-SPK,holdout,0.39281787911956895,2.147866709846867,1.6737142,-0.22075509,830.7865479470953,831.33349609375,0.0006583497867246753
01P19RR116,Trent 1000-P3,IDLE,Jet-A1,holdout,0.2778609446179343,2.349205941678,2.5253596,0.07498438,878.0890487719072,877.9111938476562,-0.0002025477080026046
01P19RR116,Trent 1000-P3,IDLE,HEFA-SPK,holdout,0.27792049136728225,2.348423576594823,2.5246468,0.07503897,877.8186486962194,877.6549682617188,-0.00018646269903668648
01P19RR116,Trent 1000-P3,IDLE,FT-SPK,holdout,0.2779299054660425,2.34833044338066,2.5245779,0.075052254,877.7382183886307,877.5926513671875,-0.0001658433213839311
01P19RR116,Trent 1000-P3,IDLE,ATJ-SPK,holdout,0.27826953351171246,2.3438427464906257,2.520458,0.07535282,876.2365107700472,876.1567993164062,-9.09702490836338e-05
01P19RR117,Trent 1000-Q3,TAKE-OFF,Jet-A1,train,0.38614749526433945,3.8744181936160103,2.6941953,-0.30461937,1176.658606626066,1176.838134765625,0.00015257453482932795
01P19RR117,Trent 1000-Q3,TAKE-OFF,HEFA-SPK,train,0.38621235923070774,3.87246136368581,2.69036,-0.3052584,1176.2570968369716,1176.48095703125,0.000190315701287017
01P19RR117,Trent 1000-Q3,TAKE-OFF,FT-SPK,train,0.38621595390566027,3.872329616368894,2.6903543,-0.30523622,1176.1129386168573,1176.39208984375,0.00023735069798741114
01P19RR117,Trent 1000-Q3,TAKE-OFF,ATJ-SPK,train,0.38659262985445525,3.8610107314782702,2.6678343,-0.3090321,1173.9081461384017,1174.3892822265625,0.00040985837754303555
01P19RR117,Trent 1000-Q3,APPROACH,Jet-A1,train,0.39538159474390916,2.189017114022152,1.648165,-0.24707535,833.3608727680952,833.8129272460938,0.0005424474471629707
01P19RR117,Trent 1000-Q3,APPROACH,HEFA-SPK,train,0.3954506523280596,2.1879619895534734,1.6461184,-0.24764763,833.1029158337125,833.5736083984375,0.000564987297222445
01P19RR117,Trent 1000-Q3,APPROACH,FT-SPK,train,0.3954608218455286,2.187839882693018,1.6459725,-0.2476723,833.0254678555261,833.51953125,0.0005930951856078859
01P19RR117,Trent 1000-Q3,APPROACH,ATJ-SPK,train,0.3958553452989641,2.1817880019030773,1.6341221,-0.25101694,831.5935958717952,832.1727905273438,0.0006964876334111038
01P19RR117,Trent 1000-Q3,IDLE,Jet-A1,train,0.2812608407928962,2.3881903831344844,2.5750089,0.07822594,878.5692005301552,878.3899536132812,-0.00020402139838928874
01P19RR117,Trent 1000-Q3,IDLE,HEFA-SPK,train,0.2813205287572152,2.3873881356178077,2.5742583,0.07827389,878.2996277372552,878.1348266601562,-0.00018763651024590993
01P19RR117,Trent 1000-Q3,IDLE,FT-SPK,train,0.2813299517621601,2.3872926646314614,2.5741878,0.07828749,878.2192732016495,878.0726928710938,-0.00016690630122626656
01P19RR117,Trent 1000-Q3,IDLE,ATJ-SPK,train,0.2816703939786098,2.382690988546959,2.5698779,0.07856119,876.7223314778753,876.6419677734375,-9.166380455065954e-05
01P19RR118,Trent 1000-R3,TAKE-OFF,Jet-A1,train,0.388072072302754,3.9351832980186243,2.643235,-0.32830703,1177.4157007913032,1177.6419677734375,0.00019217255382468672
01P19RR118,Trent 1000-R3,TAKE-OFF,HEFA-SPK,train,0.388136568768411,3.933197360172472,2.6392884,-0.3289713,1177.0159409891671,1177.2862548828125,0.00022966035057962533
01P19RR118,Trent 1000-R3,TAKE-OFF,FT-SPK,train,0.38814001165988826,3.9330658231022877,2.6393,-0.3289459,1176.8722244449189,1177.1983642578125,0.0002771242333019372
01P19RR118,Trent 1000-R3,TAKE-OFF,ATJ-SPK,train,0.3885146816164086,3.9215765103349236,2.616106,-0.3328943,1174.6772277205043,1175.206298828125,0.00045039700705473305
01P19RR118,Trent 1000-R3,APPROACH,Jet-A1,train,0.3977195857246464,2.2154612430024883,1.6137139,-0.27161267,833.9862729313506,834.4634399414062,0.0005721521151402539
01P19RR118,Trent 1000-R3,APPROACH,HEFA-SPK,train,0.3977883972435675,2.2143915229572455,1.6116002,-0.27221537,833.7291968134185,834.22509765625,0.0005947984606114892
01P19RR118,Trent 1000-R3,APPROACH,FT-SPK,train,0.39779849036614895,2.214268069451591,1.6114464,-0.27224422,833.6518968485185,834.1708374023438,0.0006224907011991621
01P19RR118,Trent 1000-R3,APPROACH,ATJ-SPK,train,0.3981916439263737,2.208132211772208,1.5992368,-0.2757513,832.2250320474313,832.830078125,0.0007270222046555495
01P19RR118,Trent 1000-R3,IDLE,Jet-A1,train,0.28388355722207703,2.4185357156957483,2.6132176,0.08049569,878.9466981394073,878.7670288085938,-0.00020441436459559965
01P19RR118,Trent 1000-R3,IDLE,HEFA-SPK,train,0.28394334378229746,2.4177179669741165,2.6124415,0.08054024,878.6777725881777,878.5126342773438,-0.00018793955644008209
01P19RR118,Trent 1000-R3,IDLE,FT-SPK,train,0.28395277138966385,2.417620679424582,2.6123683,0.08055344,878.597479021782,878.4505615234375,-0.00016721821067372105
01P19RR118,Trent 1000-R3,IDLE,ATJ-SPK,train,0.28429378330996147,2.412930136389266,2.607906,0.08080463,877.1042643084231,877.0239868164062,-9.152559767814244e-05
02P23RR126,Trent 1000-AE3,TAKE-OFF,Jet-A1,train,0.38023670392478304,3.691807343580888,2.813036,-0.23803282,1174.3793059470293,1174.42431640625,3.832702006312286e-05
02P23RR126,Trent 1000-AE3,TAKE-OFF,HEFA-SPK,train,0.38030265506928357,3.6899393994819345,2.80952,-0.23859996,1173.97250916236,1174.060546875,7.499128978993891e-05
02P23RR126,Trent 1000-AE3,TAKE-OFF,FT-SPK,train,0.3803066959908776,3.689807856702674,2.809495,-0.23857959,1173.8270622716573,1173.96923828125,0.0001211217684124474
02P23RR126,Trent 1000-AE3,TAKE-OFF,ATJ-SPK,train,0.38068930978601634,3.6790085663892036,2.7889278,-0.24193493,1171.5926294491953,1171.9342041015625,0.0002915472868139816
02P23RR126,Trent 1000-AE3,APPROACH,Jet-A1,train,0.38817802147887437,2.1089171875097947,1.7309676,-0.17921497,831.4915489606022,831.8717651367188,0.0004572700427223713
02P23RR126,Trent 1000-AE3,APPROACH,HEFA-SPK,train,0.38824779134177834,2.1079066549144145,1.729105,-0.17970516,831.2309238586624,831.6294555664062,0.0004794476436148301
02P23RR126,Trent 1000-AE3,APPROACH,FT-SPK,train,0.3882581808420955,2.107788820153411,1.7289637,-0.17972626,831.1530454145872,831.5742797851562,0.0005068072274931986
02P23RR126,Trent 1000-AE3,APPROACH,ATJ-SPK,train,0.38865667183374947,2.1019933526897923,1.7181898,-0.18259023,829.7059877765195,830.2108154296875,0.0006084416173985847
02P23RR126,Trent 1000-AE3,IDLE,Jet-A1,train,0.27322191464390333,2.2966528084055002,2.4575546,0.070059225,877.4502888065119,877.2750854492188,-0.00019967325730953111
02P23RR126,Trent 1000-AE3,IDLE,HEFA-SPK,train,0.27328124420728994,2.2958971802512624,2.4568849,0.070119716,877.1787815597726,877.0177001953125,-0.00018363572836730495
02P23RR126,Trent 1000-AE3,IDLE,FT-SPK,train,0.2732906408615213,2.295807203278462,2.4568183,0.07013267,877.0982536336177,876.954833984375,-0.0001635160583760357
02P23RR126,Trent 1000-AE3,IDLE,ATJ-SPK,train,0.27362901960510455,2.2914727727094393,2.452951,0.07046914,875.5901639309398,875.5118408203125,-8.945179360583812e-05
02P23RR127,Trent 1000-CE3,TAKE-OFF,Jet-A1,train,0.38390452229456057,3.8044132029876367,2.7457078,-0.27828348,1175.7855059580552,1175.9130859375,0.00010850616783276528
02P23RR127,Trent 1000-CE3,TAKE-OFF,HEFA-SPK,train,0.38396980614195064,3.80249020288738,2.741985,-0.27889758,1175.3819747298821,1175.5531005859375,0.00014559169677133741
02P23RR127,Trent 1000-CE3,TAKE-OFF,FT-SPK,train,0.38397357365878065,3.8023583881374745,2.7419796,-0.27887395,1175.2373156414842,1175.46337890625,0.00019235541771612787
02P23RR127,Trent 1000-CE3,TAKE-OFF,ATJ-SPK,train,0.38435254222215876,3.791237405739264,2.7202282,-0.28249598,1173.0211986756922,1173.4478759765625,0.00036374219097833066
02P23RR127,Trent 1000-CE3,APPROACH,Jet-A1,train,0.39265210099485776,2.1584234084196914,1.68351,-0.22002792,832.6424313041539,833.0663452148438,0.000509118794277506
02P23RR127,Trent 1000-CE3,APPROACH,HEFA-SPK,train,0.3927214366501665,2.1573852496160884,1.6815335,-0.22056879,832.3834552694891,832.8258056640625,0.0005314262216206375
02P23RR127,Trent 1000-CE3,APPROACH,FT-SPK,train,0.39273169223589477,2.1572647410923373,1.6813873,-0.22059293,832.3058397188664,832.7711791992188,0.0005590967384171038
02P23RR127,Trent 1000-CE3,APPROACH,ATJ-SPK,train,0.39312776422927775,2.151310442283589,1.6699607,-0.2237472,830.8681707657679,831.418212890625,0.0006620089013039878
02P23RR127,Trent 1000-CE3,IDLE,Jet-A1,train,0.2782072835160514,2.35315900648416,2.530422,0.07532972,878.1374908221369,877.9593505859375,-0.00020286144033392428
02P23RR127,Trent 1000-CE3,IDLE,HEFA-SPK,train,0.2782668453442863,2.3523746270702173,2.5297055,0.07538373,877.8671744093153,877.7034912109375,-0.00018645554037030227
02P23RR127,Trent 1000-CE3,IDLE,FT-SPK,train,0.27827626050139675,2.352281256593014,2.5296376,0.07539755,877.7867516544223,877.6409912109375,-0.00016605450379619197
02P23RR127,Trent 1000-CE3,IDLE,ATJ-SPK,train,0.27861597540111893,2.3477820125041107,2.5254984,0.07569538,876.2855261193006,876.20556640625,-9.124846943974113e-05
02P23RR128,Trent 1000-D3,TAKE-OFF,Jet-A1,holdout,0.38390452229456057,3.8044132029876367,2.7457078,-0.27828348,1175.7855059580552,1175.9130859375,0.00010850616783276528
02P23RR128,Trent 1000-D3,TAKE-OFF,HEFA-SPK,holdout,0.38396980614195064,3.80249020288738,2.741985,-0.27889758,1175.3819747298821,1175.5531005859375,0.00014559169677133741
02P23RR128,Trent 1000-D3,TAKE-OFF,FT-SPK,holdout,0.38397357365878065,3.8023583881374745,2.7419796,-0.27887395,1175.2373156414842,1175.46337890625,0.00019235541771612787
02P23RR128,Trent 1000-D3,TAKE-OFF,ATJ-SPK,holdout,0.38435254222215876,3.791237405739264,2.7202282,-0.28249598,1173.0211986756922,1173.4478759765625,0.00036374219097833066
02P23RR128,Trent 1000-D3,APPROACH,Jet-A1,holdout,0.39265210099485776,2.1584234084196914,1.68351,-0.22002792,832.6424313041539,833.0663452148438,0.000509118794277506
02P23RR128,Trent 1000-D3,APPROACH,HEFA-SPK,holdout,0.3927214366501665,2.1573852496160884,1.6815335,-0.22056879,832.3834552694891,832.8258056640625,0.0005314262216206375
02P23RR128,Trent 1000-D3,APPROACH,FT-SPK,holdout,0.39273169223589477,2.1572647410923373,1.6813873,-0.22059293,832.3058397188664,832.7711791992188,0.0005590967384171038
02P23RR128,Trent 1000-D3,APPROACH,ATJ-SPK,holdout,0.39312776422927775,2.151310442283589,1.6699607,-0.2237472,830.8681707657679,831.418212890625,0.0006620089013039878
02P23RR128,Trent 1000-D3,IDLE,Jet-A1,holdout,0.2782072835160514,2.35315900648416,2.530422,0.07532972,878.1374908221369,877.9593505859375,-0.00020286144033392428
02P23RR128,Trent 1000-D3,IDLE,HEFA-SPK,holdout,0.2782668453442863,2.3523746270702173,2.5297055,0.07538373,877.8671744093153,877.7034912109375,-0.00018645554037030227
02P23RR128,Trent 1000-D3,IDLE,FT-SPK,holdout,0.27827626050139675,2.352281256593014,2.5296376,0.07539755,877.7867516544223,877.6409912109375,-0.00016605450379619197
02P23RR128,Trent 1000-D3,IDLE,ATJ-SPK,holdout,0.27861597540111893,2.3477820125041107,2.5254984,0.07569538,876.2855261193006,876.20556640625,-9.124846943974113e-05
02P23RR129,Trent 1000-G3,TAKE-OFF,Jet-A1,train,0.38222988823115805,3.7527135289216202,2.7789562,-0.25948083,1175.1401479385581,1175.2293701171875,7.592471313816033e-05
02P23RR129,Trent 1000-G3,TAKE-OFF,HEFA-SPK,train,0.38229547970427696,3.750815710615406,2.7753284,-0.26007336,1174.7351197358582,1174.867919921875,0.00011304691907621391
02P23RR129,Trent 1000-G3,TAKE-OFF,FT-SPK,train,0.38229937346046106,3.7506839633827953,2.775303,-0.26005423,1174.590096216748,1174.7774658203125,0.00015951914133113256
02P23RR129,Trent 1000-G3,TAKE-OFF,ATJ-SPK,train,0.38268002224410425,3.739710172738054,2.7541041,-0.2635515,1172.3655862606356,1172.7529296875,0.0003303947432471614
02P23RR129,Trent 1000-G3,APPROACH,Jet-A1,train,0.39061097243314924,2.135739747055738,1.706713,-0.2008797,832.1132977779464,832.516845703125,0.0004849675233603692
02P23RR129,Trent 1000-G3,APPROACH,HEFA-SPK,train,0.3906805095196535,2.1347142206986245,1.7047831,-0.20139983,831.85356612372,832.2755126953125,0.0005072365964104092
02P23RR129,Trent 1000-G3,APPROACH,FT-SPK,train,0.3906908272950144,2.134594924218273,1.7046463,-0.20141928,831.7758288517092,832.2205810546875,0.0005347020044959548
02P23RR129,Trent 1000-G3,APPROACH,ATJ-SPK,train,0.39108802133161885,2.128713263097905,1.6935146,-0.20444216,830.3338591684235,830.8629760742188,0.0006372339269955482
02P23RR129,Trent 1000-G3,IDLE,Jet-A1,train,0.2759297957458036,2.327239498589653,2.4971344,0.07300273,877.8208723997508,877.6437377929688,-0.00020178901225917522
02P23RR129,Trent 1000-G3,IDLE,HEFA-SPK,train,0.275989255526865,2.3264683189521507,2.496438,0.07305917,877.5500083785575,877.3873901367188,-0.00018530937301142335
02P23RR129,Trent 1000-G3,IDLE,FT-SPK,train,0.2759986631013376,2.326376504502969,2.49637,0.07307226,877.4695366384598,877.3245849609375,-0.00016519283173929233
02P23RR129,Trent 1000-G3,IDLE,ATJ-SPK,train,0.27633779053240826,2.3219529278320463,2.4923573,0.073388316,875.9651552252387,875.8857421875,-9.065775877616071e-05
02P23RR130,Trent 1000-H3,TAKE-OFF,Jet-A1,train,0.37618152749262684,3.5699812681829215,2.865407,-0.1973608,1172.8558413827213,1172.8140869140625,-3.56006826973819e-05
02P23RR130,Trent 1000-H3,TAKE-OFF,HEFA-SPK,train,0.3762481888558329,3.568173730440615,2.8620987,-0.19788134,1172.4454887114234,1172.4464111328125,7.867499154193399e-07
02P23RR130,Trent 1000-H3,TAKE-OFF,FT-SPK,train,0.37625251900908396,3.568042989393961,2.8620663,-0.19786108,1172.2992142819742,1172.3541259765625,4.684102311026462e-05
02P23RR130,Trent 1000-H3,TAKE-OFF,ATJ-SPK,train,0.37663901479833817,3.5575961548920434,2.8427494,-0.20093536,1170.0448067560187,1170.29638671875,0.0002150173747865236
02P23RR130,Trent 1000-H3,APPROACH,Jet-A1,train,0.3832164947310557,2.054936451997019,1.7698916,-0.13871224,830.2532880356478,830.5891723632812,0.0004045564558114369
02P23RR130,Trent 1000-H3,APPROACH,HEFA-SPK,train,0.38328671442117396,2.0539562704107155,1.7681452,-0.1391515,829.9908652727341,830.3444213867188,0.0004259759098293586
02P23RR130,Trent 1000-H3,APPROACH,FT-SPK,train,0.38329724220509576,2.0538414664171083,1.7680155,-0.1391665,829.9127117117054,830.2886962890625,0.00045304111149432967
02P23RR130,Trent 1000-H3,APPROACH,ATJ-SPK,train,0.38369824038195843,2.0482204083096356,1.757926,-0.14173011,828.4554079308742,828.9139404296875,0.0005534787924898541
02P23RR130,Trent 1000-H3,IDLE,Jet-A1,train,0.2677231804194071,2.2353107700169343,2.377332,0.06353535,876.716937027865,876.5462036132812,-0.000194741777388907
02P23RR130,Trent 1000-H3,IDLE,HEFA-SPK,train,0.2677822157572537,2.2345862381349724,2.376709,0.0636014,876.44415016978,876.2874755859375,-0.00017876162880670643
02P23RR130,Trent 1000-H3,IDLE,FT-SPK,train,0.2677915839385719,2.2344999478877963,2.3766472,0.06361483,876.3635148370756,876.22412109375,-0.00015905927273973924
02P23RR130,Trent 1000-H3,IDLE,ATJ-SPK,train,0.26812827390148,2.230343764796131,2.373056,0.06398664,874.8480436374547,874.77294921875,-8.583709965498837e-05
02P23RR131,Trent 1000-J3,TAKE-OFF,Jet-A1,train,0.3863915307866147,3.8820874242971173,2.688085,-0.30756712,1176.7542008866108,1176.93994140625,0.00015784139075033284
02P23RR131,Trent 1000-J3,TAKE-OFF,HEFA-SPK,train,0.3864563485249072,3.880126907292201,2.6842337,-0.3082098,1176.352912190062,1176.58251953125,0.00019518576339526216
02P23RR131,Trent 1000-J3,TAKE-OFF,FT-SPK,train,0.38645992413254654,3.879995178659802,2.6842446,-0.30818352,1176.2088093597074,1176.4937744140625,0.00024227420513048552
02P23RR131,Trent 1000-J3,TAKE-OFF,ATJ-SPK,train,0.38683634771494635,3.8686547135912033,2.6616306,-0.312001,1174.005254882782,1174.4921875,0.00041476187197010006
02P23RR131,Trent 1000-J3,APPROACH,Jet-A1,train,0.3956782592156199,2.1923603328622137,1.6440144,-0.2501167,833.439714621719,833.8949584960938,0.0005462229197722031
02P23RR131,Trent 1000-J3,APPROACH,HEFA-SPK,train,0.395747285978689,2.191303359552781,1.6419594,-0.25069284,833.1818690490672,833.65576171875,0.0005687745824613553
02P23RR131,Trent 1000-J3,APPROACH,FT-SPK,train,0.39575744593969814,2.191181080627297,1.6418127,-0.25071794,833.1044396208904,833.6015014648438,0.0005966380927936865
02P23RR131,Trent 1000-J3,APPROACH,ATJ-SPK,train,0.3961517977848622,2.1851185637906334,1.6299139,-0.25408447,831.6732008597787,832.2557983398438,0.0007005125083539389
02P23RR131,Trent 1000-J3,IDLE,Jet-A1,train,0.28159327133166684,2.3920235186067,2.5798547,0.078523934,878.6167033926911,878.4374389648438,-0.00020403029802997964
02P23RR131,Trent 1000-J3,IDLE,HEFA-SPK,train,0.2816529722907023,2.39121931415449,2.5791047,0.07857301,878.3472122025171,878.1826171875,-0.0001873917429581762
02P23RR131,Trent 1000-J3,IDLE,FT-SPK,train,0.28166239598877196,2.391123613534979,2.5790327,0.078586094,878.2668652721366,878.1199951171875,-0.00016722725262275203
02P23RR131,Trent 1000-J3,IDLE,ATJ-SPK,train,0.2820029132236594,2.386510718719152,2.5747035,0.078856826,876.7703935227014,876.6900634765625,-9.162039084844765e-05
02P23RR132,Trent 1000-K3,TAKE-OFF,Jet-A1,train,0.3863915307866147,3.8820874242971173,2.688085,-0.30756712,1176.7542008866108,1176.93994140625,0.00015784139075033284
02P23RR132,Trent 1000-K3,TAKE-OFF,HEFA-SPK,train,0.3864563485249072,3.880126907292201,2.6842337,-0.3082098,1176.352912190062,1176.58251953125,0.00019518576339526216
02P23RR132,Trent 1000-K3,TAKE-OFF,FT-SPK,train,0.38645992413254654,3.879995178659802,2.6842446,-0.30818352,1176.2088093597074,1176.4937744140625,0.00024227420513048552
02P23RR132,Trent 1000-K3,TAKE-OFF,ATJ-SPK,train,0.38683634771494635,3.8686547135912033,2.6616306,-0.312001,1174.005254882782,1174.4921875,0.00041476187197010006
02P23RR132,Trent 1000-K3,APPROACH,Jet-A1,train,0.3956782592156199,2.1923603328622137,1.6440144,-0.2501167,833.439714621719,833.8949584960938,0.0005462229197722031
02P23RR132,Trent 1000-K3,APPROACH,HEFA-SPK,train,0.395747285978689,2.191303359552781,1.6419594,-0.25069284,833.1818690490672,833.65576171875,0.0005687745824613553
02P23RR132,Trent 1000-K3,APPROACH,FT-SPK,train,0.39575744593969814,2.191181080627297,1.6418127,-0.25071794,833.1044396208904,833.6015014648438,0.0005966380927936865
02P23RR132,Trent 1000-K3,APPROACH,ATJ-SPK,train,0.3961517977848622,2.1851185637906334,1.6299139,-0.25408447,831.6732008597787,832.2557983398438,0.0007005125083539389
02P23RR132,Trent 1000-K3,IDLE,Jet-A1,train,0.28159327133166684,2.3920235186067,2.5798547,0.078523934,878.6167033926911,878.4374389648438,-0.00020403029802997964
02P23RR132,Trent 1000-K3,IDLE,HEFA-SPK,train,0.2816529722907023,2.39121931415449,2.5791047,0.07857301,878.3472122025171,878.1826171875,-0.0001873917429581762
02P23RR132,Trent 1000-K3,IDLE,FT-SPK,train,0.28166239598877196,2.391123613534979,2.5790327,0.078586094,878.2668652721366,878.1199951171875,-0.00016722725262275203
02P23RR132,Trent 1000-K3,IDLE,ATJ-SPK,train,0.2820029132236594,2.386510718719152,2.5747035,0.078856826,876.7703935227014,876.6900634765625,-9.162039084844765e-05
02P23RR133,Trent 1000-L3,TAKE-OFF,Jet-A1,train,0.38390452229456057,3.8044132029876367,2.7457078,-0.27828348,1175.7855059580552,1175.9130859375,0.00010850616783276528
02P23RR133,Trent 1000-L3,TAKE-OFF,HEFA-SPK,train,0.38396980614195064,3.80249020288738,2.741985,-0.27889758,1175.3819747298821,1175.5531005859375,0.00014559169677133741
02P23RR133,Trent 1000-L3,TAKE-OFF,FT-SPK,train,0.38397357365878065,3.8023583881374745,2.7419796,-0.27887395,1175.2373156414842,1175.46337890625,0.00019235541771612787
02P23RR133,Trent 1000-L3,TAKE-OFF,ATJ-SPK,train,0.38435254222215876,3.791237405739264,2.7202282,-0.28249598,1173.0211986756922,1173.4478759765625,0.00036374219097833066
02P23RR133,Trent 1000-L3,APPROACH,Jet-A1,train,0.39265210099485776,2.1584234084196914,1.68351,-0.22002792,832.6424313041539,833.0663452148438,0.000509118794277506
02P23RR133,Trent 1000-L3,APPROACH,HEFA-SPK,train,0.3927214366501665,2.1573852496160884,1.6815335,-0.22056879,832.3834552694891,832.8258056640625,0.0005314262216206375
02P23RR133,Trent 1000-L3,APPROACH,FT-SPK,train,0.39273169223589477,2.1572647410923373,1.6813873,-0.22059293,832.3058397188664,832.7711791992188,0.0005590967384171038
02P23RR133,Trent 1000-L3,APPROACH,ATJ-SPK,train,0.39312776422927775,2.151310442283589,1.6699607,-0.2237472,830.8681707657679,831.418212890625,0.0006620089013039878
02P23RR133,Trent 1000-L3,IDLE,Jet-A1,train,0.2782072835160514,2.35315900648416,2.530422,0.07532972,878.1374908221369,877.9593505859375,-0.00020286144033392428
02P23RR133,Trent 1000-L3,IDLE,HEFA-SPK,train,0.2782668453442863,2.3523746270702173,2.5297055,0.07538373,877.8671744093153,877.7034912109375,-0.00018645554037030227
02P23RR133,Trent 1000-L3,IDLE,FT-SPK,train,0.27827626050139675,2.352281256593014,2.5296376,0.07539755,877.7867516544223,877.6409912109375,-0.00016605450379619197
02P23RR133,Trent 1000-L3,IDLE,ATJ-SPK,train,0.27861597540111893,2.3477820125041107,2.5254984,0.07569538,876.2855261193006,876.20556640625,-9.124846943974113e-05
02P23RR134,Trent 1000-M3,TAKE-OFF,Jet-A1,train,0.38735769770446504,3.9125527320741957,2.6629102,-0.31939313,1177.1338255248095,1177.3427734375,0.00017750565667192707
02P23RR134,Trent 1000-M3,TAKE-OFF,HEFA-SPK,train,0.3874223313636606,3.910577606449296,2.6590004,-0.3200492,1176.7334144471172,1176.9864501953125,0.00021503234724935873
02P23RR134,Trent 1000-M3,TAKE-OFF,FT-SPK,train,0.38742583097260885,3.9104459743722866,2.6590059,-0.32002488,1176.5895326589357,1176.8978271484375,0.0002620238247446414
02P23RR134,Trent 1000-M3,TAKE-OFF,ATJ-SPK,train,0.38780124973119995,3.8990199837637354,2.6360657,-0.32391584,1174.3908912036707,1174.902099609375,0.000435296637204316
02P23RR134,Trent 1000-M3,APPROACH,Jet-A1,train,0.3968521983164268,2.205624728822537,1.626958,-0.26235956,833.7531658106392,834.220947265625,0.0005610550870064739
02P23RR134,Trent 1000-M3,APPROACH,HEFA-SPK,train,0.3969211019704217,2.204560430305795,1.6248723,-0.26294953,833.4957620614266,833.9820556640625,0.0005834386025349196
02P23RR134,Trent 1000-M3,APPROACH,FT-SPK,train,0.396931223724715,2.2044374738568835,1.6247264,-0.26297462,833.4184066951777,833.9281616210938,0.000611643469619763
02P23RR134,Trent 1000-M3,APPROACH,ATJ-SPK,train,0.3973248901729118,2.1983328125040256,1.6126477,-0.26642242,831.9896797531424,832.5848999023438,0.0007154177073181988
02P23RR134,Trent 1000-M3,IDLE,Jet-A1,train,0.2829097763951215,2.407241134097801,2.599041,0.07967627,878.8058081994775,878.6261596679688,-0.00020442346856675386
02P23RR134,Trent 1000-M3,IDLE,HEFA-SPK,train,0.28296952739694264,2.4064291572979806,2.5982788,0.07972374,878.5366414184941,878.37158203125,-0.00018787991241619835
02P23RR134,Trent 1000-M3,IDLE,FT-SPK,train,0.2829789535273207,2.406332545502484,2.5982044,0.079736225,878.4563249553782,878.3093872070312,-0.00016726813180434848
02P23RR134,Trent 1000-M3,IDLE,ATJ-SPK,train,0.2833197598431514,2.401675092769757,2.5937982,0.0799954,876.9617213409722,876.88134765625,-9.165016301884824e-05
02P23RR135,Trent 1000-N3,TAKE-OFF,Jet-A1,train,0.38735769770446504,3.9125527320741957,2.6629102,-0.31939313,1177.1338255248095,1177.3427734375,0.00017750565667192707
02P23RR135,Trent 1000-N3,TAKE-OFF,HEFA-SPK,train,0.3874223313636606,3.910577606449296,2.6590004,-0.3200492,1176.7334144471172,1176.9864501953125,0.00021503234724935873
02P23RR135,Trent 1000-N3,TAKE-OFF,FT-SPK,train,0.38742583097260885,3.9104459743722866,2.6590059,-0.32002488,1176.5895326589357,1176.8978271484375,0.0002620238247446414
02P23RR135,Trent 1000-N3,TAKE-OFF,ATJ-SPK,train,0.38780124973119995,3.8990199837637354,2.6360657,-0.32391584,1174.3908912036707,1174.902099609375,0.000435296637204316
02P23RR135,Trent 1000-N3,APPROACH,Jet-A1,train,0.3968521983164268,2.205624728822537,1.626958,-0.26235956,833.7531658106392,834.220947265625,0.0005610550870064739
02P23RR135,Trent 1000-N3,APPROACH,HEFA-SPK,train,0.3969211019704217,2.204560430305795,1.6248723,-0.26294953,833.4957620614266,833.9820556640625,0.0005834386025349196
02P23RR135,Trent 1000-N3,APPROACH,FT-SPK,train,0.396931223724715,2.2044374738568835,1.6247264,-0.26297462,833.4184066951777,833.9281616210938,0.000611643469619763
02P23RR135,Trent 1000-N3,APPROACH,ATJ-SPK,train,0.3973248901729118,2.1983328125040256,1.6126477,-0.26642242,831.9896797531424,832.5848999023438,0.0007154177073181988
02P23RR135,Trent 1000-N3,IDLE,Jet-A1,train,0.2829097763951215,2.407241134097801,2.599041,0.07967627,878.8058081994775,878.6261596679688,-0.00020442346856675386
02P23RR135,Trent 1000-N3,IDLE,HEFA-SPK,train,0.28296952739694264,2.4064291572979806,2.5982788,0.07972374,878.5366414184941,878.37158203125,-0.00018787991241619835
02P23RR135,Trent 1000-N3,IDLE,FT-SPK,train,0.2829789535273207,2.406332545502484,2.5982044,0.079736225,878.4563249553782,878.3093872070312,-0.00016726813180434848
02P23RR135,Trent 1000-N3,IDLE,ATJ-SPK,train,0.2833197598431514,2.401675092769757,2.5937982,0.0799954,876.9617213409722,876.88134765625,-9.165016301884824e-05
02P23RR136,Trent 1000-P3,TAKE-OFF,Jet-A1,holdout,0.38390452229456057,3.8044132029876367,2.7457078,-0.27828348,1175.7855059580552,1175.9130859375,0.00010850616783276528
02P23RR136,Trent 1000-P3,TAKE-OFF,HEFA-SPK,holdout,0.38396980614195064,3.80249020288738,2.741985,-0.27889758,1175.3819747298821,1175.5531005859375,0.00014559169677133741
02P23RR136,Trent 1000-P3,TAKE-OFF,FT-SPK,holdout,0.38397357365878065,3.8023583881374745,2.7419796,-0.27887395,1175.2373156414842,1175.46337890625,0.00019235541771612787
02P23RR136,Trent 1000-P3,TAKE-OFF,ATJ-SPK,holdout,0.38435254222215876,3.791237405739264,2.7202282,-0.28249598,1173.0211986756922,1173.4478759765625,0.00036374219097833066
02P23RR136,Trent 1000-P3,APPROACH,Jet-A1,holdout,0.39265210099485776,2.1584234084196914,1.68351,-0.22002792,832.6424313041539,833.0663452148438,0.000509118794277506
02P23RR136,Trent 1000-P3,APPROACH,HEFA-SPK,holdout,0.3927214366501665,2.1573852496160884,1.6815335,-0.22056879,832.3834552694891,832.8258056640625,0.0005314262216206375
02P23RR136,Trent 1000-P3,APPROACH,FT-SPK,holdout,0.39273169223589477,2.1572647410923373,1.6813873,-0.22059293,832.3058397188664,832.7711791992188,0.0005590967384171038
02P23RR136,Trent 1000-P3,APPROACH,ATJ-SPK,holdout,0.39312776422927775,2.151310442283589,1.6699607,-0.2237472,830.8681707657679,831.418212890625,0.0006620089013039878
02P23RR136,Trent 1000-P3,IDLE,Jet-A1,holdout,0.2782072835160514,2.35315900648416,2.530422,0.07532972,878.1374908221369,877.9593505859375,-0.00020286144033392428
02P23RR136,Trent 1000-P3,IDLE,HEFA-SPK,holdout,0.2782668453442863,2.3523746270702173,2.5297055,0.07538373,877.8671744093153,877.7034912109375,-0.00018645554037030227
02P23RR136,Trent 1000-P3,IDLE,FT-SPK,holdout,0.27827626050139675,2.352281256593014,2.5296376,0.07539755,877.7867516544223,877.6409912109375,-0.00016605450379619197
02P23RR136,Trent 1000-P3,IDLE,ATJ-SPK,holdout,0.27861597540111893,2.3477820125041107,2.5254984,0.07569538,876.2855261193006,876.20556640625,-9.124846943974113e-05
02P23RR137,Trent 1000-Q3,TAKE-OFF,Jet-A1,train,0.3863915307866147,3.8820874242971173,2.688085,-0.30756712,1176.7542008866108,1176.93994140625,0.00015784139075033284
02P23RR137,Trent 1000-Q3,TAKE-OFF,HEFA-SPK,train,0.3864563485249072,3.880126907292201,2.6842337,-0.3082098,1176.352912190062,1176.58251953125,0.00019518576339526216
02P23RR137,Trent 1000-Q3,TAKE-OFF,FT-SPK,train,0.38645992413254654,3.879995178659802,2.6842446,-0.30818352,1176.2088093597074,1176.4937744140625,0.00024227420513048552
02P23RR137,Trent 1000-Q3,TAKE-OFF,ATJ-SPK,train,0.38683634771494635,3.8686547135912033,2.6616306,-0.312001,1174.005254882782,1174.4921875,0.00041476187197010006
02P23RR137,Trent 1000-Q3,APPROACH,Jet-A1,train,0.3956782592156199,2.1923603328622137,1.6440144,-0.2501167,833.439714621719,833.8949584960938,0.0005462229197722031
02P23RR137,Trent 1000-Q3,APPROACH,HEFA-SPK,train,0.395747285978689,2.191303359552781,1.6419594,-0.25069284,833.1818690490672,833.65576171875,0.0005687745824613553
02P23RR137,Trent 1000-Q3,APPROACH,FT-SPK,train,0.39575744593969814,2.191181080627297,1.6418127,-0.25071794,833.1044396208904,833.6015014648438,0.0005966380927936865
02P23RR137,Trent 1000-Q3,APPROACH,ATJ-SPK,train,0.3961517977848622,2.1851185637906334,1.6299139,-0.25408447,831.6732008597787,832.2557983398438,0.0007005125083539389
02P23RR137,Trent 1000-Q3,IDLE,Jet-A1,train,0.28159327133166684,2.3920235186067,2.5798547,0.078523934,878.6167033926911,878.4374389648438,-0.00020403029802997964
02P23RR137,Trent 1000-Q3,IDLE,HEFA-SPK,train,0.2816529722907023,2.39121931415449,2.5791047,0.07857301,878.3472122025171,878.1826171875,-0.0001873917429581762
02P23RR137,Trent 1000-Q3,IDLE,FT-SPK,train,0.28166239598877196,2.391123613534979,2.5790327,0.078586094,878.2668652721366,878.1199951171875,-0.00016722725262275203
02P23RR137,Trent 1000-Q3,IDLE,ATJ-SPK,train,0.2820029132236594,2.386510718719152,2.5747035,0.078856826,876.7703935227014,876.6900634765625,-9.162039084844765e-05
02P23RR138,Trent 1000-R3,TAKE-OFF,Jet-A1,train,0.3883082860762233,3.942685920834641,2.6365294,-0.33128598,1177.50912636891,1177.740966796875,0.00019689055717118142
02P23RR138,Trent 1000-R3,TAKE-OFF,HEFA-SPK,train,0.38837273697245817,3.9406964061123495,2.632567,-0.33195388,1177.1095823706405,1177.3857421875,0.00023460841793787615
02P23RR138,Trent 1000-R3,TAKE-OFF,FT-SPK,train,0.38837616101136146,3.940564904945333,2.6325781,-0.33192876,1176.9659208057292,1177.2977294921875,0.00028191868650807357
02P23RR138,Trent 1000-R3,TAKE-OFF,ATJ-SPK,train,0.38875058227480214,3.9290546387903427,2.6093078,-0.3358943,1174.7721315272975,1175.306884765625,0.00045519741571696754
02P23RR138,Trent 1000-R3,APPROACH,Jet-A1,train,0.3980062793861838,2.218719181215122,1.6092142,-0.2747103,834.0636036841604,834.5440063476562,0.0005759784522113839
02P23RR138,Trent 1000-R3,APPROACH,HEFA-SPK,train,0.39807506023331796,2.2176476675238264,1.6070892,-0.27531806,833.8066360774351,834.3056030273438,0.0005984204590359297
02P23RR138,Trent 1000-R3,APPROACH,FT-SPK,train,0.39808514381700694,2.217524050410357,1.6069407,-0.2753446,833.7293545520854,834.251708984375,0.0006265275768900258
02P23RR138,Trent 1000-R3,APPROACH,ATJ-SPK,train,0.3984781266481953,2.211377871051952,1.5946798,-0.278875,832.3031064022146,832.9115600585938,0.0007310481622606836
02P23RR138,Trent 1000-R3,IDLE,Jet-A1,train,0.2842056127250157,2.4222783605707803,2.6179,0.080759324,878.9934851427593,878.8136596679688,-0.0002045811235578145
02P23RR138,Trent 1000-R3,IDLE,HEFA-SPK,train,0.2842654107730287,2.4214586986427062,2.6171231,0.08080434,878.7246396104227,878.5592651367188,-0.0001881982890309179
02P23RR138,Trent 1000-R3,IDLE,FT-SPK,train,0.28427483880842414,2.4213611872767538,2.6170483,0.08081695,878.6443536846327,878.497314453125,-0.00016734783634711592
02P23RR138,Trent 1000-R3,IDLE,ATJ-SPK,train,0.2846159171913651,2.416659675753468,2.6125672,0.08106541,877.1515996412136,877.0713500976562,-9.148879576820483e-05
11RR049,Trent 1000-A,TAKE-OFF,Jet-A1,holdout,0.37718612198618556,3.5999018484833547,2.854446,-0.20707674,1173.230187352194,1173.20947265625,-1.7656122530165767e-05
11RR049,Trent 1000-A,TAKE-OFF,HEFA-SPK,holdout,0.37725261008240807,3.598079396679666,2.851095,-0.20760642,1172.820710444806,1172.8427734375,1.8811905773347534e-05
11RR049,Trent 1000-A,TAKE-OFF,FT-SPK,holdout,0.3772568698415832,3.597948411212473,2.8510523,-0.20758948,1172.6746368769977,1172.750732421875,6.489058642891386e-05
11RR049,Trent 1000-A,TAKE-OFF,ATJ-SPK,holdout,0.37764241835163664,3.5874146025373537,2.831433,-0.21073158,1170.4251517725875,1170.6983642578125,0.0002334301213633828
11RR049,Trent 1000-A,APPROACH,Jet-A1,holdout,0.3844470495198398,2.068235418730069,1.7614895,-0.14831287,830.556729903327,830.9031372070312,0.0004170784381514654
11RR049,Trent 1000-A,APPROACH,HEFA-SPK,holdout,0.3845171607733346,2.067247738654662,1.7597136,-0.14876504,830.2947499449313,830.6591796875,0.00043891611092677154
11RR049,Trent 1000-A,APPROACH,FT-SPK,holdout,0.3845276552504252,2.0671321773152553,1.7595806,-0.14878176,830.2166630529787,830.6036987304688,0.0004661863519660261
11RR049,Trent 1000-A,APPROACH,ATJ-SPK,holdout,0.38492804893482,2.0614680378160632,1.7493248,-0.15141788,828.7618842258697,829.2316284179688,0.0005668023602917109
11RR049,Trent 1000-A,IDLE,Jet-A1,holdout,0.26908399340755706,2.250395935049795,2.3971546,0.06521457,876.8960690357221,876.7239990234375,-0.00019622623291473717
11RR049,Trent 1000-A,IDLE,HEFA-SPK,holdout,0.2691431052860622,2.24966376829998,2.3965204,0.06527934,876.6235955170979,876.465576171875,-0.00018025905991006923
11RR049,Trent 1000-A,IDLE,FT-SPK,holdout,0.26915248129359737,2.2495765714350986,2.3964581,0.065292984,876.5429859480878,876.402587890625,-0.00016017247267221228
11RR049,Trent 1000-A,IDLE,ATJ-SPK,holdout,0.2694896102646193,2.2453766250859464,2.3927984,0.065655746,875.0293228065244,874.9531860351562,-8.701053711431306e-05
11RR050,Trent 1000-C,TAKE-OFF,Jet-A1,train,0.3810420650641555,3.716335044180785,2.7999585,-0.24658072,1174.6857765285908,1174.748291015625,5.321805054871074e-05
11RR050,Trent 1000-C,TAKE-OFF,HEFA-SPK,train,0.3811078717239071,3.7144550427345826,2.7963934,-0.24715915,1174.279692663501,1174.3856201171875,9.020632337277829e-05
11RR050,Trent 1000-C,TAKE-OFF,FT-SPK,train,0.381111853583645,3.714323401555306,2.7963784,-0.24713653,1174.1344154953729,1174.294921875,0.00013670187800380934
11RR050,Trent 1000-C,TAKE-OFF,ATJ-SPK,train,0.38149367794306766,3.70345369712192,2.7755506,-0.25055075,1171.903983509364,1172.2637939453125,0.0003070306450115416
11RR050,Trent 1000-C,APPROACH,Jet-A1,train,0.38916153488212823,2.1197320171087153,1.721593,-0.18782519,831.741723349057,832.1312255859375,0.00046829709986430563
11RR050,Trent 1000-C,APPROACH,HEFA-SPK,train,0.3892312116075834,2.1187154318285764,1.7197064,-0.18832593,831.4814584748472,831.8893432617188,0.0004905518730625186
11RR050,Trent 1000-C,APPROACH,FT-SPK,train,0.38924157242635177,2.1185970040533353,1.7195592,-0.18835002,831.4036365924666,831.8342895507812,0.0005179830101293826
11RR050,Trent 1000-C,APPROACH,ATJ-SPK,train,0.3896395444472831,2.112766744681634,1.7086469,-0.19127518,829.9586307153978,830.4732055664062,0.0006200006023973581
11RR050,Trent 1000-C,IDLE,Jet-A1,train,0.2743156693907474,2.3089770849852864,2.473539,0.07127053,877.5992122623005,877.4232788085938,-0.00020047129857060297
11RR050,Trent 1000-C,IDLE,HEFA-SPK,train,0.27437505271440027,2.308215194110985,2.4728577,0.07132892,877.3279637927421,877.1661987304688,-0.00018438379824811335
11RR050,Trent 1000-C,IDLE,FT-SPK,train,0.2743844540277585,2.3081244766296294,2.4727933,0.07134316,877.2474582937941,877.1034545898438,-0.0001641540281352944
11RR050,Trent 1000-C,IDLE,ATJ-SPK,train,0.27472314175250767,2.303754146410367,2.468867,0.071671195,875.740860651094,875.662109375,-8.992531881566387e-05
11RR051,Trent 1000-D,TAKE-OFF,Jet-A1,train,0.3810420650641555,3.716335044180785,2.7999585,-0.24658072,1174.6857765285908,1174.748291015625,5.321805054871074e-05
11RR051,Trent 1000-D,TAKE-OFF,HEFA-SPK,train,0.3811078717239071,3.7144550427345826,2.7963934,-0.24715915,1174.279692663501,1174.3856201171875,9.020632337277829e-05
11RR051,Trent 1000-D,TAKE-OFF,FT-SPK,train,0.381111853583645,3.714323401555306,2.7963784,-0.24713653,1174.1344154953729,1174.294921875,0.00013670187800380934
11RR051,Trent 1000-D,TAKE-OFF,ATJ-SPK,train,0.38149367794306766,3.70345369712192,2.7755506,-0.25055075,1171.903983509364,1172.2637939453125,0.0003070306450115416
11RR051,Trent 1000-D,APPROACH,Jet-A1,train,0.38916153488212823,2.1197320171087153,1.721593,-0.18782519,831.741723349057,832.1312255859375,0.00046829709986430563
11RR051,Trent 1000-D,APPROACH,HEFA-SPK,train,0.3892312116075834,2.1187154318285764,1.7197064,-0.18832593,831.4814584748472,831.8893432617188,0.0004905518730625186
11RR051,Trent 1000-D,APPROACH,FT-SPK,train,0.38924157242635177,2.1185970040533353,1.7195592,-0.18835002,831.4036365924666,831.8342895507812,0.0005179830101293826
11RR051,Trent 1000-D,APPROACH,ATJ-SPK,train,0.3896395444472831,2.112766744681634,1.7086469,-0.19127518,829.9586307153978,830.4732055664062,0.0006200006023973581
11RR051,Trent 1000-D,IDLE,Jet-A1,train,0.2743156693907474,2.3089770849852864,2.473539,0.07127053,877.5992122623005,877.4232788085938,-0.00020047129857060297
11RR051,Trent 1000-D,IDLE,HEFA-SPK,train,0.27437505271440027,2.308215194110985,2.4728577,0.07132892,877.3279637927421,877.1661987304688,-0.00018438379824811335
11RR051,Trent 1000-D,IDLE,FT-SPK,train,0.2743844540277585,2.3081244766296294,2.4727933,0.07134316,877.2474582937941,877.1034545898438,-0.0001641540281352944
11RR051,Trent 1000-D,IDLE,ATJ-SPK,train,0.27472314175250767,2.303754146410367,2.468867,0.071671195,875.740860651094,875.662109375,-8.992531881566387e-05
11RR052,Trent 1000-E,TAKE-OFF,Jet-A1,holdout,0.3719834309623363,3.4467794177262245,2.8980315,-0.15920596,1171.3133603606664,1171.1868896484375,-0.00010797342240672738
11RR052,Trent 1000-E,TAKE-OFF,HEFA-SPK,holdout,0.3720507974349557,3.445033804747813,2.8949406,-0.15967713,1170.8993831492394,1170.81494140625,-7.211699331694078e-05
11RR052,Trent 1000-E,TAKE-OFF,FT-SPK,holdout,0.37205541295824746,3.444904385013533,2.8948905,-0.15966009,1170.7522979744517,1170.72119140625,-2.6569726367857483e-05
11RR052,Trent 1000-E,TAKE-OFF,ATJ-SPK,holdout,0.3724457651850869,3.4348183741762957,2.8768034,-0.16245838,1168.4774972113755,1168.6412353515625,0.00014012947667177788
11RR052,Trent 1000-E,APPROACH,Jet-A1,holdout,0.3780642524969203,1.999887187238069,1.7968957,-0.10150143,829.008594250363,829.3017578125,0.00035363151138632747
11RR052,Trent 1000-E,APPROACH,HEFA-SPK,holdout,0.37813490359081087,1.998938182546773,1.7952679,-0.10188918,828.7443394191641,829.0553588867188,0.0003752900053261266
11RR052,Trent 1000-E,APPROACH,FT-SPK,holdout,0.3781455638407028,1.9988265835325552,1.7951357,-0.10190518,828.6659175507873,828.9990234375,0.00040197850503762976
11RR052,Trent 1000-E,APPROACH,ATJ-SPK,holdout,0.37854896752366446,1.9933845952524394,1.7857106,-0.10418156,827.1981594364854,827.6124267578125,0.0005008078373981159
11RR052,Trent 1000-E,IDLE,Jet-A1,holdout,0.26204742227318706,2.17306753325965,2.2949872,0.05610488,875.9861008014185,875.8214111328125,-0.00018800488781195405
11RR052,Trent 1000-E,IDLE,HEFA-SPK,holdout,0.26210611186422905,2.172374409173535,2.2944088,0.056175575,875.7120309264819,875.5611572265625,-0.00017228688723142137
11RR052,Trent 1000-E,IDLE,FT-SPK,holdout,0.26211544193482356,2.172291857333236,2.294352,0.056189574,875.6312937742448,875.4976806640625,-0.00015259060649418024
11RR052,Trent 1000-E,IDLE,ATJ-SPK,holdout,0.2624501508581192,2.1683157012857057,2.2910297,0.05659419,874.1084155878075,874.0380859375,-8.04587269191214e-05
11RR053,Trent 1000-G,TAKE-OFF,Jet-A1,train,0.37928303064447455,3.6629058849342684,2.8273365,-0.22811653,1174.0180706537997,1174.0421142578125,2.0479756328999184e-05
11RR053,Trent 1000-G,TAKE-OFF,HEFA-SPK,train,0.37934915140193376,3.6610521942326324,2.8238778,-0.22867043,1173.6104326002674,1173.677734375,5.7345924050390784e-05
11RR053,Trent 1000-G,TAKE-OFF,FT-SPK,train,0.3793532615630251,3.6609207948350995,2.823853,-0.22864951,1173.464787060147,1173.5860595703125,0.00010334567470854855
11RR053,Trent 1000-G,TAKE-OFF,ATJ-SPK,train,0.37973680223866846,3.6502047137488094,2.803575,-0.23194033,1171.225631372099,1171.5455322265625,0.00027313341331904295
11RR053,Trent 1000-G,APPROACH,Jet-A1,train,0.387012587082373,2.0961511187742308,1.7413464,-0.16926484,831.1971341906021,831.5665283203125,0.00044441217915179446
11RR053,Trent 1000-G,APPROACH,HEFA-SPK,train,0.38708246561596177,2.095147743190338,1.7395043,-0.16974624,830.9360838903018,831.3236694335938,0.00046644447245248777
11RR053,Trent 1000-G,APPROACH,FT-SPK,train,0.3870928885561455,2.0950306146555113,1.7393678,-0.16976497,830.858139301032,831.2684936523438,0.000493892196394643
11RR053,Trent 1000-G,APPROACH,ATJ-SPK,train,0.3874919851359044,2.089276282226428,1.7287583,-0.17255639,829.4086592292427,829.9024658203125,0.0005953718779939471
11RR053,Trent 1000-G,IDLE,Jet-A1,train,0.27192743973675043,2.2821195572093167,2.4386437,0.068587214,877.2753565163546,877.1009521484375,-0.0001988023106104724
11RR053,Trent 1000-G,IDLE,HEFA-SPK,train,0.2719867036342423,2.2813713080724347,2.4379854,0.06864909,877.0035448162861,876.84326171875,-0.00018276220031659762
11RR053,Trent 1000-G,IDLE,FT-SPK,train,0.2719960943414837,2.281282204493018,2.4379203,0.068662316,876.9229908099019,876.7803344726562,-0.00016267829529007137
11RR053,Trent 1000-G,IDLE,ATJ-SPK,train,0.2723340958707644,2.2769900720245095,2.434118,0.06900694,875.4131453898038,875.3355712890625,-8.861427447128662e-05
11RR054,Trent 1000-H,TAKE-OFF,Jet-A1,train,0.37321356387551813,3.4825751387117974,2.8905797,-0.16998781,1171.7616827734446,1171.6593017578125,-8.737358213469207e-05
11RR054,Trent 1000-H,TAKE-OFF,HEFA-SPK,train,0.37328072689613984,3.4808114502204517,2.8874204,-0.17047498,1171.3487618606857,1171.2889404296875,-5.1070554685353093e-05
11RR054,Trent 1000-H,TAKE-OFF,FT-SPK,train,0.37328526025767195,3.480681595246274,2.8873827,-0.17045476,1171.2019095373912,1171.1956787109375,-5.320027574206579e-06
11RR054,Trent 1000-H,TAKE-OFF,ATJ-SPK,train,0.3736744995040948,3.470490311122395,2.8689406,-0.17333277,1168.933055407927,1169.1217041015625,0.0001613853699856923
11RR054,Trent 1000-H,APPROACH,Jet-A1,train,0.3795755974514289,2.01592991351342,1.7902865,-0.111930124,829.3694332801442,829.674560546875,0.0003679027155896071
11RR054,Trent 1000-H,APPROACH,HEFA-SPK,train,0.37964612579828183,2.0149718008516664,1.788626,-0.11233206,829.105712187305,829.4288940429688,0.0003897957171361556
11RR054,Trent 1000-H,APPROACH,FT-SPK,train,0.37965674835170754,2.014859256507616,1.78849,-0.11234989,829.0273672412188,829.3724975585938,0.0004163075080662598
11RR054,Trent 1000-H,APPROACH,ATJ-SPK,train,0.3800594675063462,2.0093649633999084,1.778879,-0.11470586,827.5626560433768,827.9895629882812,0.0005158605717487263
11RR054,Trent 1000-H,IDLE,Jet-A1,train,0.26370863285690377,2.1911727764029405,2.319022,0.058347322,876.1973171077263,876.0307006835938,-0.00019015856460573207
11RR054,Trent 1000-H,IDLE,HEFA-SPK,train,0.26376742807504466,2.19047053294502,2.318432,0.058417458,875.9236187467051,875.7709350585938,-0.00017431164640792303
11RR054,Trent 1000-H,IDLE,FT-SPK,train,0.26377677020810264,2.1903868942678537,2.3183742,0.058431387,875.8429104679029,875.70751953125,-0.00015458358460719286
11RR054,Trent 1000-H,IDLE,ATJ-SPK,train,0.264112084040542,2.1863584671397254,2.314974,0.058826413,874.3221776679713,874.2501831054688,-8.234328756777352e-05
12RR055,Trent 1000-A,TAKE-OFF,Jet-A1,holdout,0.3771861219861855,3.599901848483355,2.854446,-0.20707674,1173.2301873521942,1173.20947265625,-1.7656122530359565e-05
12RR055,Trent 1000-A,TAKE-OFF,HEFA-SPK,holdout,0.3772526100824082,3.598079396679666,2.851095,-0.20760642,1172.8207104448063,1172.8427734375,1.8811905773153662e-05
12RR055,Trent 1000-A,TAKE-OFF,FT-SPK,holdout,0.3772568698415831,3.5979484112124767,2.8510523,-0.20758948,1172.6746368769982,1172.750732421875,6.489058642852604e-05
12RR055,Trent 1000-A,TAKE-OFF,ATJ-SPK,holdout,0.37764241835163664,3.5874146025373537,2.831433,-0.21073158,1170.4251517725875,1170.6983642578125,0.0002334301213633828
12RR055,Trent 1000-A,APPROACH,Jet-A1,holdout,0.38444704951983977,2.068235418730068,1.7614895,-0.14831287,830.5567299033271,830.9031372070312,0.0004170784381513284
12RR055,Trent 1000-A,APPROACH,HEFA-SPK,holdout,0.38451716077333453,2.06724773865466,1.7597136,-0.14876504,830.2947499449313,830.6591796875,0.00043891611092677154
12RR055,Trent 1000-A,APPROACH,FT-SPK,holdout,0.38452765525042515,2.0671321773152553,1.7595806,-0.14878176,830.2166630529789,830.6036987304688,0.0004661863519657521
12RR055,Trent 1000-A,APPROACH,ATJ-SPK,holdout,0.38492804893481997,2.0614680378160655,1.7493248,-0.15141788,828.7618842258698,829.2316284179688,0.0005668023602915736
12RR055,Trent 1000-A,IDLE,Jet-A1,holdout,0.26908399340755706,2.250395935049795,2.3971546,0.06521457,876.8960690357221,876.7239990234375,-0.00019622623291473717
12RR055,Trent 1000-A,IDLE,HEFA-SPK,holdout,0.26914310528606217,2.249663768299982,2.3965204,0.06527934,876.6235955170981,876.465576171875,-0.00018025905991032857
12RR055,Trent 1000-A,IDLE,FT-SPK,holdout,0.26915248129359737,2.2495765714350986,2.3964581,0.065292984,876.5429859480878,876.402587890625,-0.00016017247267221228
12RR055,Trent 1000-A,IDLE,ATJ-SPK,holdout,0.26948961026461926,2.245376625085945,2.3927984,0.065655746,875.0293228065245,874.9531860351562,-8.701053711444298e-05
12RR056,Trent 1000-C,TAKE-OFF,Jet-A1,train,0.3810420650641555,3.716335044180785,2.7999585,-0.24658072,1174.6857765285908,1174.748291015625,5.321805054871074e-05
12RR056,Trent 1000-C,TAKE-OFF,HEFA-SPK,train,0.3811078717239071,3.7144550427345826,2.7963934,-0.24715915,1174.279692663501,1174.3856201171875,9.020632337277829e-05
12RR056,Trent 1000-C,TAKE-OFF,FT-SPK,train,0.381111853583645,3.714323401555306,2.7963784,-0.24713653,1174.1344154953729,1174.294921875,0.00013670187800380934
12RR056,Trent 1000-C,TAKE-OFF,ATJ-SPK,train,0.38149367794306766,3.70345369712192,2.7755506,-0.25055075,1171.903983509364,1172.2637939453125,0.0003070306450115416
12RR056,Trent 1000-C,APPROACH,Jet-A1,train,0.38916153488212823,2.1197320171087153,1.721593,-0.18782519,831.741723349057,832.1312255859375,0.00046829709986430563
12RR056,Trent 1000-C,APPROACH,HEFA-SPK,train,0.3892312116075834,2.1187154318285764,1.7197064,-0.18832593,831.4814584748472,831.8893432617188,0.0004905518730625186
12RR056,Trent 1000-C,APPROACH,FT-SPK,train,0.38924157242635177,2.1185970040533353,1.7195592,-0.18835002,831.4036365924666,831.8342895507812,0.0005179830101293826
12RR056,Trent 1000-C,APPROACH,ATJ-SPK,train,0.3896395444472831,2.112766744681634,1.7086469,-0.19127518,829.9586307153978,830.4732055664062,0.0006200006023973581
12RR056,Trent 1000-C,IDLE,Jet-A1,train,0.2743156693907474,2.3089770849852864,2.473539,0.07127053,877.5992122623005,877.4232788085938,-0.00020047129857060297
12RR056,Trent 1000-C,IDLE,HEFA-SPK,train,0.27437505271440027,2.308215194110985,2.4728577,0.07132892,877.3279637927421,877.1661987304688,-0.00018438379824811335
12RR056,Trent 1000-C,IDLE,FT-SPK,train,0.2743844540277585,2.3081244766296294,2.4727933,0.07134316,877.2474582937941,877.1034545898438,-0.0001641540281352944
12RR056,Trent 1000-C,IDLE,ATJ-SPK,train,0.27472314175250767,2.303754146410367,2.468867,0.071671195,875.740860651094,875.662109375,-8.992531881566387e-05
12RR057,Trent 1000-D,TAKE-OFF,Jet-A1,train,0.3810420650641555,3.716335044180785,2.7999585,-0.24658072,1174.6857765285908,1174.748291015625,5.321805054871074e-05
12RR057,Trent 1000-D,TAKE-OFF,HEFA-SPK,train,0.3811078717239071,3.7144550427345826,2.7963934,-0.24715915,1174.279692663501,1174.3856201171875,9.020632337277829e-05
12RR057,Trent 1000-D,TAKE-OFF,FT-SPK,train,0.381111853583645,3.714323401555306,2.7963784,-0.24713653,1174.1344154953729,1174.294921875,0.00013670187800380934
12RR057,Trent 1000-D,TAKE-OFF,ATJ-SPK,train,0.38149367794306766,3.70345369712192,2.7755506,-0.25055075,1171.903983509364,1172.2637939453125,0.0003070306450115416
12RR057,Trent 1000-D,APPROACH,Jet-A1,train,0.38916153488212823,2.1197320171087153,1.721593,-0.18782519,831.741723349057,832.1312255859375,0.00046829709986430563
12RR057,Trent 1000-D,APPROACH,HEFA-SPK,train,0.3892312116075834,2.1187154318285764,1.7197064,-0.18832593,831.4814584748472,831.8893432617188,0.0004905518730625186
12RR057,Trent 1000-D,APPROACH,FT-SPK,train,0.38924157242635177,2.1185970040533353,1.7195592,-0.18835002,831.4036365924666,831.8342895507812,0.0005179830101293826
12RR057,Trent 1000-D,APPROACH,ATJ-SPK,train,0.3896395444472831,2.112766744681634,1.7086469,-0.19127518,829.9586307153978,830.4732055664062,0.0006200006023973581
12RR057,Trent 1000-D,IDLE,Jet-A1,train,0.2743156693907474,2.3089770849852864,2.473539,0.07127053,877.5992122623005,877.4232788085938,-0.00020047129857060297
12RR057,Trent 1000-D,IDLE,HEFA-SPK,train,0.27437505271440027,2.308215194110985,2.4728577,0.07132892,877.3279637927421,877.1661987304688,-0.00018438379824811335
12RR057,Trent 1000-D,IDLE,FT-SPK,train,0.2743844540277585,2.3081244766296294,2.4727933,0.07134316,877.2474582937941,877.1034545898438,-0.0001641540281352944
12RR057,Trent 1000-D,IDLE,ATJ-SPK,train,0.27472314175250767,2.303754146410367,2.468867,0.071671195,875.740860651094,875.662109375,-8.992531881566387e-05
12RR058,Trent 1000-E,TAKE-OFF,Jet-A1,holdout,0.36992833413066584,3.3875382502127898,2.9068391,-0.14190218,1170.57114541393,1170.40478515625,-0.00014211887789289266
12RR058,Trent 1000-E,TAKE-OFF,HEFA-SPK,holdout,0.36999603467167075,3.3858226970995875,2.9038384,-0.1423537,1170.1554138976628,1170.03125,-0.00010610889475717957
12RR058,Trent 1000-E,TAKE-OFF,FT-SPK,holdout,0.37000078479834003,3.385694087621065,2.9037907,-0.14233519,1170.0079482279639,1169.9366455078125,-6.0942081854547385e-05
12RR058,Trent 1000-E,TAKE-OFF,ATJ-SPK,holdout,0.3703929649670422,3.3757830635388704,2.88628,-0.14500432,1167.7232649977336,1167.8453369140625,0.00010453839534413543
12RR058,Trent 1000-E,APPROACH,Jet-A1,holdout,0.3755364207375347,1.9732483317704146,1.8056841,-0.08491796,828.4128830515757,828.686767578125,0.0003306135529186886
12RR058,Trent 1000-E,APPROACH,HEFA-SPK,holdout,0.3756072700360456,1.972314489257567,1.8041047,-0.08528551,828.1477423532885,828.4391479492188,0.0003518763392412734
12RR058,Trent 1000-E,APPROACH,FT-SPK,holdout,0.3756179912063929,1.9722044795912612,1.8039793,-0.085298106,828.0691950482974,828.3826293945312,0.0003785122645645342
12RR058,Trent 1000-E,APPROACH,ATJ-SPK,holdout,0.37602250035983337,1.966849549579223,1.794867,-0.087440595,826.5963776088398,826.9904174804688,0.00047670166758872546
12RR058,Trent 1000-E,IDLE,Jet-A1,holdout,0.25927592228994617,2.1430678325632795,2.255031,0.052244395,875.6385742824996,875.4773559570312,-0.0001841151477370999
12RR058,Trent 1000-E,IDLE,HEFA-SPK,holdout,0.25933442747520297,2.142389786913433,2.2544746,0.052317668,875.3638920302436,875.2164306640625,-0.00016845721821939658
12RR058,Trent 1000-E,IDLE,FT-SPK,holdout,0.2593437357646388,2.1423090343227797,2.254419,0.052331384,875.283108368575,875.1526489257812,-0.00014904828111773216
12RR058,Trent 1000-E,IDLE,ATJ-SPK,holdout,0.25967738915469707,2.1384193053325475,2.2512207,0.0527499,873.7566927693783,873.6893920898438,-7.702450818576592e-05
12RR059,Trent 1000-G,TAKE-OFF,Jet-A1,train,0.37928303064447455,3.6629058849342684,2.8273365,-0.22811653,1174.0180706537997,1174.0421142578125,2.0479756328999184e-05
12RR059,Trent 1000-G,TAKE-OFF,HEFA-SPK,train,0.37934915140193376,3.6610521942326324,2.8238778,-0.22867043,1173.6104326002674,1173.677734375,5.7345924050390784e-05
12RR059,Trent 1000-G,TAKE-OFF,FT-SPK,train,0.3793532615630251,3.6609207948350995,2.823853,-0.22864951,1173.464787060147,1173.5860595703125,0.00010334567470854855
12RR059,Trent 1000-G,TAKE-OFF,ATJ-SPK,train,0.37973680223866846,3.6502047137488094,2.803575,-0.23194033,1171.225631372099,1171.5455322265625,0.00027313341331904295
12RR059,Trent 1000-G,APPROACH,Jet-A1,train,0.387012587082373,2.0961511187742308,1.7413464,-0.16926484,831.1971341906021,831.5665283203125,0.00044441217915179446
12RR059,Trent 1000-G,APPROACH,HEFA-SPK,train,0.38708246561596177,2.095147743190338,1.7395043,-0.16974624,830.9360838903018,831.3236694335938,0.00046644447245248777
12RR059,Trent 1000-G,APPROACH,FT-SPK,train,0.3870928885561455,2.0950306146555113,1.7393678,-0.16976497,830.858139301032,831.2684936523438,0.000493892196394643
12RR059,Trent 1000-G,APPROACH,ATJ-SPK,train,0.3874919851359044,2.089276282226428,1.7287583,-0.17255639,829.4086592292427,829.9024658203125,0.0005953718779939471
12RR059,Trent 1000-G,IDLE,Jet-A1,train,0.27192743973675043,2.2821195572093167,2.4386437,0.068587214,877.2753565163546,877.1009521484375,-0.0001988023106104724
12RR059,Trent 1000-G,IDLE,HEFA-SPK,train,0.2719867036342423,2.2813713080724347,2.4379854,0.06864909,877.0035448162861,876.84326171875,-0.00018276220031659762
12RR059,Trent 1000-G,IDLE,FT-SPK,train,0.2719960943414837,2.281282204493018,2.4379203,0.068662316,876.9229908099019,876.7803344726562,-0.00016267829529007137
12RR059,Trent 1000-G,IDLE,ATJ-SPK,train,0.2723340958707644,2.2769900720245095,2.434118,0.06900694,875.4131453898038,875.3355712890625,-8.861427447128662e-05
12RR060,Trent 1000-H,TAKE-OFF,Jet-A1,train,0.373213563875518,3.482575138711806,2.8905797,-0.16998781,1171.761682773445,1171.6593017578125,-8.737358213508014e-05
12RR060,Trent 1000-H,TAKE-OFF,HEFA-SPK,train,0.37328072689613984,3.480811450220455,2.8874204,-0.17047498,1171.348761860686,1171.2889404296875,-5.107055468554719e-05
12RR060,Trent 1000-H,TAKE-OFF,FT-SPK,train,0.37328526025767195,3.480681595246274,2.8873827,-0.17045476,1171.2019095373912,1171.1956787109375,-5.320027574206579e-06
12RR060,Trent 1000-H,TAKE-OFF,ATJ-SPK,train,0.3736744995040947,3.470490311122395,2.8689406,-0.17333277,1168.9330554079272,1169.1217041015625,0.00016138536998549775
12RR060,Trent 1000-H,APPROACH,Jet-A1,train,0.37957559745142905,2.015929913513415,1.7902865,-0.111930124,829.3694332801439,829.674560546875,0.0003679027155900185
12RR060,Trent 1000-H,APPROACH,HEFA-SPK,train,0.3796461257982819,2.0149718008516664,1.788626,-0.11233206,829.1057121873049,829.4288940429688,0.00038979571713629275
12RR060,Trent 1000-H,APPROACH,FT-SPK,train,0.37965674835170765,2.0148592565076147,1.78849,-0.11234989,829.0273672412185,829.3724975585938,0.00041630750806667135
12RR060,Trent 1000-H,APPROACH,ATJ-SPK,train,0.3800594675063463,2.009364963399905,1.778879,-0.11470586,827.5626560433767,827.9895629882812,0.0005158605717488638
12RR060,Trent 1000-H,IDLE,Jet-A1,train,0.26370863285690377,2.191172776402942,2.319022,0.058347322,876.1973171077265,876.0307006835938,-0.0001901585646058618
12RR060,Trent 1000-H,IDLE,HEFA-SPK,train,0.2637674280750446,2.19047053294502,2.318432,0.058417458,875.9236187467053,875.7709350585938,-0.0001743116464081826
12RR060,Trent 1000-H,IDLE,FT-SPK,train,0.2637767702081026,2.1903868942678555,2.3183742,0.058431387,875.8429104679033,875.70751953125,-0.00015458358460758223
12RR060,Trent 1000-H,IDLE,ATJ-SPK,train,0.26411208404054204,2.1863584671397254,2.314974,0.058826413,874.3221776679713,874.2501831054688,-8.234328756777352e-05
12RR061,Trent 1000-A2,TAKE-OFF,Jet-A1,train,0.37761149423381746,3.6126223951063485,2.849419,-0.21126023,1173.3893040337293,1173.3778076171875,-9.797614911189744e-06
12RR061,Trent 1000-A2,TAKE-OFF,HEFA-SPK,train,0.37767790843420423,3.6107936179167703,2.8460338,-0.21179831,1172.9801989539114,1173.011474609375,2.666341298126951e-05
12RR061,Trent 1000-A2,TAKE-OFF,FT-SPK,train,0.37768213813850077,3.6106625378029737,2.8460052,-0.21177752,1172.8342112508467,1172.91943359375,7.266358883956533e-05
12RR061,Trent 1000-A2,TAKE-OFF,ATJ-SPK,train,0.37806728269043416,3.6000918324661777,2.8262522,-0.21494998,1170.586815507348,1170.86962890625,0.00024159967902878933
12RR061,Trent 1000-A2,APPROACH,Jet-A1,train,0.38496781844057754,2.0738811972404783,1.7576919,-0.15246262,830.6858708551041,831.036865234375,0.00042253563180217447
12RR061,Trent 1000-A2,APPROACH,HEFA-SPK,train,0.3850378831805734,2.072890337932587,1.7559068,-0.15291858,830.4240788970742,830.7930297851562,0.00044429213634083835
12RR061,Trent 1000-A2,APPROACH,FT-SPK,train,0.3850483633665282,2.0727744571491242,1.7557703,-0.15293714,830.3460205267887,830.7374877929688,0.0004714507645037844
12RR061,Trent 1000-A2,APPROACH,ATJ-SPK,train,0.3854484977755291,2.0670920503211088,1.7454401,-0.15560597,828.8923134976245,829.3668823242188,0.0005725337524143856
12RR061,Trent 1000-A2,IDLE,Jet-A1,train,0.269660483887003,2.256805499708931,2.4055603,0.065913826,876.9724195441319,876.7999267578125,-0.00019669123278589798
12RR061,Trent 1000-A2,IDLE,HEFA-SPK,train,0.26971962745085615,2.256070086454461,2.404921,0.065977976,876.7000794327566,876.5416870117188,-0.00018066887953331934
12RR061,Trent 1000-A2,IDLE,FT-SPK,train,0.2697290066200135,2.255982504344888,2.4048584,0.06599162,876.6194809373087,876.4786376953125,-0.0001606663381991172
12RR061,Trent 1000-A2,IDLE,ATJ-SPK,train,0.27006631738615094,2.251763948798751,2.4011707,0.06635097,875.1065874794592,875.0302124023438,-8.727517105710802e-05
12RR062,Trent 1000-C2,TAKE-OFF,Jet-A1,train,0.38144066597249615,3.728515698343226,2.7931461,-0.2508691,1174.8379377681217,1174.909423828125,6.0847592425458396e-05
12RR062,Trent 1000-C2,TAKE-OFF,HEFA-SPK,train,0.38150640069958713,3.7266297223702067,2.7895622,-0.25145173,1174.4322075931059,1174.5469970703125,9.774040294915329e-05
12RR062,Trent 1000-C2,TAKE-OFF,FT-SPK,train,0.38151035312653586,3.7264980403499126,2.789542,-0.25143075,1174.287015098766,1174.45654296875,0.00014436663933453789
12RR062,Trent 1000-C2,TAKE-OFF,ATJ-SPK,train,0.3818917844901659,3.715593437889119,2.7685869,-0.25487357,1172.0585675461807,1172.4276123046875,0.00031486887150991094
12RR062,Trent 1000-C2,APPROACH,Jet-A1,train,0.3896480786787257,2.1250961996455926,1.7167405,-0.19215873,831.866068420405,832.2603149414062,0.0004739302827315485
12RR062,Trent 1000-C2,APPROACH,HEFA-SPK,train,0.38971770884617013,2.124076615817246,1.7148398,-0.19266571,831.605982225411,832.0185546875,0.0004961153129092622
12RR062,Trent 1000-C2,APPROACH,FT-SPK,train,0.3897280553193327,2.1239578957262037,1.7146984,-0.19268721,831.5281885774972,831.963623046875,0.0005236556924458712
12RR062,Trent 1000-C2,APPROACH,ATJ-SPK,train,0.3901257679338807,2.1181103987941023,1.7037102,-0.19564623,830.0842002312062,830.6035766601562,0.0006256912597606412
12RR062,Trent 1000-C2,IDLE,Jet-A1,train,0.2748572013583529,2.3150941114451737,2.481455,0.07185932,877.6733269646197,877.4970092773438,-0.00020089215640829911
12RR062,Trent 1000-C2,IDLE,HEFA-SPK,train,0.27491661071540086,2.31432911042592,2.48077,0.07191758,877.4022071374487,877.2400512695312,-0.00018481360839804045
12RR062,Trent 1000-C2,IDLE,FT-SPK,train,0.2749260142112881,2.3142380254380814,2.4807029,0.07193074,877.3217128761939,877.1775512695312,-0.0001643201171780823
12RR062,Trent 1000-C2,IDLE,ATJ-SPK,train,0.27526485161714653,2.309849866714299,2.4767466,0.07225436,875.8158568716494,875.7369384765625,-9.01084337166729e-05
12RR063,Trent 1000-D2,TAKE-OFF,Jet-A1,train,0.38144066597249615,3.728515698343226,2.7931461,-0.2508691,1174.8379377681217,1174.909423828125,6.0847592425458396e-05
12RR063,Trent 1000-D2,TAKE-OFF,HEFA-SPK,train,0.38150640069958713,3.7266297223702067,2.7895622,-0.25145173,1174.4322075931059,1174.5469970703125,9.774040294915329e-05
12RR063,Trent 1000-D2,TAKE-OFF,FT-SPK,train,0.38151035312653586,3.7264980403499126,2.789542,-0.25143075,1174.287015098766,1174.45654296875,0.00014436663933453789
12RR063,Trent 1000-D2,TAKE-OFF,ATJ-SPK,train,0.3818917844901659,3.715593437889119,2.7685869,-0.25487357,1172.0585675461807,1172.4276123046875,0.00031486887150991094
12RR063,Trent 1000-D2,APPROACH,Jet-A1,train,0.3896480786787257,2.1250961996455926,1.7167405,-0.19215873,831.866068420405,832.2603149414062,0.0004739302827315485
12RR063,Trent 1000-D2,APPROACH,HEFA-SPK,train,0.38971770884617013,2.124076615817246,1.7148398,-0.19266571,831.605982225411,832.0185546875,0.0004961153129092622
12RR063,Trent 1000-D2,APPROACH,FT-SPK,train,0.3897280553193327,2.1239578957262037,1.7146984,-0.19268721,831.5281885774972,831.963623046875,0.0005236556924458712
12RR063,Trent 1000-D2,APPROACH,ATJ-SPK,train,0.3901257679338807,2.1181103987941023,1.7037102,-0.19564623,830.0842002312062,830.6035766601562,0.0006256912597606412
12RR063,Trent 1000-D2,IDLE,Jet-A1,train,0.2748572013583529,2.3150941114451737,2.481455,0.07185932,877.6733269646197,877.4970092773438,-0.00020089215640829911
12RR063,Trent 1000-D2,IDLE,HEFA-SPK,train,0.27491661071540086,2.31432911042592,2.48077,0.07191758,877.4022071374487,877.2400512695312,-0.00018481360839804045
12RR063,Trent 1000-D2,IDLE,FT-SPK,train,0.2749260142112881,2.3142380254380814,2.4807029,0.07193074,877.3217128761939,877.1775512695312,-0.0001643201171780823
12RR063,Trent 1000-D2,IDLE,ATJ-SPK,train,0.27526485161714653,2.309849866714299,2.4767466,0.07225436,875.8158568716494,875.7369384765625,-9.01084337166729e-05
12RR064,Trent 1000-E2,TAKE-OFF,Jet-A1,train,0.3700889735102975,3.392143750572659,2.9063056,-0.14322451,1170.6288566782237,1170.465576171875,-0.00013948101946844238
12RR064,Trent 1000-E2,TAKE-OFF,HEFA-SPK,train,0.37015664820052147,3.390425854181456,2.903301,-0.14367664,1170.2132618282646,1170.092041015625,-0.00010358865054243322
12RR064,Trent 1000-E2,TAKE-OFF,FT-SPK,train,0.3701613879247447,3.3902971777464694,2.9032547,-0.14365776,1170.0658255211902,1169.99755859375,-5.834451870240265e-05
12RR064,Trent 1000-E2,TAKE-OFF,ATJ-SPK,train,0.3705534266259551,3.380372516443434,2.885696,-0.14633788,1167.7819124469538,1167.9072265625,0.0001073095191923358
12RR064,Trent 1000-E2,APPROACH,Jet-A1,train,0.37573414259308335,1.9753232621742212,1.8050927,-0.086178616,828.4591282441302,828.7344970703125,0.00033238673676751895
12RR064,Trent 1000-E2,APPROACH,HEFA-SPK,train,0.3758049767098211,1.9743882369832995,1.80351,-0.08654746,828.1940565268364,828.4868774414062,0.00035356558316512564
12RR064,Trent 1000-E2,APPROACH,FT-SPK,train,0.37581569321064334,1.9742781026614944,1.8033853,-0.086559646,828.1155188897828,828.4302978515625,0.0003801147963048393
12RR064,Trent 1000-E2,APPROACH,ATJ-SPK,train,0.376220117683523,1.968916382569566,1.794251,-0.08871147,826.6430955112427,827.0388793945312,0.00047878447837733124
12RR064,Trent 1000-E2,IDLE,Jet-A1,train,0.25949238501060645,2.1454016263904547,2.2581427,0.052550185,875.6655005464235,875.5039672851562,-0.0001844691393761783
12RR064,Trent 1000-E2,IDLE,HEFA-SPK,train,0.2595509049670562,2.1447224092150643,2.2575865,0.05262409,875.3908657872244,875.2431030273438,-0.0001687963236259337
12RR064,Trent 1000-E2,IDLE,FT-SPK,train,0.259560215032038,2.1446415167347213,2.2575307,0.0526378,875.310085683399,875.179443359375,-0.00014925262048369164
12RR064,Trent 1000-E2,IDLE,ATJ-SPK,train,0.2598939529502218,2.1407450727710637,2.2543223,0.053055055,873.7839444750241,873.71630859375,-7.740572678379456e-05
12RR065,Trent 1000-G2,TAKE-OFF,Jet-A1,holdout,0.3796936334144049,3.675330367265746,2.8213344,-0.23235896,1174.173377449192,1174.206298828125,2.803791975297235e-05
12RR065,Trent 1000-G2,TAKE-OFF,HEFA-SPK,holdout,0.3797596813404027,3.6734705432380537,2.8178508,-0.23291862,1173.766101219901,1173.8424072265625,6.50095505247767e-05
12RR065,Trent 1000-G2,TAKE-OFF,FT-SPK,holdout,0.3797637617832369,3.6733390785775617,2.8178313,-0.2328965,1173.6205408996498,1173.751220703125,0.00011134757693918519
12RR065,Trent 1000-G2,TAKE-OFF,ATJ-SPK,holdout,0.38014690444609855,3.662587195000176,2.7974346,-0.23621349,1171.3834166855786,1171.71240234375,0.00028085224144820784
12RR065,Trent 1000-G2,APPROACH,Jet-A1,holdout,0.387514469318556,2.1016421658914393,1.7369688,-0.17351833,831.3236511517769,831.69775390625,0.000450008554375703
12RR065,Trent 1000-G2,APPROACH,HEFA-SPK,holdout,0.3875843012799342,2.1006357102556468,1.7351242,-0.17400044,831.0627837376084,831.4550170898438,0.0004719659692512879
12RR065,Trent 1000-G2,APPROACH,FT-SPK,holdout,0.3875947098921645,2.1005182771337045,1.7349818,-0.17402208,830.9848675167716,831.3997802734375,0.0004993024216021899
12RR065,Trent 1000-G2,APPROACH,ATJ-SPK,holdout,0.38799354693091115,2.0947462426737413,1.7243016,-0.17684466,829.5364294633378,830.0350341796875,0.0006010642795667389
12RR065,Trent 1000-G2,IDLE,Jet-A1,holdout,0.2724846793577334,2.2883687656091567,2.446784,0.0692263,877.3504857560933,877.1759033203125,-0.0001989882477017096
12RR065,Trent 1000-G2,IDLE,HEFA-SPK,holdout,0.27254397179405915,2.2876173443785524,2.4461188,0.06928675,877.0788048740363,876.9180297851562,-0.0001833074610703614
12RR065,Trent 1000-G2,IDLE,FT-SPK,holdout,0.27255336511869016,2.287527865231547,2.4460554,0.06930079,876.9982620335957,876.8553466796875,-0.00016295967745337517
12RR065,Trent 1000-G2,IDLE,ATJ-SPK,holdout,0.27289153056277804,2.283217549722974,2.4422235,0.06964117,875.4891710539389,875.4111328125,-8.913672952110297e-05
12RR066,Trent 1000-H2,TAKE-OFF,Jet-A1,train,0.3735171459956609,3.4914478868011622,2.8884778,-0.17269912,1171.8727899722244,1171.7767333984375,-8.196843088161356e-05
12RR066,Trent 1000-H2,TAKE-OFF,HEFA-SPK,train,0.37358425840387405,3.489679728396197,2.8853068,-0.17318863,1171.4601304699838,1171.4063720703125,-4.5890080484221165e-05
12RR066,Trent 1000-H2,TAKE-OFF,FT-SPK,train,0.37358877130410173,3.489549771963587,2.8852644,-0.17317,1171.3133362065817,1171.3131103515625,-1.9282203332900368e-07
12RR066,Trent 1000-H2,TAKE-OFF,ATJ-SPK,train,0.3739777337102742,3.4793324481536145,2.866735,-0.17606753,1169.0459532885911,1169.2410888671875,0.00016691865537658037
12RR066,Trent 1000-H2,APPROACH,Jet-A1,train,0.37994837405146803,2.0199002777372486,1.7884954,-0.114562504,829.4589774027687,829.7672729492188,0.0003716826929951208
12RR066,Trent 1000-H2,APPROACH,HEFA-SPK,train,0.3800188716359183,2.0189399137464634,1.7868241,-0.11496914,829.195388428275,829.521484375,0.0003932679212593059
12RR066,Trent 1000-H2,APPROACH,FT-SPK,train,0.380029484743919,2.0188271368580994,1.7866896,-0.114986315,829.1170626804551,829.4655151367188,0.00042026931050863304
12RR066,Trent 1000-H2,APPROACH,ATJ-SPK,train,0.38043203235534034,2.0133199139108493,1.777031,-0.11736283,827.6531055403352,828.083251953125,0.0005197182369163704
12RR066,Trent 1000-H2,IDLE,Jet-A1,train,0.2641188502054249,2.195657967491484,2.3249662,0.058892652,876.2498143932472,876.082763671875,-0.00019064280371676126
12RR066,Trent 1000-H2,IDLE,HEFA-SPK,train,0.26417767094183664,2.1949534627429936,2.3243725,0.0589621,875.9762082851939,875.8230590820312,-0.00017483260585637137
12RR066,Trent 1000-H2,IDLE,FT-SPK,train,0.264187015938279,2.194869554735571,2.324315,0.058976386,875.8955072536999,875.7596435546875,-0.00015511404943536146
12RR066,Trent 1000-H2,IDLE,ATJ-SPK,train,0.26452247594634903,2.190828166130801,2.3208957,0.059369173,874.3753071138417,874.30322265625,-8.244109480817563e-05
12RR067,Trent 1000-J2,TAKE-OFF,Jet-A1,train,0.3840313939485168,3.808349721786115,2.7430122,-0.27973732,1175.8346258991319,1175.9649658203125,0.00011084885434544261
12RR067,Trent 1000-J2,TAKE-OFF,HEFA-SPK,train,0.38409665428519507,3.8064248112119343,2.739287,-0.28035176,1175.431208509814,1175.60546875,0.00014825218092250745
12RR067,Trent 1000-J2,TAKE-OFF,FT-SPK,train,0.3841004121407581,3.806292995365484,2.739287,-0.28032687,1175.2865773598817,1175.515625,0.00019488662980636425
12RR067,Trent 1000-J2,TAKE-OFF,ATJ-SPK,train,0.3844792523168614,3.7951608411031477,2.7174668,-0.28396532,1173.0710983807126,1173.5008544921875,0.0003663512911264903
12RR067,Trent 1000-J2,APPROACH,Jet-A1,train,0.3928066260278556,2.1601474452163245,1.681644,-0.22151431,832.6827713404816,833.1082763671875,0.0005110049605336316
12RR067,Trent 1000-J2,APPROACH,HEFA-SPK,train,0.39287594620633437,2.1591083281325703,1.6796659,-0.22205572,832.4238527356977,832.86767578125,0.0005331695434888664
12RR067,Trent 1000-J2,APPROACH,FT-SPK,train,0.392886197008546,2.1589877284151355,1.6795195,-0.22208007,832.3462465240468,832.813232421875,0.0005610476406643944
12RR067,Trent 1000-J2,APPROACH,ATJ-SPK,train,0.39328218280087596,2.1530279186988905,1.6680629,-0.22524789,830.9089043547707,831.4605712890625,0.0006639319080593924
12RR067,Trent 1000-J2,IDLE,Jet-A1,train,0.27837991187139643,2.3551309010460497,2.5329454,0.075500846,878.1616757150989,877.9835205078125,-0.00020287290166851632
12RR067,Trent 1000-J2,IDLE,HEFA-SPK,train,0.2784394811564864,2.354345516704826,2.5322263,0.07555424,877.8914010551457,877.7276611328125,-0.00018651500873161108
12RR067,Trent 1000-J2,IDLE,FT-SPK,train,0.2784488968281581,2.354252027924012,2.532157,0.07556746,877.8109820792021,877.6651611328125,-0.00016611884490687066
12RR067,Trent 1000-J2,IDLE,ATJ-SPK,train,0.2787886546872371,2.349747022838012,2.5280092,0.07586442,876.3099971216827,876.22998046875,-9.131089819304677e-05
12RR068,Trent 1000-K2,TAKE-OFF,Jet-A1,train,0.3840313939485168,3.808349721786115,2.7430122,-0.27973732,1175.8346258991319,1175.9649658203125,0.00011084885434544261
12RR068,Trent 1000-K2,TAKE-OFF,HEFA-SPK,train,0.38409665428519507,3.8064248112119343,2.739287,-0.28035176,1175.431208509814,1175.60546875,0.00014825218092250745
12RR068,Trent 1000-K2,TAKE-OFF,FT-SPK,train,0.3841004121407581,3.806292995365484,2.739287,-0.28032687,1175.2865773598817,1175.515625,0.00019488662980636425
12RR068,Trent 1000-K2,TAKE-OFF,ATJ-SPK,train,0.3844792523168614,3.7951608411031477,2.7174668,-0.28396532,1173.0710983807126,1173.5008544921875,0.0003663512911264903
12RR068,Trent 1000-K2,APPROACH,Jet-A1,train,0.3928066260278556,2.1601474452163245,1.681644,-0.22151431,832.6827713404816,833.1082763671875,0.0005110049605336316
12RR068,Trent 1000-K2,APPROACH,HEFA-SPK,train,0.39287594620633437,2.1591083281325703,1.6796659,-0.22205572,832.4238527356977,832.86767578125,0.0005331695434888664
12RR068,Trent 1000-K2,APPROACH,FT-SPK,train,0.392886197008546,2.1589877284151355,1.6795195,-0.22208007,832.3462465240468,832.813232421875,0.0005610476406643944
12RR068,Trent 1000-K2,APPROACH,ATJ-SPK,train,0.39328218280087596,2.1530279186988905,1.6680629,-0.22524789,830.9089043547707,831.4605712890625,0.0006639319080593924
12RR068,Trent 1000-K2,IDLE,Jet-A1,train,0.27837991187139643,2.3551309010460497,2.5329454,0.075500846,878.1616757150989,877.9835205078125,-0.00020287290166851632
12RR068,Trent 1000-K2,IDLE,HEFA-SPK,train,0.2784394811564864,2.354345516704826,2.5322263,0.07555424,877.8914010551457,877.7276611328125,-0.00018651500873161108
12RR068,Trent 1000-K2,IDLE,FT-SPK,train,0.2784488968281581,2.354252027924012,2.532157,0.07556746,877.8109820792021,877.6651611328125,-0.00016611884490687066
12RR068,Trent 1000-K2,IDLE,ATJ-SPK,train,0.2787886546872371,2.349747022838012,2.5280092,0.07586442,876.3099971216827,876.22998046875,-9.131089819304677e-05
12RR069,Trent 1000-L2,TAKE-OFF,Jet-A1,holdout,0.38144066597249615,3.728515698343226,2.7931461,-0.2508691,1174.8379377681217,1174.909423828125,6.0847592425458396e-05
12RR069,Trent 1000-L2,TAKE-OFF,HEFA-SPK,holdout,0.38150640069958713,3.7266297223702067,2.7895622,-0.25145173,1174.4322075931059,1174.5469970703125,9.774040294915329e-05
12RR069,Trent 1000-L2,TAKE-OFF,FT-SPK,holdout,0.38151035312653586,3.7264980403499126,2.789542,-0.25143075,1174.287015098766,1174.45654296875,0.00014436663933453789
12RR069,Trent 1000-L2,TAKE-OFF,ATJ-SPK,holdout,0.3818917844901659,3.715593437889119,2.7685869,-0.25487357,1172.0585675461807,1172.4276123046875,0.00031486887150991094
12RR069,Trent 1000-L2,APPROACH,Jet-A1,holdout,0.3896480786787257,2.1250961996455926,1.7167405,-0.19215873,831.866068420405,832.2603149414062,0.0004739302827315485
12RR069,Trent 1000-L2,APPROACH,HEFA-SPK,holdout,0.38971770884617013,2.124076615817246,1.7148398,-0.19266571,831.605982225411,832.0185546875,0.0004961153129092622
12RR069,Trent 1000-L2,APPROACH,FT-SPK,holdout,0.3897280553193327,2.1239578957262037,1.7146984,-0.19268721,831.5281885774972,831.963623046875,0.0005236556924458712
12RR069,Trent 1000-L2,APPROACH,ATJ-SPK,holdout,0.3901257679338807,2.1181103987941023,1.7037102,-0.19564623,830.0842002312062,830.6035766601562,0.0006256912597606412
12RR069,Trent 1000-L2,IDLE,Jet-A1,holdout,0.2748572013583529,2.3150941114451737,2.481455,0.07185932,877.6733269646197,877.4970092773438,-0.00020089215640829911
12RR069,Trent 1000-L2,IDLE,HEFA-SPK,holdout,0.27491661071540086,2.31432911042592,2.48077,0.07191758,877.4022071374487,877.2400512695312,-0.00018481360839804045
12RR069,Trent 1000-L2,IDLE,FT-SPK,holdout,0.2749260142112881,2.3142380254380814,2.4807029,0.07193074,877.3217128761939,877.1775512695312,-0.0001643201171780823
12RR069,Trent 1000-L2,IDLE,ATJ-SPK,holdout,0.27526485161714653,2.309849866714299,2.4767466,0.07225436,875.8158568716494,875.7369384765625,-9.01084337166729e-05
19RR085,Trent 1000-AE3,TAKE-OFF,Jet-A1,train,0.3799657924470327,3.6835814931929804,2.817228,-0.23519322,1174.2765046498153,1174.3155517578125,3.325205591922568e-05
19RR085,Trent 1000-AE3,TAKE-OFF,HEFA-SPK,train,0.38003179193512215,3.6817176010018047,2.8137283,-0.23575656,1173.8694685686883,1173.9515380859375,6.991366540038398e-05
19RR085,Trent 1000-AE3,TAKE-OFF,FT-SPK,train,0.38003585260268935,3.6815860960132367,2.8137085,-0.23573475,1173.7239649910543,1173.8602294921875,0.00011609586682861475
19RR085,Trent 1000-AE3,TAKE-OFF,ATJ-SPK,train,0.38041873057362885,3.6708104621345776,2.7932265,-0.23907085,1171.4881889149365,1171.823486328125,0.00028621493273362744
19RR085,Trent 1000-AE3,APPROACH,Jet-A1,train,0.38784704269322445,2.105286258181136,1.7339953,-0.17636126,831.4077125041716,831.7849731445312,0.0004537612950730595
19RR085,Trent 1000-AE3,APPROACH,HEFA-SPK,train,0.38791684360513173,2.1042777598464752,1.7321398,-0.1768483,831.1469664648378,831.5423583984375,0.000475718434347997
19RR085,Trent 1000-AE3,APPROACH,FT-SPK,train,0.3879272426624064,2.104160125272079,1.7320005,-0.17686851,831.0690691394453,831.4869384765625,0.0005028093965160591
19RR085,Trent 1000-AE3,APPROACH,ATJ-SPK,train,0.38832590667305117,2.098376350298356,1.721274,-0.17971149,829.6213225681186,830.1231079101562,0.0006048366024204877
19RR085,Trent 1000-AE3,IDLE,Jet-A1,train,0.272854112708692,2.292517636947431,2.4521801,0.06964505,877.4004397703466,877.225341796875,-0.00019956449248805517
19RR085,Trent 1000-AE3,IDLE,HEFA-SPK,train,0.2729134238393011,2.291764109052564,2.4515133,0.069705784,877.1288458183357,876.9678955078125,-0.00018349677050354043
19RR085,Trent 1000-AE3,IDLE,FT-SPK,train,0.27292281885142994,2.291674380574643,2.4514487,0.06971949,877.0483104312125,876.9051513671875,-0.00016322825358913132
19RR085,Trent 1000-AE3,IDLE,ATJ-SPK,train,0.27326109168822305,2.2873519891987213,2.4475996,0.07005815,875.5397207510484,875.461669921875,-8.914596028433987e-05
19RR086,Trent 1000-CE3,TAKE-OFF,Jet-A1,train,0.38364995793948903,3.796523076043778,2.751038,-0.2753796,1175.687044601139,1175.8087158203125,0.00010348946152998354
19RR086,Trent 1000-CE3,TAKE-OFF,HEFA-SPK,train,0.3837152888690136,3.7946039086025958,2.7473426,-0.27598706,1175.2832851605622,1175.4486083984375,0.0001406667141128801
19RR086,Trent 1000-CE3,TAKE-OFF,FT-SPK,train,0.38371907572967856,3.794472097763115,2.747337,-0.27596328,1175.1385701537492,1175.3587646484375,0.00018737747213883767
19RR086,Trent 1000-CE3,TAKE-OFF,ATJ-SPK,train,0.3840983014375673,3.783373522456123,2.7256591,-0.27956912,1172.9211739796285,1173.3419189453125,0.00035871546615227825
19RR086,Trent 1000-CE3,APPROACH,Jet-A1,train,0.3923420029015853,2.154966516252644,1.6872087,-0.21706043,832.5615976033479,832.982421875,0.0005054572212596975
19RR086,Trent 1000-CE3,APPROACH,HEFA-SPK,train,0.39241136951908817,2.1539302796979753,1.6852432,-0.21759619,832.3025064151797,832.7416381835938,0.0005276107725608993
19RR086,Trent 1000-CE3,APPROACH,FT-SPK,train,0.3924216346721651,2.1538099544263454,1.685095,-0.21762133,832.2248721763124,832.6870727539062,0.0005553794329472477
19RR086,Trent 1000-CE3,APPROACH,ATJ-SPK,train,0.39281787911956895,2.147866709846867,1.6737142,-0.22075509,830.7865479470953,831.33349609375,0.0006583497867246753
19RR086,Trent 1000-CE3,IDLE,Jet-A1,train,0.2778609446179343,2.349205941678,2.5253596,0.07498438,878.0890487719072,877.9111938476562,-0.0002025477080026046
19RR086,Trent 1000-CE3,IDLE,HEFA-SPK,train,0.27792049136728225,2.348423576594823,2.5246468,0.07503897,877.8186486962194,877.6549682617188,-0.00018646269903668648
19RR086,Trent 1000-CE3,IDLE,FT-SPK,train,0.2779299054660425,2.34833044338066,2.5245779,0.075052254,877.7382183886307,877.5926513671875,-0.0001658433213839311
19RR086,Trent 1000-CE3,IDLE,ATJ-SPK,train,0.27826953351171246,2.3438427464906257,2.520458,0.07535282,876.2365107700472,876.1567993164062,-9.09702490836338e-05
19RR087,Trent 1000-D3,TAKE-OFF,Jet-A1,holdout,0.38364995793948903,3.796523076043778,2.751038,-0.2753796,1175.687044601139,1175.8087158203125,0.00010348946152998354
19RR087,Trent 1000-D3,TAKE-OFF,HEFA-SPK,holdout,0.3837152888690136,3.7946039086025958,2.7473426,-0.27598706,1175.2832851605622,1175.4486083984375,0.0001406667141128801
19RR087,Trent 1000-D3,TAKE-OFF,FT-SPK,holdout,0.38371907572967856,3.794472097763115,2.747337,-0.27596328,1175.1385701537492,1175.3587646484375,0.00018737747213883767
19RR087,Trent 1000-D3,TAKE-OFF,ATJ-SPK,holdout,0.3840983014375673,3.783373522456123,2.7256591,-0.27956912,1172.9211739796285,1173.3419189453125,0.00035871546615227825
19RR087,Trent 1000-D3,APPROACH,Jet-A1,holdout,0.3923420029015853,2.154966516252644,1.6872087,-0.21706043,832.5615976033479,832.982421875,0.0005054572212596975
19RR087,Trent 1000-D3,APPROACH,HEFA-SPK,holdout,0.39241136951908817,2.1539302796979753,1.6852432,-0.21759619,832.3025064151797,832.7416381835938,0.0005276107725608993
19RR087,Trent 1000-D3,APPROACH,FT-SPK,holdout,0.3924216346721651,2.1538099544263454,1.685095,-0.21762133,832.2248721763124,832.6870727539062,0.0005553794329472477
19RR087,Trent 1000-D3,APPROACH,ATJ-SPK,holdout,0.39281787911956895,2.147866709846867,1.6737142,-0.22075509,830.7865479470953,831.33349609375,0.0006583497867246753
19RR087,Trent 1000-D3,IDLE,Jet-A1,holdout,0.2778609446179343,2.349205941678,2.5253596,0.07498438,878.0890487719072,877.9111938476562,-0.0002025477080026046
19RR087,Trent 1000-D3,IDLE,HEFA-SPK,holdout,0.27792049136728225,2.348423576594823,2.5246468,0.07503897,877.8186486962194,877.6549682617188,-0.00018646269903668648
19RR087,Trent 1000-D3,IDLE,FT-SPK,holdout,0.2779299054660425,2.34833044338066,2.5245779,0.075052254,877.7382183886307,877.5926513671875,-0.0001658433213839311
19RR087,Trent 1000-D3,IDLE,ATJ-SPK,holdout,0.27826953351171246,2.3438427464906257,2.520458,0.07535282,876.2365107700472,876.1567993164062,-9.09702490836338e-05
19RR088,Trent 1000-G3,TAKE-OFF,Jet-A1,train,0.38196798414059446,3.7446716065044834,2.7837632,-0.25660688,1175.0397217188847,1175.123046875,7.09126292287282e-05
19RR088,Trent 1000-G3,TAKE-OFF,HEFA-SPK,train,0.3820336232749079,3.7427777199488186,2.7801516,-0.25719568,1174.6344603182451,1174.7613525390625,0.000108026986355376
19RR088,Trent 1000-G3,TAKE-OFF,FT-SPK,train,0.38203753655925715,3.742645992030275,2.7801363,-0.2571736,1174.4893805290199,1174.670654296875,0.0001543426197463747
19RR088,Trent 1000-G3,TAKE-OFF,ATJ-SPK,train,0.38241844569984706,3.7316951747413096,2.7590065,-0.260656,1172.2635626254644,1172.6448974609375,0.00032529786613777207
19RR088,Trent 1000-G3,APPROACH,Jet-A1,train,0.39029150235323445,2.1322043518175477,1.7100998,-0.19796626,832.0311028108846,832.4315185546875,0.00048125093214684985
19RR088,Trent 1000-G3,APPROACH,HEFA-SPK,train,0.39036107046061796,2.131180798288385,1.7081838,-0.19848013,831.7712533903097,832.1900634765625,0.0005035159420883714
19RR088,Trent 1000-G3,APPROACH,FT-SPK,train,0.39037139780268393,2.1310616927262154,1.7080396,-0.19850294,831.6934973401274,832.1349487304688,0.0005307861510919859
19RR088,Trent 1000-G3,APPROACH,ATJ-SPK,train,0.39076876465875854,2.125191373999649,1.6969645,-0.20150039,830.2508571779318,830.7765502929688,0.0006331738299238561
19RR088,Trent 1000-G3,IDLE,Jet-A1,train,0.27557380033682644,2.3232040660849567,2.49193,0.0726264,877.7717912334625,877.5950927734375,-0.00020130341597868204
19RR088,Trent 1000-G3,IDLE,HEFA-SPK,train,0.27563324355029845,2.322434939828063,2.4912393,0.072684154,877.5008421600179,877.33837890625,-0.00018514313145043121
19RR088,Trent 1000-G3,IDLE,FT-SPK,train,0.27564264980684616,2.3223433677367264,2.491171,0.07269698,877.4203629073002,877.2755737304688,-0.00016501688694761508
19RR088,Trent 1000-G3,IDLE,ATJ-SPK,train,0.2759816819274058,2.31793156184527,2.4871757,0.07301519,875.9154912424787,875.836181640625,-9.054481014047561e-05
19RR089,Trent 1000-H3,TAKE-OFF,Jet-A1,train,0.37589133938671193,3.561370053156822,2.8683333,-0.1945983,1172.748083499403,1172.700439453125,-4.0625985195278024e-05
19RR089,Trent 1000-H3,TAKE-OFF,HEFA-SPK,train,0.3759580504729312,3.559566816945726,2.865042,-0.19511503,1172.3374784713856,1172.3326416015625,-4.125833995662145e-06
19RR089,Trent 1000-H3,TAKE-OFF,FT-SPK,train,0.3759624008075777,3.5594361518734514,2.8650098,-0.19509454,1172.1911465207886,1172.239990234375,4.1668727605875197e-05
19RR089,Trent 1000-H3,TAKE-OFF,ATJ-SPK,train,0.37634916846771854,3.5490143971580825,2.8457747,-0.1981507,1169.9353202049233,1170.1806640625,0.00020970719777374156
19RR089,Trent 1000-H3,APPROACH,Jet-A1,train,0.3828608630419069,2.0511039430502223,1.7721763,-0.13598904,830.1660395192281,830.4987182617188,0.000400737595437318
19RR089,Trent 1000-H3,APPROACH,HEFA-SPK,train,0.3829311136840683,2.050125924863452,1.7704395,-0.136424,829.9034891606723,830.2540283203125,0.0004223854511019593
19RR089,Trent 1000-H3,APPROACH,FT-SPK,train,0.3829416509729894,2.0500113403791214,1.770301,-0.13644338,829.8253165210735,830.1982421875,0.0004494026140223012
19RR089,Trent 1000-H3,APPROACH,ATJ-SPK,train,0.3833428217072421,2.044402710805484,1.7602628,-0.1389843,828.3672850333576,828.82275390625,0.0005498392815864083
19RR089,Trent 1000-H3,IDLE,Jet-A1,train,0.26733027476191995,2.2309669205159217,2.371614,0.06304308,876.6655010258878,876.4950561523438,-0.00019442406863803718
19RR089,Trent 1000-H3,IDLE,HEFA-SPK,train,0.2673892875436494,2.2302445855534283,2.3709924,0.06310876,876.3926241074178,876.2360229492188,-0.00017868835712589858
19RR089,Trent 1000-H3,IDLE,FT-SPK,train,0.2673986533703824,2.230158556349631,2.3709316,0.0631224,876.3119814349775,876.1729736328125,-0.00015862821131050733
19RR089,Trent 1000-H3,IDLE,ATJ-SPK,train,0.2677352139954448,2.226014965995632,2.36736,0.06349695,874.795990498926,874.7212524414062,-8.543484233065704e-05
19RR090,Trent 1000-J3,TAKE-OFF,Jet-A1,train,0.38614749526433945,3.8744181936160103,2.6941953,-0.30461937,1176.658606626066,1176.838134765625,0.00015257453482932795
19RR090,Trent 1000-J3,TAKE-OFF,HEFA-SPK,train,0.38621235923070774,3.87246136368581,2.69036,-0.3052584,1176.2570968369716,1176.48095703125,0.000190315701287017
19RR090,Trent 1000-J3,TAKE-OFF,FT-SPK,train,0.38621595390566027,3.872329616368894,2.6903543,-0.30523622,1176.1129386168573,1176.39208984375,0.00023735069798741114
19RR090,Trent 1000-J3,TAKE-OFF,ATJ-SPK,train,0.38659262985445525,3.8610107314782702,2.6678343,-0.3090321,1173.9081461384017,1174.3892822265625,0.00040985837754303555
19RR090,Trent 1000-J3,APPROACH,Jet-A1,train,0.39538159474390916,2.189017114022152,1.648165,-0.24707535,833.3608727680952,833.8129272460938,0.0005424474471629707
19RR090,Trent 1000-J3,APPROACH,HEFA-SPK,train,0.3954506523280596,2.1879619895534734,1.6461184,-0.24764763,833.1029158337125,833.5736083984375,0.000564987297222445
19RR090,Trent 1000-J3,APPROACH,FT-SPK,train,0.3954608218455286,2.187839882693018,1.6459725,-0.2476723,833.0254678555261,833.51953125,0.0005930951856078859
19RR090,Trent 1000-J3,APPROACH,ATJ-SPK,train,0.3958553452989641,2.1817880019030773,1.6341221,-0.25101694,831.5935958717952,832.1727905273438,0.0006964876334111038
19RR090,Trent 1000-J3,IDLE,Jet-A1,train,0.2812608407928962,2.3881903831344844,2.5750089,0.07822594,878.5692005301552,878.3899536132812,-0.00020402139838928874
19RR090,Trent 1000-J3,IDLE,HEFA-SPK,train,0.2813205287572152,2.3873881356178077,2.5742583,0.07827389,878.2996277372552,878.1348266601562,-0.00018763651024590993
19RR090,Trent 1000-J3,IDLE,FT-SPK,train,0.2813299517621601,2.3872926646314614,2.5741878,0.07828749,878.2192732016495,878.0726928710938,-0.00016690630122626656
19RR090,Trent 1000-J3,IDLE,ATJ-SPK,train,0.2816703939786098,2.382690988546959,2.5698779,0.07856119,876.7223314778753,876.6419677734375,-9.166380455065954e-05
19RR091,Trent 1000-K3,TAKE-OFF,Jet-A1,train,0.38614749526433945,3.8744181936160103,2.6941953,-0.30461937,1176.658606626066,1176.838134765625,0.00015257453482932795
19RR091,Trent 1000-K3,TAKE-OFF,HEFA-SPK,train,0.38621235923070774,3.87246136368581,2.69036,-0.3052584,1176.2570968369716,1176.48095703125,0.000190315701287017
19RR091,Trent 1000-K3,TAKE-OFF,FT-SPK,train,0.38621595390566027,3.872329616368894,2.6903543,-0.30523622,1176.1129386168573,1176.39208984375,0.00023735069798741114
19RR091,Trent 1000-K3,TAKE-OFF,ATJ-SPK,train,0.38659262985445525,3.8610107314782702,2.6678343,-0.3090321,1173.9081461384017,1174.3892822265625,0.00040985837754303555
19RR091,Trent 1000-K3,APPROACH,Jet-A1,train,0.39538159474390916,2.189017114022152,1.648165,-0.24707535,833.3608727680952,833.8129272460938,0.0005424474471629707
19RR091,Trent 1000-K3,APPROACH,HEFA-SPK,train,0.3954506523280596,2.1879619895534734,1.6461184,-0.24764763,833.1029158337125,833.5736083984375,0.000564987297222445
19RR091,Trent 1000-K3,APPROACH,FT-SPK,train,0.3954608218455286,2.187839882693018,1.6459725,-0.2476723,833.0254678555261,833.51953125,0.0005930951856078859
19RR091,Trent 1000-K3,APPROACH,ATJ-SPK,train,0.3958553452989641,2.1817880019030773,1.6341221,-0.25101694,831.5935958717952,832.1727905273438,0.0006964876334111038
19RR091,Trent 1000-K3,IDLE,Jet-A1,train,0.2812608407928962,2.3881903831344844,2.5750089,0.07822594,878.5692005301552,878.3899536132812,-0.00020402139838928874
19RR091,Trent 1000-K3,IDLE,HEFA-SPK,train,0.2813205287572152,2.3873881356178077,2.5742583,0.07827389,878.2996277372552,878.1348266601562,-0.00018763651024590993
19RR091,Trent 1000-K3,IDLE,FT-SPK,train,0.2813299517621601,2.3872926646314614,2.5741878,0.07828749,878.2192732016495,878.0726928710938,-0.00016690630122626656
19RR091,Trent 1000-K3,IDLE,ATJ-SPK,train,0.2816703939786098,2.382690988546959,2.5698779,0.07856119,876.7223314778753,876.6419677734375,-9.166380455065954e-05
19RR092,Trent 1000-L3,TAKE-OFF,Jet-A1,train,0.38364995793948903,3.796523076043778,2.751038,-0.2753796,1175.687044601139,1175.8087158203125,0.00010348946152998354
19RR092,Trent 1000-L3,TAKE-OFF,HEFA-SPK,train,0.3837152888690136,3.7946039086025958,2.7473426,-0.27598706,1175.2832851605622,1175.4486083984375,0.0001406667141128801
19RR092,Trent 1000-L3,TAKE-OFF,FT-SPK,train,0.38371907572967856,3.794472097763115,2.747337,-0.27596328,1175.1385701537492,1175.3587646484375,0.00018737747213883767
19RR092,Trent 1000-L3,TAKE-OFF,ATJ-SPK,train,0.3840983014375673,3.783373522456123,2.7256591,-0.27956912,1172.9211739796285,1173.3419189453125,0.00035871546615227825
19RR092,Trent 1000-L3,APPROACH,Jet-A1,train,0.3923420029015853,2.154966516252644,1.6872087,-0.21706043,832.5615976033479,832.982421875,0.0005054572212596975
19RR092,Trent 1000-L3,APPROACH,HEFA-SPK,train,0.39241136951908817,2.1539302796979753,1.6852432,-0.21759619,832.3025064151797,832.7416381835938,0.0005276107725608993
19RR092,Trent 1000-L3,APPROACH,FT-SPK,train,0.3924216346721651,2.1538099544263454,1.685095,-0.21762133,832.2248721763124,832.6870727539062,0.0005553794329472477
19RR092,Trent 1000-L3,APPROACH,ATJ-SPK,train,0.39281787911956895,2.147866709846867,1.6737142,-0.22075509,830.7865479470953,831.33349609375,0.0006583497867246753
19RR092,Trent 1000-L3,IDLE,Jet-A1,train,0.2778609446179343,2.349205941678,2.5253596,0.07498438,878.0890487719072,877.9111938476562,-0.0002025477080026046
19RR092,Trent 1000-L3,IDLE,HEFA-SPK,train,0.27792049136728225,2.348423576594823,2.5246468,0.07503897,877.8186486962194,877.6549682617188,-0.00018646269903668648
19RR092,Trent 1000-L3,IDLE,FT-SPK,train,0.2779299054660425,2.34833044338066,2.5245779,0.075052254,877.7382183886307,877.5926513671875,-0.0001658433213839311
19RR092,Trent 1000-L3,IDLE,ATJ-SPK,train,0.27826953351171246,2.3438427464906257,2.520458,0.07535282,876.2365107700472,876.1567993164062,-9.09702490836338e-05
19RR093,Trent 1000-M3,TAKE-OFF,Jet-A1,train,0.3872377890874699,3.9087629060870164,2.6661284,-0.3179099,1177.0866110669845,1177.29248046875,0.000174897411821656
19RR093,Trent 1000-M3,TAKE-OFF,HEFA-SPK,train,0.38730244568411604,3.906789594426036,2.6622157,-0.31856695,1176.686090870414,1176.9361572265625,0.00021251747436177364
19RR093,Trent 1000-M3,TAKE-OFF,FT-SPK,train,0.38730595476934254,3.906657948385965,2.6622212,-0.3185425,1176.5421814969675,1176.8475341796875,0.0002595339865600901
19RR093,Trent 1000-M3,TAKE-OFF,ATJ-SPK,train,0.38768149872744195,3.8952425795097505,2.6393335,-0.32242128,1174.3429292827354,1174.8509521484375,0.0004326018005765571
19RR093,Trent 1000-M3,APPROACH,Jet-A1,train,0.3967065549598836,2.2039760753151225,1.6291286,-0.26082292,833.7141505661788,834.1802978515625,0.0005591212348586913
19RR093,Trent 1000-M3,APPROACH,HEFA-SPK,train,0.39677547398673785,2.2029126863591864,1.6270472,-0.26141095,833.4566919022789,833.9414672851562,0.0005816443584740291
19RR093,Trent 1000-M3,APPROACH,FT-SPK,train,0.3967856005150432,2.202789813670296,1.6268984,-0.2614373,833.3793272903922,833.8873901367188,0.0006096417677870994
19RR093,Trent 1000-M3,APPROACH,ATJ-SPK,train,0.3971793525437571,2.196690385768827,1.6148441,-0.26487404,831.9502881957059,832.5440063476562,0.0007136461882091674
19RR093,Trent 1000-M3,IDLE,Jet-A1,train,0.28274635650334023,2.4053488916414674,2.5966623,0.07953667,878.7822488011875,878.6029663085938,-0.00020401241927488778
19RR093,Trent 1000-M3,IDLE,HEFA-SPK,train,0.2828061014164094,2.404537881577268,2.5959,0.07958384,878.513041643055,878.3482055664062,-0.0001876307679399251
19RR093,Trent 1000-M3,IDLE,FT-SPK,train,0.2828155272720409,2.404441383039718,2.5958245,0.07959567,878.4327213675988,878.2857666015625,-0.00016729199910438152
19RR093,Trent 1000-M3,IDLE,ATJ-SPK,train,0.2831562983987366,2.3997894725308253,2.5914295,0.07985701,876.9378852580587,876.8575439453125,-9.161573937767707e-05
19RR094,Trent 1000-N3,TAKE-OFF,Jet-A1,train,0.3872377890874699,3.9087629060870164,2.6661284,-0.3179099,1177.0866110669845,1177.29248046875,0.000174897411821656
19RR094,Trent 1000-N3,TAKE-OFF,HEFA-SPK,train,0.38730244568411604,3.906789594426036,2.6622157,-0.31856695,1176.686090870414,1176.9361572265625,0.00021251747436177364
19RR094,Trent 1000-N3,TAKE-OFF,FT-SPK,train,0.38730595476934254,3.906657948385965,2.6622212,-0.3185425,1176.5421814969675,1176.8475341796875,0.0002595339865600901
19RR094,Trent 1000-N3,TAKE-OFF,ATJ-SPK,train,0.38768149872744195,3.8952425795097505,2.6393335,-0.32242128,1174.3429292827354,1174.8509521484375,0.0004326018005765571
19RR094,Trent 1000-N3,APPROACH,Jet-A1,train,0.3967065549598836,2.2039760753151225,1.6291286,-0.26082292,833.7141505661788,834.1802978515625,0.0005591212348586913
19RR094,Trent 1000-N3,APPROACH,HEFA-SPK,train,0.39677547398673785,2.2029126863591864,1.6270472,-0.26141095,833.4566919022789,833.9414672851562,0.0005816443584740291
19RR094,Trent 1000-N3,APPROACH,FT-SPK,train,0.3967856005150432,2.202789813670296,1.6268984,-0.2614373,833.3793272903922,833.8873901367188,0.0006096417677870994
19RR094,Trent 1000-N3,APPROACH,ATJ-SPK,train,0.3971793525437571,2.196690385768827,1.6148441,-0.26487404,831.9502881957059,832.5440063476562,0.0007136461882091674
19RR094,Trent 1000-N3,IDLE,Jet-A1,train,0.28274635650334023,2.4053488916414674,2.5966623,0.07953667,878.7822488011875,878.6029663085938,-0.00020401241927488778
19RR094,Trent 1000-N3,IDLE,HEFA-SPK,train,0.2828061014164094,2.404537881577268,2.5959,0.07958384,878.513041643055,878.3482055664062,-0.0001876307679399251
19RR094,Trent 1000-N3,IDLE,FT-SPK,train,0.2828155272720409,2.404441383039718,2.5958245,0.07959567,878.4327213675988,878.2857666015625,-0.00016729199910438152
19RR094,Trent 1000-N3,IDLE,ATJ-SPK,train,0.2831562983987366,2.3997894725308253,2.5914295,0.07985701,876.9378852580587,876.8575439453125,-9.161573937767707e-05
19RR095,Trent 1000-P3,TAKE-OFF,Jet-A1,holdout,0.38364995793948903,3.796523076043778,2.751038,-0.2753796,1175.687044601139,1175.8087158203125,0.00010348946152998354
19RR095,Trent 1000-P3,TAKE-OFF,HEFA-SPK,holdout,0.3837152888690136,3.7946039086025958,2.7473426,-0.27598706,1175.2832851605622,1175.4486083984375,0.0001406667141128801
19RR095,Trent 1000-P3,TAKE-OFF,FT-SPK,holdout,0.38371907572967856,3.794472097763115,2.747337,-0.27596328,1175.1385701537492,1175.3587646484375,0.00018737747213883767
19RR095,Trent 1000-P3,TAKE-OFF,ATJ-SPK,holdout,0.3840983014375673,3.783373522456123,2.7256591,-0.27956912,1172.9211739796285,1173.3419189453125,0.00035871546615227825
19RR095,Trent 1000-P3,APPROACH,Jet-A1,holdout,0.3923420029015853,2.154966516252644,1.6872087,-0.21706043,832.5615976033479,832.982421875,0.0005054572212596975
19RR095,Trent 1000-P3,APPROACH,HEFA-SPK,holdout,0.39241136951908817,2.1539302796979753,1.6852432,-0.21759619,832.3025064151797,832.7416381835938,0.0005276107725608993
19RR095,Trent 1000-P3,APPROACH,FT-SPK,holdout,0.3924216346721651,2.1538099544263454,1.685095,-0.21762133,832.2248721763124,832.6870727539062,0.0005553794329472477
19RR095,Trent 1000-P3,APPROACH,ATJ-SPK,holdout,0.39281787911956895,2.147866709846867,1.6737142,-0.22075509,830.7865479470953,831.33349609375,0.0006583497867246753
19RR095,Trent 1000-P3,IDLE,Jet-A1,holdout,0.2778609446179343,2.349205941678,2.5253596,0.07498438,878.0890487719072,877.9111938476562,-0.0002025477080026046
19RR095,Trent 1000-P3,IDLE,HEFA-SPK,holdout,0.27792049136728225,2.348423576594823,2.5246468,0.07503897,877.8186486962194,877.6549682617188,-0.00018646269903668648
19RR095,Trent 1000-P3,IDLE,FT-SPK,holdout,0.2779299054660425,2.34833044338066,2.5245779,0.075052254,877.7382183886307,877.5926513671875,-0.0001658433213839311
19RR095,Trent 1000-P3,IDLE,ATJ-SPK,holdout,0.27826953351171246,2.3438427464906257,2.520458,0.07535282,876.2365107700472,876.1567993164062,-9.09702490836338e-05
19RR096,Trent 1000-Q3,TAKE-OFF,Jet-A1,train,0.38614749526433945,3.8744181936160103,2.6941953,-0.30461937,1176.658606626066,1176.838134765625,0.00015257453482932795
19RR096,Trent 1000-Q3,TAKE-OFF,HEFA-SPK,train,0.38621235923070774,3.87246136368581,2.69036,-0.3052584,1176.2570968369716,1176.48095703125,0.000190315701287017
19RR096,Trent 1000-Q3,TAKE-OFF,FT-SPK,train,0.38621595390566027,3.872329616368894,2.6903543,-0.30523622,1176.1129386168573,1176.39208984375,0.00023735069798741114
19RR096,Trent 1000-Q3,TAKE-OFF,ATJ-SPK,train,0.38659262985445525,3.8610107314782702,2.6678343,-0.3090321,1173.9081461384017,1174.3892822265625,0.00040985837754303555
19RR096,Trent 1000-Q3,APPROACH,Jet-A1,train,0.39538159474390916,2.189017114022152,1.648165,-0.24707535,833.3608727680952,833.8129272460938,0.0005424474471629707
19RR096,Trent 1000-Q3,APPROACH,HEFA-SPK,train,0.3954506523280596,2.1879619895534734,1.6461184,-0.24764763,833.1029158337125,833.5736083984375,0.000564987297222445
19RR096,Trent 1000-Q3,APPROACH,FT-SPK,train,0.3954608218455286,2.187839882693018,1.6459725,-0.2476723,833.0254678555261,833.51953125,0.0005930951856078859
19RR096,Trent 1000-Q3,APPROACH,ATJ-SPK,train,0.3958553452989641,2.1817880019030773,1.6341221,-0.25101694,831.5935958717952,832.1727905273438,0.0006964876334111038
19RR096,Trent 1000-Q3,IDLE,Jet-A1,train,0.2812608407928962,2.3881903831344844,2.5750089,0.07822594,878.5692005301552,878.3899536132812,-0.00020402139838928874
19RR096,Trent 1000-Q3,IDLE,HEFA-SPK,train,0.2813205287572152,2.3873881356178077,2.5742583,0.07827389,878.2996277372552,878.1348266601562,-0.00018763651024590993
19RR096,Trent 1000-Q3,IDLE,FT-SPK,train,0.2813299517621601,2.3872926646314614,2.5741878,0.07828749,878.2192732016495,878.0726928710938,-0.00016690630122626656
19RR096,Trent 1000-Q3,IDLE,ATJ-SPK,train,0.2816703939786098,2.382690988546959,2.5698779,0.07856119,876.7223314778753,876.6419677734375,-9.166380455065954e-05
19RR097,Trent 1000-R3,TAKE-OFF,Jet-A1,train,0.388072072302754,3.9351832980186243,2.643235,-0.32830703,1177.4157007913032,1177.6419677734375,0.00019217255382468672
19RR097,Trent 1000-R3,TAKE-OFF,HEFA-SPK,train,0.388136568768411,3.933197360172472,2.6392884,-0.3289713,1177.0159409891671,1177.2862548828125,0.00022966035057962533
19RR097,Trent 1000-R3,TAKE-OFF,FT-SPK,train,0.38814001165988826,3.9330658231022877,2.6393,-0.3289459,1176.8722244449189,1177.1983642578125,0.0002771242333019372
19RR097,Trent 1000-R3,TAKE-OFF,ATJ-SPK,train,0.3885146816164086,3.9215765103349236,2.616106,-0.3328943,1174.6772277205043,1175.206298828125,0.00045039700705473305
19RR097,Trent 1000-R3,APPROACH,Jet-A1,train,0.3977195857246464,2.2154612430024883,1.6137139,-0.27161267,833.9862729313506,834.4634399414062,0.0005721521151402539
19RR097,Trent 1000-R3,APPROACH,HEFA-SPK,train,0.3977883972435675,2.2143915229572455,1.6116002,-0.27221537,833.7291968134185,834.22509765625,0.0005947984606114892
19RR097,Trent 1000-R3,APPROACH,FT-SPK,train,0.39779849036614895,2.214268069451591,1.6114464,-0.27224422,833.6518968485185,834.1708374023438,0.0006224907011991621
19RR097,Trent 1000-R3,APPROACH,ATJ-SPK,train,0.3981916439263737,2.208132211772208,1.5992368,-0.2757513,832.2250320474313,832.830078125,0.0007270222046555495
19RR097,Trent 1000-R3,IDLE,Jet-A1,train,0.28388355722207703,2.4185357156957483,2.6132176,0.08049569,878.9466981394073,878.7670288085938,-0.00020441436459559965
19RR097,Trent 1000-R3,IDLE,HEFA-SPK,train,0.28394334378229746,2.4177179669741165,2.6124415,0.08054024,878.6777725881777,878.5126342773438,-0.00018793955644008209
19RR097,Trent 1000-R3,IDLE,FT-SPK,train,0.28395277138966385,2.417620679424582,2.6123683,0.08055344,878.597479021782,878.4505615234375,-0.00016721821067372105
19RR097,Trent 1000-R3,IDLE,ATJ-SPK,train,0.28429378330996147,2.412930136389266,2.607906,0.08080463,877.1042643084231,877.0239868164062,-9.152559767814244e-05
