uid,model,mode,fuel,phi,rho4,u4,p4,T4,cp,R,gamma,m_dot,W,tau,p5_analytic,T5_analytic,thrust_kN_analytic,tsfc_analytic
01P19RR106,Trent 1000-AE3,TAKE-OFF,Jet-A1,0.5409261230079053,7.6058347827361965,52.22167146797218,4164199.2728534285,1893.8898698577063,1320.1214637201792,289.0878875870324,1.280386492039615,82.21820688959112,78105409.55429254,0.3799657924470327,368358.14931929804,1174.2765046498153,241.51736489586952,9.598510196526089
01P19RR106,Trent 1000-AE3,TAKE-OFF,HEFA-SPK,0.5409261230079053,7.606878055460097,52.21333385700122,4164199.2728534276,1893.434942789593,1320.2390469085378,289.11768790211164,1.2803915226629592,82.21635594848149,78105409.55429254,0.38003179193512215,368171.76010018046,1173.8694685686883,241.4911468169476,9.591887648938545
01P19RR106,Trent 1000-AE3,TAKE-OFF,FT-SPK,0.5409261230079053,7.606743792591042,52.212722442242416,4164199.2728534285,1893.2126477289028,1320.418724249411,289.15673886194514,1.2803911546815168,82.21394208268394,78105409.55429254,0.38003585260268935,368158.60960132367,1173.7239649910543,241.4887785763613,9.581985947029164
01P19RR106,Trent 1000-AE3,TAKE-OFF,ATJ-SPK,0.5409261230079053,7.612990671565656,52.164537867592756,4164199.272853428,1890.7740545474187,1320.9262793353223,289.29209869665357,1.2804212036843887,82.20552501571103,78105409.55429254,0.38041873057362885,367081.04621345777,1171.4881889149365,241.33749023479712,9.553115902000869
01P19RR106,Trent 1000-AE3,APPROACH,Jet-A1,0.3052826104671048,5.521802637490138,33.60682329039856,2164797.6676746598,1358.1698864316984,1233.6326375951485,288.6571600533903,1.3054652389544517,38.41304081489566,24961985.110205624,0.38784704269322445,210528.6258181136,831.4077125041716,82.00893598064837,7.546285822476952
01P19RR106,Trent 1000-AE3,APPROACH,HEFA-SPK,0.3052826104671048,5.522577657908832,33.60167478142824,2164797.6676746598,1357.8987720561397,1233.6727890833583,288.6742752706859,1.3054759039842363,38.41254669216048,24961985.110205624,0.38791684360513173,210427.77598464754,831.1469664648378,81.99841336677075,7.541228211405869
01P19RR106,Trent 1000-AE3,APPROACH,FT-SPK,0.3052826104671048,5.522574370299896,33.601131090595715,2164797.66767466,1357.7945745444486,1233.7550853784965,288.69660007231715,1.3054801417700466,38.41190229242025,24961985.110205624,0.3879272426624064,210416.01252720793,831.0690691394453,81.99706765766678,7.533493161130395
01P19RR106,Trent 1000-AE3,APPROACH,ATJ-SPK,0.3052826104671048,5.527118166362312,33.57154392539852,2164797.6676746598,1356.3126698005726,1233.9072801137602,288.7744351589689,1.3055384612866585,38.4096552927004,24961985.110205624,0.38832590667305117,209837.6350298356,829.6213225681186,81.93673109650055,7.511617079122306
01P19RR106,Trent 1000-AE3,IDLE,Jet-A1,0.29534021495306023,2.8993407949191425,25.881777535905083,1009796.2652033133,1206.6360480133526,1208.8290596888712,288.64111809639763,1.3136762666079675,15.53329934515839,6182091.138376668,0.272854112708692,229251.76369474307,877.4004397703466,26.520893914388086,9.13355280728287
01P19RR106,Trent 1000-AE3,IDLE,HEFA-SPK,0.29534021495306023,2.8998355346234552,25.87703965756904,1009796.2652033134,1206.360940467253,1208.8570119110777,288.6576858014119,1.3136903903437664,15.533105939884965,6182091.138376668,0.2729134238393011,229176.4109052564,877.1288458183357,26.517786846509757,9.127329561510571
01P19RR106,Trent 1000-AE3,IDLE,FT-SPK,0.29534021495306023,2.8998472635479593,25.87651480576377,1009796.2652033134,1206.2657626604807,1208.9304080863042,288.679294098423,1.3136962180327496,15.53285371447803,6182091.138376668,0.27292281885142994,229167.4380574643,877.0483104312125,26.517345690085893,9.117969694585465
01P19RR106,Trent 1000-AE3,IDLE,ATJ-SPK,0.29534021495306023,2.9027347026611348,25.849310921264042,1009796.2652033133,1204.7514048545129,1209.0200469236213,288.75464135662224,1.313773221952979,15.531974213163336,6182091.138376668,0.27326109168822305,228735.1989198721,875.5397207510484,26.4995823428164,9.090892450750715
01P19RR107,Trent 1000-CE3,TAKE-OFF,Jet-A1,0.5409261230079053,8.04318538421908,53.16239856806404,4435356.434806675,1907.4989281589349,1321.5627416998932,289.0920475595097,1.2800002452371808,88.51217062060519,85603246.3900679,0.38364995793948903,379652.3076043778,1175.687044601139,260.02040064938694,9.597978204410571
01P19RR107,Trent 1000-CE3,TAKE-OFF,HEFA-SPK,0.5409261230079053,8.044266657723497,53.15405606174365,4435356.434806675,1907.0459869168574,1321.6813183971065,289.1218419631353,1.280005024951823,88.51017798635175,85603246.3900679,0.3837152888690136,379460.3908602596,1175.2832851605622,259.99217178366587,9.591356104200017
01P19RR107,Trent 1000-CE3,TAKE-OFF,FT-SPK,0.5409261230079053,8.044121402102782,53.15345525671234,4435356.434806675,1906.8228852695986,1321.861722221643,289.1608911184841,1.2800045108994387,88.50757933443009,85603246.3900679,0.38371907572967856,379447.2097763115,1175.1385701537492,259.9896889981157,9.581452485901805
01P19RR107,Trent 1000-CE3,TAKE-OFF,ATJ-SPK,0.5409261230079053,8.050601786840305,53.105231561492815,4435356.434806676,1904.3967190175429,1322.374378876497,289.2962182626583,1.2800332339721159,88.4985179246011,85603246.3900679,0.3840983014375673,378337.3522456123,1172.9211739796285,259.82673168640883,9.552586933689518
01P19RR107,Trent 1000-CE3,APPROACH,Jet-A1,0.3052826104671048,5.822243886128809,34.31254560859757,2302661.3892826545,1370.1154293679251,1235.4159023606946,288.6572888057669,1.3048900582186465,41.35363383964483,27463053.77304235,0.3923420029015853,215496.6516252644,832.5615976033479,88.38925360016147,7.537545581880209
01P19RR107,Trent 1000-CE3,APPROACH,HEFA-SPK,0.3052826104671048,5.823046218763899,34.307376514118154,2302661.3892826554,1369.845426100888,1235.4568733957094,288.6744038835516,1.3049004530389066,41.353101890852734,27463053.77304235,0.39241136951908817,215393.02796979755,832.3025064151797,88.37793722444144,7.5324917063507115
01P19RR107,Trent 1000-CE3,APPROACH,FT-SPK,0.3052826104671048,5.823040703911788,34.30683347282471,2302661.389282655,1369.7407933991587,1235.539655302835,288.69672875943263,1.3049045630127534,41.352408161058406,27463053.77304235,0.3924216346721651,215380.99544263454,832.2248721763124,88.37649715377941,7.5247647371224655
01P19RR107,Trent 1000-CE3,APPROACH,ATJ-SPK,0.3052826104671048,5.827746638889518,34.277125287779896,2302661.389282655,1368.2658289450808,1235.6961677634258,288.7745629475998,1.3049614260345932,41.349989149137414,27463053.77304235,0.39281787911956895,214786.67098468673,830.7865479470953,88.3116038263748,7.5029023224951095
01P19RR107,Trent 1000-CE3,IDLE,Jet-A1,0.29534021495306023,3.0505318251691054,26.482122876929477,1070659.8933132188,1215.95562825131,1210.3837229770527,288.6411505008388,1.3131472486134814,16.722403637261223,6838597.006592961,0.2778609446179343,234920.59416779998,878.0890487719072,28.654237793902006,9.10068394302847
01P19RR107,Trent 1000-CE3,IDLE,HEFA-SPK,0.29534021495306023,3.051044752878525,26.477341149620234,1070659.8933132188,1215.6814287091445,1210.4124053143612,288.65771815179465,1.3131611069322233,16.722195426437757,6838597.006592961,0.27792049136728225,234842.3576594823,877.8186486962194,28.65088444692904,9.094481933005254
01P19RR107,Trent 1000-CE3,IDLE,FT-SPK,0.29534021495306023,3.0510561538071475,26.476812275861626,1070659.893313219,1215.5858898368383,1210.4861908012945,288.67932646471314,1.3131668222849195,16.721923892685098,6838597.006592961,0.2779299054660425,234833.04433806599,877.7382183886307,28.650407957699805,9.085155701756985
01P19RR107,Trent 1000-CE3,IDLE,ATJ-SPK,0.29534021495306023,3.054050442739528,26.449355860206847,1070659.893313219,1214.0772095066698,1210.57971953861,288.754673389168,1.313242382158443,16.72097706383329,6838597.006592961,0.27826953351171246,234384.27464906257,876.2365107700472,28.631237232883933,9.058169098780045
01P19RR108,Trent 1000-D3,TAKE-OFF,Jet-A1,0.5409261230079053,8.04318538421908,53.16239856806404,4435356.434806675,1907.4989281589349,1321.5627416998932,289.0920475595097,1.2800002452371808,88.51217062060519,85603246.3900679,0.38364995793948903,379652.3076043778,1175.687044601139,260.02040064938694,9.597978204410571
01P19RR108,Trent 1000-D3,TAKE-OFF,HEFA-SPK,0.5409261230079053,8.044266657723497,53.15405606174365,4435356.434806675,1907.0459869168574,1321.6813183971065,289.1218419631353,1.280005024951823,88.51017798635175,85603246.3900679,0.3837152888690136,379460.3908602596,1175.2832851605622,259.99217178366587,9.591356104200017
01P19RR108,Trent 1000-D3,TAKE-OFF,FT-SPK,0.5409261230079053,8.044121402102782,53.15345525671234,4435356.434806675,1906.8228852695986,1321.861722221643,289.1608911184841,1.2800045108994387,88.50757933443009,85603246.3900679,0.38371907572967856,379447.2097763115,1175.1385701537492,259.9896889981157,9.581452485901805
01P19RR108,Trent 1000-D3,TAKE-OFF,ATJ-SPK,0.5409261230079053,8.050601786840305,53.105231561492815,4435356.434806676,1904.3967190175429,1322.374378876497,289.2962182626583,1.2800332339721159,88.4985179246011,85603246.3900679,0.3840983014375673,378337.3522456123,1172.9211739796285,259.82673168640883,9.552586933689518
01P19RR108,Trent 1000-D3,APPROACH,Jet-A1,0.3052826104671048,5.822243886128809,34.31254560859757,2302661.3892826545,1370.1154293679251,1235.4159023606946,288.6572888057669,1.3048900582186465,41.35363383964483,27463053.77304235,0.3923420029015853,215496.6516252644,832.5615976033479,88.38925360016147,7.537545581880209
01P19RR108,Trent 1000-D3,APPROACH,HEFA-SPK,0.3052826104671048,5.823046218763899,34.307376514118154,2302661.3892826554,1369.845426100888,1235.4568733957094,288.6744038835516,1.3049004530389066,41.353101890852734,27463053.77304235,0.39241136951908817,215393.02796979755,832.3025064151797,88.37793722444144,7.5324917063507115
01P19RR108,Trent 1000-D3,APPROACH,FT-SPK,0.3052826104671048,5.823040703911788,34.30683347282471,2302661.389282655,1369.7407933991587,1235.539655302835,288.69672875943263,1.3049045630127534,41.352408161058406,27463053.77304235,0.3924216346721651,215380.99544263454,832.2248721763124,88.37649715377941,7.5247647371224655
01P19RR108,Trent 1000-D3,APPROACH,ATJ-SPK,0.3052826104671048,5.827746638889518,34.277125287779896,2302661.389282655,1368.2658289450808,1235.6961677634258,288.7745629475998,1.3049614260345932,41.349989149137414,27463053.77304235,0.39281787911956895,214786.67098468673,830.7865479470953,88.3116038263748,7.5029023224951095
01P19RR108,Trent 1000-D3,IDLE,Jet-A1,0.29534021495306023,3.0505318251691054,26.482122876929477,1070659.8933132188,1215.95562825131,1210.3837229770527,288.6411505008388,1.3131472486134814,16.722403637261223,6838597.006592961,0.2778609446179343,234920.59416779998,878.0890487719072,28.654237793902006,9.10068394302847
01P19RR108,Trent 1000-D3,IDLE,HEFA-SPK,0.29534021495306023,3.051044752878525,26.477341149620234,1070659.8933132188,1215.6814287091445,1210.4124053143612,288.65771815179465,1.3131611069322233,16.722195426437757,6838597.006592961,0.27792049136728225,234842.3576594823,877.8186486962194,28.65088444692904,9.094481933005254
01P19RR108,Trent 1000-D3,IDLE,FT-SPK,0.29534021495306023,3.0510561538071475,26.476812275861626,1070659.893313219,1215.5858898368383,1210.4861908012945,288.67932646471314,1.3131668222849195,16.721923892685098,6838597.006592961,0.2779299054660425,234833.04433806599,877.7382183886307,28.650407957699805,9.085155701756985
01P19RR108,Trent 1000-D3,IDLE,ATJ-SPK,0.29534021495306023,3.054050442739528,26.449355860206847,1070659.893313219,1214.0772095066698,1210.57971953861,288.754673389168,1.313242382158443,16.72097706383329,6838597.006592961,0.27826953351171246,234384.27464906257,876.2365107700472,28.631237232883933,9.058169098780045
01P19RR109,Trent 1000-G3,TAKE-OFF,Jet-A1,0.5409261230079053,7.840580820334844,52.743797699277465,4309462.038185525,1901.2602770827837,1320.9046670422522,289.09011968567063,1.2801764332808587,85.60319578694322,82116416.76405126,0.38196798414059446,374467.16065044835,1175.0397217188847,251.47107839010087,9.598118894737407
01P19RR109,Trent 1000-G3,TAKE-OFF,HEFA-SPK,0.5409261230079053,7.841644639856327,52.73545509159123,4309462.038185524,1900.8064266266574,1321.0227899764568,289.1199168175499,1.2801813274659108,85.60126864111758,82116416.76405126,0.3820336232749079,374277.77199488186,1174.6344603182451,251.4437789485177,9.59149664881621
01P19RR109,Trent 1000-G3,TAKE-OFF,FT-SPK,0.5409261230079053,7.841504508971873,52.73484915916981,4309462.038185524,1900.5836923971083,1321.2028613273444,289.158966811193,1.2801808802393606,85.59875539454741,82116416.76405126,0.38203753655925715,374264.5992030275,1174.4893805290199,251.44134773962637,9.581594030728029
01P19RR109,Trent 1000-G3,TAKE-OFF,ATJ-SPK,0.5409261230079053,7.847877568259947,52.68662993433613,4309462.038185524,1898.151838349318,1321.713188630568,289.2943090372269,1.2802102080418918,85.58999179024013,82116416.76405126,0.38241844569984706,373169.51747413096,1172.2635626254644,251.2837854139741,9.552726644571829
01P19RR109,Trent 1000-G3,APPROACH,Jet-A1,0.3052826104671048,5.683123262204212,33.99720734611168,2238653.2328218,1364.6375374825784,1234.6004746898889,288.6572285778174,1.3051527982933753,39.99453622316411,26298653.54264321,0.39029150235323445,213220.4351817548,832.0311028108846,85.44073282215525,7.541390689030934
01P19RR109,Trent 1000-G3,APPROACH,HEFA-SPK,0.3052826104671048,5.683913035322114,33.99204621432886,2238653.2328218003,1364.3670262638275,1234.6410713039784,288.67434371994057,1.3051633163221328,39.99402175700337,26298653.54264321,0.39036107046061796,213118.0798288385,831.7712533903097,85.42978365680207,7.536335142725976
01P19RR109,Trent 1000-G3,APPROACH,FT-SPK,0.3052826104671048,5.683908567107479,33.991502693114526,2238653.2328218,1364.262592572611,1234.7236308145364,288.6966685608788,1.3051674847333483,39.993350826813874,26298653.54264321,0.39037139780268393,213106.16927262154,831.6934973401274,85.42838705106249,7.528604633894266
01P19RR109,Trent 1000-G3,APPROACH,ATJ-SPK,0.3052826104671048,5.68853992062628,33.96184154087276,2238653.2328218003,1362.784455253502,1234.8781712066311,288.77450316282903,1.3052250117155866,39.991011316330386,26298653.54264321,0.39076876465875854,212519.1373999649,830.2508571779318,85.36560196055902,7.506736032053358
01P19RR109,Trent 1000-G3,IDLE,Jet-A1,0.29534021495306023,2.980502215968537,26.213553306803455,1042401.7802621914,1211.6786936220528,1209.6712559580099,288.64113533572964,1.3133894634637069,16.17281761990277,6532485.386922883,0.27557380033682644,232320.4066084957,877.7717912334625,27.667435386930702,9.115510074038065
01P19RR109,Trent 1000-G3,IDLE,HEFA-SPK,0.29534021495306023,2.9810067675049825,26.20879019098431,1042401.7802621914,1211.4040772120243,1209.699604040137,288.6577030119717,1.3134034430895503,16.172616251980582,6532485.386922883,0.27563324355029845,232243.49398280628,877.5008421600179,27.664195948604185,9.109298478739701
01P19RR109,Trent 1000-G3,IDLE,FT-SPK,0.29534021495306023,2.981018327003957,26.208262986406325,1042401.7802621914,1211.3087037404,1209.7732109895824,288.6793113172702,1.3134092098753132,16.17235364225326,6532485.386922883,0.27564264980684616,232234.33677367267,877.4203629073002,27.663735793089746,9.099957078311043
01P19RR109,Trent 1000-G3,IDLE,ATJ-SPK,0.29534021495306023,2.983963400889722,26.180913791732994,1042401.7802621915,1209.797417245256,1209.8649591853414,288.75465839690645,1.313485429649135,16.171437931170704,6532485.386922883,0.2759816819274058,231793.156184527,875.9154912424787,27.645216013281548,9.072929549177575
01P19RR110,Trent 1000-H3,TAKE-OFF,Jet-A1,0.5409261230079053,7.1489049415212955,51.30628905756809,3883357.9265447087,1879.07676581028,1318.5285596553226,289.0835478301975,1.2808149483552065,75.92424315857707,70709351.60199425,0.37589133938671193,356137.0053156822,1172.748083499403,222.92732275034183,9.60287691358833
01P19RR110,Trent 1000-H3,TAKE-OFF,HEFA-SPK,0.5409261230079053,7.149907185886523,51.29794228129436,3883357.9265447077,1878.6196654885835,1318.6450458232227,289.1133544119371,1.2808202572332859,75.92253391061125,70709351.60199425,0.3759580504729312,355956.6816945726,1172.3374784713856,222.9031006412447,9.596252303929113
01P19RR110,Trent 1000-H3,TAKE-OFF,FT-SPK,0.5409261230079053,7.149784125890253,51.29731907698864,3883357.926544708,1878.3982696519267,1318.8239272844962,289.15240723610617,1.2808200495071644,75.9203048309378,70709351.60199425,0.3759624008075777,355943.61518734513,1172.1911465207886,222.90085553459065,9.586348640444912
01P19RR110,Trent 1000-H3,TAKE-OFF,ATJ-SPK,0.5409261230079053,7.155779553697184,51.24909249838959,3883357.9265447087,1875.9460599618637,1319.3258429147133,289.28780177283534,1.2808515707362973,75.91253210682096,70709351.60199425,0.37634916846771854,354901.43971580826,1169.9353202049233,222.76114055631183,9.557468524242003
01P19RR110,Trent 1000-H3,APPROACH,Jet-A1,0.3052826104671048,5.207380791856685,32.907999035903536,2022010.2417235216,1345.1845618010136,1231.673045783195,288.6570306272191,1.3060998180179102,35.47244779014649,22501395.019674584,0.3828608630419069,205110.39430502223,830.1660395192281,75.60272236365124,7.559089090812298
01P19RR110,Trent 1000-H3,APPROACH,HEFA-SPK,0.3052826104671048,5.208126448152263,32.902864293362,2022010.241723522,1344.9122254654917,1231.712293532136,288.6741459900089,1.3061107832619394,35.47199149346824,22501395.019674584,0.3829311136840683,205012.59248634518,829.9034891606723,75.59298641690373,7.554026428156082
01P19RR110,Trent 1000-H3,APPROACH,FT-SPK,0.3052826104671048,5.20812535647327,32.902319219420185,2022010.2417235216,1344.8085060830276,1231.7940593003314,288.69647071771766,1.306115161583226,35.471396423782096,22501395.019674584,0.3829416509729894,205001.13403791212,829.8253165210735,75.5917357141251,7.5462792605753455
01P19RR110,Trent 1000-H3,APPROACH,ATJ-SPK,0.3052826104671048,5.212495026610506,32.87281389131012,2022010.241723522,1343.3189691016462,1231.9414877340835,288.77430673411425,1.3061751008214137,35.46932143626338,22501395.019674584,0.3833428217072421,204440.2710805484,828.3672850333576,75.53591359847427,7.524385856943619
01P19RR110,Trent 1000-H3,IDLE,Jet-A1,0.29534021495306023,2.7412938626465957,25.278438484785042,946758.9360894829,1196.535725208267,1207.1353512940598,288.641085566233,1.3142546408142353,14.344195053055563,5538676.060770955,0.26733027476191995,223096.69205159217,876.6655010258878,24.386199323957474,9.172680226409176
01P19RR110,Trent 1000-H3,IDLE,HEFA-SPK,0.29534021495306023,2.7417691610797426,25.273741662389092,946758.9360894827,1196.2596358562444,1207.1625049819754,288.65765332739267,1.3142690567256214,14.344016453332177,5538676.060770955,0.2673892875436494,223024.45855534283,876.3926241074178,24.38333813068438,9.166431905871237
01P19RR110,Trent 1000-H3,IDLE,FT-SPK,0.29534021495306023,2.7417811743395215,25.273220532828567,946758.9360894827,1196.1648520938577,1207.235478124311,288.6792616086217,1.314275007253942,14.343783536270964,5538676.060770955,0.2673986533703824,223015.8556349631,876.3119814349775,24.382932381914205,9.15703197853067
01P19RR110,Trent 1000-H3,IDLE,ATJ-SPK,0.29534021495306023,2.744554464300216,25.246253127167627,946758.9360894831,1194.6443516314114,1207.3208598055471,288.7546092117537,1.3143536016319917,14.342971362493387,5538676.060770955,0.2677352139954448,222601.4965995632,874.795990498926,24.366573964819214,9.129848049018236
01P19RR111,Trent 1000-J3,TAKE-OFF,Jet-A1,0.5409261230079053,8.35341231143769,53.665648728672544,4629040.121916136,1916.8425599774382,1322.5400014974052,289.0950019939843,1.2797391270293985,92.79629719381641,90840419.13087901,0.38614749526433945,387441.819361601,1176.658606626066,272.6347697793359,9.596958055961245
01P19RR111,Trent 1000-J3,TAKE-OFF,HEFA-SPK,0.5409261230079053,8.35451982272336,53.65732658795106,4629040.121916136,1916.3909774440992,1322.6592525566641,289.12479225368327,1.279743737009917,92.7942081129693,90840419.13087901,0.38621235923070774,387246.136368581,1176.2570968369716,272.60517909785466,9.590336390429908
01P19RR111,Trent 1000-J3,TAKE-OFF,FT-SPK,0.5409261230079053,8.354366613897731,53.65673519362284,4629040.121916137,1916.1673329581567,1322.840152550637,289.1638401178148,1.2797431232967402,92.7914836822573,90840419.13087901,0.38621595390566027,387232.9616368894,1176.1129386168573,272.6026259926581,9.580432063336595
01P19RR111,Trent 1000-J3,TAKE-OFF,ATJ-SPK,0.5409261230079053,8.361008582958222,53.60862137192006,4629040.121916136,1913.7496601318394,1323.3562688995175,289.29914437136597,1.2797709502783758,92.7819836861145,90840419.13087901,0.38659262985445525,386101.073147827,1173.9081461384017,272.43175866422894,9.551569740715
01P19RR111,Trent 1000-J3,APPROACH,Jet-A1,0.3052826104671048,6.03506916844153,34.704735314479,2401135.4761455082,1378.32534624069,1236.6305764912568,288.65738297103513,1.3044995206026124,43.35521396573459,29217934.13313424,0.39538159474390916,218901.71140221518,833.3608727680952,92.7409717607563,7.531568521862975
01P19RR111,Trent 1000-J3,APPROACH,HEFA-SPK,0.3052826104671048,6.035890432852266,34.699566906001365,2401135.4761455082,1378.0560992116016,1236.672104268447,288.67449795003483,1.3045097329634767,43.3546562697945,29217934.13313424,0.3954506523280596,218796.19895534735,833.1029158337125,92.72911546995307,7.526517255374419
01P19RR111,Trent 1000-J3,APPROACH,FT-SPK,0.3052826104671048,6.035883267044292,34.69902598900331,2401135.476145508,1377.9511700111386,1236.7552185588793,288.6968228807276,1.3045137559002589,43.35392896240033,29217934.13313424,0.3954608218455286,218783.9882693018,833.0254678555261,92.72761213531378,7.518795795675634
01P19RR111,Trent 1000-J3,APPROACH,ATJ-SPK,0.3052826104671048,6.040701695215275,34.669319765423985,2401135.4761455087,1376.4809295272398,1236.9146616626876,288.77465643048754,1.304569636168623,43.351392866544124,29217934.13313424,0.3958553452989641,218178.80019030775,831.5935958717952,92.65961846000258,7.496943069215025
01P19RR111,Trent 1000-J3,IDLE,Jet-A1,0.29534021495306023,3.157726009006653,26.82140772814213,1114133.9133917228,1222.3755854618694,1211.4499108020339,288.6411742316652,1.3127854806667785,17.531793953734574,7302066.066998736,0.2812608407928962,238819.03831344846,878.5692005301552,30.113572415270006,9.078796238328636
01P19RR111,Trent 1000-J3,IDLE,HEFA-SPK,0.29534021495306023,3.158251602109867,26.81661023798266,1114133.9133917228,1222.1020119281343,1211.4790922752015,288.6577418439789,1.3127991584818588,17.53157566518377,7302066.066998736,0.2813205287572152,238738.81356178076,878.2996277372552,30.110050967236276,9.072608336426871
01P19RR111,Trent 1000-J3,IDLE,FT-SPK,0.29534021495306023,3.158262738612019,26.816080234077123,1114133.9133917228,1222.0062257429818,1211.5531453442948,288.67935016878187,1.3128047970133128,17.53129098877562,7302066.066998736,0.2813299517621601,238729.26646314614,878.2192732016495,30.109550373211924,9.063304487277412
01P19RR111,Trent 1000-J3,IDLE,ATJ-SPK,0.29534021495306023,3.1613314679006295,26.788532748034545,1114133.9133917228,1220.5014580058512,1211.6493319482377,288.75469685438674,1.312879375255034,17.53029833193636,7302066.066998736,0.2816703939786098,238269.0988546959,876.7223314778753,30.089419026760236,9.036378067863712
01P19RR112,Trent 1000-K3,TAKE-OFF,Jet-A1,0.5409261230079053,8.35341231143769,53.665648728672544,4629040.121916136,1916.8425599774382,1322.5400014974052,289.0950019939843,1.2797391270293985,92.79629719381641,90840419.13087901,0.38614749526433945,387441.819361601,1176.658606626066,272.6347697793359,9.596958055961245
01P19RR112,Trent 1000-K3,TAKE-OFF,HEFA-SPK,0.5409261230079053,8.35451982272336,53.65732658795106,4629040.121916136,1916.3909774440992,1322.6592525566641,289.12479225368327,1.279743737009917,92.7942081129693,90840419.13087901,0.38621235923070774,387246.136368581,1176.2570968369716,272.60517909785466,9.590336390429908
01P19RR112,Trent 1000-K3,TAKE-OFF,FT-SPK,0.5409261230079053,8.354366613897731,53.65673519362284,4629040.121916137,1916.1673329581567,1322.840152550637,289.1638401178148,1.2797431232967402,92.7914836822573,90840419.13087901,0.38621595390566027,387232.9616368894,1176.1129386168573,272.6026259926581,9.580432063336595
01P19RR112,Trent 1000-K3,TAKE-OFF,ATJ-SPK,0.5409261230079053,8.361008582958222,53.60862137192006,4629040.121916136,1913.7496601318394,1323.3562688995175,289.29914437136597,1.2797709502783758,92.7819836861145,90840419.13087901,0.38659262985445525,386101.073147827,1173.9081461384017,272.43175866422894,9.551569740715
01P19RR112,Trent 1000-K3,APPROACH,Jet-A1,0.3052826104671048,6.03506916844153,34.704735314479,2401135.4761455082,1378.32534624069,1236.6305764912568,288.65738297103513,1.3044995206026124,43.35521396573459,29217934.13313424,0.39538159474390916,218901.71140221518,833.3608727680952,92.7409717607563,7.531568521862975
01P19RR112,Trent 1000-K3,APPROACH,HEFA-SPK,0.3052826104671048,6.035890432852266,34.699566906001365,2401135.4761455082,1378.0560992116016,1236.672104268447,288.67449795003483,1.3045097329634767,43.3546562697945,29217934.13313424,0.3954506523280596,218796.19895534735,833.1029158337125,92.72911546995307,7.526517255374419
01P19RR112,Trent 1000-K3,APPROACH,FT-SPK,0.3052826104671048,6.035883267044292,34.69902598900331,2401135.476145508,1377.9511700111386,1236.7552185588793,288.6968228807276,1.3045137559002589,43.35392896240033,29217934.13313424,0.3954608218455286,218783.9882693018,833.0254678555261,92.72761213531378,7.518795795675634
01P19RR112,Trent 1000-K3,APPROACH,ATJ-SPK,0.3052826104671048,6.040701695215275,34.669319765423985,2401135.4761455087,1376.4809295272398,1236.9146616626876,288.77465643048754,1.304569636168623,43.351392866544124,29217934.13313424,0.3958553452989641,218178.80019030775,831.5935958717952,92.65961846000258,7.496943069215025
01P19RR112,Trent 1000-K3,IDLE,Jet-A1,0.29534021495306023,3.157726009006653,26.82140772814213,1114133.9133917228,1222.3755854618694,1211.4499108020339,288.6411742316652,1.3127854806667785,17.531793953734574,7302066.066998736,0.2812608407928962,238819.03831344846,878.5692005301552,30.113572415270006,9.078796238328636
01P19RR112,Trent 1000-K3,IDLE,HEFA-SPK,0.29534021495306023,3.158251602109867,26.81661023798266,1114133.9133917228,1222.1020119281343,1211.4790922752015,288.6577418439789,1.3127991584818588,17.53157566518377,7302066.066998736,0.2813205287572152,238738.81356178076,878.2996277372552,30.110050967236276,9.072608336426871
01P19RR112,Trent 1000-K3,IDLE,FT-SPK,0.29534021495306023,3.158262738612019,26.816080234077123,1114133.9133917228,1222.0062257429818,1211.5531453442948,288.67935016878187,1.3128047970133128,17.53129098877562,7302066.066998736,0.2813299517621601,238729.26646314614,878.2192732016495,30.109550373211924,9.063304487277412
01P19RR112,Trent 1000-K3,IDLE,ATJ-SPK,0.29534021495306023,3.1613314679006295,26.788532748034545,1114133.9133917228,1220.5014580058512,1211.6493319482377,288.75469685438674,1.312879375255034,17.53029833193636,7302066.066998736,0.2816703939786098,238269.0988546959,876.7223314778753,30.089419026760236,9.036378067863712
01P19RR113,Trent 1000-L3,TAKE-OFF,Jet-A1,0.5409261230079053,8.04318538421908,53.16239856806404,4435356.434806675,1907.4989281589349,1321.5627416998932,289.0920475595097,1.2800002452371808,88.51217062060519,85603246.3900679,0.38364995793948903,379652.3076043778,1175.687044601139,260.02040064938694,9.597978204410571
01P19RR113,Trent 1000-L3,TAKE-OFF,HEFA-SPK,0.5409261230079053,8.044266657723497,53.15405606174365,4435356.434806675,1907.0459869168574,1321.6813183971065,289.1218419631353,1.280005024951823,88.51017798635175,85603246.3900679,0.3837152888690136,379460.3908602596,1175.2832851605622,259.99217178366587,9.591356104200017
01P19RR113,Trent 1000-L3,TAKE-OFF,FT-SPK,0.5409261230079053,8.044121402102782,53.15345525671234,4435356.434806675,1906.8228852695986,1321.861722221643,289.1608911184841,1.2800045108994387,88.50757933443009,85603246.3900679,0.38371907572967856,379447.2097763115,1175.1385701537492,259.9896889981157,9.581452485901805
01P19RR113,Trent 1000-L3,TAKE-OFF,ATJ-SPK,0.5409261230079053,8.050601786840305,53.105231561492815,4435356.434806676,1904.3967190175429,1322.374378876497,289.2962182626583,1.2800332339721159,88.4985179246011,85603246.3900679,0.3840983014375673,378337.3522456123,1172.9211739796285,259.82673168640883,9.552586933689518
01P19RR113,Trent 1000-L3,APPROACH,Jet-A1,0.3052826104671048,5.822243886128809,34.31254560859757,2302661.3892826545,1370.1154293679251,1235.4159023606946,288.6572888057669,1.3048900582186465,41.35363383964483,27463053.77304235,0.3923420029015853,215496.6516252644,832.5615976033479,88.38925360016147,7.537545581880209
01P19RR113,Trent 1000-L3,APPROACH,HEFA-SPK,0.3052826104671048,5.823046218763899,34.307376514118154,2302661.3892826554,1369.845426100888,1235.4568733957094,288.6744038835516,1.3049004530389066,41.353101890852734,27463053.77304235,0.39241136951908817,215393.02796979755,832.3025064151797,88.37793722444144,7.5324917063507115
01P19RR113,Trent 1000-L3,APPROACH,FT-SPK,0.3052826104671048,5.823040703911788,34.30683347282471,2302661.389282655,1369.7407933991587,1235.539655302835,288.69672875943263,1.3049045630127534,41.352408161058406,27463053.77304235,0.3924216346721651,215380.99544263454,832.2248721763124,88.37649715377941,7.5247647371224655
01P19RR113,Trent 1000-L3,APPROACH,ATJ-SPK,0.3052826104671048,5.827746638889518,34.277125287779896,2302661.389282655,1368.2658289450808,1235.6961677634258,288.7745629475998,1.3049614260345932,41.349989149137414,27463053.77304235,0.39281787911956895,214786.67098468673,830.7865479470953,88.3116038263748,7.5029023224951095
01P19RR113,Trent 1000-L3,IDLE,Jet-A1,0.29534021495306023,3.0505318251691054,26.482122876929477,1070659.8933132188,1215.95562825131,1210.3837229770527,288.6411505008388,1.3131472486134814,16.722403637261223,6838597.006592961,0.2778609446179343,234920.59416779998,878.0890487719072,28.654237793902006,9.10068394302847
01P19RR113,Trent 1000-L3,IDLE,HEFA-SPK,0.29534021495306023,3.051044752878525,26.477341149620234,1070659.8933132188,1215.6814287091445,1210.4124053143612,288.65771815179465,1.3131611069322233,16.722195426437757,6838597.006592961,0.27792049136728225,234842.3576594823,877.8186486962194,28.65088444692904,9.094481933005254
01P19RR113,Trent 1000-L3,IDLE,FT-SPK,0.29534021495306023,3.0510561538071475,26.476812275861626,1070659.893313219,1215.5858898368383,1210.4861908012945,288.67932646471314,1.3131668222849195,16.721923892685098,6838597.006592961,0.2779299054660425,234833.04433806599,877.7382183886307,28.650407957699805,9.085155701756985
01P19RR113,Trent 1000-L3,IDLE,ATJ-SPK,0.29534021495306023,3.054050442739528,26.449355860206847,1070659.893313219,1214.0772095066698,1210.57971953861,288.754673389168,1.313242382158443,16.72097706383329,6838597.006592961,0.27826953351171246,234384.27464906257,876.2365107700472,28.631237232883933,9.058169098780045
01P19RR114,Trent 1000-M3,TAKE-OFF,Jet-A1,0.5409261230079053,8.492449836542502,53.870159846904464,4716197.781115393,1920.9517005202692,1322.9666171476317,289.09632707970417,1.2796253358443157,94.70035344857699,93195439.92329252,0.3872377890874699,390876.29060870165,1177.0866110669845,278.2399817506537,9.596574849784945
01P19RR114,Trent 1000-M3,TAKE-OFF,HEFA-SPK,0.5409261230079053,8.493568920181385,53.86184950396029,4716197.781115393,1920.500714556074,1323.0861628154748,289.1261154950634,1.2796298718159917,94.69822150257713,93195439.92329252,0.38730244568411604,390678.9594426036,1176.686090870414,278.20978640585105,9.589953320984135
01P19RR114,Trent 1000-M3,TAKE-OFF,FT-SPK,0.5409261230079053,8.493412105765113,53.86126254986927,4716197.781115395,1920.2768341808207,1323.2672803395412,289.1651627775938,1.2796292144332366,94.69544117018052,93195439.92329252,0.38730595476934254,390665.7948385965,1176.5421814969675,278.20720385894623,9.580048595822044
01P19RR114,Trent 1000-M3,TAKE-OFF,ATJ-SPK,0.5409261230079053,8.50012543946847,53.81321337567745,4716197.781115395,1917.8628880919714,1323.7849073485647,289.3004568499652,1.2796566509148868,94.68574624678715,93195439.92329252,0.38768149872744195,389524.25795097504,1174.3429292827354,278.0328226124752,9.551187461720746
01P19RR114,Trent 1000-M3,APPROACH,Jet-A1,0.3052826104671048,6.130378317091281,34.86620383112783,2445448.8152337926,1381.9380227324373,1237.1622362178362,288.657425928179,1.304328900387999,44.24480513288561,30008679.44355195,0.3967065549598836,220397.60753151224,833.7141505661788,94.67509585962617,7.529086265113918
01P19RR114,Trent 1000-M3,APPROACH,HEFA-SPK,0.3052826104671048,6.131207952628561,34.86103752355414,2445448.815233792,1381.6691065441776,1237.2040073125575,288.67454086191515,1.3043390332849893,44.24423599376864,30008679.44355195,0.39677547398673785,220291.26863591865,833.4566919022789,94.66299931654112,7.524036106086366
01P19RR114,Trent 1000-M3,APPROACH,FT-SPK,0.3052826104671048,6.131200028340904,34.86049775858184,2445448.8152337926,1381.5640475458765,1237.2872675086364,288.6968658178237,1.3043430181279894,44.24349376299676,30008679.44355195,0.3967856005150432,220278.9813670296,833.3793272903922,94.66146807633757,7.5163169181194975
01P19RR114,Trent 1000-M3,APPROACH,ATJ-SPK,0.3052826104671048,6.136068225699856,34.83080271035787,2445448.8152337926,1380.0958737998349,1237.447990772117,288.7746990830246,1.3043984705934617,44.240905629836,30008679.44355195,0.3971793525437571,219669.03857688268,831.9502881957059,94.59209456603253,7.4944683706159845
01P19RR114,Trent 1000-M3,IDLE,Jet-A1,0.29534021495306023,3.2057545772283045,26.96166412552326,1133697.2224270497,1225.2043008343114,1211.918410746394,288.64118506666273,1.3126267788682435,17.89152298327829,7511492.252637364,0.28274635650334023,240534.88916414673,878.7822488011875,30.763231906989787,9.069420577541251
01P19RR114,Trent 1000-M3,IDLE,HEFA-SPK,0.29534021495306023,3.2062857855893703,26.95686154891724,1133697.2224270497,1224.9310031472085,1211.9478111437668,288.6577526616249,1.3126403777553597,17.89130021573756,7511492.252637364,0.2828061014164094,240453.7881577268,878.513041643055,30.75963566201981,9.06323872010024
01P19RR114,Trent 1000-M3,IDLE,FT-SPK,0.29534021495306023,3.20629679527407,26.956331263274585,1133697.2224270494,1224.835108359637,1212.0219819516556,288.67936099191337,1.3126459825842913,17.89100969814919,7511492.252637364,0.2828155272720409,240444.13830397182,878.4327213675988,30.759124353923333,9.053944454186164
01P19RR114,Trent 1000-M3,IDLE,ATJ-SPK,0.29534021495306023,3.209398537208118,26.928754313320397,1133697.2224270497,1223.332064296836,1212.119333940049,288.7547075699968,1.3127201317048005,17.88999667331551,7511492.252637364,0.2831562983987366,239978.94725308253,876.9378852580587,30.73856556750568,9.027043825996639
01P19RR115,Trent 1000-N3,TAKE-OFF,Jet-A1,0.5409261230079053,8.492449836542502,53.870159846904464,4716197.781115393,1920.9517005202692,1322.9666171476317,289.09632707970417,1.2796253358443157,94.70035344857699,93195439.92329252,0.3872377890874699,390876.29060870165,1177.0866110669845,278.2399817506537,9.596574849784945
01P19RR115,Trent 1000-N3,TAKE-OFF,HEFA-SPK,0.5409261230079053,8.493568920181385,53.86184950396029,4716197.781115393,1920.500714556074,1323.0861628154748,289.1261154950634,1.2796298718159917,94.69822150257713,93195439.92329252,0.38730244568411604,390678.9594426036,1176.686090870414,278.20978640585105,9.589953320984135
01P19RR115,Trent 1000-N3,TAKE-OFF,FT-SPK,0.5409261230079053,8.493412105765113,53.86126254986927,4716197.781115395,1920.2768341808207,1323.2672803395412,289.1651627775938,1.2796292144332366,94.69544117018052,93195439.92329252,0.38730595476934254,390665.7948385965,1176.5421814969675,278.20720385894623,9.580048595822044
01P19RR115,Trent 1000-N3,TAKE-OFF,ATJ-SPK,0.5409261230079053,8.50012543946847,53.81321337567745,4716197.781115395,1917.8628880919714,1323.7849073485647,289.3004568499652,1.2796566509148868,94.68574624678715,93195439.92329252,0.38768149872744195,389524.25795097504,1174.3429292827354,278.0328226124752,9.551187461720746
01P19RR115,Trent 1000-N3,APPROACH,Jet-A1,0.3052826104671048,6.130378317091281,34.86620383112783,2445448.8152337926,1381.9380227324373,1237.1622362178362,288.657425928179,1.304328900387999,44.24480513288561,30008679.44355195,0.3967065549598836,220397.60753151224,833.7141505661788,94.67509585962617,7.529086265113918
01P19RR115,Trent 1000-N3,APPROACH,HEFA-SPK,0.3052826104671048,6.131207952628561,34.86103752355414,2445448.815233792,1381.6691065441776,1237.2040073125575,288.67454086191515,1.3043390332849893,44.24423599376864,30008679.44355195,0.39677547398673785,220291.26863591865,833.4566919022789,94.66299931654112,7.524036106086366
01P19RR115,Trent 1000-N3,APPROACH,FT-SPK,0.3052826104671048,6.131200028340904,34.86049775858184,2445448.8152337926,1381.5640475458765,1237.2872675086364,288.6968658178237,1.3043430181279894,44.24349376299676,30008679.44355195,0.3967856005150432,220278.9813670296,833.3793272903922,94.66146807633757,7.5163169181194975
01P19RR115,Trent 1000-N3,APPROACH,ATJ-SPK,0.3052826104671048,6.136068225699856,34.83080271035787,2445448.8152337926,1380.0958737998349,1237.447990772117,288.7746990830246,1.3043984705934617,44.240905629836,30008679.44355195,0.3971793525437571,219669.03857688268,831.9502881957059,94.59209456603253,7.4944683706159845
01P19RR115,Trent 1000-N3,IDLE,Jet-A1,0.29534021495306023,3.2057545772283045,26.96166412552326,1133697.2224270497,1225.2043008343114,1211.918410746394,288.64118506666273,1.3126267788682435,17.89152298327829,7511492.252637364,0.28274635650334023,240534.88916414673,878.7822488011875,30.763231906989787,9.069420577541251
01P19RR115,Trent 1000-N3,IDLE,HEFA-SPK,0.29534021495306023,3.2062857855893703,26.95686154891724,1133697.2224270497,1224.9310031472085,1211.9478111437668,288.6577526616249,1.3126403777553597,17.89130021573756,7511492.252637364,0.2828061014164094,240453.7881577268,878.513041643055,30.75963566201981,9.06323872010024
01P19RR115,Trent 1000-N3,IDLE,FT-SPK,0.29534021495306023,3.20629679527407,26.956331263274585,1133697.2224270494,1224.835108359637,1212.0219819516556,288.67936099191337,1.3126459825842913,17.89100969814919,7511492.252637364,0.2828155272720409,240444.13830397182,878.4327213675988,30.759124353923333,9.053944454186164
01P19RR115,Trent 1000-N3,IDLE,ATJ-SPK,0.29534021495306023,3.209398537208118,26.928754313320397,1133697.2224270497,1223.332064296836,1212.119333940049,288.7547075699968,1.3127201317048005,17.88999667331551,7511492.252637364,0.2831562983987366,239978.94725308253,876.9378852580587,30.73856556750568,9.027043825996639
01P19RR116,Trent 1000-P3,TAKE-OFF,Jet-A1,0.5409261230079053,8.04318538421908,53.16239856806404,4435356.434806675,1907.4989281589349,1321.5627416998932,289.0920475595097,1.2800002452371808,88.51217062060519,85603246.3900679,0.38364995793948903,379652.3076043778,1175.687044601139,260.02040064938694,9.597978204410571
01P19RR116,Trent 1000-P3,TAKE-OFF,HEFA-SPK,0.5409261230079053,8.044266657723497,53.15405606174365,4435356.434806675,1907.0459869168574,1321.6813183971065,289.1218419631353,1.280005024951823,88.51017798635175,85603246.3900679,0.3837152888690136,379460.3908602596,1175.2832851605622,259.99217178366587,9.591356104200017
01P19RR116,Trent 1000-P3,TAKE-OFF,FT-SPK,0.5409261230079053,8.044121402102782,53.15345525671234,4435356.434806675,1906.8228852695986,1321.861722221643,289.1608911184841,1.2800045108994387,88.50757933443009,85603246.3900679,0.38371907572967856,379447.2097763115,1175.1385701537492,259.9896889981157,9.581452485901805
01P19RR116,Trent 1000-P3,TAKE-OFF,ATJ-SPK,0.5409261230079053,8.050601786840305,53.105231561492815,4435356.434806676,1904.3967190175429,1322.374378876497,289.2962182626583,1.2800332339721159,88.4985179246011,85603246.3900679,0.3840983014375673,378337.3522456123,1172.9211739796285,259.82673168640883,9.552586933689518
01P19RR116,Trent 1000-P3,APPROACH,Jet-A1,0.3052826104671048,5.822243886128809,34.31254560859757,2302661.3892826545,1370.1154293679251,1235.4159023606946,288.6572888057669,1.3048900582186465,41.35363383964483,27463053.77304235,0.3923420029015853,215496.6516252644,832.5615976033479,88.38925360016147,7.537545581880209
01P19RR116,Trent 1000-P3,APPROACH,HEFA-SPK,0.3052826104671048,5.823046218763899,34.307376514118154,2302661.3892826554,1369.845426100888,1235.4568733957094,288.6744038835516,1.3049004530389066,41.353101890852734,27463053.77304235,0.39241136951908817,215393.02796979755,832.3025064151797,88.37793722444144,7.5324917063507115
01P19RR116,Trent 1000-P3,APPROACH,FT-SPK,0.3052826104671048,5.823040703911788,34.30683347282471,2302661.389282655,1369.7407933991587,1235.539655302835,288.69672875943263,1.3049045630127534,41.352408161058406,27463053.77304235,0.3924216346721651,215380.99544263454,832.2248721763124,88.37649715377941,7.5247647371224655
01P19RR116,Trent 1000-P3,APPROACH,ATJ-SPK,0.3052826104671048,5.827746638889518,34.277125287779896,2302661.389282655,1368.2658289450808,1235.6961677634258,288.7745629475998,1.3049614260345932,41.349989149137414,27463053.77304235,0.39281787911956895,214786.67098468673,830.7865479470953,88.3116038263748,7.5029023224951095
01P19RR116,Trent 1000-P3,IDLE,Jet-A1,0.29534021495306023,3.0505318251691054,26.482122876929477,1070659.8933132188,1215.95562825131,1210.3837229770527,288.6411505008388,1.3131472486134814,16.722403637261223,6838597.006592961,0.2778609446179343,234920.59416779998,878.0890487719072,28.654237793902006,9.10068394302847
01P19RR116,Trent 1000-P3,IDLE,HEFA-SPK,0.29534021495306023,3.051044752878525,26.477341149620234,1070659.8933132188,1215.6814287091445,1210.4124053143612,288.65771815179465,1.3131611069322233,16.722195426437757,6838597.006592961,0.27792049136728225,234842.3576594823,877.8186486962194,28.65088444692904,9.094481933005254
01P19RR116,Trent 1000-P3,IDLE,FT-SPK,0.29534021495306023,3.0510561538071475,26.476812275861626,1070659.893313219,1215.5858898368383,1210.4861908012945,288.67932646471314,1.3131668222849195,16.721923892685098,6838597.006592961,0.2779299054660425,234833.04433806599,877.7382183886307,28.650407957699805,9.085155701756985
01P19RR116,Trent 1000-P3,IDLE,ATJ-SPK,0.29534021495306023,3.054050442739528,26.449355860206847,1070659.893313219,1214.0772095066698,1210.57971953861,288.754673389168,1.313242382158443,16.72097706383329,6838597.006592961,0.27826953351171246,234384.27464906257,876.2365107700472,28.631237232883933,9.058169098780045
01P19RR117,Trent 1000-Q3,TAKE-OFF,Jet-A1,0.5409261230079053,8.35341231143769,53.665648728672544,4629040.121916136,1916.8425599774382,1322.5400014974052,289.0950019939843,1.2797391270293985,92.79629719381641,90840419.13087901,0.38614749526433945,387441.819361601,1176.658606626066,272.6347697793359,9.596958055961245
01P19RR117,Trent 1000-Q3,TAKE-OFF,HEFA-SPK,0.5409261230079053,8.35451982272336,53.65732658795106,4629040.121916136,1916.3909774440992,1322.6592525566641,289.12479225368327,1.279743737009917,92.7942081129693,90840419.13087901,0.38621235923070774,387246.136368581,1176.2570968369716,272.60517909785466,9.590336390429908
01P19RR117,Trent 1000-Q3,TAKE-OFF,FT-SPK,0.5409261230079053,8.354366613897731,53.65673519362284,4629040.121916137,1916.1673329581567,1322.840152550637,289.1638401178148,1.2797431232967402,92.7914836822573,90840419.13087901,0.38621595390566027,387232.9616368894,1176.1129386168573,272.6026259926581,9.580432063336595
01P19RR117,Trent 1000-Q3,TAKE-OFF,ATJ-SPK,0.5409261230079053,8.361008582958222,53.60862137192006,4629040.121916136,1913.7496601318394,1323.3562688995175,289.29914437136597,1.2797709502783758,92.7819836861145,90840419.13087901,0.38659262985445525,386101.073147827,1173.9081461384017,272.43175866422894,9.551569740715
01P19RR117,Trent 1000-Q3,APPROACH,Jet-A1,0.3052826104671048,6.03506916844153,34.704735314479,2401135.4761455082,1378.32534624069,1236.6305764912568,288.65738297103513,1.3044995206026124,43.35521396573459,29217934.13313424,0.39538159474390916,218901.71140221518,833.3608727680952,92.7409717607563,7.531568521862975
01P19RR117,Trent 1000-Q3,APPROACH,HEFA-SPK,0.3052826104671048,6.035890432852266,34.699566906001365,2401135.4761455082,1378.0560992116016,1236.672104268447,288.67449795003483,1.3045097329634767,43.3546562697945,29217934.13313424,0.3954506523280596,218796.19895534735,833.1029158337125,92.72911546995307,7.526517255374419
01P19RR117,Trent 1000-Q3,APPROACH,FT-SPK,0.3052826104671048,6.035883267044292,34.69902598900331,2401135.476145508,1377.9511700111386,1236.7552185588793,288.6968228807276,1.3045137559002589,43.35392896240033,29217934.13313424,0.3954608218455286,218783.9882693018,833.0254678555261,92.72761213531378,7.518795795675634
01P19RR117,Trent 1000-Q3,APPROACH,ATJ-SPK,0.3052826104671048,6.040701695215275,34.669319765423985,2401135.4761455087,1376.4809295272398,1236.9146616626876,288.77465643048754,1.304569636168623,43.351392866544124,29217934.13313424,0.3958553452989641,218178.80019030775,831.5935958717952,92.65961846000258,7.496943069215025
01P19RR117,Trent 1000-Q3,IDLE,Jet-A1,0.29534021495306023,3.157726009006653,26.82140772814213,1114133.9133917228,1222.3755854618694,1211.4499108020339,288.6411742316652,1.3127854806667785,17.531793953734574,7302066.066998736,0.2812608407928962,238819.03831344846,878.5692005301552,30.113572415270006,9.078796238328636
01P19RR117,Trent 1000-Q3,IDLE,HEFA-SPK,0.29534021495306023,3.158251602109867,26.81661023798266,1114133.9133917228,1222.1020119281343,1211.4790922752015,288.6577418439789,1.3127991584818588,17.53157566518377,7302066.066998736,0.2813205287572152,238738.81356178076,878.2996277372552,30.110050967236276,9.072608336426871
01P19RR117,Trent 1000-Q3,IDLE,FT-SPK,0.29534021495306023,3.158262738612019,26.816080234077123,1114133.9133917228,1222.0062257429818,1211.5531453442948,288.67935016878187,1.3128047970133128,17.53129098877562,7302066.066998736,0.2813299517621601,238729.26646314614,878.2192732016495,30.109550373211924,9.063304487277412
01P19RR117,Trent 1000-Q3,IDLE,ATJ-SPK,0.29534021495306023,3.1613314679006295,26.788532748034545,1114133.9133917228,1220.5014580058512,1211.6493319482377,288.75469685438674,1.312879375255034,17.53029833193636,7302066.066998736,0.2816703939786098,238269.0988546959,876.7223314778753,30.089419026760236,9.036378067863712
01P19RR118,Trent 1000-R3,TAKE-OFF,Jet-A1,0.5409261230079053,8.6003540331971,54.05584488654483,4783987.071603705,1924.108457056457,1323.2930440455723,289.0973558605204,1.2795383496211128,96.23417654268964,95088347.99883872,0.388072072302754,393518.3298018624,1177.4157007913032,282.7405383202892,9.596777927482702
01P19RR118,Trent 1000-R3,TAKE-OFF,HEFA-SPK,0.5409261230079053,8.601482019858402,54.047539301445646,4783987.071603704,1923.657929057815,1323.4128152336486,289.12714284668283,1.2795428289936799,96.23201006642783,95088347.99883872,0.388136568768411,393319.7360172472,1177.0159409891671,282.70985298405407,9.590156312124888
01P19RR118,Trent 1000-R3,TAKE-OFF,FT-SPK,0.5409261230079053,8.601322389875918,54.04695549642551,4783987.071603705,1923.4338686495978,1323.5940995900794,289.1661896767882,1.279542138128337,96.22918470211863,95088347.99883872,0.38814001165988826,393306.5823102288,1176.8722244449189,282.7072469369181,9.580250758092761
01P19RR118,Trent 1000-R3,TAKE-OFF,ATJ-SPK,0.5409261230079053,8.608090667439269,53.99893105471016,4783987.071603705,1921.022782404101,1324.1128826886431,289.30147588354276,1.2795692760835895,96.21933275399563,95088347.99883872,0.3885146816164086,392157.65103349235,1174.6772277205043,282.5300177889684,9.55138993647877
01P19RR118,Trent 1000-R3,APPROACH,Jet-A1,0.3052826104671048,6.2043144930632295,35.00869095809484,2479914.7456357917,1384.7142513089668,1237.5696138458297,288.65745958601957,1.3041982951637752,44.961420239757246,30644094.935198583,0.3977195857246464,221546.1243002488,833.9862729313506,96.22832612120222,7.527535803887947
01P19RR118,Trent 1000-R3,APPROACH,HEFA-SPK,0.3052826104671048,6.205150578000286,35.003523599936265,2479914.7456357917,1384.445588556062,1237.611571232844,288.67457448666795,1.3042083673378828,44.960841882525564,30644094.935198583,0.3977883972435675,221439.15229572455,833.7291968134185,96.21603503259679,7.522486379205542
01P19RR118,Trent 1000-R3,APPROACH,FT-SPK,0.3052826104671048,6.2051420573122344,35.0029844539866,2479914.7456357917,1384.3404300919028,1237.694943404495,288.69689946230756,1.3042123229917795,44.96008763014386,30644094.935198583,0.39779849036614895,221426.8069451591,833.6518968485185,96.21448128507306,7.514768576987014
01P19RR118,Trent 1000-R3,APPROACH,ATJ-SPK,0.3052826104671048,6.2100486106512225,34.97328266137358,2479914.7456357917,1382.8738395676503,1237.856646531191,288.77473250465084,1.304267448612002,44.95745757804333,30644094.935198583,0.3981916439263737,220813.2211772208,832.2250320474313,96.14399033200189,7.492922917220073
01P19RR118,Trent 1000-R3,IDLE,Jet-A1,0.29534021495306023,3.243022691373262,27.083495313204722,1148913.1294545261,1227.3795791224138,1212.2781455071845,288.6411935604031,1.312505030198309,18.18130470152183,7679738.86702322,0.28388355722207703,241853.57156957482,878.9466981394073,31.285389780001726,9.062492617275714
01P19RR118,Trent 1000-R3,IDLE,HEFA-SPK,0.29534021495306023,3.2435582321674046,27.07868642201759,1148913.1294545261,1227.1064935412505,1212.3077138371814,288.65776114181904,1.3125185686411485,18.18107832590588,7679738.86702322,0.28394334378229746,241771.79669741163,878.6777725881777,31.281733290482922,9.056315251562348
01P19RR118,Trent 1000-R3,IDLE,FT-SPK,0.29534021495306023,3.2435691399518514,27.07815565902521,1148913.129454526,1227.0105153914415,1212.381975117568,288.6793694764094,1.3125241476135405,18.180783102922337,7679738.86702322,0.28395277138966385,241762.06794245818,878.597479021782,31.281213371416392,9.047028066019951
01P19RR118,Trent 1000-R3,IDLE,ATJ-SPK,0.29534021495306023,3.2466963565585854,27.05054224787776,1148913.1294545261,1225.508796562939,1212.480220892905,288.7547159706995,1.3125979681539897,18.179753670537593,7679738.86702322,0.28429378330996147,241293.01363892658,877.1042643084231,31.2603102863701,9.02014664417975
02P23RR126,Trent 1000-AE3,TAKE-OFF,Jet-A1,0.5409261230079053,7.637195615754235,52.007232136936636,4183567.6415643743,1894.8836005359406,1320.227423798136,289.08818568298665,1.28035804961842,82.21820688959112,78208386.18855077,0.38023670392478304,369180.7343580888,1174.3793059470293,241.60999464425643,9.594830267698217
02P23RR126,Trent 1000-AE3,TAKE-OFF,HEFA-SPK,0.5409261230079053,7.638241654027273,51.99893922049722,4183567.641564375,1894.4288187867141,1320.3450799904665,289.11798556635875,1.280363061763634,82.21635594848149,78208386.18855077,0.38030265506928357,368993.93994819344,1173.97250916236,241.5837961163547,9.588209084047392
02P23RR126,Trent 1000-AE3,TAKE-OFF,FT-SPK,0.5409261230079053,7.638106611585733,51.998331854830056,4183567.6415643743,1894.2064641937418,1320.5248105317276,289.15703639765786,1.2803626830792074,82.21394208268394,78208386.18855077,0.3803066959908776,368980.7856702674,1173.8270622716573,241.58143120857181,9.578311011354867
02P23RR126,Trent 1000-AE3,TAKE-OFF,ATJ-SPK,0.5409261230079053,7.64437046292648,51.95040482385063,4183567.6415643743,1891.7687809399636,1321.032740683339,289.29239387631225,1.2803926344177567,82.20552501571103,78208386.18855077,0.38068930978601634,367900.8566389204,1171.5926294491953,241.43025440828134,9.5494453309574
02P23RR126,Trent 1000-AE3,APPROACH,Jet-A1,0.3052826104671048,5.543362407546928,33.47611645054018,2174645.076360945,1359.0416463469555,1233.763409289244,288.6571691306398,1.3054229851261996,38.41304081489566,25001972.959495213,0.38817802147887437,210891.7187509795,831.4915489606022,82.0409234039951,7.543343556236111
02P23RR126,Trent 1000-AE3,APPROACH,HEFA-SPK,0.3052826104671048,5.544139411589826,33.470994258966726,2174645.0763609456,1358.7706134838995,1233.803620968371,288.67428433777,1.305433630244616,38.41254669216048,25001972.959495213,0.38824779134177834,210790.66549144144,831.2309238586624,82.03040662277232,7.538287003935775
02P23RR126,Trent 1000-AE3,APPROACH,FT-SPK,0.3052826104671048,5.544135968281876,33.47045354508455,2174645.076360945,1358.6663840616848,1233.8859527817272,288.69660914454465,1.3054378586555064,38.41190229242025,25001972.959495213,0.3882581808420955,210778.88201534114,831.1530454145872,82.0290616414356,7.530554855448278
02P23RR126,Trent 1000-AE3,APPROACH,ATJ-SPK,0.3052826104671048,5.54869153423038,33.44101742874005,2174645.0763609456,1357.1849884503633,1234.0384647772155,288.7744441648793,1.305496070799154,38.4096552927004,25001972.959495213,0.38865667183374947,210199.33526897922,829.7059877765195,81.9687587084992,7.508682068746608
02P23RR126,Trent 1000-AE3,IDLE,Jet-A1,0.29534021495306023,2.9101849048211323,25.78533526531491,1014143.6672111638,1207.3152816331701,1208.942636567244,288.6411203788455,1.313637558236682,15.53329934515839,6194491.113555927,0.27322191464390333,229665.28084055003,877.4502888065119,26.531950860755643,9.129746483199678
02P23RR126,Trent 1000-AE3,IDLE,HEFA-SPK,0.29534021495306023,2.910680962093405,25.780619761194913,1014143.6672111639,1207.0402402136156,1208.970642220971,288.65768808002093,1.3136516624928565,15.533105939884965,6194491.113555927,0.27328124420728994,229589.71802512626,877.1787815597726,26.52884341471868,9.123525515465875
02P23RR126,Trent 1000-AE3,IDLE,FT-SPK,0.29534021495306023,2.910692669286644,25.78009744602913,1014143.6672111639,1206.9450360092053,1209.0440668042238,288.67929637811733,1.3136574819617073,15.53285371447803,6194491.113555927,0.2732906408615213,229580.72032784618,877.0982536336177,26.52840210770767,9.114169538043932
02P23RR126,Trent 1000-AE3,IDLE,ATJ-SPK,0.29534021495306023,2.91358784683923,25.753021976814594,1014143.6672111638,1205.431091774785,1209.1339903962914,288.7546436125278,1.3137343798745287,15.531974213163336,6194491.113555927,0.27362901960510455,229147.27727094395,875.5901639309398,26.51063671787549,9.087101740786187
02P23RR127,Trent 1000-CE3,TAKE-OFF,Jet-A1,0.5409261230079053,8.074287494017526,52.95761730920526,4454724.803517621,1908.4469023163458,1321.6623470138832,289.0923436240497,1.2799736024434043,88.51217062060519,85709076.97893308,0.38390452229456057,380441.3202987637,1175.7855059580552,260.11409869795176,9.59452083000287
02P23RR127,Trent 1000-CE3,TAKE-OFF,HEFA-SPK,0.5409261230079053,8.075371424634772,52.949316931213296,4454724.803517621,1907.994099069636,1321.780992412515,289.12213760330394,1.279978364836392,88.51017798635175,85709076.97893308,0.38396980614195064,380249.020288738,1175.3819747298821,260.08589017928983,9.587899990124301
02P23RR127,Trent 1000-CE3,TAKE-OFF,FT-SPK,0.5409261230079053,8.075225377413236,52.94871994807384,4454724.80351762,1907.7709419409157,1321.9614466739338,289.16118662990664,1.2799778406500206,88.50757933443009,85709076.97893308,0.38397357365878065,380235.83881374745,1175.2373156414842,260.0834110466504,9.577999772976735
02P23RR127,Trent 1000-CE3,TAKE-OFF,ATJ-SPK,0.5409261230079053,8.081722110528395,52.90073900741556,4454724.803517621,1905.345638735637,1322.474455915792,289.2965114749923,1.2800064722941524,88.4985179246011,85709076.97893308,0.38435254222215876,379123.7405739264,1173.0211986756922,259.92056963022964,9.549138206575298
02P23RR127,Trent 1000-CE3,APPROACH,Jet-A1,0.3052826104671048,5.843591466720444,34.18719635431529,2312508.79796894,1370.9480722137216,1235.539501006157,288.65729814173034,1.3048502731052596,41.35363383964483,27504214.319376636,0.39265210099485776,215842.34084196916,832.6424313041539,88.42127537503006,7.534815858895995
02P23RR127,Trent 1000-CE3,APPROACH,HEFA-SPK,0.3052826104671048,5.844395713519933,34.18205215367365,2312508.7979689403,1370.6781459202932,1235.580528746479,288.67441320953895,1.3048606493008517,41.353101890852734,27504214.319376636,0.3927214366501665,215738.52496160884,832.3834552694891,88.40996484433596,7.529762966647508
02P23RR127,Trent 1000-CE3,APPROACH,FT-SPK,0.3052826104671048,5.8443900357669865,34.18151193058848,2312508.797968941,1370.5734830512142,1235.6633444146223,288.6967380908092,1.3048647504177038,41.352408161058406,27504214.319376636,0.39273169223589477,215726.47410923374,832.3058397188664,88.40852554783359,7.522038686340913
02P23RR127,Trent 1000-CE3,APPROACH,ATJ-SPK,0.3052826104671048,5.849107340840811,34.15194662130083,2312508.797968941,1369.098999413893,1235.8201554607606,288.77457221425055,1.304921513095832,41.349989149137414,27504214.319376636,0.39312776422927775,215131.0442283589,830.8681707657679,88.3436658676829,7.500179338772035
02P23RR127,Trent 1000-CE3,IDLE,Jet-A1,0.29534021495306023,3.06128058570023,26.389138915090243,1075007.2953210694,1216.6061956122066,1210.491945673132,288.6411528521961,1.3131104893547159,16.722403637261223,6851396.880674483,0.2782072835160514,235315.90064841602,878.1374908221369,28.66524755380391,9.09718854865004
02P23RR127,Trent 1000-CE3,IDLE,HEFA-SPK,0.29534021495306023,3.0617947918409043,26.38437853509848,1075007.2953210694,1216.3320594965348,1210.5206787332877,288.6577204992872,1.313124329295392,16.722195426437757,6851396.880674483,0.2782668453442863,235237.46270702174,877.8671744093153,28.661893864598643,9.090988620575793
02P23RR127,Trent 1000-CE3,IDLE,FT-SPK,0.29534021495306023,3.061806167463776,26.38385208243917,1075007.2953210694,1216.2364955103726,1210.5944913574301,288.6793288101091,1.313130036838169,16.721923892685098,6851396.880674483,0.27827626050139675,235228.12565930138,877.7867516544223,28.66141723380977,9.081665958496675
02P23RR127,Trent 1000-CE3,IDLE,ATJ-SPK,0.29534021495306023,3.0648079689982635,26.356518187154915,1075007.2953210692,1214.7282116575163,1210.688290245202,288.75467571396064,1.3132054967545341,16.72097706383329,6851396.880674483,0.27861597540111893,234778.20125041108,876.2855261193006,28.64224466753925,9.054687974810573
02P23RR128,Trent 1000-D3,TAKE-OFF,Jet-A1,0.5409261230079053,8.074287494017526,52.95761730920526,4454724.803517621,1908.4469023163458,1321.6623470138832,289.0923436240497,1.2799736024434043,88.51217062060519,85709076.97893308,0.38390452229456057,380441.3202987637,1175.7855059580552,260.11409869795176,9.59452083000287
02P23RR128,Trent 1000-D3,TAKE-OFF,HEFA-SPK,0.5409261230079053,8.075371424634772,52.949316931213296,4454724.803517621,1907.994099069636,1321.780992412515,289.12213760330394,1.279978364836392,88.51017798635175,85709076.97893308,0.38396980614195064,380249.020288738,1175.3819747298821,260.08589017928983,9.587899990124301
02P23RR128,Trent 1000-D3,TAKE-OFF,FT-SPK,0.5409261230079053,8.075225377413236,52.94871994807384,4454724.80351762,1907.7709419409157,1321.9614466739338,289.16118662990664,1.2799778406500206,88.50757933443009,85709076.97893308,0.38397357365878065,380235.83881374745,1175.2373156414842,260.0834110466504,9.577999772976735
02P23RR128,Trent 1000-D3,TAKE-OFF,ATJ-SPK,0.5409261230079053,8.081722110528395,52.90073900741556,4454724.803517621,1905.345638735637,1322.474455915792,289.2965114749923,1.2800064722941524,88.4985179246011,85709076.97893308,0.38435254222215876,379123.7405739264,1173.0211986756922,259.92056963022964,9.549138206575298
02P23RR128,Trent 1000-D3,APPROACH,Jet-A1,0.3052826104671048,5.843591466720444,34.18719635431529,2312508.79796894,1370.9480722137216,1235.539501006157,288.65729814173034,1.3048502731052596,41.35363383964483,27504214.319376636,0.39265210099485776,215842.34084196916,832.6424313041539,88.42127537503006,7.534815858895995
02P23RR128,Trent 1000-D3,APPROACH,HEFA-SPK,0.3052826104671048,5.844395713519933,34.18205215367365,2312508.7979689403,1370.6781459202932,1235.580528746479,288.67441320953895,1.3048606493008517,41.353101890852734,27504214.319376636,0.3927214366501665,215738.52496160884,832.3834552694891,88.40996484433596,7.529762966647508
02P23RR128,Trent 1000-D3,APPROACH,FT-SPK,0.3052826104671048,5.8443900357669865,34.18151193058848,2312508.797968941,1370.5734830512142,1235.6633444146223,288.6967380908092,1.3048647504177038,41.352408161058406,27504214.319376636,0.39273169223589477,215726.47410923374,832.3058397188664,88.40852554783359,7.522038686340913
02P23RR128,Trent 1000-D3,APPROACH,ATJ-SPK,0.3052826104671048,5.849107340840811,34.15194662130083,2312508.797968941,1369.098999413893,1235.8201554607606,288.77457221425055,1.304921513095832,41.349989149137414,27504214.319376636,0.39312776422927775,215131.0442283589,830.8681707657679,88.3436658676829,7.500179338772035
02P23RR128,Trent 1000-D3,IDLE,Jet-A1,0.29534021495306023,3.06128058570023,26.389138915090243,1075007.2953210694,1216.6061956122066,1210.491945673132,288.6411528521961,1.3131104893547159,16.722403637261223,6851396.880674483,0.2782072835160514,235315.90064841602,878.1374908221369,28.66524755380391,9.09718854865004
02P23RR128,Trent 1000-D3,IDLE,HEFA-SPK,0.29534021495306023,3.0617947918409043,26.38437853509848,1075007.2953210694,1216.3320594965348,1210.5206787332877,288.6577204992872,1.313124329295392,16.722195426437757,6851396.880674483,0.2782668453442863,235237.46270702174,877.8671744093153,28.661893864598643,9.090988620575793
02P23RR128,Trent 1000-D3,IDLE,FT-SPK,0.29534021495306023,3.061806167463776,26.38385208243917,1075007.2953210694,1216.2364955103726,1210.5944913574301,288.6793288101091,1.313130036838169,16.721923892685098,6851396.880674483,0.27827626050139675,235228.12565930138,877.7867516544223,28.66141723380977,9.081665958496675
02P23RR128,Trent 1000-D3,IDLE,ATJ-SPK,0.29534021495306023,3.0648079689982635,26.356518187154915,1075007.2953210692,1214.7282116575163,1210.688290245202,288.75467571396064,1.3132054967545341,16.72097706383329,6851396.880674483,0.27861597540111893,234778.20125041108,876.2855261193006,28.64224466753925,9.054687974810573
02P23RR129,Trent 1000-G3,TAKE-OFF,Jet-A1,0.5409261230079053,7.871800980604163,52.534611793607176,4328830.406896469,1902.2288802121166,1321.007131148214,289.0904166755449,1.2801489816193898,85.60319578694322,82220962.18609637,0.38222988823115805,375271.35289216205,1175.1401479385581,251.5643067483313,9.594561884292553
02P23RR129,Trent 1000-G3,TAKE-OFF,HEFA-SPK,0.5409261230079053,7.8728675063851,52.526312479407856,4328830.406896469,1901.7751710372129,1321.125324718491,289.1202133858622,1.2801538579712275,85.60126864111758,82220962.18609637,0.38229547970427696,375081.57106154057,1174.7351197358582,251.5370272902766,9.587940945041211
02P23RR129,Trent 1000-G3,TAKE-OFF,FT-SPK,0.5409261230079053,7.872726589420614,52.52571047205824,4328830.406896469,1901.5523795029899,1321.3054477509465,289.1592632505915,1.2801534003543973,85.59875539454741,82220962.18609637,0.38229937346046106,375068.39633827953,1174.590096216748,251.5345995859785,9.578041830212346
02P23RR129,Trent 1000-G3,TAKE-OFF,ATJ-SPK,0.5409261230079053,7.879116281207201,52.477740707431,4328830.40689647,1899.1214094876082,1321.8161377323906,289.29460314568234,1.2801826339258673,85.58999179024013,82220962.18609637,0.38268002224410425,373971.0172738054,1172.3655862606356,251.37715114661043,9.549178600058726
02P23RR129,Trent 1000-G3,APPROACH,Jet-A1,0.3052826104671048,5.7045676155792755,33.869406577109615,2248500.641508086,1365.487824912736,1234.7273059458612,288.65723779318967,1.305111901866668,39.99453622316411,26339285.427025236,0.39061097243314924,213573.97470557384,832.1132977779464,85.47274337136878,7.538566349384543
02P23RR129,Trent 1000-G3,APPROACH,HEFA-SPK,0.3052826104671048,5.705359334360055,33.86427098663484,2248500.6415080857,1365.2173927145225,1234.7679608333979,288.6743529253691,1.305122400693179,39.99402175700337,26339285.427025236,0.3906805095196535,213471.42206986243,831.85356612372,85.46180004320665,7.533511820283881
02P23RR129,Trent 1000-G3,APPROACH,FT-SPK,0.3052826104671048,5.705354706519842,33.863730355882076,2248500.6415080857,1365.1129280708158,1234.8505548971712,288.6966777716319,1.3051265600144304,39.993350826813874,26339285.427025236,0.3906908272950144,213459.49242182728,831.7758288517092,85.46040418977745,7.525784095176029
02P23RR129,Trent 1000-G3,APPROACH,ATJ-SPK,0.3052826104671048,5.7099976113989515,33.83421579679193,2248500.6415080857,1363.6352843382485,1235.0054022745996,288.7745123096071,1.305183983499303,39.991011316330386,26339285.427025236,0.39108802133161885,212871.32630979051,830.3338591684235,85.39765272580632,7.503918663815973
02P23RR129,Trent 1000-G3,IDLE,Jet-A1,0.29534021495306023,2.9912945250378624,26.118977274010867,1046749.1822700418,1212.342211075955,1209.7818992061636,288.64113765553594,1.3133518238511601,16.17281761990277,6545104.6878780145,0.2759297957458036,232723.94985896532,877.8208723997508,27.67846880024539,9.111876376272956
02P23RR129,Trent 1000-G3,IDLE,HEFA-SPK,0.29534021495306023,2.991800372796066,26.11423597571963,1046749.182270042,1212.0676593234173,1209.8102992342556,288.65770532770864,1.3133657846020175,16.172616251980582,6545104.6878780145,0.275989255526865,232646.83189521506,877.5500083785575,27.675229002680393,9.1056669502453
02P23RR129,Trent 1000-G3,IDLE,FT-SPK,0.29534021495306023,2.9918119085983976,26.113711245309453,1046749.182270042,1211.9722601579645,1209.8839338960393,288.67931363431444,1.313371543395318,16.17235364225326,6545104.6878780145,0.2759986631013376,232637.65045029687,877.4695366384598,27.67476870139956,9.09632926146634
02P23RR129,Trent 1000-G3,IDLE,ATJ-SPK,0.29534021495306023,2.994764597752656,26.08648727015323,1046749.1822700419,1210.4613779261713,1209.9759588367936,288.75466068994064,1.3134476604815861,16.171437931170704,6545104.6878780145,0.27633779053240826,232195.2927832046,875.9651552252387,27.656246984896462,9.069310720188387
02P23RR130,Trent 1000-H3,TAKE-OFF,Jet-A1,0.5409261230079053,7.180552519246812,51.08016164377855,3902726.295255654,1880.1236145966468,1318.641955177015,289.08384819519506,1.2807843930661214,75.92424315857707,70809451.5799385,0.37618152749262684,356998.12681829213,1172.8558413827213,223.01915803858898,9.598922621153916
02P23RR130,Trent 1000-H3,TAKE-OFF,HEFA-SPK,0.5409261230079053,7.181557650591306,51.0718626770363,3902726.295255654,1879.6666683192002,1318.7585194156775,289.1136543398137,1.2807896820992855,75.92253391061125,70809451.5799385,0.3762481888558329,356817.3730440615,1172.4454887114234,222.9949547338357,9.592299501280714
02P23RR130,Trent 1000-H3,TAKE-OFF,FT-SPK,0.5409261230079053,7.181433824149481,51.07124379591672,3902726.2952556545,1879.4452082108642,1318.9374572969957,289.15270703557326,1.2807894630039613,75.9203048309378,70809451.5799385,0.37625251900908396,356804.2989393961,1172.2992142819742,222.99271263704765,9.582399748129822
02P23RR130,Trent 1000-H3,TAKE-OFF,ATJ-SPK,0.5409261230079053,7.187446923832961,51.02329271183566,3902726.295255654,1876.9939642236366,1319.4397744879716,289.2880991501273,1.280820879173209,75.91253210682096,70809451.5799385,0.37663901479833817,355759.61548920436,1170.0448067560187,222.85310513417375,9.553524452842453
02P23RR130,Trent 1000-H3,APPROACH,Jet-A1,0.3052826104671048,5.229176154462994,32.77083751170752,2031857.6504098065,1346.10164011053,1231.81215470745,288.65703942227475,1.3060546825693624,35.47244779014649,22540196.13449964,0.3832164947310557,205493.64519970192,830.2532880356478,75.63480160888246,7.555883028688639
02P23RR130,Trent 1000-H3,APPROACH,HEFA-SPK,0.3052826104671048,5.229923873180575,32.765730802503924,2031857.650409807,1345.8293905469104,1231.8514667242098,288.67415477495683,1.3060656263861536,35.47199149346824,22540196.13449964,0.38328671442117396,205395.62704107154,829.9908652727341,75.62507152905893,7.550821515019866
02P23RR130,Trent 1000-H3,APPROACH,FT-SPK,0.3052826104671048,5.2299226338701414,32.765188896615506,2031857.6504098063,1345.7256372245834,1231.9332700501498,288.696479507647,1.30606999472699,35.471396423782096,22540196.13449964,0.38329724220509576,205384.14664171083,829.9127117117054,75.62382151193972,7.543077512954468
02P23RR130,Trent 1000-H3,APPROACH,ATJ-SPK,0.3052826104671048,5.2343045274953255,32.73584446970253,2031857.6504098068,1344.2366421999457,1232.0810376021223,288.77431545947775,1.306129818309309,35.46932143626338,22540196.13449964,0.38369824038195843,204822.04083096355,828.4554079308742,75.56803327750625,7.5211876678661
02P23RR130,Trent 1000-H3,IDLE,Jet-A1,0.29534021495306023,2.7522432371663097,25.177872122587914,951106.3380973331,1197.2479717847675,1207.2550752882753,288.64108777537325,1.3142136868140377,14.344195053055563,5550668.712391255,0.2677231804194071,223531.07700169345,876.716937027865,24.397342384021044,9.168490764905625
02P23RR130,Trent 1000-H3,IDLE,HEFA-SPK,0.29534021495306023,2.752719897175649,25.173198895438883,951106.3380973331,1196.9719515569966,1207.2822855296085,288.65765553266795,1.3142280819681802,14.344016453332177,5550668.712391255,0.2677822157572537,223458.62381349722,876.44415016978,24.394480775900913,9.162244962948906
02P23RR130,Trent 1000-H3,IDLE,FT-SPK,0.29534021495306023,2.7527318927240048,25.172680439746678,951106.338097333,1196.877139914701,1207.355288539233,288.679263814952,1.3142340237970098,14.343783536270964,5550668.712391255,0.2677915839385719,223449.99478877964,876.3635148370756,24.394074867132023,9.15284931966717
02P23RR130,Trent 1000-H3,IDLE,ATJ-SPK,0.29534021495306023,2.7555131750638147,25.145848459032145,951106.3380973331,1195.357072066599,1207.4409718104785,288.7546113943342,1.314312505155225,14.342971362493387,5550668.712391255,0.26812827390148,223034.3764796131,874.8480436374547,24.377714202540638,9.12567584990303
02P23RR131,Trent 1000-J3,TAKE-OFF,Jet-A1,0.5409261230079053,8.384339345275576,53.46769403411466,4648408.490627082,1917.7606893124366,1322.6354902892513,289.0952966900567,1.2797136468232677,92.79629719381641,90947932.30398424,0.3863915307866147,388208.74242971174,1176.7542008866108,272.7289006451582,9.593645719172107
02P23RR131,Trent 1000-J3,TAKE-OFF,HEFA-SPK,0.5409261230079053,8.385449440557654,53.459412258237464,4648408.490627082,1917.3092401198394,1322.7548072778936,289.12508653882077,1.2797182402341225,92.7942081129693,90947932.30398424,0.3864563485249072,388012.6907292201,1176.352912190062,272.6993308301162,9.587025246316053
02P23RR131,Trent 1000-J3,TAKE-OFF,FT-SPK,0.5409261230079053,8.385295431901769,53.45882452834315,4648408.490627082,1917.085542776851,1322.935755911688,289.1641342737358,1.2797176167552091,92.7914836822573,90947932.30398424,0.38645992413254654,387999.5178659802,1176.2088093597074,272.6967815978242,9.577124171789835
02P23RR131,Trent 1000-J3,TAKE-OFF,ATJ-SPK,0.5409261230079053,8.391953330795513,53.4109432861553,4648408.490627082,1914.6687030577586,1323.4522103664915,289.2994362584954,1.279745356297119,92.7819836861145,90947932.30398424,0.38683634771494635,386865.47135912033,1174.005254882782,272.5260329588643,9.548265588483416
02P23RR131,Trent 1000-J3,APPROACH,Jet-A1,0.3052826104671048,6.056273370652375,34.5832272219203,2410982.8848317936,1379.132436208492,1236.7495031020258,288.6573924860489,1.304461337937416,43.35521396573459,29259792.34667335,0.3956782592156199,219236.03328622135,833.439714621719,92.77293379195342,7.52897375399028
02P23RR131,Trent 1000-J3,APPROACH,HEFA-SPK,0.3052826104671048,6.057096503088999,34.578082717559326,2410982.8848317936,1378.863263193688,1236.7910853259466,288.6745074552283,1.3044715325023997,43.3546562697945,29259792.34667335,0.395747285978689,219130.3359552781,833.1818690490672,92.76108335495245,7.5239234215233735
02P23RR131,Trent 1000-J3,APPROACH,FT-SPK,0.3052826104671048,6.0570891695489335,34.57754450812499,2410982.884831794,1378.7583049600123,1236.8742322313408,288.69683239148884,1.3044755469179607,43.35392896240033,29259792.34667335,0.39575744593969814,219118.1080627297,833.1044396208904,92.75958082785888,7.516204515411577
02P23RR131,Trent 1000-J3,APPROACH,ATJ-SPK,0.3052826104671048,6.061918702312982,34.54797547830001,2410982.884831794,1377.2885268332254,1237.033961827807,288.77466587772363,1.3045313313679605,43.351392866544124,29259792.34667335,0.3961517977848622,218511.85637906333,831.6732008597787,92.69162081311453,7.494354703435501
02P23RR131,Trent 1000-J3,IDLE,Jet-A1,0.29534021495306023,3.168410057135792,26.730964507128693,1118481.3153995732,1223.0073415672614,1211.554612561082,288.6411766311382,1.3127499995059648,17.531793953734574,7315107.124269675,0.28159327133166684,239202.35186066997,878.6167033926911,30.12452136334798,9.075496492336823
02P23RR131,Trent 1000-J3,IDLE,HEFA-SPK,0.29534021495306023,3.1689369025014336,26.726187631066686,1118481.3153995732,1222.7338296414148,1211.583842981442,288.65774423958925,1.3127636596614745,17.53157566518377,7315107.124269675,0.2816529722907023,239121.93141544898,878.3472122025171,30.120999600972784,9.06931054860355
02P23RR131,Trent 1000-J3,IDLE,FT-SPK,0.29534021495306023,3.168948011234477,26.725659966230825,1118481.3153995732,1222.6380191818675,1211.6579223546,288.6793525656025,1.312769290658176,17.53129098877562,7315107.124269675,0.28166239598877196,239112.36135349792,878.2668652721366,30.120498872831035,9.060010066884649
02P23RR131,Trent 1000-J3,IDLE,ATJ-SPK,0.29534021495306023,3.1720241022027142,26.698230791008037,1118481.3153995734,1221.1336364318975,1211.7543695356549,288.75469922730684,1.3128437728811346,17.53029833193636,7315107.124269675,0.2820029132236594,238651.0718719152,876.7703935227014,30.10036584059381,9.033091744070752
02P23RR132,Trent 1000-K3,TAKE-OFF,Jet-A1,0.5409261230079053,8.384339345275576,53.46769403411466,4648408.490627082,1917.7606893124366,1322.6354902892513,289.0952966900567,1.2797136468232677,92.79629719381641,90947932.30398424,0.3863915307866147,388208.74242971174,1176.7542008866108,272.7289006451582,9.593645719172107
02P23RR132,Trent 1000-K3,TAKE-OFF,HEFA-SPK,0.5409261230079053,8.385449440557654,53.459412258237464,4648408.490627082,1917.3092401198394,1322.7548072778936,289.12508653882077,1.2797182402341225,92.7942081129693,90947932.30398424,0.3864563485249072,388012.6907292201,1176.352912190062,272.6993308301162,9.587025246316053
02P23RR132,Trent 1000-K3,TAKE-OFF,FT-SPK,0.5409261230079053,8.385295431901769,53.45882452834315,4648408.490627082,1917.085542776851,1322.935755911688,289.1641342737358,1.2797176167552091,92.7914836822573,90947932.30398424,0.38645992413254654,387999.5178659802,1176.2088093597074,272.6967815978242,9.577124171789835
02P23RR132,Trent 1000-K3,TAKE-OFF,ATJ-SPK,0.5409261230079053,8.391953330795513,53.4109432861553,4648408.490627082,1914.6687030577586,1323.4522103664915,289.2994362584954,1.279745356297119,92.7819836861145,90947932.30398424,0.38683634771494635,386865.47135912033,1174.005254882782,272.5260329588643,9.548265588483416
02P23RR132,Trent 1000-K3,APPROACH,Jet-A1,0.3052826104671048,6.056273370652375,34.5832272219203,2410982.8848317936,1379.132436208492,1236.7495031020258,288.6573924860489,1.304461337937416,43.35521396573459,29259792.34667335,0.3956782592156199,219236.03328622135,833.439714621719,92.77293379195342,7.52897375399028
02P23RR132,Trent 1000-K3,APPROACH,HEFA-SPK,0.3052826104671048,6.057096503088999,34.578082717559326,2410982.8848317936,1378.863263193688,1236.7910853259466,288.6745074552283,1.3044715325023997,43.3546562697945,29259792.34667335,0.395747285978689,219130.3359552781,833.1818690490672,92.76108335495245,7.5239234215233735
02P23RR132,Trent 1000-K3,APPROACH,FT-SPK,0.3052826104671048,6.0570891695489335,34.57754450812499,2410982.884831794,1378.7583049600123,1236.8742322313408,288.69683239148884,1.3044755469179607,43.35392896240033,29259792.34667335,0.39575744593969814,219118.1080627297,833.1044396208904,92.75958082785888,7.516204515411577
02P23RR132,Trent 1000-K3,APPROACH,ATJ-SPK,0.3052826104671048,6.061918702312982,34.54797547830001,2410982.884831794,1377.2885268332254,1237.033961827807,288.77466587772363,1.3045313313679605,43.351392866544124,29259792.34667335,0.3961517977848622,218511.85637906333,831.6732008597787,92.69162081311453,7.494354703435501
02P23RR132,Trent 1000-K3,IDLE,Jet-A1,0.29534021495306023,3.168410057135792,26.730964507128693,1118481.3153995732,1223.0073415672614,1211.554612561082,288.6411766311382,1.3127499995059648,17.531793953734574,7315107.124269675,0.28159327133166684,239202.35186066997,878.6167033926911,30.12452136334798,9.075496492336823
02P23RR132,Trent 1000-K3,IDLE,HEFA-SPK,0.29534021495306023,3.1689369025014336,26.726187631066686,1118481.3153995732,1222.7338296414148,1211.583842981442,288.65774423958925,1.3127636596614745,17.53157566518377,7315107.124269675,0.2816529722907023,239121.93141544898,878.3472122025171,30.120999600972784,9.06931054860355
02P23RR132,Trent 1000-K3,IDLE,FT-SPK,0.29534021495306023,3.168948011234477,26.725659966230825,1118481.3153995732,1222.6380191818675,1211.6579223546,288.6793525656025,1.312769290658176,17.53129098877562,7315107.124269675,0.28166239598877196,239112.36135349792,878.2668652721366,30.120498872831035,9.060010066884649
02P23RR132,Trent 1000-K3,IDLE,ATJ-SPK,0.29534021495306023,3.1720241022027142,26.698230791008037,1118481.3153995734,1221.1336364318975,1211.7543695356549,288.75469922730684,1.3128437728811346,17.53029833193636,7315107.124269675,0.2820029132236594,238651.0718719152,876.7703935227014,30.10036584059381,9.033091744070752
02P23RR133,Trent 1000-L3,TAKE-OFF,Jet-A1,0.5409261230079053,8.074287494017526,52.95761730920526,4454724.803517621,1908.4469023163458,1321.6623470138832,289.0923436240497,1.2799736024434043,88.51217062060519,85709076.97893308,0.38390452229456057,380441.3202987637,1175.7855059580552,260.11409869795176,9.59452083000287
02P23RR133,Trent 1000-L3,TAKE-OFF,HEFA-SPK,0.5409261230079053,8.075371424634772,52.949316931213296,4454724.803517621,1907.994099069636,1321.780992412515,289.12213760330394,1.279978364836392,88.51017798635175,85709076.97893308,0.38396980614195064,380249.020288738,1175.3819747298821,260.08589017928983,9.587899990124301
02P23RR133,Trent 1000-L3,TAKE-OFF,FT-SPK,0.5409261230079053,8.075225377413236,52.94871994807384,4454724.80351762,1907.7709419409157,1321.9614466739338,289.16118662990664,1.2799778406500206,88.50757933443009,85709076.97893308,0.38397357365878065,380235.83881374745,1175.2373156414842,260.0834110466504,9.577999772976735
02P23RR133,Trent 1000-L3,TAKE-OFF,ATJ-SPK,0.5409261230079053,8.081722110528395,52.90073900741556,4454724.803517621,1905.345638735637,1322.474455915792,289.2965114749923,1.2800064722941524,88.4985179246011,85709076.97893308,0.38435254222215876,379123.7405739264,1173.0211986756922,259.92056963022964,9.549138206575298
02P23RR133,Trent 1000-L3,APPROACH,Jet-A1,0.3052826104671048,5.843591466720444,34.18719635431529,2312508.79796894,1370.9480722137216,1235.539501006157,288.65729814173034,1.3048502731052596,41.35363383964483,27504214.319376636,0.39265210099485776,215842.34084196916,832.6424313041539,88.42127537503006,7.534815858895995
02P23RR133,Trent 1000-L3,APPROACH,HEFA-SPK,0.3052826104671048,5.844395713519933,34.18205215367365,2312508.7979689403,1370.6781459202932,1235.580528746479,288.67441320953895,1.3048606493008517,41.353101890852734,27504214.319376636,0.3927214366501665,215738.52496160884,832.3834552694891,88.40996484433596,7.529762966647508
02P23RR133,Trent 1000-L3,APPROACH,FT-SPK,0.3052826104671048,5.8443900357669865,34.18151193058848,2312508.797968941,1370.5734830512142,1235.6633444146223,288.6967380908092,1.3048647504177038,41.352408161058406,27504214.319376636,0.39273169223589477,215726.47410923374,832.3058397188664,88.40852554783359,7.522038686340913
02P23RR133,Trent 1000-L3,APPROACH,ATJ-SPK,0.3052826104671048,5.849107340840811,34.15194662130083,2312508.797968941,1369.098999413893,1235.8201554607606,288.77457221425055,1.304921513095832,41.349989149137414,27504214.319376636,0.39312776422927775,215131.0442283589,830.8681707657679,88.3436658676829,7.500179338772035
02P23RR133,Trent 1000-L3,IDLE,Jet-A1,0.29534021495306023,3.06128058570023,26.389138915090243,1075007.2953210694,1216.6061956122066,1210.491945673132,288.6411528521961,1.3131104893547159,16.722403637261223,6851396.880674483,0.2782072835160514,235315.90064841602,878.1374908221369,28.66524755380391,9.09718854865004
02P23RR133,Trent 1000-L3,IDLE,HEFA-SPK,0.29534021495306023,3.0617947918409043,26.38437853509848,1075007.2953210694,1216.3320594965348,1210.5206787332877,288.6577204992872,1.313124329295392,16.722195426437757,6851396.880674483,0.2782668453442863,235237.46270702174,877.8671744093153,28.661893864598643,9.090988620575793
02P23RR133,Trent 1000-L3,IDLE,FT-SPK,0.29534021495306023,3.061806167463776,26.38385208243917,1075007.2953210694,1216.2364955103726,1210.5944913574301,288.6793288101091,1.313130036838169,16.721923892685098,6851396.880674483,0.27827626050139675,235228.12565930138,877.7867516544223,28.66141723380977,9.081665958496675
02P23RR133,Trent 1000-L3,IDLE,ATJ-SPK,0.29534021495306023,3.0648079689982635,26.356518187154915,1075007.2953210692,1214.7282116575163,1210.688290245202,288.75467571396064,1.3132054967545341,16.72097706383329,6851396.880674483,0.27861597540111893,234778.20125041108,876.2855261193006,28.64224466753925,9.054687974810573
02P23RR134,Trent 1000-M3,TAKE-OFF,Jet-A1,0.5409261230079053,8.507877280922672,53.772476386348146,4725881.965470866,1921.4047432150176,1323.0135343796678,289.0964741463113,1.2796128289836535,94.70035344857699,93249591.13290128,0.38735769770446504,391255.27320741955,1177.1338255248095,278.2871974392761,9.594946643765702
02P23RR134,Trent 1000-M3,TAKE-OFF,HEFA-SPK,0.5409261230079053,8.508997641604635,53.764185888768495,4725881.965470868,1920.953822993003,1323.1331124561639,289.12626235751077,1.2796173568191793,94.69822150257713,93249591.13290128,0.3874223313636606,391057.7606449296,1176.7334144471172,278.2570126495882,9.588325698130527
02P23RR134,Trent 1000-M3,TAKE-OFF,FT-SPK,0.5409261230079053,8.5088404255629,53.7636007367701,4725881.965470867,1920.7299167169497,1323.3142539381906,289.1653095753987,1.2796166946276513,94.69544117018052,93249591.13290128,0.38742583097260885,391044.59743722866,1176.5895326589357,278.2544320875415,9.578422570598859
02P23RR134,Trent 1000-M3,TAKE-OFF,ATJ-SPK,0.5409261230079053,8.515561638264451,53.71566590966125,4725881.965470868,1918.316381221012,1323.8320470999358,289.30060252100867,1.2796440881879227,94.68574624678715,93249591.13290128,0.38780124973119995,389901.99837637355,1174.3908912036707,278.08011085158205,9.549563257691696
02P23RR134,Trent 1000-M3,APPROACH,Jet-A1,0.3052826104671048,6.140950898139685,34.806176357863635,2450372.5195769356,1382.336408229251,1237.2207578522923,288.65743072328746,1.3043101314036254,44.24480513288561,30029771.087857526,0.3968521983164268,220562.4728822537,833.7531658106392,94.69108354753457,7.527815050582069
02P23RR134,Trent 1000-M3,APPROACH,HEFA-SPK,0.3052826104671048,6.141781458271975,34.80102181321099,2450372.5195769356,1382.067528452218,1237.262555716477,288.67454565250216,1.304320255569152,44.24423599376864,30029771.087857526,0.3969211019704217,220456.0430305795,833.4957620614266,94.67898993753697,7.522765348869681
02P23RR134,Trent 1000-M3,APPROACH,FT-SPK,0.3052826104671048,6.1417734491283325,34.80048338085955,2450372.5195769356,1381.9624551657175,1237.3458319888553,288.69687061121226,1.3043242362190142,44.24349376299676,30029771.087857526,0.396931223724715,220443.74738568836,833.4184066951777,94.67745910871635,7.515047411435032
02P23RR134,Trent 1000-M3,APPROACH,ATJ-SPK,0.3052826104671048,6.1466471446670985,34.77085584326683,2450372.5195769356,1380.494508877007,1237.5066960695333,288.77470384435065,1.3043796416805238,44.240905629836,30029771.087857526,0.3973248901729118,219833.28125040256,831.9896797531424,94.60810245576249,7.49320029081999
02P23RR134,Trent 1000-M3,IDLE,Jet-A1,0.29534021495306023,3.2110832464420476,26.916922280310697,1135870.9234309744,1225.5163705644177,1211.9700480555716,288.641186276587,1.3126092968874166,17.89152298327829,7518068.3567558825,0.2829097763951215,240724.11340978008,878.8058081994775,30.768699395429863,9.067808973764029
02P23RR134,Trent 1000-M3,IDLE,HEFA-SPK,0.29534021495306023,3.211615075580498,26.912129870598385,1135870.9234309746,1225.2431033078917,1211.99947256736,288.65775386960496,1.3126228870896426,17.89130021573756,7518068.3567558825,0.28296952739694264,240642.91572979806,878.5366414184941,30.7651029990159,9.061628071165947
02P23RR134,Trent 1000-M3,IDLE,FT-SPK,0.29534021495306023,3.211626070881632,26.91160073876764,1135870.9234309746,1225.1471965528283,1212.0736563582893,288.6793622005016,1.312628488205898,17.89100969814919,7518068.3567558825,0.2829789535273207,240633.25455024838,878.4563249553782,30.7645916253507,9.052335449508897
02P23RR134,Trent 1000-M3,IDLE,ATJ-SPK,0.29534021495306023,3.214731462773235,26.884082139617167,1135870.9234309746,1223.6443426276762,1212.1711366990555,288.7547087665538,1.312702590112097,17.88999667331551,7518068.3567558825,0.2833197598431514,240167.5092769757,876.9617213409722,30.744032028059685,9.025438767201845
02P23RR135,Trent 1000-N3,TAKE-OFF,Jet-A1,0.5409261230079053,8.507877280922672,53.772476386348146,4725881.965470866,1921.4047432150176,1323.0135343796678,289.0964741463113,1.2796128289836535,94.70035344857699,93249591.13290128,0.38735769770446504,391255.27320741955,1177.1338255248095,278.2871974392761,9.594946643765702
02P23RR135,Trent 1000-N3,TAKE-OFF,HEFA-SPK,0.5409261230079053,8.508997641604635,53.764185888768495,4725881.965470868,1920.953822993003,1323.1331124561639,289.12626235751077,1.2796173568191793,94.69822150257713,93249591.13290128,0.3874223313636606,391057.7606449296,1176.7334144471172,278.2570126495882,9.588325698130527
02P23RR135,Trent 1000-N3,TAKE-OFF,FT-SPK,0.5409261230079053,8.5088404255629,53.7636007367701,4725881.965470867,1920.7299167169497,1323.3142539381906,289.1653095753987,1.2796166946276513,94.69544117018052,93249591.13290128,0.38742583097260885,391044.59743722866,1176.5895326589357,278.2544320875415,9.578422570598859
02P23RR135,Trent 1000-N3,TAKE-OFF,ATJ-SPK,0.5409261230079053,8.515561638264451,53.71566590966125,4725881.965470868,1918.316381221012,1323.8320470999358,289.30060252100867,1.2796440881879227,94.68574624678715,93249591.13290128,0.38780124973119995,389901.99837637355,1174.3908912036707,278.08011085158205,9.549563257691696
02P23RR135,Trent 1000-N3,APPROACH,Jet-A1,0.3052826104671048,6.140950898139685,34.806176357863635,2450372.5195769356,1382.336408229251,1237.2207578522923,288.65743072328746,1.3043101314036254,44.24480513288561,30029771.087857526,0.3968521983164268,220562.4728822537,833.7531658106392,94.69108354753457,7.527815050582069
02P23RR135,Trent 1000-N3,APPROACH,HEFA-SPK,0.3052826104671048,6.141781458271975,34.80102181321099,2450372.5195769356,1382.067528452218,1237.262555716477,288.67454565250216,1.304320255569152,44.24423599376864,30029771.087857526,0.3969211019704217,220456.0430305795,833.4957620614266,94.67898993753697,7.522765348869681
02P23RR135,Trent 1000-N3,APPROACH,FT-SPK,0.3052826104671048,6.1417734491283325,34.80048338085955,2450372.5195769356,1381.9624551657175,1237.3458319888553,288.69687061121226,1.3043242362190142,44.24349376299676,30029771.087857526,0.396931223724715,220443.74738568836,833.4184066951777,94.67745910871635,7.515047411435032
02P23RR135,Trent 1000-N3,APPROACH,ATJ-SPK,0.3052826104671048,6.1466471446670985,34.77085584326683,2450372.5195769356,1380.494508877007,1237.5066960695333,288.77470384435065,1.3043796416805238,44.240905629836,30029771.087857526,0.3973248901729118,219833.28125040256,831.9896797531424,94.60810245576249,7.49320029081999
02P23RR135,Trent 1000-N3,IDLE,Jet-A1,0.29534021495306023,3.2110832464420476,26.916922280310697,1135870.9234309744,1225.5163705644177,1211.9700480555716,288.641186276587,1.3126092968874166,17.89152298327829,7518068.3567558825,0.2829097763951215,240724.11340978008,878.8058081994775,30.768699395429863,9.067808973764029
02P23RR135,Trent 1000-N3,IDLE,HEFA-SPK,0.29534021495306023,3.211615075580498,26.912129870598385,1135870.9234309746,1225.2431033078917,1211.99947256736,288.65775386960496,1.3126228870896426,17.89130021573756,7518068.3567558825,0.28296952739694264,240642.91572979806,878.5366414184941,30.7651029990159,9.061628071165947
02P23RR135,Trent 1000-N3,IDLE,FT-SPK,0.29534021495306023,3.211626070881632,26.91160073876764,1135870.9234309746,1225.1471965528283,1212.0736563582893,288.6793622005016,1.312628488205898,17.89100969814919,7518068.3567558825,0.2829789535273207,240633.25455024838,878.4563249553782,30.7645916253507,9.052335449508897
02P23RR135,Trent 1000-N3,IDLE,ATJ-SPK,0.29534021495306023,3.214731462773235,26.884082139617167,1135870.9234309746,1223.6443426276762,1212.1711366990555,288.7547087665538,1.312702590112097,17.88999667331551,7518068.3567558825,0.2833197598431514,240167.5092769757,876.9617213409722,30.744032028059685,9.025438767201845
02P23RR136,Trent 1000-P3,TAKE-OFF,Jet-A1,0.5409261230079053,8.074287494017526,52.95761730920526,4454724.803517621,1908.4469023163458,1321.6623470138832,289.0923436240497,1.2799736024434043,88.51217062060519,85709076.97893308,0.38390452229456057,380441.3202987637,1175.7855059580552,260.11409869795176,9.59452083000287
02P23RR136,Trent 1000-P3,TAKE-OFF,HEFA-SPK,0.5409261230079053,8.075371424634772,52.949316931213296,4454724.803517621,1907.994099069636,1321.780992412515,289.12213760330394,1.279978364836392,88.51017798635175,85709076.97893308,0.38396980614195064,380249.020288738,1175.3819747298821,260.08589017928983,9.587899990124301
02P23RR136,Trent 1000-P3,TAKE-OFF,FT-SPK,0.5409261230079053,8.075225377413236,52.94871994807384,4454724.80351762,1907.7709419409157,1321.9614466739338,289.16118662990664,1.2799778406500206,88.50757933443009,85709076.97893308,0.38397357365878065,380235.83881374745,1175.2373156414842,260.0834110466504,9.577999772976735
02P23RR136,Trent 1000-P3,TAKE-OFF,ATJ-SPK,0.5409261230079053,8.081722110528395,52.90073900741556,4454724.803517621,1905.345638735637,1322.474455915792,289.2965114749923,1.2800064722941524,88.4985179246011,85709076.97893308,0.38435254222215876,379123.7405739264,1173.0211986756922,259.92056963022964,9.549138206575298
02P23RR136,Trent 1000-P3,APPROACH,Jet-A1,0.3052826104671048,5.843591466720444,34.18719635431529,2312508.79796894,1370.9480722137216,1235.539501006157,288.65729814173034,1.3048502731052596,41.35363383964483,27504214.319376636,0.39265210099485776,215842.34084196916,832.6424313041539,88.42127537503006,7.534815858895995
02P23RR136,Trent 1000-P3,APPROACH,HEFA-SPK,0.3052826104671048,5.844395713519933,34.18205215367365,2312508.7979689403,1370.6781459202932,1235.580528746479,288.67441320953895,1.3048606493008517,41.353101890852734,27504214.319376636,0.3927214366501665,215738.52496160884,832.3834552694891,88.40996484433596,7.529762966647508
02P23RR136,Trent 1000-P3,APPROACH,FT-SPK,0.3052826104671048,5.8443900357669865,34.18151193058848,2312508.797968941,1370.5734830512142,1235.6633444146223,288.6967380908092,1.3048647504177038,41.352408161058406,27504214.319376636,0.39273169223589477,215726.47410923374,832.3058397188664,88.40852554783359,7.522038686340913
02P23RR136,Trent 1000-P3,APPROACH,ATJ-SPK,0.3052826104671048,5.849107340840811,34.15194662130083,2312508.797968941,1369.098999413893,1235.8201554607606,288.77457221425055,1.304921513095832,41.349989149137414,27504214.319376636,0.39312776422927775,215131.0442283589,830.8681707657679,88.3436658676829,7.500179338772035
02P23RR136,Trent 1000-P3,IDLE,Jet-A1,0.29534021495306023,3.06128058570023,26.389138915090243,1075007.2953210694,1216.6061956122066,1210.491945673132,288.6411528521961,1.3131104893547159,16.722403637261223,6851396.880674483,0.2782072835160514,235315.90064841602,878.1374908221369,28.66524755380391,9.09718854865004
02P23RR136,Trent 1000-P3,IDLE,HEFA-SPK,0.29534021495306023,3.0617947918409043,26.38437853509848,1075007.2953210694,1216.3320594965348,1210.5206787332877,288.6577204992872,1.313124329295392,16.722195426437757,6851396.880674483,0.2782668453442863,235237.46270702174,877.8671744093153,28.661893864598643,9.090988620575793
02P23RR136,Trent 1000-P3,IDLE,FT-SPK,0.29534021495306023,3.061806167463776,26.38385208243917,1075007.2953210694,1216.2364955103726,1210.5944913574301,288.6793288101091,1.313130036838169,16.721923892685098,6851396.880674483,0.27827626050139675,235228.12565930138,877.7867516544223,28.66141723380977,9.081665958496675
02P23RR136,Trent 1000-P3,IDLE,ATJ-SPK,0.29534021495306023,3.0648079689982635,26.356518187154915,1075007.2953210692,1214.7282116575163,1210.688290245202,288.75467571396064,1.3132054967545341,16.72097706383329,6851396.880674483,0.27861597540111893,234778.20125041108,876.2855261193006,28.64224466753925,9.054687974810573
02P23RR137,Trent 1000-Q3,TAKE-OFF,Jet-A1,0.5409261230079053,8.384339345275576,53.46769403411466,4648408.490627082,1917.7606893124366,1322.6354902892513,289.0952966900567,1.2797136468232677,92.79629719381641,90947932.30398424,0.3863915307866147,388208.74242971174,1176.7542008866108,272.7289006451582,9.593645719172107
02P23RR137,Trent 1000-Q3,TAKE-OFF,HEFA-SPK,0.5409261230079053,8.385449440557654,53.459412258237464,4648408.490627082,1917.3092401198394,1322.7548072778936,289.12508653882077,1.2797182402341225,92.7942081129693,90947932.30398424,0.3864563485249072,388012.6907292201,1176.352912190062,272.6993308301162,9.587025246316053
02P23RR137,Trent 1000-Q3,TAKE-OFF,FT-SPK,0.5409261230079053,8.385295431901769,53.45882452834315,4648408.490627082,1917.085542776851,1322.935755911688,289.1641342737358,1.2797176167552091,92.7914836822573,90947932.30398424,0.38645992413254654,387999.5178659802,1176.2088093597074,272.6967815978242,9.577124171789835
02P23RR137,Trent 1000-Q3,TAKE-OFF,ATJ-SPK,0.5409261230079053,8.391953330795513,53.4109432861553,4648408.490627082,1914.6687030577586,1323.4522103664915,289.2994362584954,1.279745356297119,92.7819836861145,90947932.30398424,0.38683634771494635,386865.47135912033,1174.005254882782,272.5260329588643,9.548265588483416
02P23RR137,Trent 1000-Q3,APPROACH,Jet-A1,0.3052826104671048,6.056273370652375,34.5832272219203,2410982.8848317936,1379.132436208492,1236.7495031020258,288.6573924860489,1.304461337937416,43.35521396573459,29259792.34667335,0.3956782592156199,219236.03328622135,833.439714621719,92.77293379195342,7.52897375399028
02P23RR137,Trent 1000-Q3,APPROACH,HEFA-SPK,0.3052826104671048,6.057096503088999,34.578082717559326,2410982.8848317936,1378.863263193688,1236.7910853259466,288.6745074552283,1.3044715325023997,43.3546562697945,29259792.34667335,0.395747285978689,219130.3359552781,833.1818690490672,92.76108335495245,7.5239234215233735
02P23RR137,Trent 1000-Q3,APPROACH,FT-SPK,0.3052826104671048,6.0570891695489335,34.57754450812499,2410982.884831794,1378.7583049600123,1236.8742322313408,288.69683239148884,1.3044755469179607,43.35392896240033,29259792.34667335,0.39575744593969814,219118.1080627297,833.1044396208904,92.75958082785888,7.516204515411577
02P23RR137,Trent 1000-Q3,APPROACH,ATJ-SPK,0.3052826104671048,6.061918702312982,34.54797547830001,2410982.884831794,1377.2885268332254,1237.033961827807,288.77466587772363,1.3045313313679605,43.351392866544124,29259792.34667335,0.3961517977848622,218511.85637906333,831.6732008597787,92.69162081311453,7.494354703435501
02P23RR137,Trent 1000-Q3,IDLE,Jet-A1,0.29534021495306023,3.168410057135792,26.730964507128693,1118481.3153995732,1223.0073415672614,1211.554612561082,288.6411766311382,1.3127499995059648,17.531793953734574,7315107.124269675,0.28159327133166684,239202.35186066997,878.6167033926911,30.12452136334798,9.075496492336823
02P23RR137,Trent 1000-Q3,IDLE,HEFA-SPK,0.29534021495306023,3.1689369025014336,26.726187631066686,1118481.3153995732,1222.7338296414148,1211.583842981442,288.65774423958925,1.3127636596614745,17.53157566518377,7315107.124269675,0.2816529722907023,239121.93141544898,878.3472122025171,30.120999600972784,9.06931054860355
02P23RR137,Trent 1000-Q3,IDLE,FT-SPK,0.29534021495306023,3.168948011234477,26.725659966230825,1118481.3153995732,1222.6380191818675,1211.6579223546,288.6793525656025,1.312769290658176,17.53129098877562,7315107.124269675,0.28166239598877196,239112.36135349792,878.2668652721366,30.120498872831035,9.060010066884649
02P23RR137,Trent 1000-Q3,IDLE,ATJ-SPK,0.29534021495306023,3.1720241022027142,26.698230791008037,1118481.3153995734,1221.1336364318975,1211.7543695356549,288.75469922730684,1.3128437728811346,17.53029833193636,7315107.124269675,0.2820029132236594,238651.0718719152,876.7703935227014,30.10036584059381,9.033091744070752
02P23RR138,Trent 1000-R3,TAKE-OFF,Jet-A1,0.5409261230079053,8.631146336234364,53.86299634802636,4803355.4403146515,1925.0042130138127,1323.3854630270257,289.0976495058456,1.2795137346940475,96.23417654268964,95197169.69662386,0.3883082860762233,394268.5920834641,1177.50912636891,282.83502977987126,9.593571770330392
02P23RR138,Trent 1000-R3,TAKE-OFF,HEFA-SPK,0.5409261230079053,8.632276851022942,53.8547298171843,4803355.440314652,1924.5538149231174,1323.505298082559,289.1274360876851,1.279518198050064,96.23201006642783,95197169.69662386,0.38837273697245817,394069.64061123494,1177.1095823706405,282.80436573020626,9.586951297920999
02P23RR138,Trent 1000-R3,TAKE-OFF,FT-SPK,0.5409261230079053,8.632116414813273,53.85414955922928,4803355.440314651,1924.3297036163963,1323.6866297346744,289.1664827883792,1.2795174976939243,96.22918470211863,95197169.69662386,0.38837616101136146,394056.4904945333,1176.9659208057292,282.8017637321526,9.577048887682736
02P23RR138,Trent 1000-R3,TAKE-OFF,ATJ-SPK,0.5409261230079053,8.638900301693361,53.80635014072722,4803355.4403146515,1921.9194284049936,1324.2057401835784,289.3017667531936,1.2795445511666634,96.21933275399563,95197169.69662386,0.38875058227480214,392905.4638790343,1174.7721315272975,282.6246555505563,9.548191623288858
02P23RR138,Trent 1000-R3,APPROACH,Jet-A1,0.3052826104671048,6.225408473462807,34.890068598769695,2489762.154322077,1385.502165759664,1237.685042453279,288.6574692419022,1.3041613093127795,44.961420239757246,30686495.738616675,0.3980062793861838,221871.9181215122,834.0636036841604,96.2602535977127,7.525039080540791
02P23RR138,Trent 1000-R3,APPROACH,HEFA-SPK,0.3052826104671048,6.22624639138803,34.884924406239215,2489762.154322077,1385.233574805249,1237.7270526024827,288.6745841328149,1.3041713643064416,44.960841882525564,30686495.738616675,0.39807506023331796,221764.76675238262,833.8066360774351,96.24796837798827,7.519990553477496
02P23RR138,Trent 1000-R3,APPROACH,FT-SPK,0.3052826104671048,6.226237699274309,34.8843878851901,2489762.1543220775,1385.1283881563083,1237.81045653009,288.6969091141343,1.3041753116896675,44.96008763014386,30686495.738616675,0.39808514381700694,221752.4050410357,833.7293545520854,96.24641546570088,7.512275206444822
02P23RR138,Trent 1000-R3,APPROACH,ATJ-SPK,0.3052826104671048,6.231155155615844,34.85481904674389,2489762.154322077,1383.6622461697843,1237.9724371335753,288.77474209315693,1.304230344850195,44.95745757804333,30686495.738616675,0.3984781266481953,221137.78710519522,832.3031064022146,96.1759582304884,7.490432346774069
02P23RR138,Trent 1000-R3,IDLE,Jet-A1,0.29534021495306023,3.2536568391454312,26.994976484826033,1153260.5314623767,1227.9971745644318,1212.3801933087034,288.641195997732,1.3124705104341963,18.18130470152183,7692967.468958093,0.2842056127250157,242227.836057078,878.9934851427593,31.296293971926058,9.059335081789234
02P23RR138,Trent 1000-R3,IDLE,HEFA-SPK,0.29534021495306023,3.254193612240992,26.990187655100858,1153260.5314623762,1227.7241491982227,1212.409809250651,288.65776357528875,1.3124840317557822,18.18107832590588,7692967.468958093,0.2842654107730287,242145.86986427064,878.7246396104227,31.292637190518708,9.053159584125488
02P23RR138,Trent 1000-R3,IDLE,FT-SPK,0.29534021495306023,3.254204490393565,26.989659169145998,1153260.5314623765,1227.628147404823,1212.4840962066392,288.6793719111203,1.3124896033967173,18.180783102922337,7692967.468958093,0.28427483880842414,242136.11872767538,878.6443536846327,31.292117143247175,9.043875619372544
02P23RR138,Trent 1000-R3,IDLE,ATJ-SPK,0.29534021495306023,3.257338953545605,26.96216089624988,1153260.5314623765,1226.1268047752349,1212.5825953620151,288.7547183815059,1.3125633308720754,18.179753670537593,7692967.468958093,0.2846159171913651,241665.96757534682,877.1515996412136,31.271212497841432,9.017001913343872
11RR049,Trent 1000-A,TAKE-OFF,Jet-A1,0.5409261230079053,7.291158726359706,54.457962780924,3970515.585743966,1883.757296953121,1319.0345865607392,289.0848981990909,1.2806786598080742,82.19176166383056,77030927.16150892,0.37718612198618556,359990.18484833546,1173.230187352194,240.48345981634245,9.6366762498324
11RR049,Trent 1000-A,TAKE-OFF,HEFA-SPK,0.5409261230079053,7.292173893822928,54.4491556924932,3970515.585743967,1883.300884809819,1319.151421141534,289.11470281918815,1.2806838801728142,82.18991131807027,77030927.16150892,0.37725261008240807,359807.93966796657,1172.820710444806,240.45705164443106,9.630039477293131
11RR049,Trent 1000-A,TAKE-OFF,FT-SPK,0.5409261230079053,7.292047377535116,54.44850172916242,3970515.585743965,1883.0792024613527,1319.3305546544516,289.1537550653479,1.280683621666378,82.187498228685,77030927.16150892,0.3772568698415832,359794.84112124733,1172.6746368769977,240.45465113600457,9.620100087961033
11RR049,Trent 1000-A,TAKE-OFF,ATJ-SPK,0.5409261230079053,7.298121935765863,54.397611969024915,3970515.5857439665,1880.6313063185055,1319.8342621048143,289.2891387370945,1.280714674377116,82.17908386903503,77030927.16150892,0.37764241835163664,358741.46025373536,1170.4251517725875,240.30227812175772,9.591184357088489
11RR049,Trent 1000-A,APPROACH,Jet-A1,0.3052826104671048,5.305328108085962,34.96683967921142,2066323.5808118063,1349.2855963982527,1232.2942802988675,288.65707035852614,1.3058983551282126,38.40068538201856,24546740.138400137,0.3844470495198398,206823.5418730069,830.556729903327,81.65206097410845,7.576830373230013
11RR049,Trent 1000-A,APPROACH,HEFA-SPK,0.3052826104671048,5.306083000779906,34.961415242699374,2066323.580811806,1349.013647542424,1232.3338149213487,288.6741856759851,1.3059092248195838,38.400191418216394,24546740.138400137,0.3845171607733346,206724.77386546618,830.2947499449313,81.64148186712404,7.571761777050989
11RR049,Trent 1000-A,APPROACH,FT-SPK,0.3052826104671048,5.306081240225781,34.96084033829795,2066323.5808118053,1348.909776589198,1232.41574853657,288.69651042627385,1.3059135585752812,38.3995472257453,24546740.138400137,0.3845276552504252,206713.21773152554,830.2166630529787,81.64012930563028,7.563996586046635
11RR049,Trent 1000-A,APPROACH,ATJ-SPK,0.3052826104671048,5.310505659847842,34.92966948222312,2066323.580811806,1347.4226597239917,1232.5646904983114,288.7743461531072,1.305972982117609,38.39730094876579,24546740.138400137,0.38492804893482,206146.80378160634,828.7618842258697,81.57946669284381,7.542086352308221
11RR049,Trent 1000-A,IDLE,Jet-A1,0.29534021495306023,2.790507297483492,26.88255182640285,966322.2451248097,1199.7220763078421,1207.6706213196612,288.64109554772796,1.3140716238744186,15.528303108636953,6053980.475872992,0.26908399340755706,225039.5935049795,876.8960690357221,26.398018699511695,9.173115426296455
11RR049,Trent 1000-A,IDLE,HEFA-SPK,0.29534021495306023,2.79098869826435,26.87758036022707,966322.2451248094,1199.446296337143,1207.6980277244818,288.6576632914286,1.3140859471058148,15.52810976557172,6053980.475872992,0.2691431052860622,224966.37682999801,876.6235955170979,26.39491675986179,9.166868442595826
11RR049,Trent 1000-A,IDLE,FT-SPK,0.29534021495306023,2.791000629564396,26.87702902649897,966322.2451248094,1199.3513879606044,1207.7711344405593,288.67927157750927,1.3140918587596333,15.527857621292288,6053980.475872992,0.26915248129359737,224957.65714350986,876.5429859480878,26.39447734642675,9.157468133924262
11RR049,Trent 1000-A,IDLE,ATJ-SPK,0.29534021495306023,2.7938097424066237,26.84848447738459,966322.2451248093,1197.8328236008992,1207.8578637096489,288.7546190736544,1.3141699485437177,15.526978402866407,6053980.475872992,0.2694896102646193,224537.66250859466,875.0293228065244,26.37674206834398,9.13029236748066
11RR050,Trent 1000-C,TAKE-OFF,Jet-A1,0.5409261230079053,7.731164213220318,55.30797372296051,4241672.747697213,1897.8442802423208,1320.5424461128907,289.08907907412845,1.2802735327764598,88.51217062060519,84525715.17290182,0.3810420650641555,371633.5044180785,1174.6857765285908,259.0496964125594,9.633943496927886
11RR050,Trent 1000-C,TAKE-OFF,HEFA-SPK,0.5409261230079053,7.732218499548263,55.299187539155895,4241672.747697213,1897.3899311571874,1320.6603193848282,289.1188776865001,1.2802784900338036,88.51017798635175,84525715.17290182,0.3811078717239071,371445.50427345827,1174.279692663501,259.02126002308825,9.62730821268959
11RR050,Trent 1000-C,TAKE-OFF,FT-SPK,0.5409261230079053,7.732081113160686,55.29854650625244,4241672.747697213,1897.1673997864516,1320.8402082865593,289.15792813119975,1.2802780794952258,88.50757933443009,84525715.17290182,0.381111853583645,371432.3401555306,1174.1344154953729,259.018741022228,9.61736916073597
11RR050,Trent 1000-C,TAKE-OFF,ATJ-SPK,0.5409261230079053,7.738395606346469,55.24776631332909,4241672.747697213,1894.7324250656445,1321.3492534901789,289.29327854683135,1.2803077406365593,88.4985179246011,84525715.17290182,0.38149367794306766,370345.369712192,1171.903983509364,258.85460084750014,9.588461761949057
11RR050,Trent 1000-C,APPROACH,Jet-A1,0.3052826104671048,5.6079482360847095,35.62372555468706,2204187.302419801,1361.6394036164015,1234.152506901629,288.65719647048576,1.3052973328221575,41.35363383964483,27044224.101959832,0.38916153488212823,211973.20171087154,831.741723349057,88.05767854755358,7.565927684543711
11RR050,Trent 1000-C,APPROACH,HEFA-SPK,0.3052826104671048,5.608731160129924,35.61829465215755,2204187.3024198012,1361.368613257663,1234.1928975859887,288.67431164748905,1.3053079187871888,41.353101890852734,27044224.101959832,0.3892312116075834,211871.54318285763,831.4814584748472,88.04630208593534,7.560863584228031
11RR050,Trent 1000-C,APPROACH,FT-SPK,0.3052826104671048,5.608727246537481,35.61772198102675,2204187.3024198017,1361.2642888864793,1234.2753351661986,288.6966364699177,1.3053121193063664,41.352408161058406,27044224.101959832,0.38924157242635177,211859.70040533354,831.4036365924666,88.04485426924582,7.553108638689098
11RR050,Trent 1000-C,APPROACH,ATJ-SPK,0.3052826104671048,5.613317944380181,35.58651116255475,2204187.3024198012,1359.7844079918677,1234.4287905407552,288.7744712960756,1.3053700125080883,41.349989149137414,27044224.101959832,0.3896395444472831,211276.6744681634,829.9586307153978,87.97961480548466,7.531214349109305
11RR050,Trent 1000-C,IDLE,Jet-A1,0.29534021495306023,2.9426753202992173,27.45275976484482,1027185.873234715,1209.3401707123908,1209.2809769565888,288.6411272560797,1.313522304460291,16.722403637261223,6708493.729560709,0.2743156693907474,230897.70849852863,877.5992122623005,28.540378832287534,9.136990203356117
11RR050,Trent 1000-C,IDLE,HEFA-SPK,0.29534021495306023,2.943175312948138,27.44775427726855,1027185.873234715,1209.0653264811654,1209.3091416940827,288.6576949456969,1.3135363507711808,16.722195426437757,6708493.729560709,0.27437505271440027,230821.5194110985,877.3279637927421,28.537029229946977,9.130766516290999
11RR050,Trent 1000-C,IDLE,FT-SPK,0.29534021495306023,2.943186953352809,27.447200027656763,1027185.8732347152,1208.970043659116,1209.3826509340572,288.6793032471245,1.3135421457653744,16.721923892685098,6708493.729560709,0.2743844540277585,230812.44766296295,877.2474582937941,28.536554248689395,9.121403199074559
11RR050,Trent 1000-C,IDLE,ATJ-SPK,0.29534021495306023,2.946105246234039,27.41845936369615,1027185.873234715,1207.4573325932006,1209.4734222600002,288.7546504100933,1.3136187283658047,16.72097706383329,6708493.729560709,0.27472314175250767,230375.41464103668,875.740860651094,28.517403726068668,9.094326778621609
11RR051,Trent 1000-D,TAKE-OFF,Jet-A1,0.5409261230079053,7.731164213220318,55.30797372296051,4241672.747697213,1897.8442802423208,1320.5424461128907,289.08907907412845,1.2802735327764598,88.51217062060519,84525715.17290182,0.3810420650641555,371633.5044180785,1174.6857765285908,259.0496964125594,9.633943496927886
11RR051,Trent 1000-D,TAKE-OFF,HEFA-SPK,0.5409261230079053,7.732218499548263,55.299187539155895,4241672.747697213,1897.3899311571874,1320.6603193848282,289.1188776865001,1.2802784900338036,88.51017798635175,84525715.17290182,0.3811078717239071,371445.50427345827,1174.279692663501,259.02126002308825,9.62730821268959
11RR051,Trent 1000-D,TAKE-OFF,FT-SPK,0.5409261230079053,7.732081113160686,55.29854650625244,4241672.747697213,1897.1673997864516,1320.8402082865593,289.15792813119975,1.2802780794952258,88.50757933443009,84525715.17290182,0.381111853583645,371432.3401555306,1174.1344154953729,259.018741022228,9.61736916073597
11RR051,Trent 1000-D,TAKE-OFF,ATJ-SPK,0.5409261230079053,7.738395606346469,55.24776631332909,4241672.747697213,1894.7324250656445,1321.3492534901789,289.29327854683135,1.2803077406365593,88.4985179246011,84525715.17290182,0.38149367794306766,370345.369712192,1171.903983509364,258.85460084750014,9.588461761949057
11RR051,Trent 1000-D,APPROACH,Jet-A1,0.3052826104671048,5.6079482360847095,35.62372555468706,2204187.302419801,1361.6394036164015,1234.152506901629,288.65719647048576,1.3052973328221575,41.35363383964483,27044224.101959832,0.38916153488212823,211973.20171087154,831.741723349057,88.05767854755358,7.565927684543711
11RR051,Trent 1000-D,APPROACH,HEFA-SPK,0.3052826104671048,5.608731160129924,35.61829465215755,2204187.3024198012,1361.368613257663,1234.1928975859887,288.67431164748905,1.3053079187871888,41.353101890852734,27044224.101959832,0.3892312116075834,211871.54318285763,831.4814584748472,88.04630208593534,7.560863584228031
11RR051,Trent 1000-D,APPROACH,FT-SPK,0.3052826104671048,5.608727246537481,35.61772198102675,2204187.3024198017,1361.2642888864793,1234.2753351661986,288.6966364699177,1.3053121193063664,41.352408161058406,27044224.101959832,0.38924157242635177,211859.70040533354,831.4036365924666,88.04485426924582,7.553108638689098
11RR051,Trent 1000-D,APPROACH,ATJ-SPK,0.3052826104671048,5.613317944380181,35.58651116255475,2204187.3024198012,1359.7844079918677,1234.4287905407552,288.7744712960756,1.3053700125080883,41.349989149137414,27044224.101959832,0.3896395444472831,211276.6744681634,829.9586307153978,87.97961480548466,7.531214349109305
11RR051,Trent 1000-D,IDLE,Jet-A1,0.29534021495306023,2.9426753202992173,27.45275976484482,1027185.873234715,1209.3401707123908,1209.2809769565888,288.6411272560797,1.313522304460291,16.722403637261223,6708493.729560709,0.2743156693907474,230897.70849852863,877.5992122623005,28.540378832287534,9.136990203356117
11RR051,Trent 1000-D,IDLE,HEFA-SPK,0.29534021495306023,2.943175312948138,27.44775427726855,1027185.873234715,1209.0653264811654,1209.3091416940827,288.6576949456969,1.3135363507711808,16.722195426437757,6708493.729560709,0.27437505271440027,230821.5194110985,877.3279637927421,28.537029229946977,9.130766516290999
11RR051,Trent 1000-D,IDLE,FT-SPK,0.29534021495306023,2.943186953352809,27.447200027656763,1027185.8732347152,1208.970043659116,1209.3826509340572,288.6793032471245,1.3135421457653744,16.721923892685098,6708493.729560709,0.2743844540277585,230812.44766296295,877.2474582937941,28.536554248689395,9.121403199074559
11RR051,Trent 1000-D,IDLE,ATJ-SPK,0.29534021495306023,2.946105246234039,27.41845936369615,1027185.873234715,1207.4573325932006,1209.4734222600002,288.7546504100933,1.3136187283658047,16.72097706383329,6708493.729560709,0.27472314175250767,230375.41464103668,875.740860651094,28.517403726068668,9.094326778621609
11RR052,Trent 1000-E,TAKE-OFF,Jet-A1,0.5409261230079053,6.73557744707291,53.07008821067178,3631569.1333024083,1865.0994545502506,1317.0025460244624,289.07962784704534,1.2812269507130016,73.99374167805595,67609417.53912142,0.3719834309623363,344677.94177262246,1171.3133603606664,216.40567874407367,9.640743479329764
11RR052,Trent 1000-E,TAKE-OFF,HEFA-SPK,0.5409261230079053,6.736541342821425,53.061300123162134,3631569.1333024083,1864.6402899571403,1317.117981741328,289.10944018147114,1.281232527253897,73.99207589059222,67609417.53912142,0.3720507974349557,344503.38047478127,1170.8993831492394,216.38190559399513,9.634104307638458
11RR052,Trent 1000-E,TAKE-OFF,FT-SPK,0.5409261230079053,6.736428160464777,53.06063373282814,3631569.1333024087,1864.4197627212086,1317.2961073533786,289.1484946725156,1.2812324719779973,73.98990348901565,67609417.53912142,0.37205541295824746,344490.43850135326,1170.7522979744517,216.37967573057986,9.624163823013124
11RR052,Trent 1000-E,TAKE-OFF,ATJ-SPK,0.5409261230079053,6.742189147093719,53.0098673972262,3631569.1333024083,1861.9546046980288,1317.7926166101333,289.2839211084495,1.2812654111469064,73.98232839947232,67609417.53912142,0.3724457651850869,343481.83741762955,1168.4774972113755,216.24257381284994,9.595235207725459
11RR052,Trent 1000-E,APPROACH,Jet-A1,0.3052826104671048,4.922470238007159,33.92752907609003,1893993.928801812,1332.948938179917,1229.80679373156,288.65691810636173,1.3067066421430584,34.57050119011838,21425042.48200574,0.3780642524969203,199988.7187238069,829.008594250363,73.35135274513034,7.592998049041024
11RR052,Trent 1000-E,APPROACH,HEFA-SPK,0.3052826104671048,4.923188547362997,33.92214257824629,1893993.928801812,1332.6754374936777,1229.845177565087,288.67403360122955,1.3067178965830206,34.57005649555002,21425042.48200574,0.37813490359081087,199893.8182546773,828.7443394191641,73.3418052390067,7.587923175689145
11RR052,Trent 1000-E,APPROACH,FT-SPK,0.3052826104671048,4.923189320655364,33.92156818034673,1893993.9288018122,1332.5721734314561,1229.9264409469724,288.69635826566565,1.3067224088750422,34.56947655651073,21425042.48200574,0.3781455638407028,199882.6583532555,828.6659175507873,73.34057807862182,7.580142661061082
11RR052,Trent 1000-E,APPROACH,ATJ-SPK,0.3052826104671048,4.92739700220522,33.890618701066735,1893993.9288018122,1331.0753642813918,1230.0693083072292,288.77419512371085,1.3067839098272365,34.56745432903689,21425042.48200574,0.37854896752366446,199338.45952524393,827.1981594364854,73.28583483829526,7.558211193595691
11RR052,Trent 1000-E,IDLE,Jet-A1,0.29534021495306023,2.5982537220179016,25.991946012148308,890242.7099874278,1187.049313520665,1205.5367612689988,288.6410573184493,1.3148024972467496,13.979469786990409,5242275.140509285,0.26204742227318706,217306.75332596496,875.9861008014185,23.633529564992227,9.22414888164909
11RR052,Trent 1000-E,IDLE,HEFA-SPK,0.29534021495306023,2.5987110234638986,25.987048577681144,890242.7099874278,1186.7723056209306,1205.56315827775,288.6576251300372,1.31481719184209,13.979295728465145,5242275.140509285,0.26210611186422905,217237.4409173535,875.7120309264819,23.63074756116773,9.217869058828704
11RR052,Trent 1000-E,IDLE,FT-SPK,0.29534021495306023,2.5987232400666653,25.98650443875946,890242.7099874277,1186.6778945344201,1205.6357331189906,288.6792333978043,1.3148232587757231,13.979068733711653,5242275.140509285,0.26211544193482356,217229.1857333236,875.6312937742448,23.630354138520257,9.208416460965267
11RR052,Trent 1000-E,IDLE,ATJ-SPK,0.29534021495306023,2.6013909179152246,25.958385864251003,890242.7099874277,1185.1516431124064,1205.7170782470776,288.75458130931406,1.3149033709378766,13.97827721081731,5242275.140509285,0.2624501508581192,216831.57012857057,874.1084155878075,23.61444708691329,9.181100803897136
11RR053,Trent 1000-G,TAKE-OFF,Jet-A1,0.5409261230079053,7.527348789380326,54.93860058882962,4115778.3510760623,1891.3903254050756,1319.8544407440231,289.0871416857674,1.2804582003618927,85.60319578694322,81051413.29938586,0.37928303064447455,366290.58849342685,1174.0180706537997,250.50419070962224,9.635165392397992
11RR053,Trent 1000-G,TAKE-OFF,HEFA-SPK,0.5409261230079053,7.5283851132200095,54.92980134918813,4115778.3510760623,1890.9350325569249,1319.9718399757676,289.11694307054796,1.2804632775558618,85.60126864111758,81051413.29938586,0.37934915140193376,366105.2194232632,1173.6104326002674,250.47668732456688,9.62852946080882
11RR053,Trent 1000-G,TAKE-OFF,FT-SPK,0.5409261230079053,7.5282527953950895,54.92915404149626,4115778.351076063,1890.7128876812899,1320.1513833947986,289.1559943521726,1.2804629365226168,85.59875539454741,81051413.29938586,0.3793532615630251,366092.07948350994,1173.464787060147,250.47422139942566,9.618590300908863
11RR053,Trent 1000-G,TAKE-OFF,ATJ-SPK,0.5409261230079053,7.534457039528739,54.878303644127165,4115778.3510760623,1888.2720038836967,1320.6579932825457,289.29136010696413,1.2804932317969555,85.58999179024013,81051413.29938586,0.37973680223866846,365020.47137488093,1171.225631372099,250.31549568121244,9.589679239554593
11RR053,Trent 1000-G,APPROACH,Jet-A1,0.3052826104671048,5.467834325741544,35.33580361223987,2140179.145958946,1355.9774910130138,1233.3033209187006,288.6571374535957,1.3055716971138946,39.99453622316411,25884998.043532357,0.387012587082373,209615.11187742307,831.1971341906021,85.10889665967967,7.570794267789378
11RR053,Trent 1000-G,APPROACH,HEFA-SPK,0.3052826104671048,5.468604364307087,35.33037347443517,2140179.145958946,1355.7061713454893,1233.3433207658109,288.67425269557566,1.3055824123523785,39.99402175700337,25884998.043532357,0.38708246561596177,209514.7743190338,830.9360838903018,85.09788739125277,7.565728134332204
11RR053,Trent 1000-G,APPROACH,FT-SPK,0.3052826104671048,5.468601463604609,35.32979952042445,2140179.1459589456,1355.6020541901364,1233.4255276811818,288.69657748411026,1.3055866737479442,39.993350826813874,25884998.043532357,0.3870928885561455,209503.06146555112,830.858139301032,85.0964832524524,7.557968626161842
11RR053,Trent 1000-G,APPROACH,ATJ-SPK,0.3052826104671048,5.473115703865583,35.29859440880977,2140179.145958946,1354.1188671845762,1233.576923028192,288.77441272740754,1.3056452640409202,39.991011316330386,25884998.043532357,0.3874919851359044,208927.6282226428,829.4086592292427,85.03335167447824,7.536067055058665
11RR053,Trent 1000-G,IDLE,Jet-A1,0.29534021495306023,2.872199660345707,27.20199253485502,998927.7601836874,1204.9284705897412,1208.543347168905,288.6411124115684,1.3137736832302727,16.17281761990277,6404160.697140932,0.27192743973675043,228211.95572093167,877.2753565163546,27.553212835752376,9.153298655070522
11RR053,Trent 1000-G,IDLE,HEFA-SPK,0.29534021495306023,2.8726910933298067,27.197000439362128,998927.7601836874,1204.6531968499582,1208.571164915034,288.6576801267454,1.3137878560321115,16.172616251980582,6404160.697140932,0.2719867036342423,228137.1308072435,877.0035448162861,27.549977319431978,9.147064447578746
11RR053,Trent 1000-G,IDLE,FT-SPK,0.29534021495306023,2.8727028754125525,27.196447272743708,998927.7601836874,1204.5580854634024,1208.6444896498654,288.6792884205905,1.3137937044084405,16.17235364225326,6404160.697140932,0.2719960943414837,228128.22044930182,876.9229908099019,27.549518717528148,9.137684433764244
11RR053,Trent 1000-G,IDLE,ATJ-SPK,0.29534021495306023,2.8755708945959833,27.16778386622127,998927.7601836874,1203.0426881652104,1208.733411760741,288.75463573871355,1.3138709753580224,16.171437931170704,6404160.697140932,0.2723340958707644,227699.00720245094,875.4131453898038,27.531020131219634,9.110563141678531
11RR054,Trent 1000-H,TAKE-OFF,Jet-A1,0.5409261230079053,6.8631393372818374,53.36810845873852,3709042.6081461925,1869.475175657325,1317.4826718876873,289.08083707140764,1.2810971619114728,75.81846225553483,69694259.08561796,0.37321356387551813,348257.5138711797,1171.7616827734446,221.78105246223964,9.639060874262507
11RR054,Trent 1000-H,TAKE-OFF,HEFA-SPK,0.5409261230079053,6.864115197786847,53.3593199172079,3709042.608146192,1869.0166588615018,1317.5984380801656,289.11064761951144,1.2811026541112562,75.81675538896637,69694259.08561796,0.37328072689613984,348081.1450220452,1171.3487618606857,221.75669582179805,9.632422556429143
11RR054,Trent 1000-H,TAKE-OFF,FT-SPK,0.5409261230079053,6.863998993422974,53.35865661409864,3709042.608146192,1868.7958576160622,1317.776800825127,289.14970159828044,1.2811025509784992,75.81452941494206,69694259.08561796,0.37328526025767195,348068.15952462744,1171.2019095373912,221.7544268704059,9.622483099720887
11RR054,Trent 1000-H,TAKE-OFF,ATJ-SPK,0.5409261230079053,6.86983306621492,53.307884585163556,3709042.608146192,1866.334764403496,1318.2750116240866,289.28511813818653,1.2811350431812094,75.80676752011692,69694259.08561796,0.3736744995040948,347049.03111223946,1168.933055407927,221.6139447188515,9.593558441102854
11RR054,Trent 1000-H,APPROACH,Jet-A1,0.3052826104671048,5.010451308827062,34.15375566077203,1933383.5635469533,1336.7775830113571,1230.3928059861707,288.65695236570275,1.3065158358959914,35.4230260586381,22114996.763789695,0.3795755974514289,201592.991351342,829.3694332801442,75.2038227356094,7.588596855431266
11RR054,Trent 1000-H,APPROACH,HEFA-SPK,0.3052826104671048,5.011178141038627,34.14836265545288,1933383.563546953,1336.5044479720743,1230.4314614405073,288.67406781980014,1.3065269991775224,35.4225703976919,22114996.763789695,0.37964612579828183,201497.18008516665,829.105712187305,75.19404692490417,7.583523631214362
11RR054,Trent 1000-H,APPROACH,FT-SPK,0.3052826104671048,5.011178351440004,34.14778835690604,1933383.563546953,1336.4010409373182,1230.512882281494,288.6963925034086,1.306531469385753,35.4219761570823,22114996.763789695,0.37965674835170754,201485.9256507616,829.0273672412188,75.19279179943008,7.575747322848702
11RR054,Trent 1000-H,APPROACH,ATJ-SPK,0.3052826104671048,5.0154364999336565,34.11680072864039,1933383.5635469535,1334.9065154920297,1230.6571841725515,288.77422910205985,1.3065924779161628,35.41990406052494,22114996.763789695,0.3800594675063462,200936.49633999084,827.5626560433768,75.13673877416154,7.553821258075086
11RR054,Trent 1000-H,IDLE,Jet-A1,0.29534021495306023,2.642406452442522,26.187902538007222,907632.318018829,1190.0143831748062,1206.0371985517204,288.641065916343,1.314630785598771,14.3242101069698,5421356.211179043,0.26370863285690377,219117.27764029405,876.1973171077263,24.249375973944815,9.211583776304893
11RR054,Trent 1000-H,IDLE,HEFA-SPK,0.29534021495306023,2.642869351297113,26.182989715287484,907632.318018829,1189.7376619136983,1206.0638327502197,288.6576337122951,1.314645392646145,14.324031756079188,5421356.211179043,0.26376742807504466,219047.053294502,875.9236187467051,24.246522818365833,9.205311998280958
11RR054,Trent 1000-H,IDLE,FT-SPK,0.29534021495306023,2.6428815107574968,26.182444096222326,907632.3180188291,1189.6431340742547,1206.1365321824637,288.67924198420997,1.3146514230889474,14.323799163527987,5421356.211179043,0.26377677020810264,219038.6894267854,875.8429104679029,24.246119146798964,9.195872276109464
11RR054,Trent 1000-H,IDLE,ATJ-SPK,0.29534021495306023,2.6455820302186543,26.154236965489325,907632.3180188291,1188.1186777309983,1206.219142875325,288.7545898008567,1.3147310583643,14.322988121305658,5421356.211179043,0.264112084040542,218635.84671397254,874.3221776679713,24.22980553087938,9.16859082339083
12RR055,Trent 1000-A,TAKE-OFF,Jet-A1,0.5409261230079053,7.291158726359706,54.475484647970625,3970515.585743966,1883.757296953121,1319.0345865607394,289.0848981990909,1.280678659808074,82.21820688959112,77055711.88710785,0.3771861219861855,359990.1848483355,1173.2301873521942,240.55539804394311,9.636894072805804
12RR055,Trent 1000-A,TAKE-OFF,HEFA-SPK,0.5409261230079053,7.292173893822928,54.46667472585629,3970515.585743967,1883.3008848098193,1319.1514211415335,289.1147028191881,1.2806838801728142,82.21635594848149,77055711.88710785,0.3772526100824082,359807.93966796657,1172.8207104448063,240.52898020401443,9.630257221049929
12RR055,Trent 1000-A,TAKE-OFF,FT-SPK,0.5409261230079053,7.292047377535116,54.46602055211261,3970515.585743965,1883.079202461353,1319.3305546544516,289.15375506534787,1.280683621666378,82.21394208268394,77055711.88710785,0.3772568698415831,359794.8411212477,1172.6746368769982,240.52657898743277,9.620317606582816
12RR055,Trent 1000-A,TAKE-OFF,ATJ-SPK,0.5409261230079053,7.298121935765864,54.4151144181784,3970515.5857439665,1880.6313063185055,1319.8342621048143,289.28913873709445,1.280714674377116,82.20552501571103,77055711.88710785,0.37764241835163664,358741.46025373536,1170.4251517725875,240.3741500072188,9.591401636331451
12RR055,Trent 1000-A,APPROACH,Jet-A1,0.3052826104671048,5.305328108085962,34.9780902711288,2066323.5808118063,1349.2855963982527,1232.2942802988678,288.6570703585262,1.3058983551282124,38.41304081489566,24554638.059937593,0.38444704951983977,206823.54187300682,830.5567299033271,81.67687223632214,7.576965840667624
12RR055,Trent 1000-A,APPROACH,HEFA-SPK,0.3052826104671048,5.306083000779908,34.972664089302555,2066323.580811806,1349.013647542424,1232.3338149213487,288.67418567598503,1.3059092248195836,38.41254669216048,24554638.059937593,0.38451716077333453,206724.773865466,830.2947499449313,81.66628943962388,7.571897197915102
12RR055,Trent 1000-A,APPROACH,FT-SPK,0.3052826104671048,5.3060812402257795,34.97208899992547,2066323.5808118053,1348.9097765891981,1232.4157485365702,288.6965104262739,1.3059135585752812,38.41190229242025,24554638.059937593,0.38452765525042515,206713.21773152554,830.2166630529789,81.66493643471742,7.5641318710336005
12RR055,Trent 1000-A,APPROACH,ATJ-SPK,0.3052826104671048,5.310505659847841,34.94090811461767,2066323.580811806,1347.4226597239917,1232.5646904983116,288.7743461531073,1.305972982117609,38.4096552927004,24554638.059937593,0.38492804893481997,206146.80378160655,828.7618842258698,81.60425263385962,7.542221500066144
12RR055,Trent 1000-A,IDLE,Jet-A1,0.29534021495306023,2.790507297483492,26.89120129610246,966322.2451248097,1199.7220763078421,1207.6706213196612,288.64109554772796,1.3140716238744186,15.53329934515839,6055928.346038973,0.26908399340755706,225039.5935049795,876.8960690357221,26.406280577837773,9.173195912593192
12RR055,Trent 1000-A,IDLE,HEFA-SPK,0.29534021495306023,2.7909886982643495,26.886228230355844,966322.2451248094,1199.4462963371432,1207.6980277244818,288.6576632914286,1.3140859471058148,15.533105939884965,6055928.346038973,0.26914310528606217,224966.3768299982,876.6235955170981,26.403177629218984,9.166948887323917
12RR055,Trent 1000-A,IDLE,FT-SPK,0.29534021495306023,2.791000629564396,26.885676719235935,966322.2451248094,1199.3513879606044,1207.7711344405593,288.67927157750927,1.3140918587596333,15.53285371447803,6055928.346038973,0.26915248129359737,224957.65714350986,876.5429859480878,26.40273807690936,9.157548496627452
12RR055,Trent 1000-A,IDLE,ATJ-SPK,0.29534021495306023,2.7938097424066237,26.857122985903693,966322.2451248093,1197.8328236008995,1207.8578637096489,288.75461907365434,1.3141699485437177,15.531974213163336,6055928.346038973,0.26948961026461926,224537.66250859448,875.0293228065245,26.384997025728453,9.130372568677805
12RR056,Trent 1000-C,TAKE-OFF,Jet-A1,0.5409261230079053,7.731164213220318,55.30797372296051,4241672.747697213,1897.8442802423208,1320.5424461128907,289.08907907412845,1.2802735327764598,88.51217062060519,84525715.17290182,0.3810420650641555,371633.5044180785,1174.6857765285908,259.0496964125594,9.633943496927886
12RR056,Trent 1000-C,TAKE-OFF,HEFA-SPK,0.5409261230079053,7.732218499548263,55.299187539155895,4241672.747697213,1897.3899311571874,1320.6603193848282,289.1188776865001,1.2802784900338036,88.51017798635175,84525715.17290182,0.3811078717239071,371445.50427345827,1174.279692663501,259.02126002308825,9.62730821268959
12RR056,Trent 1000-C,TAKE-OFF,FT-SPK,0.5409261230079053,7.732081113160686,55.29854650625244,4241672.747697213,1897.1673997864516,1320.8402082865593,289.15792813119975,1.2802780794952258,88.50757933443009,84525715.17290182,0.381111853583645,371432.3401555306,1174.1344154953729,259.018741022228,9.61736916073597
12RR056,Trent 1000-C,TAKE-OFF,ATJ-SPK,0.5409261230079053,7.738395606346469,55.24776631332909,4241672.747697213,1894.7324250656445,1321.3492534901789,289.29327854683135,1.2803077406365593,88.4985179246011,84525715.17290182,0.38149367794306766,370345.369712192,1171.903983509364,258.85460084750014,9.588461761949057
12RR056,Trent 1000-C,APPROACH,Jet-A1,0.3052826104671048,5.6079482360847095,35.62372555468706,2204187.302419801,1361.6394036164015,1234.152506901629,288.65719647048576,1.3052973328221575,41.35363383964483,27044224.101959832,0.38916153488212823,211973.20171087154,831.741723349057,88.05767854755358,7.565927684543711
12RR056,Trent 1000-C,APPROACH,HEFA-SPK,0.3052826104671048,5.608731160129924,35.61829465215755,2204187.3024198012,1361.368613257663,1234.1928975859887,288.67431164748905,1.3053079187871888,41.353101890852734,27044224.101959832,0.3892312116075834,211871.54318285763,831.4814584748472,88.04630208593534,7.560863584228031
12RR056,Trent 1000-C,APPROACH,FT-SPK,0.3052826104671048,5.608727246537481,35.61772198102675,2204187.3024198017,1361.2642888864793,1234.2753351661986,288.6966364699177,1.3053121193063664,41.352408161058406,27044224.101959832,0.38924157242635177,211859.70040533354,831.4036365924666,88.04485426924582,7.553108638689098
12RR056,Trent 1000-C,APPROACH,ATJ-SPK,0.3052826104671048,5.613317944380181,35.58651116255475,2204187.3024198012,1359.7844079918677,1234.4287905407552,288.7744712960756,1.3053700125080883,41.349989149137414,27044224.101959832,0.3896395444472831,211276.6744681634,829.9586307153978,87.97961480548466,7.531214349109305
12RR056,Trent 1000-C,IDLE,Jet-A1,0.29534021495306023,2.9426753202992173,27.45275976484482,1027185.873234715,1209.3401707123908,1209.2809769565888,288.6411272560797,1.313522304460291,16.722403637261223,6708493.729560709,0.2743156693907474,230897.70849852863,877.5992122623005,28.540378832287534,9.136990203356117
12RR056,Trent 1000-C,IDLE,HEFA-SPK,0.29534021495306023,2.943175312948138,27.44775427726855,1027185.873234715,1209.0653264811654,1209.3091416940827,288.6576949456969,1.3135363507711808,16.722195426437757,6708493.729560709,0.27437505271440027,230821.5194110985,877.3279637927421,28.537029229946977,9.130766516290999
12RR056,Trent 1000-C,IDLE,FT-SPK,0.29534021495306023,2.943186953352809,27.447200027656763,1027185.8732347152,1208.970043659116,1209.3826509340572,288.6793032471245,1.3135421457653744,16.721923892685098,6708493.729560709,0.2743844540277585,230812.44766296295,877.2474582937941,28.536554248689395,9.121403199074559
12RR056,Trent 1000-C,IDLE,ATJ-SPK,0.29534021495306023,2.946105246234039,27.41845936369615,1027185.873234715,1207.4573325932006,1209.4734222600002,288.7546504100933,1.3136187283658047,16.72097706383329,6708493.729560709,0.27472314175250767,230375.41464103668,875.740860651094,28.517403726068668,9.094326778621609
12RR057,Trent 1000-D,TAKE-OFF,Jet-A1,0.5409261230079053,7.731164213220318,55.30797372296051,4241672.747697213,1897.8442802423208,1320.5424461128907,289.08907907412845,1.2802735327764598,88.51217062060519,84525715.17290182,0.3810420650641555,371633.5044180785,1174.6857765285908,259.0496964125594,9.633943496927886
12RR057,Trent 1000-D,TAKE-OFF,HEFA-SPK,0.5409261230079053,7.732218499548263,55.299187539155895,4241672.747697213,1897.3899311571874,1320.6603193848282,289.1188776865001,1.2802784900338036,88.51017798635175,84525715.17290182,0.3811078717239071,371445.50427345827,1174.279692663501,259.02126002308825,9.62730821268959
12RR057,Trent 1000-D,TAKE-OFF,FT-SPK,0.5409261230079053,7.732081113160686,55.29854650625244,4241672.747697213,1897.1673997864516,1320.8402082865593,289.15792813119975,1.2802780794952258,88.50757933443009,84525715.17290182,0.381111853583645,371432.3401555306,1174.1344154953729,259.018741022228,9.61736916073597
12RR057,Trent 1000-D,TAKE-OFF,ATJ-SPK,0.5409261230079053,7.738395606346469,55.24776631332909,4241672.747697213,1894.7324250656445,1321.3492534901789,289.29327854683135,1.2803077406365593,88.4985179246011,84525715.17290182,0.38149367794306766,370345.369712192,1171.903983509364,258.85460084750014,9.588461761949057
12RR057,Trent 1000-D,APPROACH,Jet-A1,0.3052826104671048,5.6079482360847095,35.62372555468706,2204187.302419801,1361.6394036164015,1234.152506901629,288.65719647048576,1.3052973328221575,41.35363383964483,27044224.101959832,0.38916153488212823,211973.20171087154,831.741723349057,88.05767854755358,7.565927684543711
12RR057,Trent 1000-D,APPROACH,HEFA-SPK,0.3052826104671048,5.608731160129924,35.61829465215755,2204187.3024198012,1361.368613257663,1234.1928975859887,288.67431164748905,1.3053079187871888,41.353101890852734,27044224.101959832,0.3892312116075834,211871.54318285763,831.4814584748472,88.04630208593534,7.560863584228031
12RR057,Trent 1000-D,APPROACH,FT-SPK,0.3052826104671048,5.608727246537481,35.61772198102675,2204187.3024198017,1361.2642888864793,1234.2753351661986,288.6966364699177,1.3053121193063664,41.352408161058406,27044224.101959832,0.38924157242635177,211859.70040533354,831.4036365924666,88.04485426924582,7.553108638689098
12RR057,Trent 1000-D,APPROACH,ATJ-SPK,0.3052826104671048,5.613317944380181,35.58651116255475,2204187.3024198012,1359.7844079918677,1234.4287905407552,288.7744712960756,1.3053700125080883,41.349989149137414,27044224.101959832,0.3896395444472831,211276.6744681634,829.9586307153978,87.97961480548466,7.531214349109305
12RR057,Trent 1000-D,IDLE,Jet-A1,0.29534021495306023,2.9426753202992173,27.45275976484482,1027185.873234715,1209.3401707123908,1209.2809769565888,288.6411272560797,1.313522304460291,16.722403637261223,6708493.729560709,0.2743156693907474,230897.70849852863,877.5992122623005,28.540378832287534,9.136990203356117
12RR057,Trent 1000-D,IDLE,HEFA-SPK,0.29534021495306023,2.943175312948138,27.44775427726855,1027185.873234715,1209.0653264811654,1209.3091416940827,288.6576949456969,1.3135363507711808,16.722195426437757,6708493.729560709,0.27437505271440027,230821.5194110985,877.3279637927421,28.537029229946977,9.130766516290999
12RR057,Trent 1000-D,IDLE,FT-SPK,0.29534021495306023,2.943186953352809,27.447200027656763,1027185.8732347152,1208.970043659116,1209.3826509340572,288.6793032471245,1.3135421457653744,16.721923892685098,6708493.729560709,0.2743844540277585,230812.44766296295,877.2474582937941,28.536554248689395,9.121403199074559
12RR057,Trent 1000-D,IDLE,ATJ-SPK,0.29534021495306023,2.946105246234039,27.41845936369615,1027185.873234715,1207.4573325932006,1209.4734222600002,288.7546504100933,1.3136187283658047,16.72097706383329,6708493.729560709,0.27472314175250767,230375.41464103668,875.740860651094,28.517403726068668,9.094326778621609
12RR058,Trent 1000-E,TAKE-OFF,Jet-A1,0.5409261230079053,6.527535292669681,52.45205390460346,3505674.736681258,1857.838098145308,1316.2009939769086,289.0776567825465,1.281443957424019,70.8732050383095,64110586.318357855,0.36992833413066584,338753.825021279,1170.57114541393,207.23902883684264,9.64261252857282
12RR058,Trent 1000-E,TAKE-OFF,HEFA-SPK,0.5409261230079053,6.528479419488491,52.443287805844086,3505674.7366812583,1857.3778552137069,1316.3158779702717,289.10747204333836,1.2814496750369302,70.87160950206832,64110586.318357855,0.36999603467167075,338582.26970995875,1170.1554138976628,207.2162588050981,9.635972250171246
12RR058,Trent 1000-E,TAKE-OFF,FT-SPK,0.5409261230079053,6.528371114259216,52.442618080010575,3505674.736681258,1857.1577868608128,1316.4936090504762,289.1465273660573,1.2814496994452724,70.86952871714152,64110586.318357855,0.37000078479834003,338569.4087621065,1170.0079482279639,207.21409860800648,9.626030989699997
12RR058,Trent 1000-E,TAKE-OFF,ATJ-SPK,0.5409261230079053,6.534011457288216,52.3919836897754,3505674.736681259,1854.685859627676,1316.987276261537,289.28197005068614,1.2814833866308122,70.8622730917033,64110586.318357855,0.3703929649670422,337578.306353887,1167.7232649977336,207.08280552136986,9.597096698886089
12RR058,Trent 1000-E,APPROACH,Jet-A1,0.3052826104671048,4.778879668877877,33.47312960131008,1829985.7723409568,1326.5991973943278,1228.8308374055807,288.65686313516295,1.3070249454194505,33.1125601106209,20271069.095977277,0.3755364207375347,197324.83317704147,828.4128830515757,70.19356228763974,7.599958424360594
12RR058,Trent 1000-E,APPROACH,HEFA-SPK,0.3052826104671048,4.779583913232445,33.4677670119172,1829985.7723409568,1326.3250877394053,1228.868768157002,288.6739786965359,1.3070363523947972,33.11213417014799,20271069.095977277,0.3756072700360456,197231.4489257567,828.1477423532885,70.18440647923408,7.594880990104762
12RR058,Trent 1000-E,APPROACH,FT-SPK,0.3052826104671048,4.77958557961687,33.46719389640935,1829985.772340957,1326.222061792335,1228.94976988216,288.6963033303922,1.307040934812121,33.11157868886661,20271069.095977277,0.3756179912063929,197220.44795912612,828.0691950482974,70.18322753493406,7.587093839827872
12RR058,Trent 1000-E,APPROACH,ATJ-SPK,0.3052826104671048,4.78371001204689,33.43638299913149,1829985.772340957,1324.7214492277667,1229.090243342352,288.77414061086006,1.3071032600335248,33.109641744753,20271069.095977277,0.37602250035983337,196684.9549579223,826.5963776088398,70.13073129879679,7.5651540965042
12RR058,Trent 1000-E,IDLE,Jet-A1,0.29534021495306023,2.5262306273106807,25.605569653040757,861984.5969363999,1182.138667598782,1204.7064470071548,288.64104352778025,1.31508781188709,13.389913877460435,4944127.128416024,0.25927592228994617,214306.78325632797,875.6385742824996,22.585474963724657,9.24512412447977
12RR058,Trent 1000-E,IDLE,HEFA-SPK,0.29534021495306023,2.5266787146517506,25.600709940439945,861984.5969363999,1181.861186076577,1204.7324498460866,288.65761136423794,1.3151026523581975,13.389747159501999,4944127.128416024,0.25933442747520297,214238.9786913433,875.3638920302436,22.582814316287507,9.238830845854762
12RR058,Trent 1000-E,IDLE,FT-SPK,0.29534021495306023,2.5266910134489278,25.600169627299955,861984.5969363999,1181.7669688815768,1204.8048181584431,288.6792196257866,1.3151087799403918,13.389529737793865,4944127.128416024,0.2593437357646388,214230.90343227796,875.283108368575,22.582438347060144,9.229356749711991
12RR058,Trent 1000-E,IDLE,ATJ-SPK,0.29534021495306023,2.529304640785773,25.572267956683678,861984.5969363999,1180.2377503663165,1204.884059626341,288.7545676908573,1.3151896868649136,13.38877159577927,4944127.128416024,0.25967738915469707,213841.93053325475,873.7566927693783,22.567224768477143,9.2019838460098
12RR059,Trent 1000-G,TAKE-OFF,Jet-A1,0.5409261230079053,7.527348789380326,54.93860058882962,4115778.3510760623,1891.3903254050756,1319.8544407440231,289.0871416857674,1.2804582003618927,85.60319578694322,81051413.29938586,0.37928303064447455,366290.58849342685,1174.0180706537997,250.50419070962224,9.635165392397992
12RR059,Trent 1000-G,TAKE-OFF,HEFA-SPK,0.5409261230079053,7.5283851132200095,54.92980134918813,4115778.3510760623,1890.9350325569249,1319.9718399757676,289.11694307054796,1.2804632775558618,85.60126864111758,81051413.29938586,0.37934915140193376,366105.2194232632,1173.6104326002674,250.47668732456688,9.62852946080882
12RR059,Trent 1000-G,TAKE-OFF,FT-SPK,0.5409261230079053,7.5282527953950895,54.92915404149626,4115778.351076063,1890.7128876812899,1320.1513833947986,289.1559943521726,1.2804629365226168,85.59875539454741,81051413.29938586,0.3793532615630251,366092.07948350994,1173.464787060147,250.47422139942566,9.618590300908863
12RR059,Trent 1000-G,TAKE-OFF,ATJ-SPK,0.5409261230079053,7.534457039528739,54.878303644127165,4115778.3510760623,1888.2720038836967,1320.6579932825457,289.29136010696413,1.2804932317969555,85.58999179024013,81051413.29938586,0.37973680223866846,365020.47137488093,1171.225631372099,250.31549568121244,9.589679239554593
12RR059,Trent 1000-G,APPROACH,Jet-A1,0.3052826104671048,5.467834325741544,35.33580361223987,2140179.145958946,1355.9774910130138,1233.3033209187006,288.6571374535957,1.3055716971138946,39.99453622316411,25884998.043532357,0.387012587082373,209615.11187742307,831.1971341906021,85.10889665967967,7.570794267789378
12RR059,Trent 1000-G,APPROACH,HEFA-SPK,0.3052826104671048,5.468604364307087,35.33037347443517,2140179.145958946,1355.7061713454893,1233.3433207658109,288.67425269557566,1.3055824123523785,39.99402175700337,25884998.043532357,0.38708246561596177,209514.7743190338,830.9360838903018,85.09788739125277,7.565728134332204
12RR059,Trent 1000-G,APPROACH,FT-SPK,0.3052826104671048,5.468601463604609,35.32979952042445,2140179.1459589456,1355.6020541901364,1233.4255276811818,288.69657748411026,1.3055866737479442,39.993350826813874,25884998.043532357,0.3870928885561455,209503.06146555112,830.858139301032,85.0964832524524,7.557968626161842
12RR059,Trent 1000-G,APPROACH,ATJ-SPK,0.3052826104671048,5.473115703865583,35.29859440880977,2140179.145958946,1354.1188671845762,1233.576923028192,288.77441272740754,1.3056452640409202,39.991011316330386,25884998.043532357,0.3874919851359044,208927.6282226428,829.4086592292427,85.03335167447824,7.536067055058665
12RR059,Trent 1000-G,IDLE,Jet-A1,0.29534021495306023,2.872199660345707,27.20199253485502,998927.7601836874,1204.9284705897412,1208.543347168905,288.6411124115684,1.3137736832302727,16.17281761990277,6404160.697140932,0.27192743973675043,228211.95572093167,877.2753565163546,27.553212835752376,9.153298655070522
12RR059,Trent 1000-G,IDLE,HEFA-SPK,0.29534021495306023,2.8726910933298067,27.197000439362128,998927.7601836874,1204.6531968499582,1208.571164915034,288.6576801267454,1.3137878560321115,16.172616251980582,6404160.697140932,0.2719867036342423,228137.1308072435,877.0035448162861,27.549977319431978,9.147064447578746
12RR059,Trent 1000-G,IDLE,FT-SPK,0.29534021495306023,2.8727028754125525,27.196447272743708,998927.7601836874,1204.5580854634024,1208.6444896498654,288.6792884205905,1.3137937044084405,16.17235364225326,6404160.697140932,0.2719960943414837,228128.22044930182,876.9229908099019,27.549518717528148,9.137684433764244
12RR059,Trent 1000-G,IDLE,ATJ-SPK,0.29534021495306023,2.8755708945959833,27.16778386622127,998927.7601836874,1203.0426881652104,1208.733411760741,288.75463573871355,1.3138709753580224,16.171437931170704,6404160.697140932,0.2723340958707644,227699.00720245094,875.4131453898038,27.531020131219634,9.110563141678531
12RR060,Trent 1000-H,TAKE-OFF,Jet-A1,0.5409261230079053,6.863139337281833,53.44256692885887,3709042.6081461925,1869.4751756573255,1317.4826718876877,289.08083707140776,1.281097161911473,75.92424315857707,69791495.58242385,0.373213563875518,348257.5138711806,1171.761682773445,222.06974341285294,9.639960888626893
12RR060,Trent 1000-H,TAKE-OFF,HEFA-SPK,0.5409261230079053,6.864115197786846,53.43376612567279,3709042.608146192,1869.016658861502,1317.5984380801656,289.1106476195115,1.2811026541112562,75.92253391061125,69791495.58242385,0.37328072689613984,348081.1450220455,1171.348761860686,222.04534838999834,9.633322240664587
12RR060,Trent 1000-H,TAKE-OFF,FT-SPK,0.5409261230079053,6.863998993422972,53.433101897131934,3709042.608146192,1868.7958576160622,1317.7768008251273,289.1497015982805,1.2811025509784992,75.9203048309378,69791495.58242385,0.37328526025767195,348068.15952462744,1171.2019095373912,222.043076516022,9.623381854258557
12RR060,Trent 1000-H,TAKE-OFF,ATJ-SPK,0.5409261230079053,6.869833066214916,53.38225903174213,3709042.608146192,1866.3347644034961,1318.2750116240866,289.2851181381866,1.2811350431812094,75.91253210682096,69791495.58242385,0.3736744995040947,347049.03111223946,1168.9330554079272,221.90237228807746,9.594456189622221
12RR060,Trent 1000-H,APPROACH,Jet-A1,0.3052826104671048,5.010451308827063,34.20140652322165,1933383.5635469533,1336.777583011357,1230.3928059861707,288.6569523657027,1.3065158358959912,35.47244779014649,22145851.31107088,0.37957559745142905,201592.9913513415,829.3694332801439,75.30321996034222,7.589153746091549
12RR060,Trent 1000-H,APPROACH,HEFA-SPK,0.3052826104671048,5.011178141038626,34.19600599365373,1933383.563546953,1336.5044479720743,1230.4314614405073,288.6740678198002,1.3065269991775226,35.47199149346824,22145851.31107088,0.3796461257982819,201497.18008516665,829.1057121873049,75.29342945540486,7.584080328214397
12RR060,Trent 1000-H,APPROACH,FT-SPK,0.3052826104671048,5.011178351440007,34.19543089385323,1933383.563546953,1336.401040937318,1230.512882281494,288.69639250340856,1.306531469385753,35.471396423782096,22145851.31107088,0.37965674835170765,201485.92565076146,829.0273672412185,75.29217255039605,7.576303461141052
12RR060,Trent 1000-H,APPROACH,ATJ-SPK,0.3052826104671048,5.0154364999336565,34.16440003206368,1933383.5635469535,1334.9065154920297,1230.6571841725515,288.7742291020598,1.3065924779161626,35.46932143626338,22145851.31107088,0.3800594675063463,200936.4963399905,827.5626560433767,75.23603515525909,7.5543768195491605
12RR060,Trent 1000-H,IDLE,Jet-A1,0.29534021495306023,2.6424064524425224,26.224439548872947,907632.318018829,1190.0143831748062,1206.0371985517202,288.64106591634294,1.314630785598771,14.344195053055563,5428920.014752366,0.26370863285690377,219117.2776402942,876.1973171077265,24.282330123079955,9.211916945463438
12RR060,Trent 1000-H,IDLE,HEFA-SPK,0.29534021495306023,2.6428693512971124,26.219519871848757,907632.318018829,1189.7376619136985,1206.0638327502197,288.6576337122951,1.314645392646145,14.344016453332177,5428920.014752366,0.2637674280750446,219047.053294502,875.9236187467053,24.279472951145593,9.205644993303125
12RR060,Trent 1000-H,IDLE,FT-SPK,0.29534021495306023,2.642881510757496,26.218973491543192,907632.3180188291,1189.643134074255,1206.1365321824637,288.67924198421,1.3146514230889474,14.343783536270964,5428920.014752366,0.2637767702081026,219038.68942678554,875.8429104679033,24.279068726554257,9.1962049313424
12RR060,Trent 1000-H,IDLE,ATJ-SPK,0.29534021495306023,2.645582030218654,26.190727006599182,907632.3180188291,1188.1186777309983,1206.219142875325,288.75458980085676,1.3147310583643,14.342971362493387,5428920.014752366,0.26411208404054204,218635.84671397254,874.3221776679713,24.262732129845396,9.168922798282601
12RR061,Trent 1000-A2,TAKE-OFF,Jet-A1,0.5409261230079053,7.338485807208258,54.1241634443967,3999568.138810385,1885.3004082863724,1319.2008680318347,289.0853476012059,1.280633911311575,82.21820688959112,77215537.0466237,0.37761149423381746,361262.23951063486,1173.3893040337293,240.7039877957453,9.630945090773825
12RR061,Trent 1000-A2,TAKE-OFF,HEFA-SPK,0.5409261230079053,7.33950524370755,54.115427447885935,3999568.1388103855,1884.8442227121172,1319.3178171171,289.1151515713602,1.280639102615993,82.21635594848149,77215537.0466237,0.37767790843420423,361079.361791677,1172.9801989539114,240.67760042659856,9.62431046501946
12RR061,Trent 1000-A2,TAKE-OFF,FT-SPK,0.5409261230079053,7.339377571187283,54.114779963222,3999568.1388103855,1884.6224463855553,1319.4970336117326,289.1542036246994,1.2806388273972251,82.21394208268394,77215537.0466237,0.37768213813850077,361066.25378029735,1172.8342112508467,240.675204113234,9.614376733197895
12RR061,Trent 1000-A2,TAKE-OFF,ATJ-SPK,0.5409261230079053,7.345478283856603,54.06429980812802,3999568.138810385,1882.175970049009,1320.001329783732,289.28958369366785,1.2806697263236484,82.20552501571103,77215537.0466237,0.37806728269043416,360009.1832466178,1170.586815507348,240.52294925620484,9.585467926618414
12RR061,Trent 1000-A2,APPROACH,Jet-A1,0.3052826104671048,5.337902532281266,34.76463730095131,2081094.693841234,1350.6380572621238,1232.498679176978,288.6570836912566,1.3058321280518554,38.41304081489566,24616627.787314534,0.38496781844057754,207388.1197240478,830.6858708551041,81.72814984204851,7.57221192579581
12RR061,Trent 1000-A2,APPROACH,HEFA-SPK,0.3052826104671048,5.338660478633958,34.759254528154,2081094.693841234,1350.3662358780946,1232.538308111367,288.67419899353223,1.305842966381396,38.41254669216048,24616627.787314534,0.3850378831805734,207289.03379325868,830.4240788970742,81.7175762979309,7.56714499115252
12RR061,Trent 1000-A2,APPROACH,FT-SPK,0.3052826104671048,5.3386584925575855,34.75868434602052,2081094.6938412338,1350.262315053725,1232.6202970203988,288.6965237513782,1.3058472854768317,38.41190229242025,24616627.787314534,0.3850483633665282,207277.4457149124,830.3460205267887,81.71622438977522,7.5593843578151425
12RR061,Trent 1000-A2,APPROACH,ATJ-SPK,0.3052826104671048,5.343101017265494,34.72775261094797,2081094.6938412343,1348.7759943589945,1232.7697364520047,288.77435938085205,1.3059065397934528,38.4096552927004,24616627.787314534,0.3854484977755291,206709.20503211088,828.8923134976245,81.65559400335096,7.537479289987989
12RR061,Trent 1000-A2,IDLE,Jet-A1,0.29534021495306023,2.8068784660893447,26.734357885975843,972843.348136585,1200.7736130882558,1207.8470765358832,288.6410988978232,1.3140113379587666,15.53329934515839,6075109.488829508,0.269660483887003,225680.5499708931,876.9724195441319,26.423958714184256,9.16705886818475
12RR061,Trent 1000-A2,IDLE,HEFA-SPK,0.29534021495306023,2.807361886980444,26.72942148209829,972843.348136585,1200.4979352964324,1207.8745661785808,288.65766663572384,1.3140256307072666,15.533105939884965,6075109.488829508,0.26971962745085615,225607.00864544613,876.7000794327566,26.420855107214642,9.160815530300253
12RR061,Trent 1000-A2,IDLE,FT-SPK,0.29534021495306023,2.8073737896884317,26.728874126156246,972843.348136585,1200.4029858559256,1207.9477169522852,288.6792749234031,1.3140315295565572,15.53285371447803,6075109.488829508,0.2697290066200135,225598.2504344888,876.6194809373087,26.420415302514346,9.151421414637637
12RR061,Trent 1000-A2,IDLE,ATJ-SPK,0.29534021495306023,2.81019476268763,26.70053081277166,972843.3481365851,1198.8850608260118,1208.0348900205818,288.7546223839009,1.3141094533947102,15.531974213163336,6075109.488829508,0.27006631738615094,225176.3948798751,875.1065874794592,26.402670682684978,9.124260797842066
12RR062,Trent 1000-C2,TAKE-OFF,Jet-A1,0.5409261230079053,7.778084992016137,54.97433206137367,4270725.300763633,1899.3132479605963,1320.698374437902,289.08952527008887,1.2802317230055695,88.51217062060519,84689627.76995544,0.38144066597249615,372851.5698343226,1174.8379377681217,259.1993525944728,9.628381063279468
12RR062,Trent 1000-C2,TAKE-OFF,HEFA-SPK,0.5409261230079053,7.779143375731544,54.96561513883143,4270725.300763632,1898.8591133708144,1320.8163551760479,289.119323247083,1.2802366531059184,88.51017798635175,84689627.76995544,0.38150640069958713,372662.9722370207,1174.4322075931059,259.17094781332787,9.621747826757169
12RR062,Trent 1000-C2,TAKE-OFF,FT-SPK,0.5409261230079053,7.77900481442783,54.964980383249916,4270725.300763633,1898.6364946202757,1320.9963225705133,289.1583734984958,1.280236226782074,88.50757933443009,84689627.76995544,0.38151035312653586,372649.80403499125,1174.287015098766,259.1684342063694,9.611814261208401
12RR062,Trent 1000-C2,TAKE-OFF,ATJ-SPK,0.5409261230079053,7.785344474850225,54.91459928081694,4270725.300763632,1896.2028624379825,1321.5059196907976,289.2937203982321,1.2802657443852163,88.4985179246011,84689627.76995544,0.3818917844901659,371559.3437889119,1172.0585675461807,259.0044743254346,9.58291337860144
12RR062,Trent 1000-C2,APPROACH,Jet-A1,0.3052826104671048,5.640189029941204,35.42009103359,2218958.415449229,1362.9285652441342,1234.345272227313,288.65721020283314,1.30523512117187,41.35363383964483,27107905.873962987,0.3896480786787257,212509.61996455924,831.866068420405,88.10877911182546,7.561539663533571
12RR062,Trent 1000-C2,APPROACH,HEFA-SPK,0.3052826104671048,5.640974896826647,35.41470095862835,2218958.4154492286,1362.6578950097596,1234.3857515461516,288.6743253648699,1.3052456778813777,41.353101890852734,27107905.873962987,0.38971770884617013,212407.66158172462,831.605982225411,88.09741186061792,7.5564771439679355
12RR062,Trent 1000-C2,APPROACH,FT-SPK,0.3052826104671048,5.640970746317936,35.414132906996336,2218958.415449229,1362.5535235977545,1234.4682415730515,288.6966501952055,1.305249864583708,41.352408161058406,27107905.873962987,0.3897280553193327,212395.7895726204,831.5281885774972,88.095965206485,7.548726525834235
12RR062,Trent 1000-C2,APPROACH,ATJ-SPK,0.3052826104671048,5.645578911322771,35.38315641749668,2218958.4154492295,1361.0743930253686,1234.6221639851228,288.774484925188,1.305307600069598,41.349989149137414,27107905.873962987,0.3901257679338807,211811.03987941024,830.0842002312062,88.03077883001991,7.526837161484029
12RR062,Trent 1000-C2,IDLE,Jet-A1,0.29534021495306023,2.958897142134536,27.302253087390035,1033706.9762464905,1210.3455052007632,1209.4488201515967,288.64113070896013,1.313465161095336,16.722403637261223,6728258.659722495,0.2748572013583529,231509.4111445174,877.6733269646197,28.557908800959638,9.131381559069922
12RR062,Trent 1000-C2,IDLE,HEFA-SPK,0.29534021495306023,2.959399092799986,27.297282404818024,1033706.9762464906,1210.0707589000685,1209.4770637598363,288.6576983952662,1.3134791787105617,16.722195426437757,6728258.659722495,0.27491661071540086,231432.911042592,877.4022071374487,28.55455859841496,9.125161226679971
12RR062,Trent 1000-C2,IDLE,FT-SPK,0.29534021495306023,2.959410698943154,27.296732101533824,1033706.9762464905,1209.975437088495,1209.5506150124215,288.67930669626105,1.3134849615676694,16.721923892685098,6728258.659722495,0.2749260142112881,231423.80254380812,877.3217128761939,28.554083379643433,9.115803640194123
12RR062,Trent 1000-C2,IDLE,ATJ-SPK,0.29534021495306023,2.9623404938098625,27.26819119673579,1033706.9762464907,1208.4633384014999,1209.6418065824837,288.7546538256076,1.3135613880171504,16.72097706383329,6728258.659722495,0.27526485161714653,230984.98667142988,875.8158568716494,28.534929612689584,9.08874112825628
12RR063,Trent 1000-D2,TAKE-OFF,Jet-A1,0.5409261230079053,7.778084992016137,54.97433206137367,4270725.300763633,1899.3132479605963,1320.698374437902,289.08952527008887,1.2802317230055695,88.51217062060519,84689627.76995544,0.38144066597249615,372851.5698343226,1174.8379377681217,259.1993525944728,9.628381063279468
12RR063,Trent 1000-D2,TAKE-OFF,HEFA-SPK,0.5409261230079053,7.779143375731544,54.96561513883143,4270725.300763632,1898.8591133708144,1320.8163551760479,289.119323247083,1.2802366531059184,88.51017798635175,84689627.76995544,0.38150640069958713,372662.9722370207,1174.4322075931059,259.17094781332787,9.621747826757169
12RR063,Trent 1000-D2,TAKE-OFF,FT-SPK,0.5409261230079053,7.77900481442783,54.964980383249916,4270725.300763633,1898.6364946202757,1320.9963225705133,289.1583734984958,1.280236226782074,88.50757933443009,84689627.76995544,0.38151035312653586,372649.80403499125,1174.287015098766,259.1684342063694,9.611814261208401
12RR063,Trent 1000-D2,TAKE-OFF,ATJ-SPK,0.5409261230079053,7.785344474850225,54.91459928081694,4270725.300763632,1896.2028624379825,1321.5059196907976,289.2937203982321,1.2802657443852163,88.4985179246011,84689627.76995544,0.3818917844901659,371559.3437889119,1172.0585675461807,259.0044743254346,9.58291337860144
12RR063,Trent 1000-D2,APPROACH,Jet-A1,0.3052826104671048,5.640189029941204,35.42009103359,2218958.415449229,1362.9285652441342,1234.345272227313,288.65721020283314,1.30523512117187,41.35363383964483,27107905.873962987,0.3896480786787257,212509.61996455924,831.866068420405,88.10877911182546,7.561539663533571
12RR063,Trent 1000-D2,APPROACH,HEFA-SPK,0.3052826104671048,5.640974896826647,35.41470095862835,2218958.4154492286,1362.6578950097596,1234.3857515461516,288.6743253648699,1.3052456778813777,41.353101890852734,27107905.873962987,0.38971770884617013,212407.66158172462,831.605982225411,88.09741186061792,7.5564771439679355
12RR063,Trent 1000-D2,APPROACH,FT-SPK,0.3052826104671048,5.640970746317936,35.414132906996336,2218958.415449229,1362.5535235977545,1234.4682415730515,288.6966501952055,1.305249864583708,41.352408161058406,27107905.873962987,0.3897280553193327,212395.7895726204,831.5281885774972,88.095965206485,7.548726525834235
12RR063,Trent 1000-D2,APPROACH,ATJ-SPK,0.3052826104671048,5.645578911322771,35.38315641749668,2218958.4154492295,1361.0743930253686,1234.6221639851228,288.774484925188,1.305307600069598,41.349989149137414,27107905.873962987,0.3901257679338807,211811.03987941024,830.0842002312062,88.03077883001991,7.526837161484029
12RR063,Trent 1000-D2,IDLE,Jet-A1,0.29534021495306023,2.958897142134536,27.302253087390035,1033706.9762464905,1210.3455052007632,1209.4488201515967,288.64113070896013,1.313465161095336,16.722403637261223,6728258.659722495,0.2748572013583529,231509.4111445174,877.6733269646197,28.557908800959638,9.131381559069922
12RR063,Trent 1000-D2,IDLE,HEFA-SPK,0.29534021495306023,2.959399092799986,27.297282404818024,1033706.9762464906,1210.0707589000685,1209.4770637598363,288.6576983952662,1.3134791787105617,16.722195426437757,6728258.659722495,0.27491661071540086,231432.911042592,877.4022071374487,28.55455859841496,9.125161226679971
12RR063,Trent 1000-D2,IDLE,FT-SPK,0.29534021495306023,2.959410698943154,27.296732101533824,1033706.9762464905,1209.975437088495,1209.5506150124215,288.67930669626105,1.3134849615676694,16.721923892685098,6728258.659722495,0.2749260142112881,231423.80254380812,877.3217128761939,28.554083379643433,9.115803640194123
12RR063,Trent 1000-D2,IDLE,ATJ-SPK,0.29534021495306023,2.9623404938098625,27.26819119673579,1033706.9762464907,1208.4633384014999,1209.6418065824837,288.7546538256076,1.3135613880171504,16.72097706383329,6728258.659722495,0.27526485161714653,230984.98667142988,875.8158568716494,28.534929612689584,9.08874112825628
12RR064,Trent 1000-E2,TAKE-OFF,Jet-A1,0.5409261230079053,6.5435722903526266,52.32350432501464,3515358.9210367305,1858.4035005733633,1316.263621142342,289.0778086757877,1.2814269873740105,70.8732050383095,64160998.21582854,0.3700889735102975,339214.3750572659,1170.6288566782237,207.28762107606312,9.64035211315454
12RR064,Trent 1000-E2,TAKE-OFF,HEFA-SPK,0.5409261230079053,6.544517952506533,52.31476597900326,3515358.921036731,1857.9433417609878,1316.378548244698,289.10762371062515,1.2814326939524276,70.87160950206832,64160998.21582854,0.37015664820052147,339042.5854181456,1170.2132618282646,207.26486050722954,9.633712703367685
12RR064,Trent 1000-E2,TAKE-OFF,FT-SPK,0.5409261230079053,6.544409273613306,52.314098754499554,3515358.9210367305,1857.7232374908551,1316.5563100905008,289.14667896939477,1.2814327121441123,70.86952871714152,64160998.21582854,0.3701613879247447,339029.71777464694,1170.0658255211902,207.26270165340824,9.623773688132959
12RR064,Trent 1000-E2,TAKE-OFF,ATJ-SPK,0.5409261230079053,6.550058981332164,52.26362429326187,3515358.9210367315,1855.2518384320547,1317.0501994259955,289.2821203963963,1.2814663408008657,70.8622730917033,64160998.21582854,0.3705534266259551,338037.2516443434,1167.7819124469538,207.1314628350234,9.594842242040906
12RR064,Trent 1000-E2,APPROACH,Jet-A1,0.3052826104671048,4.7899529225001745,33.39574753522208,1834909.476684099,1327.093446509143,1228.906984678306,288.65686733262345,1.30700008647433,33.1125601106209,20290555.52893953,0.37573414259308335,197532.32621742212,828.4591282441302,70.21070868741661,7.598102412252642
12RR064,Trent 1000-E2,APPROACH,HEFA-SPK,0.3052826104671048,4.790658258479008,33.390401108000866,1834909.4766840995,1326.8193843670258,1228.944950813312,288.67398288886994,1.3070114815158975,33.11213417014799,20290555.52893953,0.3758049767098211,197438.82369832994,828.1940565268364,70.20155602584407,7.593025635709353
12RR064,Trent 1000-E2,APPROACH,FT-SPK,0.3052826104671048,4.790659857134019,33.389829816307284,1834909.476684099,1326.7163398410253,1229.0259729281315,288.69630752505304,1.3070160584599886,33.11157868886661,20290555.52893953,0.37581569321064334,197427.81026614943,828.1155188897828,70.20037741422718,7.585240320682657
12RR064,Trent 1000-E2,APPROACH,ATJ-SPK,0.3052826104671048,4.794790749217877,33.35911168713059,1834909.4766840995,1325.216024026633,1229.1666333855478,288.7741447729939,1.3070783191803759,33.109641744753,20290555.52893953,0.376220117683523,196891.6382569566,826.6430955112427,70.1478993935575,7.563302590136498
12RR064,Trent 1000-E2,IDLE,Jet-A1,0.29534021495306023,2.5317831561910986,25.5494133172778,864158.2979403253,1182.5205883385356,1204.7710899309097,288.6410445806355,1.3150655805315021,13.389913877460435,4950119.116800695,0.25949238501060645,214540.16263904548,875.6655005464235,22.59143415300246,9.242685437135645
12RR064,Trent 1000-E2,IDLE,HEFA-SPK,0.29534021495306023,2.532231957622438,25.54456699425628,864158.2979403253,1182.243143599597,1204.7971234853107,288.65761241516054,1.3150804096179383,13.389747159501999,4950119.116800695,0.2595509049670562,214472.24092150643,875.3908657872244,22.58877325771293,9.236393632854227
12RR064,Trent 1000-E2,IDLE,FT-SPK,0.29534021495306023,2.532244250576368,25.54402819765282,864158.2979403251,1182.1489113004277,1204.869507868616,288.67922067718996,1.3150865324736565,13.389529737793865,4950119.116800695,0.259560215032038,214464.1516734721,875.310085683399,22.58839719703038,9.22692203282112
12RR064,Trent 1000-E2,IDLE,ATJ-SPK,0.29534021495306023,2.5348620663176824,25.516203377573166,864158.2979403251,1180.6199232638548,1204.9489132864928,288.75456873044953,1.3151673773650832,13.38877159577927,4950119.116800695,0.2598939529502218,214074.50727710637,873.7839444750241,22.57318227040491,9.199555263462367
12RR065,Trent 1000-G2,TAKE-OFF,Jet-A1,0.5409261230079053,7.574454815856274,54.596933863394625,4144830.904142481,1892.8926748121157,1320.0150205186703,289.08758934030874,1.2804150715146636,85.60319578694322,81213486.85341197,0.3796936334144049,367533.0367265746,1174.173377449192,250.65338469763861,9.629430346163435
12RR065,Trent 1000-G2,TAKE-OFF,HEFA-SPK,0.5409261230079053,7.575495315117072,54.588205991514045,4144830.904142482,1892.4376018581468,1320.1325303730457,289.1173900827432,1.2804201206990389,85.60126864111758,81213486.85341197,0.3797596813404027,367347.0543238054,1173.766101219901,250.62591239575488,9.622796542051576
12RR065,Trent 1000-G2,TAKE-OFF,FT-SPK,0.5409261230079053,7.575361830930104,54.58756514747357,4144830.9041424817,1892.2153666382314,1320.3121543039238,289.15644117131023,1.2804197634641072,85.59875539454741,81213486.85341197,0.3797637617832369,367333.9078577562,1173.6205408996498,250.62345163746926,9.612863045494933
12RR065,Trent 1000-G2,TAKE-OFF,ATJ-SPK,0.5409261230079053,7.581591690993999,54.53712598372331,4144830.9041424817,1889.7758599379567,1320.819332610767,289.29180337097586,1.2804499106138025,85.58999179024013,81213486.85341197,0.38014690444609855,366258.7195000176,1171.3834166855786,250.4649033652856,9.58395879031426
12RR065,Trent 1000-G2,APPROACH,Jet-A1,0.3052826104671048,5.500227160361721,35.127698236005365,2154950.2589883744,1357.295167817036,1233.501322415281,288.65715100187447,1.3055076802453762,39.99453622316411,25947917.62938933,0.387514469318556,210164.21658914394,831.3236511517769,85.16008285986658,7.566243776785245
12RR065,Trent 1000-G2,APPROACH,HEFA-SPK,0.3052826104671048,5.501000191973113,35.1223100949566,2154950.258988374,1357.0239715841865,1233.5414134478347,288.67426622882874,1.3055183652839168,39.99402175700337,25947917.62938933,0.3875843012799342,210063.57102556468,831.0627837376084,85.14908281643866,7.56117928123988
12RR065,Trent 1000-G2,APPROACH,FT-SPK,0.3052826104671048,5.500997059533402,35.121740890848315,2154950.258988374,1356.9198061147504,1233.6236740918193,288.69659102512594,1.305522612483687,39.993350826813874,25947917.62938933,0.3875947098921645,210051.82771337044,830.9848675167716,85.14767980897433,7.553424263134825
12RR065,Trent 1000-G2,APPROACH,ATJ-SPK,0.3052826104671048,5.505529055943788,35.09077682092449,2154950.258988374,1355.4373900853168,1233.7755501476431,288.77442617205327,1.3055810399009775,39.991011316330386,25947917.62938933,0.38799354693091115,209474.62426737414,829.5364294633378,85.08460144129339,7.531527788578802
12RR065,Trent 1000-G2,IDLE,Jet-A1,0.29534021495306023,2.888489647197096,27.048583606713507,1005448.8631954631,1205.95465258594,1208.715079632521,288.6411158188939,1.3137151220131276,16.17281761990277,6423662.211923145,0.2724846793577334,228836.87656091567,877.3504857560933,27.570813066982787,9.147455513177722
12RR065,Trent 1000-G2,IDLE,HEFA-SPK,0.29534021495306023,2.8889830664173317,27.04362716266481,1005448.863195463,1205.6794787130937,1208.7429782189065,288.65768352779367,1.3137292653119736,16.172616251980582,6423662.211923145,0.27254397179405915,228761.73443785525,877.0788048740363,27.567576922837077,9.141224808242693
12RR065,Trent 1000-G2,IDLE,FT-SPK,0.29534021495306023,2.88899481680533,27.043078037713624,1005448.863195463,1205.584327401125,1208.8163458903691,288.67929182368806,1.3137351012523923,16.17235364225326,6423662.211923145,0.27255336511869016,228752.78652315473,876.9982620335957,27.5671180764233,9.131850766734754
12RR065,Trent 1000-G2,IDLE,ATJ-SPK,0.29534021495306023,2.8918745006533535,27.01461925084582,1005448.863195463,1204.069554755101,1208.9056988709308,288.7546391057074,1.31381221163771,16.171437931170704,6423662.211923145,0.27289153056277804,228321.75497229738,875.4891710539389,27.54861609210984,9.104744006801022
12RR066,Trent 1000-H2,TAKE-OFF,Jet-A1,0.5409261230079053,6.8949756989309625,53.19580508915163,3728410.9768571393,1870.558439838974,1317.6011964564898,289.0811389432723,1.2810651448472674,75.92424315857707,69895026.74552608,0.3735171459956609,349144.78868011624,1171.8727899722244,222.1679001242401,9.635701826637293
12RR066,Trent 1000-H2,TAKE-OFF,HEFA-SPK,0.5409261230079053,6.895954527253349,53.18705694602439,3728410.976857139,1870.1000831892707,1317.7170442334657,289.11094904882833,1.281070616246866,75.92253391061125,69895026.74552608,0.37358425840387405,348967.9728396197,1171.4601304699838,222.14352465269417,9.629064796850225
12RR066,Trent 1000-H2,TAKE-OFF,FT-SPK,0.5409261230079053,6.895837564966302,53.186397472686544,3728410.976857139,1869.8792144021656,1317.8954656122505,289.1500028993609,1.2810705012849803,75.9203048309378,69895026.74552608,0.37358877130410173,348954.9771963587,1171.3133362065817,222.14125572257146,9.619128632623973
12RR066,Trent 1000-H2,TAKE-OFF,ATJ-SPK,0.5409261230079053,6.901689775120377,53.135858057183626,3728410.9768571393,1867.4191258678836,1318.3940963707378,289.2854169750186,1.2811028832687366,75.91253210682096,69895026.74552608,0.3739777337102742,347933.24481536145,1169.0459532885911,222.00066343333623,9.590208228952065
12RR066,Trent 1000-H2,APPROACH,Jet-A1,0.3052826104671048,5.032402015108492,34.05222427849059,1943230.9722332384,1337.725671042138,1230.5376337943683,288.6569609774056,1.3064687165881583,35.47244779014649,22185933.665927544,0.37994837405146803,201990.02777372484,829.4589774027687,75.33749533753395,7.5857010017967195
12RR066,Trent 1000-H2,APPROACH,HEFA-SPK,0.3052826104671048,5.033130962683156,34.04685453582363,1943230.9722332384,1337.4526263666094,1230.5763563279265,288.67407642165006,1.3064798573906993,35.47199149346824,22185933.665927544,0.3800188716359183,201893.99137464634,829.195388428275,75.32771105856013,7.580628817097759
12RR066,Trent 1000-H2,APPROACH,FT-SPK,0.3052826104671048,5.033131030813359,34.04628291303361,1943230.9722332384,1337.3491839978637,1230.6578161243494,288.69640111021937,1.3064843172009213,35.471396423782096,22185933.665927544,0.380029484743919,201882.71368580995,829.1170626804551,75.32645484583156,7.572855362141894
12RR066,Trent 1000-H2,APPROACH,ATJ-SPK,0.3052826104671048,5.037401707614032,34.015428759662385,1943230.9722332389,1335.8552229333754,1230.8024722164675,288.7742376474959,1.306545204326732,35.46932143626338,22185933.665927544,0.38043203235534034,201331.99139108494,827.6531055403352,75.27035344803818,7.550932524370769
12RR066,Trent 1000-H2,IDLE,Jet-A1,0.29534021495306023,2.653424881485354,26.115541751021766,911979.7200266793,1190.749096695651,1206.1610933260356,288.6410680788728,1.3145883034009185,14.344195053055563,5441281.024069354,0.2641188502054249,219565.7967491484,876.2498143932472,24.294201557779857,9.207415514526557
12RR066,Trent 1000-H2,IDLE,HEFA-SPK,0.29534021495306023,2.653889171236939,26.11064780928188,911979.7200266797,1190.4724465298905,1206.1877862025199,288.65763587096677,1.3146028888169605,14.344016453332177,5441281.024069354,0.26417767094183664,219495.34627429934,875.9762082851939,24.291343912630463,9.201146277318042
12RR066,Trent 1000-H2,IDLE,FT-SPK,0.29534021495306023,2.653901315646374,26.11010434461596,911979.7200266797,1190.3778897984607,1206.2605164934375,288.67924414389387,1.3146089102327758,14.343783536270964,5441281.024069354,0.264187015938279,219486.95547355711,875.8955072536999,24.29093951096489,9.19171082084961
12RR066,Trent 1000-H2,IDLE,ATJ-SPK,0.29534021495306023,2.656609996706291,26.08200556834753,911979.7200266795,1188.8538786265594,1206.343440235387,288.7545919368452,1.31468842768989,14.342971362493387,5441281.024069354,0.26452247594634903,219082.8166130801,874.3753071138417,24.274600343608753,9.164439975323237
12RR067,Trent 1000-J2,TAKE-OFF,Jet-A1,0.5409261230079053,8.08983184767485,55.41416672587947,4464408.987873094,1908.9197312124943,1321.7119894978057,289.0924916038637,1.2799603263287942,92.79629719381641,89912872.46551749,0.3840313939485168,380834.9721786115,1175.8346258991319,271.8110268371023,9.626042330273071
12RR067,Trent 1000-J2,TAKE-OFF,HEFA-SPK,0.5409261230079053,8.090917103850423,55.405486530079976,4464408.987873094,1908.4669967909208,1321.8306691403202,289.1222853768531,1.279965080096681,92.7942081129693,89912872.46551749,0.38409665428519507,380642.48112119344,1175.431208509814,271.78125596086306,9.619410139521511
12RR067,Trent 1000-J2,TAKE-OFF,FT-SPK,0.5409261230079053,8.090770660523535,55.40486264176813,4464408.987873094,1908.2438120229467,1322.0111485503637,289.16133433885216,1.279964550857378,92.7914836822573,89912872.46551749,0.3841004121407581,380629.2995365484,1175.2865773598817,271.77867014261795,9.609477216292698
12RR067,Trent 1000-J2,TAKE-OFF,ATJ-SPK,0.5409261230079053,8.097275551943572,55.35468572557042,4464408.987873094,1905.8189391604276,1322.5243335198795,289.2966580303606,1.2799931369369282,92.7819836861145,89912872.46551749,0.3844792523168614,379516.0841103148,1173.0710983807126,271.6067770988569,9.58058178909105
12RR067,Trent 1000-J2,APPROACH,Jet-A1,0.3052826104671048,5.854259766020146,35.77659455957517,2317432.502312083,1371.3634025569615,1235.6011189150938,288.6573028163322,1.304830442850927,43.35521396573459,28856987.221846003,0.3928066260278556,216014.74452163244,832.6827713404816,92.4614089692873,7.554340685337268
12RR067,Trent 1000-J2,APPROACH,HEFA-SPK,0.3052826104671048,5.855064968123125,35.77121433362828,2317432.502312083,1371.0935146354807,1235.6421749201927,288.67441787916977,1.3048408097665192,43.3546562697945,28856987.221846003,0.39287594620633437,215910.83281325703,832.4238527356977,92.44950182371142,7.549281217232093
12RR067,Trent 1000-J2,APPROACH,FT-SPK,0.3052826104671048,5.8550592087339925,35.77064943038312,2317432.502312083,1370.9888367268159,1235.7250074243684,288.69674276314595,1.3048449064679402,43.35392896240033,28856987.221846003,0.392886197008546,215898.77284151356,832.3462465240468,92.44799162678254,7.541537333560165
12RR067,Trent 1000-J2,APPROACH,ATJ-SPK,0.3052826104671048,5.859782188616895,35.73972750826579,2317432.5023120833,1369.5145927815524,1235.8819672926152,288.7745768544279,1.3049016191509433,43.351392866544124,28856987.221846003,0.39328218280087596,215302.79186988907,830.9089043547707,92.37970534913244,7.5196590180112395
12RR067,Trent 1000-J2,IDLE,Jet-A1,0.29534021495306023,3.066652491734182,27.617950520840363,1077180.9963249946,1216.9307509058663,1210.5459207879844,288.6411540273251,1.3130921592276144,17.531793953734574,7189710.194127947,0.27837991187139643,235513.09010460498,878.1616757150989,30.017897784110822,9.107732657784739
12RR067,Trent 1000-J2,IDLE,HEFA-SPK,0.29534021495306023,3.0671673360589127,27.612970851499,1077180.9963249944,1216.6566464337498,1210.5746791416154,288.6577216748535,1.3131059900102342,17.53157566518377,7189710.194127947,0.2784394811564864,235434.55167048262,877.8914010551457,30.014379234379746,9.101527547259002
12RR067,Trent 1000-J2,IDLE,FT-SPK,0.29534021495306023,3.067178698904649,27.612420179222465,1077180.9963249946,1216.5610699234783,1210.6485053027532,288.67932998750035,1.3131116936624165,17.53129098877562,7189710.194127947,0.2784488968281581,235425.20279240116,877.8109820792021,30.013879846453488,9.092194158286485
12RR067,Trent 1000-J2,IDLE,ATJ-SPK,0.29534021495306023,3.07018425096643,27.583827103728478,1077180.9963249946,1215.0529838679386,1210.7424388942225,288.75467687817735,1.3131871037493796,17.53029833193636,7189710.194127947,0.2787886546872371,234974.70228380122,876.3099971216827,29.99376408316214,9.06519653266246
12RR068,Trent 1000-K2,TAKE-OFF,Jet-A1,0.5409261230079053,8.08983184767485,55.41416672587947,4464408.987873094,1908.9197312124943,1321.7119894978057,289.0924916038637,1.2799603263287942,92.79629719381641,89912872.46551749,0.3840313939485168,380834.9721786115,1175.8346258991319,271.8110268371023,9.626042330273071
12RR068,Trent 1000-K2,TAKE-OFF,HEFA-SPK,0.5409261230079053,8.090917103850423,55.405486530079976,4464408.987873094,1908.4669967909208,1321.8306691403202,289.1222853768531,1.279965080096681,92.7942081129693,89912872.46551749,0.38409665428519507,380642.48112119344,1175.431208509814,271.78125596086306,9.619410139521511
12RR068,Trent 1000-K2,TAKE-OFF,FT-SPK,0.5409261230079053,8.090770660523535,55.40486264176813,4464408.987873094,1908.2438120229467,1322.0111485503637,289.16133433885216,1.279964550857378,92.7914836822573,89912872.46551749,0.3841004121407581,380629.2995365484,1175.2865773598817,271.77867014261795,9.609477216292698
12RR068,Trent 1000-K2,TAKE-OFF,ATJ-SPK,0.5409261230079053,8.097275551943572,55.35468572557042,4464408.987873094,1905.8189391604276,1322.5243335198795,289.2966580303606,1.2799931369369282,92.7819836861145,89912872.46551749,0.3844792523168614,379516.0841103148,1173.0710983807126,271.6067770988569,9.58058178909105
12RR068,Trent 1000-K2,APPROACH,Jet-A1,0.3052826104671048,5.854259766020146,35.77659455957517,2317432.502312083,1371.3634025569615,1235.6011189150938,288.6573028163322,1.304830442850927,43.35521396573459,28856987.221846003,0.3928066260278556,216014.74452163244,832.6827713404816,92.4614089692873,7.554340685337268
12RR068,Trent 1000-K2,APPROACH,HEFA-SPK,0.3052826104671048,5.855064968123125,35.77121433362828,2317432.502312083,1371.0935146354807,1235.6421749201927,288.67441787916977,1.3048408097665192,43.3546562697945,28856987.221846003,0.39287594620633437,215910.83281325703,832.4238527356977,92.44950182371142,7.549281217232093
12RR068,Trent 1000-K2,APPROACH,FT-SPK,0.3052826104671048,5.8550592087339925,35.77064943038312,2317432.502312083,1370.9888367268159,1235.7250074243684,288.69674276314595,1.3048449064679402,43.35392896240033,28856987.221846003,0.392886197008546,215898.77284151356,832.3462465240468,92.44799162678254,7.541537333560165
12RR068,Trent 1000-K2,APPROACH,ATJ-SPK,0.3052826104671048,5.859782188616895,35.73972750826579,2317432.5023120833,1369.5145927815524,1235.8819672926152,288.7745768544279,1.3049016191509433,43.351392866544124,28856987.221846003,0.39328218280087596,215302.79186988907,830.9089043547707,92.37970534913244,7.5196590180112395
12RR068,Trent 1000-K2,IDLE,Jet-A1,0.29534021495306023,3.066652491734182,27.617950520840363,1077180.9963249946,1216.9307509058663,1210.5459207879844,288.6411540273251,1.3130921592276144,17.531793953734574,7189710.194127947,0.27837991187139643,235513.09010460498,878.1616757150989,30.017897784110822,9.107732657784739
12RR068,Trent 1000-K2,IDLE,HEFA-SPK,0.29534021495306023,3.0671673360589127,27.612970851499,1077180.9963249944,1216.6566464337498,1210.5746791416154,288.6577216748535,1.3131059900102342,17.53157566518377,7189710.194127947,0.2784394811564864,235434.55167048262,877.8914010551457,30.014379234379746,9.101527547259002
12RR068,Trent 1000-K2,IDLE,FT-SPK,0.29534021495306023,3.067178698904649,27.612420179222465,1077180.9963249946,1216.5610699234783,1210.6485053027532,288.67932998750035,1.3131116936624165,17.53129098877562,7189710.194127947,0.2784488968281581,235425.20279240116,877.8109820792021,30.013879846453488,9.092194158286485
12RR068,Trent 1000-K2,IDLE,ATJ-SPK,0.29534021495306023,3.07018425096643,27.583827103728478,1077180.9963249946,1215.0529838679386,1210.7424388942225,288.75467687817735,1.3131871037493796,17.53029833193636,7189710.194127947,0.2787886546872371,234974.70228380122,876.3099971216827,29.99376408316214,9.06519653266246
12RR069,Trent 1000-L2,TAKE-OFF,Jet-A1,0.5409261230079053,7.778084992016137,54.97433206137367,4270725.300763633,1899.3132479605963,1320.698374437902,289.08952527008887,1.2802317230055695,88.51217062060519,84689627.76995544,0.38144066597249615,372851.5698343226,1174.8379377681217,259.1993525944728,9.628381063279468
12RR069,Trent 1000-L2,TAKE-OFF,HEFA-SPK,0.5409261230079053,7.779143375731544,54.96561513883143,4270725.300763632,1898.8591133708144,1320.8163551760479,289.119323247083,1.2802366531059184,88.51017798635175,84689627.76995544,0.38150640069958713,372662.9722370207,1174.4322075931059,259.17094781332787,9.621747826757169
12RR069,Trent 1000-L2,TAKE-OFF,FT-SPK,0.5409261230079053,7.77900481442783,54.964980383249916,4270725.300763633,1898.6364946202757,1320.9963225705133,289.1583734984958,1.280236226782074,88.50757933443009,84689627.76995544,0.38151035312653586,372649.80403499125,1174.287015098766,259.1684342063694,9.611814261208401
12RR069,Trent 1000-L2,TAKE-OFF,ATJ-SPK,0.5409261230079053,7.785344474850225,54.91459928081694,4270725.300763632,1896.2028624379825,1321.5059196907976,289.2937203982321,1.2802657443852163,88.4985179246011,84689627.76995544,0.3818917844901659,371559.3437889119,1172.0585675461807,259.0044743254346,9.58291337860144
12RR069,Trent 1000-L2,APPROACH,Jet-A1,0.3052826104671048,5.640189029941204,35.42009103359,2218958.415449229,1362.9285652441342,1234.345272227313,288.65721020283314,1.30523512117187,41.35363383964483,27107905.873962987,0.3896480786787257,212509.61996455924,831.866068420405,88.10877911182546,7.561539663533571
12RR069,Trent 1000-L2,APPROACH,HEFA-SPK,0.3052826104671048,5.640974896826647,35.41470095862835,2218958.4154492286,1362.6578950097596,1234.3857515461516,288.6743253648699,1.3052456778813777,41.353101890852734,27107905.873962987,0.38971770884617013,212407.66158172462,831.605982225411,88.09741186061792,7.5564771439679355
12RR069,Trent 1000-L2,APPROACH,FT-SPK,0.3052826104671048,5.640970746317936,35.414132906996336,2218958.415449229,1362.5535235977545,1234.4682415730515,288.6966501952055,1.305249864583708,41.352408161058406,27107905.873962987,0.3897280553193327,212395.7895726204,831.5281885774972,88.095965206485,7.548726525834235
12RR069,Trent 1000-L2,APPROACH,ATJ-SPK,0.3052826104671048,5.645578911322771,35.38315641749668,2218958.4154492295,1361.0743930253686,1234.6221639851228,288.774484925188,1.305307600069598,41.349989149137414,27107905.873962987,0.3901257679338807,211811.03987941024,830.0842002312062,88.03077883001991,7.526837161484029
12RR069,Trent 1000-L2,IDLE,Jet-A1,0.29534021495306023,2.958897142134536,27.302253087390035,1033706.9762464905,1210.3455052007632,1209.4488201515967,288.64113070896013,1.313465161095336,16.722403637261223,6728258.659722495,0.2748572013583529,231509.4111445174,877.6733269646197,28.557908800959638,9.131381559069922
12RR069,Trent 1000-L2,IDLE,HEFA-SPK,0.29534021495306023,2.959399092799986,27.297282404818024,1033706.9762464906,1210.0707589000685,1209.4770637598363,288.6576983952662,1.3134791787105617,16.722195426437757,6728258.659722495,0.27491661071540086,231432.911042592,877.4022071374487,28.55455859841496,9.125161226679971
12RR069,Trent 1000-L2,IDLE,FT-SPK,0.29534021495306023,2.959410698943154,27.296732101533824,1033706.9762464905,1209.975437088495,1209.5506150124215,288.67930669626105,1.3134849615676694,16.721923892685098,6728258.659722495,0.2749260142112881,231423.80254380812,877.3217128761939,28.554083379643433,9.115803640194123
12RR069,Trent 1000-L2,IDLE,ATJ-SPK,0.29534021495306023,2.9623404938098625,27.26819119673579,1033706.9762464907,1208.4633384014999,1209.6418065824837,288.7546538256076,1.3135613880171504,16.72097706383329,6728258.659722495,0.27526485161714653,230984.98667142988,875.8158568716494,28.534929612689584,9.08874112825628
19RR085,Trent 1000-AE3,TAKE-OFF,Jet-A1,0.5409261230079053,7.6058347827361965,52.22167146797218,4164199.2728534285,1893.8898698577063,1320.1214637201792,289.0878875870324,1.280386492039615,82.21820688959112,78105409.55429254,0.3799657924470327,368358.14931929804,1174.2765046498153,241.51736489586952,9.598510196526089
19RR085,Trent 1000-AE3,TAKE-OFF,HEFA-SPK,0.5409261230079053,7.606878055460097,52.21333385700122,4164199.2728534276,1893.434942789593,1320.2390469085378,289.11768790211164,1.2803915226629592,82.21635594848149,78105409.55429254,0.38003179193512215,368171.76010018046,1173.8694685686883,241.4911468169476,9.591887648938545
19RR085,Trent 1000-AE3,TAKE-OFF,FT-SPK,0.5409261230079053,7.606743792591042,52.212722442242416,4164199.2728534285,1893.2126477289028,1320.418724249411,289.15673886194514,1.2803911546815168,82.21394208268394,78105409.55429254,0.38003585260268935,368158.60960132367,1173.7239649910543,241.4887785763613,9.581985947029164
19RR085,Trent 1000-AE3,TAKE-OFF,ATJ-SPK,0.5409261230079053,7.612990671565656,52.164537867592756,4164199.272853428,1890.7740545474187,1320.9262793353223,289.29209869665357,1.2804212036843887,82.20552501571103,78105409.55429254,0.38041873057362885,367081.04621345777,1171.4881889149365,241.33749023479712,9.553115902000869
19RR085,Trent 1000-AE3,APPROACH,Jet-A1,0.3052826104671048,5.521802637490138,33.60682329039856,2164797.6676746598,1358.1698864316984,1233.6326375951485,288.6571600533903,1.3054652389544517,38.41304081489566,24961985.110205624,0.38784704269322445,210528.6258181136,831.4077125041716,82.00893598064837,7.546285822476952
19RR085,Trent 1000-AE3,APPROACH,HEFA-SPK,0.3052826104671048,5.522577657908832,33.60167478142824,2164797.6676746598,1357.8987720561397,1233.6727890833583,288.6742752706859,1.3054759039842363,38.41254669216048,24961985.110205624,0.38791684360513173,210427.77598464754,831.1469664648378,81.99841336677075,7.541228211405869
19RR085,Trent 1000-AE3,APPROACH,FT-SPK,0.3052826104671048,5.522574370299896,33.601131090595715,2164797.66767466,1357.7945745444486,1233.7550853784965,288.69660007231715,1.3054801417700466,38.41190229242025,24961985.110205624,0.3879272426624064,210416.01252720793,831.0690691394453,81.99706765766678,7.533493161130395
19RR085,Trent 1000-AE3,APPROACH,ATJ-SPK,0.3052826104671048,5.527118166362312,33.57154392539852,2164797.6676746598,1356.3126698005726,1233.9072801137602,288.7744351589689,1.3055384612866585,38.4096552927004,24961985.110205624,0.38832590667305117,209837.6350298356,829.6213225681186,81.93673109650055,7.511617079122306
19RR085,Trent 1000-AE3,IDLE,Jet-A1,0.29534021495306023,2.8993407949191425,25.881777535905083,1009796.2652033133,1206.6360480133526,1208.8290596888712,288.64111809639763,1.3136762666079675,15.53329934515839,6182091.138376668,0.272854112708692,229251.76369474307,877.4004397703466,26.520893914388086,9.13355280728287
19RR085,Trent 1000-AE3,IDLE,HEFA-SPK,0.29534021495306023,2.8998355346234552,25.87703965756904,1009796.2652033134,1206.360940467253,1208.8570119110777,288.6576858014119,1.3136903903437664,15.533105939884965,6182091.138376668,0.2729134238393011,229176.4109052564,877.1288458183357,26.517786846509757,9.127329561510571
19RR085,Trent 1000-AE3,IDLE,FT-SPK,0.29534021495306023,2.8998472635479593,25.87651480576377,1009796.2652033134,1206.2657626604807,1208.9304080863042,288.679294098423,1.3136962180327496,15.53285371447803,6182091.138376668,0.27292281885142994,229167.4380574643,877.0483104312125,26.517345690085893,9.117969694585465
19RR085,Trent 1000-AE3,IDLE,ATJ-SPK,0.29534021495306023,2.9027347026611348,25.849310921264042,1009796.2652033133,1204.7514048545129,1209.0200469236213,288.75464135662224,1.313773221952979,15.531974213163336,6182091.138376668,0.27326109168822305,228735.1989198721,875.5397207510484,26.4995823428164,9.090892450750715
19RR086,Trent 1000-CE3,TAKE-OFF,Jet-A1,0.5409261230079053,8.04318538421908,53.16239856806404,4435356.434806675,1907.4989281589349,1321.5627416998932,289.0920475595097,1.2800002452371808,88.51217062060519,85603246.3900679,0.38364995793948903,379652.3076043778,1175.687044601139,260.02040064938694,9.597978204410571
19RR086,Trent 1000-CE3,TAKE-OFF,HEFA-SPK,0.5409261230079053,8.044266657723497,53.15405606174365,4435356.434806675,1907.0459869168574,1321.6813183971065,289.1218419631353,1.280005024951823,88.51017798635175,85603246.3900679,0.3837152888690136,379460.3908602596,1175.2832851605622,259.99217178366587,9.591356104200017
19RR086,Trent 1000-CE3,TAKE-OFF,FT-SPK,0.5409261230079053,8.044121402102782,53.15345525671234,4435356.434806675,1906.8228852695986,1321.861722221643,289.1608911184841,1.2800045108994387,88.50757933443009,85603246.3900679,0.38371907572967856,379447.2097763115,1175.1385701537492,259.9896889981157,9.581452485901805
19RR086,Trent 1000-CE3,TAKE-OFF,ATJ-SPK,0.5409261230079053,8.050601786840305,53.105231561492815,4435356.434806676,1904.3967190175429,1322.374378876497,289.2962182626583,1.2800332339721159,88.4985179246011,85603246.3900679,0.3840983014375673,378337.3522456123,1172.9211739796285,259.82673168640883,9.552586933689518
19RR086,Trent 1000-CE3,APPROACH,Jet-A1,0.3052826104671048,5.822243886128809,34.31254560859757,2302661.3892826545,1370.1154293679251,1235.4159023606946,288.6572888057669,1.3048900582186465,41.35363383964483,27463053.77304235,0.3923420029015853,215496.6516252644,832.5615976033479,88.38925360016147,7.537545581880209
19RR086,Trent 1000-CE3,APPROACH,HEFA-SPK,0.3052826104671048,5.823046218763899,34.307376514118154,2302661.3892826554,1369.845426100888,1235.4568733957094,288.6744038835516,1.3049004530389066,41.353101890852734,27463053.77304235,0.39241136951908817,215393.02796979755,832.3025064151797,88.37793722444144,7.5324917063507115
19RR086,Trent 1000-CE3,APPROACH,FT-SPK,0.3052826104671048,5.823040703911788,34.30683347282471,2302661.389282655,1369.7407933991587,1235.539655302835,288.69672875943263,1.3049045630127534,41.352408161058406,27463053.77304235,0.3924216346721651,215380.99544263454,832.2248721763124,88.37649715377941,7.5247647371224655
19RR086,Trent 1000-CE3,APPROACH,ATJ-SPK,0.3052826104671048,5.827746638889518,34.277125287779896,2302661.389282655,1368.2658289450808,1235.6961677634258,288.7745629475998,1.3049614260345932,41.349989149137414,27463053.77304235,0.39281787911956895,214786.67098468673,830.7865479470953,88.3116038263748,7.5029023224951095
19RR086,Trent 1000-CE3,IDLE,Jet-A1,0.29534021495306023,3.0505318251691054,26.482122876929477,1070659.8933132188,1215.95562825131,1210.3837229770527,288.6411505008388,1.3131472486134814,16.722403637261223,6838597.006592961,0.2778609446179343,234920.59416779998,878.0890487719072,28.654237793902006,9.10068394302847
19RR086,Trent 1000-CE3,IDLE,HEFA-SPK,0.29534021495306023,3.051044752878525,26.477341149620234,1070659.8933132188,1215.6814287091445,1210.4124053143612,288.65771815179465,1.3131611069322233,16.722195426437757,6838597.006592961,0.27792049136728225,234842.3576594823,877.8186486962194,28.65088444692904,9.094481933005254
19RR086,Trent 1000-CE3,IDLE,FT-SPK,0.29534021495306023,3.0510561538071475,26.476812275861626,1070659.893313219,1215.5858898368383,1210.4861908012945,288.67932646471314,1.3131668222849195,16.721923892685098,6838597.006592961,0.2779299054660425,234833.04433806599,877.7382183886307,28.650407957699805,9.085155701756985
19RR086,Trent 1000-CE3,IDLE,ATJ-SPK,0.29534021495306023,3.054050442739528,26.449355860206847,1070659.893313219,1214.0772095066698,1210.57971953861,288.754673389168,1.313242382158443,16.72097706383329,6838597.006592961,0.27826953351171246,234384.27464906257,876.2365107700472,28.631237232883933,9.058169098780045
19RR087,Trent 1000-D3,TAKE-OFF,Jet-A1,0.5409261230079053,8.04318538421908,53.16239856806404,4435356.434806675,1907.4989281589349,1321.5627416998932,289.0920475595097,1.2800002452371808,88.51217062060519,85603246.3900679,0.38364995793948903,379652.3076043778,1175.687044601139,260.02040064938694,9.597978204410571
19RR087,Trent 1000-D3,TAKE-OFF,HEFA-SPK,0.5409261230079053,8.044266657723497,53.15405606174365,4435356.434806675,1907.0459869168574,1321.6813183971065,289.1218419631353,1.280005024951823,88.51017798635175,85603246.3900679,0.3837152888690136,379460.3908602596,1175.2832851605622,259.99217178366587,9.591356104200017
19RR087,Trent 1000-D3,TAKE-OFF,FT-SPK,0.5409261230079053,8.044121402102782,53.15345525671234,4435356.434806675,1906.8228852695986,1321.861722221643,289.1608911184841,1.2800045108994387,88.50757933443009,85603246.3900679,0.38371907572967856,379447.2097763115,1175.1385701537492,259.9896889981157,9.581452485901805
19RR087,Trent 1000-D3,TAKE-OFF,ATJ-SPK,0.5409261230079053,8.050601786840305,53.105231561492815,4435356.434806676,1904.3967190175429,1322.374378876497,289.2962182626583,1.2800332339721159,88.4985179246011,85603246.3900679,0.3840983014375673,378337.3522456123,1172.9211739796285,259.82673168640883,9.552586933689518
19RR087,Trent 1000-D3,APPROACH,Jet-A1,0.3052826104671048,5.822243886128809,34.31254560859757,2302661.3892826545,1370.1154293679251,1235.4159023606946,288.6572888057669,1.3048900582186465,41.35363383964483,27463053.77304235,0.3923420029015853,215496.6516252644,832.5615976033479,88.38925360016147,7.537545581880209
19RR087,Trent 1000-D3,APPROACH,HEFA-SPK,0.3052826104671048,5.823046218763899,34.307376514118154,2302661.3892826554,1369.845426100888,1235.4568733957094,288.6744038835516,1.3049004530389066,41.353101890852734,27463053.77304235,0.39241136951908817,215393.02796979755,832.3025064151797,88.37793722444144,7.5324917063507115
19RR087,Trent 1000-D3,APPROACH,FT-SPK,0.3052826104671048,5.823040703911788,34.30683347282471,2302661.389282655,1369.7407933991587,1235.539655302835,288.69672875943263,1.3049045630127534,41.352408161058406,27463053.77304235,0.3924216346721651,215380.99544263454,832.2248721763124,88.37649715377941,7.5247647371224655
19RR087,Trent 1000-D3,APPROACH,ATJ-SPK,0.3052826104671048,5.827746638889518,34.277125287779896,2302661.389282655,1368.2658289450808,1235.6961677634258,288.7745629475998,1.3049614260345932,41.349989149137414,27463053.77304235,0.39281787911956895,214786.67098468673,830.7865479470953,88.3116038263748,7.5029023224951095
19RR087,Trent 1000-D3,IDLE,Jet-A1,0.29534021495306023,3.0505318251691054,26.482122876929477,1070659.8933132188,1215.95562825131,1210.3837229770527,288.6411505008388,1.3131472486134814,16.722403637261223,6838597.006592961,0.2778609446179343,234920.59416779998,878.0890487719072,28.654237793902006,9.10068394302847
19RR087,Trent 1000-D3,IDLE,HEFA-SPK,0.29534021495306023,3.051044752878525,26.477341149620234,1070659.8933132188,1215.6814287091445,1210.4124053143612,288.65771815179465,1.3131611069322233,16.722195426437757,6838597.006592961,0.27792049136728225,234842.3576594823,877.8186486962194,28.65088444692904,9.094481933005254
19RR087,Trent 1000-D3,IDLE,FT-SPK,0.29534021495306023,3.0510561538071475,26.476812275861626,1070659.893313219,1215.5858898368383,1210.4861908012945,288.67932646471314,1.3131668222849195,16.721923892685098,6838597.006592961,0.2779299054660425,234833.04433806599,877.7382183886307,28.650407957699805,9.085155701756985
19RR087,Trent 1000-D3,IDLE,ATJ-SPK,0.29534021495306023,3.054050442739528,26.449355860206847,1070659.893313219,1214.0772095066698,1210.57971953861,288.754673389168,1.313242382158443,16.72097706383329,6838597.006592961,0.27826953351171246,234384.27464906257,876.2365107700472,28.631237232883933,9.058169098780045
19RR088,Trent 1000-G3,TAKE-OFF,Jet-A1,0.5409261230079053,7.840580820334844,52.743797699277465,4309462.038185525,1901.2602770827837,1320.9046670422522,289.09011968567063,1.2801764332808587,85.60319578694322,82116416.76405126,0.38196798414059446,374467.16065044835,1175.0397217188847,251.47107839010087,9.598118894737407
19RR088,Trent 1000-G3,TAKE-OFF,HEFA-SPK,0.5409261230079053,7.841644639856327,52.73545509159123,4309462.038185524,1900.8064266266574,1321.0227899764568,289.1199168175499,1.2801813274659108,85.60126864111758,82116416.76405126,0.3820336232749079,374277.77199488186,1174.6344603182451,251.4437789485177,9.59149664881621
19RR088,Trent 1000-G3,TAKE-OFF,FT-SPK,0.5409261230079053,7.841504508971873,52.73484915916981,4309462.038185524,1900.5836923971083,1321.2028613273444,289.158966811193,1.2801808802393606,85.59875539454741,82116416.76405126,0.38203753655925715,374264.5992030275,1174.4893805290199,251.44134773962637,9.581594030728029
19RR088,Trent 1000-G3,TAKE-OFF,ATJ-SPK,0.5409261230079053,7.847877568259947,52.68662993433613,4309462.038185524,1898.151838349318,1321.713188630568,289.2943090372269,1.2802102080418918,85.58999179024013,82116416.76405126,0.38241844569984706,373169.51747413096,1172.2635626254644,251.2837854139741,9.552726644571829
19RR088,Trent 1000-G3,APPROACH,Jet-A1,0.3052826104671048,5.683123262204212,33.99720734611168,2238653.2328218,1364.6375374825784,1234.6004746898889,288.6572285778174,1.3051527982933753,39.99453622316411,26298653.54264321,0.39029150235323445,213220.4351817548,832.0311028108846,85.44073282215525,7.541390689030934
19RR088,Trent 1000-G3,APPROACH,HEFA-SPK,0.3052826104671048,5.683913035322114,33.99204621432886,2238653.2328218003,1364.3670262638275,1234.6410713039784,288.67434371994057,1.3051633163221328,39.99402175700337,26298653.54264321,0.39036107046061796,213118.0798288385,831.7712533903097,85.42978365680207,7.536335142725976
19RR088,Trent 1000-G3,APPROACH,FT-SPK,0.3052826104671048,5.683908567107479,33.991502693114526,2238653.2328218,1364.262592572611,1234.7236308145364,288.6966685608788,1.3051674847333483,39.993350826813874,26298653.54264321,0.39037139780268393,213106.16927262154,831.6934973401274,85.42838705106249,7.528604633894266
19RR088,Trent 1000-G3,APPROACH,ATJ-SPK,0.3052826104671048,5.68853992062628,33.96184154087276,2238653.2328218003,1362.784455253502,1234.8781712066311,288.77450316282903,1.3052250117155866,39.991011316330386,26298653.54264321,0.39076876465875854,212519.1373999649,830.2508571779318,85.36560196055902,7.506736032053358
19RR088,Trent 1000-G3,IDLE,Jet-A1,0.29534021495306023,2.980502215968537,26.213553306803455,1042401.7802621914,1211.6786936220528,1209.6712559580099,288.64113533572964,1.3133894634637069,16.17281761990277,6532485.386922883,0.27557380033682644,232320.4066084957,877.7717912334625,27.667435386930702,9.115510074038065
19RR088,Trent 1000-G3,IDLE,HEFA-SPK,0.29534021495306023,2.9810067675049825,26.20879019098431,1042401.7802621914,1211.4040772120243,1209.699604040137,288.6577030119717,1.3134034430895503,16.172616251980582,6532485.386922883,0.27563324355029845,232243.49398280628,877.5008421600179,27.664195948604185,9.109298478739701
19RR088,Trent 1000-G3,IDLE,FT-SPK,0.29534021495306023,2.981018327003957,26.208262986406325,1042401.7802621914,1211.3087037404,1209.7732109895824,288.6793113172702,1.3134092098753132,16.17235364225326,6532485.386922883,0.27564264980684616,232234.33677367267,877.4203629073002,27.663735793089746,9.099957078311043
19RR088,Trent 1000-G3,IDLE,ATJ-SPK,0.29534021495306023,2.983963400889722,26.180913791732994,1042401.7802621915,1209.797417245256,1209.8649591853414,288.75465839690645,1.313485429649135,16.171437931170704,6532485.386922883,0.2759816819274058,231793.156184527,875.9154912424787,27.645216013281548,9.072929549177575
19RR089,Trent 1000-H3,TAKE-OFF,Jet-A1,0.5409261230079053,7.1489049415212955,51.30628905756809,3883357.9265447087,1879.07676581028,1318.5285596553226,289.0835478301975,1.2808149483552065,75.92424315857707,70709351.60199425,0.37589133938671193,356137.0053156822,1172.748083499403,222.92732275034183,9.60287691358833
19RR089,Trent 1000-H3,TAKE-OFF,HEFA-SPK,0.5409261230079053,7.149907185886523,51.29794228129436,3883357.9265447077,1878.6196654885835,1318.6450458232227,289.1133544119371,1.2808202572332859,75.92253391061125,70709351.60199425,0.3759580504729312,355956.6816945726,1172.3374784713856,222.9031006412447,9.596252303929113
19RR089,Trent 1000-H3,TAKE-OFF,FT-SPK,0.5409261230079053,7.149784125890253,51.29731907698864,3883357.926544708,1878.3982696519267,1318.8239272844962,289.15240723610617,1.2808200495071644,75.9203048309378,70709351.60199425,0.3759624008075777,355943.61518734513,1172.1911465207886,222.90085553459065,9.586348640444912
19RR089,Trent 1000-H3,TAKE-OFF,ATJ-SPK,0.5409261230079053,7.155779553697184,51.24909249838959,3883357.9265447087,1875.9460599618637,1319.3258429147133,289.28780177283534,1.2808515707362973,75.91253210682096,70709351.60199425,0.37634916846771854,354901.43971580826,1169.9353202049233,222.76114055631183,9.557468524242003
19RR089,Trent 1000-H3,APPROACH,Jet-A1,0.3052826104671048,5.207380791856685,32.907999035903536,2022010.2417235216,1345.1845618010136,1231.673045783195,288.6570306272191,1.3060998180179102,35.47244779014649,22501395.019674584,0.3828608630419069,205110.39430502223,830.1660395192281,75.60272236365124,7.559089090812298
19RR089,Trent 1000-H3,APPROACH,HEFA-SPK,0.3052826104671048,5.208126448152263,32.902864293362,2022010.241723522,1344.9122254654917,1231.712293532136,288.6741459900089,1.3061107832619394,35.47199149346824,22501395.019674584,0.3829311136840683,205012.59248634518,829.9034891606723,75.59298641690373,7.554026428156082
19RR089,Trent 1000-H3,APPROACH,FT-SPK,0.3052826104671048,5.20812535647327,32.902319219420185,2022010.2417235216,1344.8085060830276,1231.7940593003314,288.69647071771766,1.306115161583226,35.471396423782096,22501395.019674584,0.3829416509729894,205001.13403791212,829.8253165210735,75.5917357141251,7.5462792605753455
19RR089,Trent 1000-H3,APPROACH,ATJ-SPK,0.3052826104671048,5.212495026610506,32.87281389131012,2022010.241723522,1343.3189691016462,1231.9414877340835,288.77430673411425,1.3061751008214137,35.46932143626338,22501395.019674584,0.3833428217072421,204440.2710805484,828.3672850333576,75.53591359847427,7.524385856943619
19RR089,Trent 1000-H3,IDLE,Jet-A1,0.29534021495306023,2.7412938626465957,25.278438484785042,946758.9360894829,1196.535725208267,1207.1353512940598,288.641085566233,1.3142546408142353,14.344195053055563,5538676.060770955,0.26733027476191995,223096.69205159217,876.6655010258878,24.386199323957474,9.172680226409176
19RR089,Trent 1000-H3,IDLE,HEFA-SPK,0.29534021495306023,2.7417691610797426,25.273741662389092,946758.9360894827,1196.2596358562444,1207.1625049819754,288.65765332739267,1.3142690567256214,14.344016453332177,5538676.060770955,0.2673892875436494,223024.45855534283,876.3926241074178,24.38333813068438,9.166431905871237
19RR089,Trent 1000-H3,IDLE,FT-SPK,0.29534021495306023,2.7417811743395215,25.273220532828567,946758.9360894827,1196.1648520938577,1207.235478124311,288.6792616086217,1.314275007253942,14.343783536270964,5538676.060770955,0.2673986533703824,223015.8556349631,876.3119814349775,24.382932381914205,9.15703197853067
19RR089,Trent 1000-H3,IDLE,ATJ-SPK,0.29534021495306023,2.744554464300216,25.246253127167627,946758.9360894831,1194.6443516314114,1207.3208598055471,288.7546092117537,1.3143536016319917,14.342971362493387,5538676.060770955,0.2677352139954448,222601.4965995632,874.795990498926,24.366573964819214,9.129848049018236
19RR090,Trent 1000-J3,TAKE-OFF,Jet-A1,0.5409261230079053,8.35341231143769,53.665648728672544,4629040.121916136,1916.8425599774382,1322.5400014974052,289.0950019939843,1.2797391270293985,92.79629719381641,90840419.13087901,0.38614749526433945,387441.819361601,1176.658606626066,272.6347697793359,9.596958055961245
19RR090,Trent 1000-J3,TAKE-OFF,HEFA-SPK,0.5409261230079053,8.35451982272336,53.65732658795106,4629040.121916136,1916.3909774440992,1322.6592525566641,289.12479225368327,1.279743737009917,92.7942081129693,90840419.13087901,0.38621235923070774,387246.136368581,1176.2570968369716,272.60517909785466,9.590336390429908
19RR090,Trent 1000-J3,TAKE-OFF,FT-SPK,0.5409261230079053,8.354366613897731,53.65673519362284,4629040.121916137,1916.1673329581567,1322.840152550637,289.1638401178148,1.2797431232967402,92.7914836822573,90840419.13087901,0.38621595390566027,387232.9616368894,1176.1129386168573,272.6026259926581,9.580432063336595
19RR090,Trent 1000-J3,TAKE-OFF,ATJ-SPK,0.5409261230079053,8.361008582958222,53.60862137192006,4629040.121916136,1913.7496601318394,1323.3562688995175,289.29914437136597,1.2797709502783758,92.7819836861145,90840419.13087901,0.38659262985445525,386101.073147827,1173.9081461384017,272.43175866422894,9.551569740715
19RR090,Trent 1000-J3,APPROACH,Jet-A1,0.3052826104671048,6.03506916844153,34.704735314479,2401135.4761455082,1378.32534624069,1236.6305764912568,288.65738297103513,1.3044995206026124,43.35521396573459,29217934.13313424,0.39538159474390916,218901.71140221518,833.3608727680952,92.7409717607563,7.531568521862975
19RR090,Trent 1000-J3,APPROACH,HEFA-SPK,0.3052826104671048,6.035890432852266,34.699566906001365,2401135.4761455082,1378.0560992116016,1236.672104268447,288.67449795003483,1.3045097329634767,43.3546562697945,29217934.13313424,0.3954506523280596,218796.19895534735,833.1029158337125,92.72911546995307,7.526517255374419
19RR090,Trent 1000-J3,APPROACH,FT-SPK,0.3052826104671048,6.035883267044292,34.69902598900331,2401135.476145508,1377.9511700111386,1236.7552185588793,288.6968228807276,1.3045137559002589,43.35392896240033,29217934.13313424,0.3954608218455286,218783.9882693018,833.0254678555261,92.72761213531378,7.518795795675634
19RR090,Trent 1000-J3,APPROACH,ATJ-SPK,0.3052826104671048,6.040701695215275,34.669319765423985,2401135.4761455087,1376.4809295272398,1236.9146616626876,288.77465643048754,1.304569636168623,43.351392866544124,29217934.13313424,0.3958553452989641,218178.80019030775,831.5935958717952,92.65961846000258,7.496943069215025
19RR090,Trent 1000-J3,IDLE,Jet-A1,0.29534021495306023,3.157726009006653,26.82140772814213,1114133.9133917228,1222.3755854618694,1211.4499108020339,288.6411742316652,1.3127854806667785,17.531793953734574,7302066.066998736,0.2812608407928962,238819.03831344846,878.5692005301552,30.113572415270006,9.078796238328636
19RR090,Trent 1000-J3,IDLE,HEFA-SPK,0.29534021495306023,3.158251602109867,26.81661023798266,1114133.9133917228,1222.1020119281343,1211.4790922752015,288.6577418439789,1.3127991584818588,17.53157566518377,7302066.066998736,0.2813205287572152,238738.81356178076,878.2996277372552,30.110050967236276,9.072608336426871
19RR090,Trent 1000-J3,IDLE,FT-SPK,0.29534021495306023,3.158262738612019,26.816080234077123,1114133.9133917228,1222.0062257429818,1211.5531453442948,288.67935016878187,1.3128047970133128,17.53129098877562,7302066.066998736,0.2813299517621601,238729.26646314614,878.2192732016495,30.109550373211924,9.063304487277412
19RR090,Trent 1000-J3,IDLE,ATJ-SPK,0.29534021495306023,3.1613314679006295,26.788532748034545,1114133.9133917228,1220.5014580058512,1211.6493319482377,288.75469685438674,1.312879375255034,17.53029833193636,7302066.066998736,0.2816703939786098,238269.0988546959,876.7223314778753,30.089419026760236,9.036378067863712
19RR091,Trent 1000-K3,TAKE-OFF,Jet-A1,0.5409261230079053,8.35341231143769,53.665648728672544,4629040.121916136,1916.8425599774382,1322.5400014974052,289.0950019939843,1.2797391270293985,92.79629719381641,90840419.13087901,0.38614749526433945,387441.819361601,1176.658606626066,272.6347697793359,9.596958055961245
19RR091,Trent 1000-K3,TAKE-OFF,HEFA-SPK,0.5409261230079053,8.35451982272336,53.65732658795106,4629040.121916136,1916.3909774440992,1322.6592525566641,289.12479225368327,1.279743737009917,92.7942081129693,90840419.13087901,0.38621235923070774,387246.136368581,1176.2570968369716,272.60517909785466,9.590336390429908
19RR091,Trent 1000-K3,TAKE-OFF,FT-SPK,0.5409261230079053,8.354366613897731,53.65673519362284,4629040.121916137,1916.1673329581567,1322.840152550637,289.1638401178148,1.2797431232967402,92.7914836822573,90840419.13087901,0.38621595390566027,387232.9616368894,1176.1129386168573,272.6026259926581,9.580432063336595
19RR091,Trent 1000-K3,TAKE-OFF,ATJ-SPK,0.5409261230079053,8.361008582958222,53.60862137192006,4629040.121916136,1913.7496601318394,1323.3562688995175,289.29914437136597,1.2797709502783758,92.7819836861145,90840419.13087901,0.38659262985445525,386101.073147827,1173.9081461384017,272.43175866422894,9.551569740715
19RR091,Trent 1000-K3,APPROACH,Jet-A1,0.3052826104671048,6.03506916844153,34.704735314479,2401135.4761455082,1378.32534624069,1236.6305764912568,288.65738297103513,1.3044995206026124,43.35521396573459,29217934.13313424,0.39538159474390916,218901.71140221518,833.3608727680952,92.7409717607563,7.531568521862975
19RR091,Trent 1000-K3,APPROACH,HEFA-SPK,0.3052826104671048,6.035890432852266,34.699566906001365,2401135.4761455082,1378.0560992116016,1236.672104268447,288.67449795003483,1.3045097329634767,43.3546562697945,29217934.13313424,0.3954506523280596,218796.19895534735,833.1029158337125,92.72911546995307,7.526517255374419
19RR091,Trent 1000-K3,APPROACH,FT-SPK,0.3052826104671048,6.035883267044292,34.69902598900331,2401135.476145508,1377.9511700111386,1236.7552185588793,288.6968228807276,1.3045137559002589,43.35392896240033,29217934.13313424,0.3954608218455286,218783.9882693018,833.0254678555261,92.72761213531378,7.518795795675634
19RR091,Trent 1000-K3,APPROACH,ATJ-SPK,0.3052826104671048,6.040701695215275,34.669319765423985,2401135.4761455087,1376.4809295272398,1236.9146616626876,288.77465643048754,1.304569636168623,43.351392866544124,29217934.13313424,0.3958553452989641,218178.80019030775,831.5935958717952,92.65961846000258,7.496943069215025
19RR091,Trent 1000-K3,IDLE,Jet-A1,0.29534021495306023,3.157726009006653,26.82140772814213,1114133.9133917228,1222.3755854618694,1211.4499108020339,288.6411742316652,1.3127854806667785,17.531793953734574,7302066.066998736,0.2812608407928962,238819.03831344846,878.5692005301552,30.113572415270006,9.078796238328636
19RR091,Trent 1000-K3,IDLE,HEFA-SPK,0.29534021495306023,3.158251602109867,26.81661023798266,1114133.9133917228,1222.1020119281343,1211.4790922752015,288.6577418439789,1.3127991584818588,17.53157566518377,7302066.066998736,0.2813205287572152,238738.81356178076,878.2996277372552,30.110050967236276,9.072608336426871
19RR091,Trent 1000-K3,IDLE,FT-SPK,0.29534021495306023,3.158262738612019,26.816080234077123,1114133.9133917228,1222.0062257429818,1211.5531453442948,288.67935016878187,1.3128047970133128,17.53129098877562,7302066.066998736,0.2813299517621601,238729.26646314614,878.2192732016495,30.109550373211924,9.063304487277412
19RR091,Trent 1000-K3,IDLE,ATJ-SPK,0.29534021495306023,3.1613314679006295,26.788532748034545,1114133.9133917228,1220.5014580058512,1211.6493319482377,288.75469685438674,1.312879375255034,17.53029833193636,7302066.066998736,0.2816703939786098,238269.0988546959,876.7223314778753,30.089419026760236,9.036378067863712
19RR092,Trent 1000-L3,TAKE-OFF,Jet-A1,0.5409261230079053,8.04318538421908,53.16239856806404,4435356.434806675,1907.4989281589349,1321.5627416998932,289.0920475595097,1.2800002452371808,88.51217062060519,85603246.3900679,0.38364995793948903,379652.3076043778,1175.687044601139,260.02040064938694,9.597978204410571
19RR092,Trent 1000-L3,TAKE-OFF,HEFA-SPK,0.5409261230079053,8.044266657723497,53.15405606174365,4435356.434806675,1907.0459869168574,1321.6813183971065,289.1218419631353,1.280005024951823,88.51017798635175,85603246.3900679,0.3837152888690136,379460.3908602596,1175.2832851605622,259.99217178366587,9.591356104200017
19RR092,Trent 1000-L3,TAKE-OFF,FT-SPK,0.5409261230079053,8.044121402102782,53.15345525671234,4435356.434806675,1906.8228852695986,1321.861722221643,289.1608911184841,1.2800045108994387,88.50757933443009,85603246.3900679,0.38371907572967856,379447.2097763115,1175.1385701537492,259.9896889981157,9.581452485901805
19RR092,Trent 1000-L3,TAKE-OFF,ATJ-SPK,0.5409261230079053,8.050601786840305,53.105231561492815,4435356.434806676,1904.3967190175429,1322.374378876497,289.2962182626583,1.2800332339721159,88.4985179246011,85603246.3900679,0.3840983014375673,378337.3522456123,1172.9211739796285,259.82673168640883,9.552586933689518
19RR092,Trent 1000-L3,APPROACH,Jet-A1,0.3052826104671048,5.822243886128809,34.31254560859757,2302661.3892826545,1370.1154293679251,1235.4159023606946,288.6572888057669,1.3048900582186465,41.35363383964483,27463053.77304235,0.3923420029015853,215496.6516252644,832.5615976033479,88.38925360016147,7.537545581880209
19RR092,Trent 1000-L3,APPROACH,HEFA-SPK,0.3052826104671048,5.823046218763899,34.307376514118154,2302661.3892826554,1369.845426100888,1235.4568733957094,288.6744038835516,1.3049004530389066,41.353101890852734,27463053.77304235,0.39241136951908817,215393.02796979755,832.3025064151797,88.37793722444144,7.5324917063507115
19RR092,Trent 1000-L3,APPROACH,FT-SPK,0.3052826104671048,5.823040703911788,34.30683347282471,2302661.389282655,1369.7407933991587,1235.539655302835,288.69672875943263,1.3049045630127534,41.352408161058406,27463053.77304235,0.3924216346721651,215380.99544263454,832.2248721763124,88.37649715377941,7.5247647371224655
19RR092,Trent 1000-L3,APPROACH,ATJ-SPK,0.3052826104671048,5.827746638889518,34.277125287779896,2302661.389282655,1368.2658289450808,1235.6961677634258,288.7745629475998,1.3049614260345932,41.349989149137414,27463053.77304235,0.39281787911956895,214786.67098468673,830.7865479470953,88.3116038263748,7.5029023224951095
19RR092,Trent 1000-L3,IDLE,Jet-A1,0.29534021495306023,3.0505318251691054,26.482122876929477,1070659.8933132188,1215.95562825131,1210.3837229770527,288.6411505008388,1.3131472486134814,16.722403637261223,6838597.006592961,0.2778609446179343,234920.59416779998,878.0890487719072,28.654237793902006,9.10068394302847
19RR092,Trent 1000-L3,IDLE,HEFA-SPK,0.29534021495306023,3.051044752878525,26.477341149620234,1070659.8933132188,1215.6814287091445,1210.4124053143612,288.65771815179465,1.3131611069322233,16.722195426437757,6838597.006592961,0.27792049136728225,234842.3576594823,877.8186486962194,28.65088444692904,9.094481933005254
19RR092,Trent 1000-L3,IDLE,FT-SPK,0.29534021495306023,3.0510561538071475,26.476812275861626,1070659.893313219,1215.5858898368383,1210.4861908012945,288.67932646471314,1.3131668222849195,16.721923892685098,6838597.006592961,0.2779299054660425,234833.04433806599,877.7382183886307,28.650407957699805,9.085155701756985
19RR092,Trent 1000-L3,IDLE,ATJ-SPK,0.29534021495306023,3.054050442739528,26.449355860206847,1070659.893313219,1214.0772095066698,1210.57971953861,288.754673389168,1.313242382158443,16.72097706383329,6838597.006592961,0.27826953351171246,234384.27464906257,876.2365107700472,28.631237232883933,9.058169098780045
19RR093,Trent 1000-M3,TAKE-OFF,Jet-A1,0.5409261230079053,8.492449836542502,53.870159846904464,4716197.781115393,1920.9517005202692,1322.9666171476317,289.09632707970417,1.2796253358443157,94.70035344857699,93195439.92329252,0.3872377890874699,390876.29060870165,1177.0866110669845,278.2399817506537,9.596574849784945
19RR093,Trent 1000-M3,TAKE-OFF,HEFA-SPK,0.5409261230079053,8.493568920181385,53.86184950396029,4716197.781115393,1920.500714556074,1323.0861628154748,289.1261154950634,1.2796298718159917,94.69822150257713,93195439.92329252,0.38730244568411604,390678.9594426036,1176.686090870414,278.20978640585105,9.589953320984135
19RR093,Trent 1000-M3,TAKE-OFF,FT-SPK,0.5409261230079053,8.493412105765113,53.86126254986927,4716197.781115395,1920.2768341808207,1323.2672803395412,289.1651627775938,1.2796292144332366,94.69544117018052,93195439.92329252,0.38730595476934254,390665.7948385965,1176.5421814969675,278.20720385894623,9.580048595822044
19RR093,Trent 1000-M3,TAKE-OFF,ATJ-SPK,0.5409261230079053,8.50012543946847,53.81321337567745,4716197.781115395,1917.8628880919714,1323.7849073485647,289.3004568499652,1.2796566509148868,94.68574624678715,93195439.92329252,0.38768149872744195,389524.25795097504,1174.3429292827354,278.0328226124752,9.551187461720746
19RR093,Trent 1000-M3,APPROACH,Jet-A1,0.3052826104671048,6.130378317091281,34.86620383112783,2445448.8152337926,1381.9380227324373,1237.1622362178362,288.657425928179,1.304328900387999,44.24480513288561,30008679.44355195,0.3967065549598836,220397.60753151224,833.7141505661788,94.67509585962617,7.529086265113918
19RR093,Trent 1000-M3,APPROACH,HEFA-SPK,0.3052826104671048,6.131207952628561,34.86103752355414,2445448.815233792,1381.6691065441776,1237.2040073125575,288.67454086191515,1.3043390332849893,44.24423599376864,30008679.44355195,0.39677547398673785,220291.26863591865,833.4566919022789,94.66299931654112,7.524036106086366
19RR093,Trent 1000-M3,APPROACH,FT-SPK,0.3052826104671048,6.131200028340904,34.86049775858184,2445448.8152337926,1381.5640475458765,1237.2872675086364,288.6968658178237,1.3043430181279894,44.24349376299676,30008679.44355195,0.3967856005150432,220278.9813670296,833.3793272903922,94.66146807633757,7.5163169181194975
19RR093,Trent 1000-M3,APPROACH,ATJ-SPK,0.3052826104671048,6.136068225699856,34.83080271035787,2445448.8152337926,1380.0958737998349,1237.447990772117,288.7746990830246,1.3043984705934617,44.240905629836,30008679.44355195,0.3971793525437571,219669.03857688268,831.9502881957059,94.59209456603253,7.4944683706159845
19RR093,Trent 1000-M3,IDLE,Jet-A1,0.29534021495306023,3.2057545772283045,26.96166412552326,1133697.2224270497,1225.2043008343114,1211.918410746394,288.64118506666273,1.3126267788682435,17.89152298327829,7511492.252637364,0.28274635650334023,240534.88916414673,878.7822488011875,30.763231906989787,9.069420577541251
19RR093,Trent 1000-M3,IDLE,HEFA-SPK,0.29534021495306023,3.2062857855893703,26.95686154891724,1133697.2224270497,1224.9310031472085,1211.9478111437668,288.6577526616249,1.3126403777553597,17.89130021573756,7511492.252637364,0.2828061014164094,240453.7881577268,878.513041643055,30.75963566201981,9.06323872010024
19RR093,Trent 1000-M3,IDLE,FT-SPK,0.29534021495306023,3.20629679527407,26.956331263274585,1133697.2224270494,1224.835108359637,1212.0219819516556,288.67936099191337,1.3126459825842913,17.89100969814919,7511492.252637364,0.2828155272720409,240444.13830397182,878.4327213675988,30.759124353923333,9.053944454186164
19RR093,Trent 1000-M3,IDLE,ATJ-SPK,0.29534021495306023,3.209398537208118,26.928754313320397,1133697.2224270497,1223.332064296836,1212.119333940049,288.7547075699968,1.3127201317048005,17.88999667331551,7511492.252637364,0.2831562983987366,239978.94725308253,876.9378852580587,30.73856556750568,9.027043825996639
19RR094,Trent 1000-N3,TAKE-OFF,Jet-A1,0.5409261230079053,8.492449836542502,53.870159846904464,4716197.781115393,1920.9517005202692,1322.9666171476317,289.09632707970417,1.2796253358443157,94.70035344857699,93195439.92329252,0.3872377890874699,390876.29060870165,1177.0866110669845,278.2399817506537,9.596574849784945
19RR094,Trent 1000-N3,TAKE-OFF,HEFA-SPK,0.5409261230079053,8.493568920181385,53.86184950396029,4716197.781115393,1920.500714556074,1323.0861628154748,289.1261154950634,1.2796298718159917,94.69822150257713,93195439.92329252,0.38730244568411604,390678.9594426036,1176.686090870414,278.20978640585105,9.589953320984135
19RR094,Trent 1000-N3,TAKE-OFF,FT-SPK,0.5409261230079053,8.493412105765113,53.86126254986927,4716197.781115395,1920.2768341808207,1323.2672803395412,289.1651627775938,1.2796292144332366,94.69544117018052,93195439.92329252,0.38730595476934254,390665.7948385965,1176.5421814969675,278.20720385894623,9.580048595822044
19RR094,Trent 1000-N3,TAKE-OFF,ATJ-SPK,0.5409261230079053,8.50012543946847,53.81321337567745,4716197.781115395,1917.8628880919714,1323.7849073485647,289.3004568499652,1.2796566509148868,94.68574624678715,93195439.92329252,0.38768149872744195,389524.25795097504,1174.3429292827354,278.0328226124752,9.551187461720746
19RR094,Trent 1000-N3,APPROACH,Jet-A1,0.3052826104671048,6.130378317091281,34.86620383112783,2445448.8152337926,1381.9380227324373,1237.1622362178362,288.657425928179,1.304328900387999,44.24480513288561,30008679.44355195,0.3967065549598836,220397.60753151224,833.7141505661788,94.67509585962617,7.529086265113918
19RR094,Trent 1000-N3,APPROACH,HEFA-SPK,0.3052826104671048,6.131207952628561,34.86103752355414,2445448.815233792,1381.6691065441776,1237.2040073125575,288.67454086191515,1.3043390332849893,44.24423599376864,30008679.44355195,0.39677547398673785,220291.26863591865,833.4566919022789,94.66299931654112,7.524036106086366
19RR094,Trent 1000-N3,APPROACH,FT-SPK,0.3052826104671048,6.131200028340904,34.86049775858184,2445448.8152337926,1381.5640475458765,1237.2872675086364,288.6968658178237,1.3043430181279894,44.24349376299676,30008679.44355195,0.3967856005150432,220278.9813670296,833.3793272903922,94.66146807633757,7.5163169181194975
19RR094,Trent 1000-N3,APPROACH,ATJ-SPK,0.3052826104671048,6.136068225699856,34.83080271035787,2445448.8152337926,1380.0958737998349,1237.447990772117,288.7746990830246,1.3043984705934617,44.240905629836,30008679.44355195,0.3971793525437571,219669.03857688268,831.9502881957059,94.59209456603253,7.4944683706159845
19RR094,Trent 1000-N3,IDLE,Jet-A1,0.29534021495306023,3.2057545772283045,26.96166412552326,1133697.2224270497,1225.2043008343114,1211.918410746394,288.64118506666273,1.3126267788682435,17.89152298327829,7511492.252637364,0.28274635650334023,240534.88916414673,878.7822488011875,30.763231906989787,9.069420577541251
19RR094,Trent 1000-N3,IDLE,HEFA-SPK,0.29534021495306023,3.2062857855893703,26.95686154891724,1133697.2224270497,1224.9310031472085,1211.9478111437668,288.6577526616249,1.3126403777553597,17.89130021573756,7511492.252637364,0.2828061014164094,240453.7881577268,878.513041643055,30.75963566201981,9.06323872010024
19RR094,Trent 1000-N3,IDLE,FT-SPK,0.29534021495306023,3.20629679527407,26.956331263274585,1133697.2224270494,1224.835108359637,1212.0219819516556,288.67936099191337,1.3126459825842913,17.89100969814919,7511492.252637364,0.2828155272720409,240444.13830397182,878.4327213675988,30.759124353923333,9.053944454186164
19RR094,Trent 1000-N3,IDLE,ATJ-SPK,0.29534021495306023,3.209398537208118,26.928754313320397,1133697.2224270497,1223.332064296836,1212.119333940049,288.7547075699968,1.3127201317048005,17.88999667331551,7511492.252637364,0.2831562983987366,239978.94725308253,876.9378852580587,30.73856556750568,9.027043825996639
19RR095,Trent 1000-P3,TAKE-OFF,Jet-A1,0.5409261230079053,8.04318538421908,53.16239856806404,4435356.434806675,1907.4989281589349,1321.5627416998932,289.0920475595097,1.2800002452371808,88.51217062060519,85603246.3900679,0.38364995793948903,379652.3076043778,1175.687044601139,260.02040064938694,9.597978204410571
19RR095,Trent 1000-P3,TAKE-OFF,HEFA-SPK,0.5409261230079053,8.044266657723497,53.15405606174365,4435356.434806675,1907.0459869168574,1321.6813183971065,289.1218419631353,1.280005024951823,88.51017798635175,85603246.3900679,0.3837152888690136,379460.3908602596,1175.2832851605622,259.99217178366587,9.591356104200017
19RR095,Trent 1000-P3,TAKE-OFF,FT-SPK,0.5409261230079053,8.044121402102782,53.15345525671234,4435356.434806675,1906.8228852695986,1321.861722221643,289.1608911184841,1.2800045108994387,88.50757933443009,85603246.3900679,0.38371907572967856,379447.2097763115,1175.1385701537492,259.9896889981157,9.581452485901805
19RR095,Trent 1000-P3,TAKE-OFF,ATJ-SPK,0.5409261230079053,8.050601786840305,53.105231561492815,4435356.434806676,1904.3967190175429,1322.374378876497,289.2962182626583,1.2800332339721159,88.4985179246011,85603246.3900679,0.3840983014375673,378337.3522456123,1172.9211739796285,259.82673168640883,9.552586933689518
19RR095,Trent 1000-P3,APPROACH,Jet-A1,0.3052826104671048,5.822243886128809,34.31254560859757,2302661.3892826545,1370.1154293679251,1235.4159023606946,288.6572888057669,1.3048900582186465,41.35363383964483,27463053.77304235,0.3923420029015853,215496.6516252644,832.5615976033479,88.38925360016147,7.537545581880209
19RR095,Trent 1000-P3,APPROACH,HEFA-SPK,0.3052826104671048,5.823046218763899,34.307376514118154,2302661.3892826554,1369.845426100888,1235.4568733957094,288.6744038835516,1.3049004530389066,41.353101890852734,27463053.77304235,0.39241136951908817,215393.02796979755,832.3025064151797,88.37793722444144,7.5324917063507115
19RR095,Trent 1000-P3,APPROACH,FT-SPK,0.3052826104671048,5.823040703911788,34.30683347282471,2302661.389282655,1369.7407933991587,1235.539655302835,288.69672875943263,1.3049045630127534,41.352408161058406,27463053.77304235,0.3924216346721651,215380.99544263454,832.2248721763124,88.37649715377941,7.5247647371224655
19RR095,Trent 1000-P3,APPROACH,ATJ-SPK,0.3052826104671048,5.827746638889518,34.277125287779896,2302661.389282655,1368.2658289450808,1235.6961677634258,288.7745629475998,1.3049614260345932,41.349989149137414,27463053.77304235,0.39281787911956895,214786.67098468673,830.7865479470953,88.3116038263748,7.5029023224951095
19RR095,Trent 1000-P3,IDLE,Jet-A1,0.29534021495306023,3.0505318251691054,26.482122876929477,1070659.8933132188,1215.95562825131,1210.3837229770527,288.6411505008388,1.3131472486134814,16.722403637261223,6838597.006592961,0.2778609446179343,234920.59416779998,878.0890487719072,28.654237793902006,9.10068394302847
19RR095,Trent 1000-P3,IDLE,HEFA-SPK,0.29534021495306023,3.051044752878525,26.477341149620234,1070659.8933132188,1215.6814287091445,1210.4124053143612,288.65771815179465,1.3131611069322233,16.722195426437757,6838597.006592961,0.27792049136728225,234842.3576594823,877.8186486962194,28.65088444692904,9.094481933005254
19RR095,Trent 1000-P3,IDLE,FT-SPK,0.29534021495306023,3.0510561538071475,26.476812275861626,1070659.893313219,1215.5858898368383,1210.4861908012945,288.67932646471314,1.3131668222849195,16.721923892685098,6838597.006592961,0.2779299054660425,234833.04433806599,877.7382183886307,28.650407957699805,9.085155701756985
19RR095,Trent 1000-P3,IDLE,ATJ-SPK,0.29534021495306023,3.054050442739528,26.449355860206847,1070659.893313219,1214.0772095066698,1210.57971953861,288.754673389168,1.313242382158443,16.72097706383329,6838597.006592961,0.27826953351171246,234384.27464906257,876.2365107700472,28.631237232883933,9.058169098780045
19RR096,Trent 1000-Q3,TAKE-OFF,Jet-A1,0.5409261230079053,8.35341231143769,53.665648728672544,4629040.121916136,1916.8425599774382,1322.5400014974052,289.0950019939843,1.2797391270293985,92.79629719381641,90840419.13087901,0.38614749526433945,387441.819361601,1176.658606626066,272.6347697793359,9.596958055961245
19RR096,Trent 1000-Q3,TAKE-OFF,HEFA-SPK,0.5409261230079053,8.35451982272336,53.65732658795106,4629040.121916136,1916.3909774440992,1322.6592525566641,289.12479225368327,1.279743737009917,92.7942081129693,90840419.13087901,0.38621235923070774,387246.136368581,1176.2570968369716,272.60517909785466,9.590336390429908
19RR096,Trent 1000-Q3,TAKE-OFF,FT-SPK,0.5409261230079053,8.354366613897731,53.65673519362284,4629040.121916137,1916.1673329581567,1322.840152550637,289.1638401178148,1.2797431232967402,92.7914836822573,90840419.13087901,0.38621595390566027,387232.9616368894,1176.1129386168573,272.6026259926581,9.580432063336595
19RR096,Trent 1000-Q3,TAKE-OFF,ATJ-SPK,0.5409261230079053,8.361008582958222,53.60862137192006,4629040.121916136,1913.7496601318394,1323.3562688995175,289.29914437136597,1.2797709502783758,92.7819836861145,90840419.13087901,0.38659262985445525,386101.073147827,1173.9081461384017,272.43175866422894,9.551569740715
19RR096,Trent 1000-Q3,APPROACH,Jet-A1,0.3052826104671048,6.03506916844153,34.704735314479,2401135.4761455082,1378.32534624069,1236.6305764912568,288.65738297103513,1.3044995206026124,43.35521396573459,29217934.13313424,0.39538159474390916,218901.71140221518,833.3608727680952,92.7409717607563,7.531568521862975
19RR096,Trent 1000-Q3,APPROACH,HEFA-SPK,0.3052826104671048,6.035890432852266,34.699566906001365,2401135.4761455082,1378.0560992116016,1236.672104268447,288.67449795003483,1.3045097329634767,43.3546562697945,29217934.13313424,0.3954506523280596,218796.19895534735,833.1029158337125,92.72911546995307,7.526517255374419
19RR096,Trent 1000-Q3,APPROACH,FT-SPK,0.3052826104671048,6.035883267044292,34.69902598900331,2401135.476145508,1377.9511700111386,1236.7552185588793,288.6968228807276,1.3045137559002589,43.35392896240033,29217934.13313424,0.3954608218455286,218783.9882693018,833.0254678555261,92.72761213531378,7.518795795675634
19RR096,Trent 1000-Q3,APPROACH,ATJ-SPK,0.3052826104671048,6.040701695215275,34.669319765423985,2401135.4761455087,1376.4809295272398,1236.9146616626876,288.77465643048754,1.304569636168623,43.351392866544124,29217934.13313424,0.3958553452989641,218178.80019030775,831.5935958717952,92.65961846000258,7.496943069215025
19RR096,Trent 1000-Q3,IDLE,Jet-A1,0.29534021495306023,3.157726009006653,26.82140772814213,1114133.9133917228,1222.3755854618694,1211.4499108020339,288.6411742316652,1.3127854806667785,17.531793953734574,7302066.066998736,0.2812608407928962,238819.03831344846,878.5692005301552,30.113572415270006,9.078796238328636
19RR096,Trent 1000-Q3,IDLE,HEFA-SPK,0.29534021495306023,3.158251602109867,26.81661023798266,1114133.9133917228,1222.1020119281343,1211.4790922752015,288.6577418439789,1.3127991584818588,17.53157566518377,7302066.066998736,0.2813205287572152,238738.81356178076,878.2996277372552,30.110050967236276,9.072608336426871
19RR096,Trent 1000-Q3,IDLE,FT-SPK,0.29534021495306023,3.158262738612019,26.816080234077123,1114133.9133917228,1222.0062257429818,1211.5531453442948,288.67935016878187,1.3128047970133128,17.53129098877562,7302066.066998736,0.2813299517621601,238729.26646314614,878.2192732016495,30.109550373211924,9.063304487277412
19RR096,Trent 1000-Q3,IDLE,ATJ-SPK,0.29534021495306023,3.1613314679006295,26.788532748034545,1114133.9133917228,1220.5014580058512,1211.6493319482377,288.75469685438674,1.312879375255034,17.53029833193636,7302066.066998736,0.2816703939786098,238269.0988546959,876.7223314778753,30.089419026760236,9.036378067863712
19RR097,Trent 1000-R3,TAKE-OFF,Jet-A1,0.5409261230079053,8.6003540331971,54.05584488654483,4783987.071603705,1924.108457056457,1323.2930440455723,289.0973558605204,1.2795383496211128,96.23417654268964,95088347.99883872,0.388072072302754,393518.3298018624,1177.4157007913032,282.7405383202892,9.596777927482702
19RR097,Trent 1000-R3,TAKE-OFF,HEFA-SPK,0.5409261230079053,8.601482019858402,54.047539301445646,4783987.071603704,1923.657929057815,1323.4128152336486,289.12714284668283,1.2795428289936799,96.23201006642783,95088347.99883872,0.388136568768411,393319.7360172472,1177.0159409891671,282.70985298405407,9.590156312124888
19RR097,Trent 1000-R3,TAKE-OFF,FT-SPK,0.5409261230079053,8.601322389875918,54.04695549642551,4783987.071603705,1923.4338686495978,1323.5940995900794,289.1661896767882,1.279542138128337,96.22918470211863,95088347.99883872,0.38814001165988826,393306.5823102288,1176.8722244449189,282.7072469369181,9.580250758092761
19RR097,Trent 1000-R3,TAKE-OFF,ATJ-SPK,0.5409261230079053,8.608090667439269,53.99893105471016,4783987.071603705,1921.022782404101,1324.1128826886431,289.30147588354276,1.2795692760835895,96.21933275399563,95088347.99883872,0.3885146816164086,392157.65103349235,1174.6772277205043,282.5300177889684,9.55138993647877
19RR097,Trent 1000-R3,APPROACH,Jet-A1,0.3052826104671048,6.2043144930632295,35.00869095809484,2479914.7456357917,1384.7142513089668,1237.5696138458297,288.65745958601957,1.3041982951637752,44.961420239757246,30644094.935198583,0.3977195857246464,221546.1243002488,833.9862729313506,96.22832612120222,7.527535803887947
19RR097,Trent 1000-R3,APPROACH,HEFA-SPK,0.3052826104671048,6.205150578000286,35.003523599936265,2479914.7456357917,1384.445588556062,1237.611571232844,288.67457448666795,1.3042083673378828,44.960841882525564,30644094.935198583,0.3977883972435675,221439.15229572455,833.7291968134185,96.21603503259679,7.522486379205542
19RR097,Trent 1000-R3,APPROACH,FT-SPK,0.3052826104671048,6.2051420573122344,35.0029844539866,2479914.7456357917,1384.3404300919028,1237.694943404495,288.69689946230756,1.3042123229917795,44.96008763014386,30644094.935198583,0.39779849036614895,221426.8069451591,833.6518968485185,96.21448128507306,7.514768576987014
19RR097,Trent 1000-R3,APPROACH,ATJ-SPK,0.3052826104671048,6.2100486106512225,34.97328266137358,2479914.7456357917,1382.8738395676503,1237.856646531191,288.77473250465084,1.304267448612002,44.95745757804333,30644094.935198583,0.3981916439263737,220813.2211772208,832.2250320474313,96.14399033200189,7.492922917220073
19RR097,Trent 1000-R3,IDLE,Jet-A1,0.29534021495306023,3.243022691373262,27.083495313204722,1148913.1294545261,1227.3795791224138,1212.2781455071845,288.6411935604031,1.312505030198309,18.18130470152183,7679738.86702322,0.28388355722207703,241853.57156957482,878.9466981394073,31.285389780001726,9.062492617275714
19RR097,Trent 1000-R3,IDLE,HEFA-SPK,0.29534021495306023,3.2435582321674046,27.07868642201759,1148913.1294545261,1227.1064935412505,1212.3077138371814,288.65776114181904,1.3125185686411485,18.18107832590588,7679738.86702322,0.28394334378229746,241771.79669741163,878.6777725881777,31.281733290482922,9.056315251562348
19RR097,Trent 1000-R3,IDLE,FT-SPK,0.29534021495306023,3.2435691399518514,27.07815565902521,1148913.129454526,1227.0105153914415,1212.381975117568,288.6793694764094,1.3125241476135405,18.180783102922337,7679738.86702322,0.28395277138966385,241762.06794245818,878.597479021782,31.281213371416392,9.047028066019951
19RR097,Trent 1000-R3,IDLE,ATJ-SPK,0.29534021495306023,3.2466963565585854,27.05054224787776,1148913.1294545261,1225.508796562939,1212.480220892905,288.7547159706995,1.3125979681539897,18.179753670537593,7679738.86702322,0.28429378330996147,241293.01363892658,877.1042643084231,31.2603102863701,9.02014664417975
