uid,model,mode,fuel,split,tau,p5_analytic_bar,p5_pinn_bar,p5_rel_err,T5_analytic_K,T5_pinn_raw_K,T5_rel_err
01P19RR106,Trent 1000-AE3,TAKE-OFF,Jet-A1,train,0.3799657924470327,3.683581493192981,3.7253926,0.011350621,1174.2765046498153,1172.0321044921875,-0.0019113046618411745
01P19RR106,Trent 1000-AE3,TAKE-OFF,HEFA-SPK,train,0.3800317919351221,3.6817176010018047,3.7218335,0.010895984,1173.8694685686885,1171.6807861328125,-0.001864502395266037
01P19RR106,Trent 1000-AE3,TAKE-OFF,FT-SPK,train,0.3800358526026893,3.6815860960132367,3.7209296,0.010686545,1173.7239649910543,1171.5989990234375,-0.001810447797777598
01P19RR106,Trent 1000-AE3,TAKE-OFF,ATJ-SPK,train,0.3804187305736288,3.6708104621345776,3.700999,0.008224002,1171.4881889149365,1169.6248779296875,-0.0015905503810284426
01P19RR106,Trent 1000-AE3,APPROACH,Jet-A1,train,0.3878470426932244,2.105286258181136,2.1617842,0.026836166,831.4077125041716,830.8922119140625,-0.0006200334473160671
01P19RR106,Trent 1000-AE3,APPROACH,HEFA-SPK,train,0.3879168436051317,2.1042777598464752,2.1600912,0.026523797,831.1469664648378,830.65576171875,-0.000590996256867817
01P19RR106,Trent 1000-AE3,APPROACH,FT-SPK,train,0.3879272426624064,2.104160125272079,2.1597145,0.026402086,831.0690691394453,830.6046752929688,-0.0005587909160876996
01P19RR106,Trent 1000-AE3,APPROACH,ATJ-SPK,train,0.3883259066730511,2.098376350298356,2.1501582,0.024677115,829.6213225681186,829.2720947265625,-0.0004209484882512567
01P19RR106,Trent 1000-AE3,IDLE,Jet-A1,train,0.272854112708692,2.292517636947431,2.2599812,-0.014192434,877.4004397703466,878.076416015625,0.000770430711723106
01P19RR106,Trent 1000-AE3,IDLE,HEFA-SPK,train,0.2729134238393011,2.291764109052564,2.259407,-0.014118832,877.1288458183357,877.8201293945312,0.0007881209009272065
01P19RR106,Trent 1000-AE3,IDLE,FT-SPK,train,0.2729228188514299,2.291674380574643,2.2592494,-0.014149044,877.0483104312125,877.76123046875,0.0008128629051083837
01P19RR106,Trent 1000-AE3,IDLE,ATJ-SPK,train,0.273261091688223,2.2873519891987213,2.2560413,-0.013688658,875.5397207510484,876.3202514648438,0.0008914852122594352
01P19RR107,Trent 1000-CE3,TAKE-OFF,Jet-A1,train,0.383649957939489,3.796523076043778,3.7621183,-0.009062157,1175.687044601139,1173.8045654296875,-0.0016011736967724232
01P19RR107,Trent 1000-CE3,TAKE-OFF,HEFA-SPK,train,0.3837152888690136,3.7946039086025958,3.7583325,-0.009558721,1175.2832851605622,1173.457275390625,-0.001553676286383764
01P19RR107,Trent 1000-CE3,TAKE-OFF,FT-SPK,train,0.3837190757296785,3.794472097763115,3.757381,-0.009775075,1175.1385701537492,1173.376708984375,-0.0014992795012623314
01P19RR107,Trent 1000-CE3,TAKE-OFF,ATJ-SPK,train,0.3840983014375673,3.783373522456123,3.7361841,-0.012472831,1172.9211739796283,1171.4241943359375,-0.001276283246393839
01P19RR107,Trent 1000-CE3,APPROACH,Jet-A1,train,0.3923420029015853,2.154966516252644,2.1724782,0.008126213,832.5615976033479,832.2699584960938,-0.00035029132750496035
01P19RR107,Trent 1000-CE3,APPROACH,HEFA-SPK,train,0.3924113695190881,2.1539302796979753,2.1706722,0.0077727097,832.3025064151797,832.0355834960938,-0.00032070421154392663
01P19RR107,Trent 1000-CE3,APPROACH,FT-SPK,train,0.3924216346721651,2.153809954426346,2.170274,0.0076441574,832.2248721763124,831.985107421875,-0.0002881009237447763
01P19RR107,Trent 1000-CE3,APPROACH,ATJ-SPK,train,0.3928178791195689,2.147866709846867,2.1600792,0.0056858743,830.7865479470953,830.6644897460938,-0.00014691884612619318
01P19RR107,Trent 1000-CE3,IDLE,Jet-A1,train,0.2778609446179343,2.349205941678,2.3423173,-0.0029323073,878.0890487719072,878.4716186523438,0.0004356846050769271
01P19RR107,Trent 1000-CE3,IDLE,HEFA-SPK,train,0.2779204913672822,2.348423576594823,2.3417022,-0.0028620928,877.8186486962194,878.2168579101562,0.00045363494444815734
01P19RR107,Trent 1000-CE3,IDLE,FT-SPK,train,0.2779299054660425,2.34833044338066,2.3415322,-0.0028948758,877.7382183886307,878.1582641601562,0.0004785547247751085
01P19RR107,Trent 1000-CE3,IDLE,ATJ-SPK,train,0.2782695335117124,2.3438427464906257,2.338094,-0.002452703,876.2365107700472,876.7258911132812,0.0005585025700469857
01P19RR108,Trent 1000-D3,TAKE-OFF,Jet-A1,holdout,0.383649957939489,3.796523076043778,3.7621183,-0.009062157,1175.687044601139,1173.8045654296875,-0.0016011736967724232
01P19RR108,Trent 1000-D3,TAKE-OFF,HEFA-SPK,holdout,0.3837152888690136,3.7946039086025958,3.7583325,-0.009558721,1175.2832851605622,1173.457275390625,-0.001553676286383764
01P19RR108,Trent 1000-D3,TAKE-OFF,FT-SPK,holdout,0.3837190757296785,3.794472097763115,3.757381,-0.009775075,1175.1385701537492,1173.376708984375,-0.0014992795012623314
01P19RR108,Trent 1000-D3,TAKE-OFF,ATJ-SPK,holdout,0.3840983014375673,3.783373522456123,3.7361841,-0.012472831,1172.9211739796283,1171.4241943359375,-0.001276283246393839
01P19RR108,Trent 1000-D3,APPROACH,Jet-A1,holdout,0.3923420029015853,2.154966516252644,2.1724782,0.008126213,832.5615976033479,832.2699584960938,-0.00035029132750496035
01P19RR108,Trent 1000-D3,APPROACH,HEFA-SPK,holdout,0.3924113695190881,2.1539302796979753,2.1706722,0.0077727097,832.3025064151797,832.0355834960938,-0.00032070421154392663
01P19RR108,Trent 1000-D3,APPROACH,FT-SPK,holdout,0.3924216346721651,2.153809954426346,2.170274,0.0076441574,832.2248721763124,831.985107421875,-0.0002881009237447763
01P19RR108,Trent 1000-D3,APPROACH,ATJ-SPK,holdout,0.3928178791195689,2.147866709846867,2.1600792,0.0056858743,830.7865479470953,830.6644897460938,-0.00014691884612619318
01P19RR108,Trent 1000-D3,IDLE,Jet-A1,holdout,0.2778609446179343,2.349205941678,2.3423173,-0.0029323073,878.0890487719072,878.4716186523438,0.0004356846050769271
01P19RR108,Trent 1000-D3,IDLE,HEFA-SPK,holdout,0.2779204913672822,2.348423576594823,2.3417022,-0.0028620928,877.8186486962194,878.2168579101562,0.00045363494444815734
01P19RR108,Trent 1000-D3,IDLE,FT-SPK,holdout,0.2779299054660425,2.34833044338066,2.3415322,-0.0028948758,877.7382183886307,878.1582641601562,0.0004785547247751085
01P19RR108,Trent 1000-D3,IDLE,ATJ-SPK,holdout,0.2782695335117124,2.3438427464906257,2.338094,-0.002452703,876.2365107700472,876.7258911132812,0.0005585025700469857
01P19RR109,Trent 1000-G3,TAKE-OFF,Jet-A1,train,0.3819679841405944,3.744671606504483,3.7468078,0.0005704773,1175.0397217188847,1172.9881591796875,-0.0017459516485077893
01P19RR109,Trent 1000-G3,TAKE-OFF,HEFA-SPK,train,0.3820336232749079,3.7427777199488186,3.7431343,9.526681e-05,1174.6344603182451,1172.6387939453125,-0.0016989680111989547
01P19RR109,Trent 1000-G3,TAKE-OFF,FT-SPK,train,0.3820375365592571,3.742645992030275,3.7421944,-0.000120653276,1174.48938052902,1172.557861328125,-0.0016445608048197729
01P19RR109,Trent 1000-G3,TAKE-OFF,ATJ-SPK,train,0.382418445699847,3.7316951747413096,3.721594,-0.0027068795,1172.2635626254644,1170.59521484375,-0.001423184883421483
01P19RR109,Trent 1000-G3,APPROACH,Jet-A1,train,0.3902915023532344,2.1322043518175477,2.1685343,0.01703863,832.0311028108846,831.6334228515625,-0.00047796285256475617
01P19RR109,Trent 1000-G3,APPROACH,HEFA-SPK,train,0.3903610704606179,2.131180798288385,2.1667833,0.0167056,831.7712533903097,831.398193359375,-0.00044851277248889715
01P19RR109,Trent 1000-G3,APPROACH,FT-SPK,train,0.3903713978026839,2.131061692726215,2.166394,0.016579617,831.6934973401274,831.3472900390625,-0.0004162678945694184
01P19RR109,Trent 1000-G3,APPROACH,ATJ-SPK,train,0.3907687646587585,2.125191373999649,2.156501,0.014732644,830.2508571779318,830.0213012695312,-0.0002764898180061597
01P19RR109,Trent 1000-G3,IDLE,Jet-A1,train,0.2755738003368264,2.3232040660849567,2.3045113,-0.008046067,877.7717912334625,878.2868041992188,0.0005867276334233991
01P19RR109,Trent 1000-G3,IDLE,HEFA-SPK,train,0.2756332435502984,2.322434939828063,2.3039162,-0.007973851,877.5008421600179,878.0311889648438,0.0006043832431207417
01P19RR109,Trent 1000-G3,IDLE,FT-SPK,train,0.2756426498068461,2.322343367736727,2.3037522,-0.008005383,877.4203629073002,877.9725952148438,0.000629381686235078
01P19RR109,Trent 1000-G3,IDLE,ATJ-SPK,train,0.2759816819274058,2.31793156184527,2.3004205,-0.0075545534,875.9154912424787,876.5360717773438,0.0007084936173292359
01P19RR110,Trent 1000-H3,TAKE-OFF,Jet-A1,train,0.3758913393867119,3.561370053156822,3.6720812,0.031086702,1172.748083499403,1170.1407470703125,-0.0022232706800171587
01P19RR110,Trent 1000-H3,TAKE-OFF,HEFA-SPK,train,0.3759580504729312,3.559566816945726,3.6687574,0.030675257,1172.3374784713856,1169.784912109375,-0.0021773306824062854
01P19RR110,Trent 1000-H3,TAKE-OFF,FT-SPK,train,0.3759624008075777,3.5594361518734514,3.6679103,0.030475069,1172.1911465207886,1169.7017822265625,-0.0021236846069131766
01P19RR110,Trent 1000-H3,TAKE-OFF,ATJ-SPK,train,0.3763491684677185,3.5490143971580825,3.649305,0.028258726,1169.9353202049233,1167.7034912109375,-0.001907651607265672
01P19RR110,Trent 1000-H3,APPROACH,Jet-A1,train,0.3828608630419069,2.0511039430502223,2.1417487,0.044193123,830.1660395192281,829.4382934570312,-0.0008766271174117177
01P19RR110,Trent 1000-H3,APPROACH,HEFA-SPK,train,0.3829311136840683,2.050125924863452,2.1401672,0.04391994,829.9034891606723,829.1994018554688,-0.0008483966080388603
01P19RR110,Trent 1000-H3,APPROACH,FT-SPK,train,0.3829416509729894,2.0500113403791214,2.1398153,0.043806538,829.8253165210735,829.147705078125,-0.0008165711860772544
01P19RR110,Trent 1000-H3,APPROACH,ATJ-SPK,train,0.3833428217072421,2.044402710805484,2.1309185,0.042318366,828.3672850333576,827.8021240234375,-0.0006822589690964397
01P19RR110,Trent 1000-H3,IDLE,Jet-A1,train,0.2673302747619199,2.2309669205159217,2.1710234,-0.026868816,876.6655010258878,877.68017578125,0.0011574252142633708
01P19RR110,Trent 1000-H3,IDLE,HEFA-SPK,train,0.2673892875436494,2.2302445855534283,2.1704907,-0.026792465,876.3926241074178,877.4222412109375,0.0011748354278635989
01P19RR110,Trent 1000-H3,IDLE,FT-SPK,train,0.2673986533703824,2.230158556349631,2.1703417,-0.026821803,876.3119814349775,877.3629760742188,0.001199338433693705
01P19RR110,Trent 1000-H3,IDLE,ATJ-SPK,train,0.2677352139954448,2.226014965995632,2.1673722,-0.026344232,874.795990498926,875.9126586914062,0.00127648983832603
01P19RR111,Trent 1000-J3,TAKE-OFF,Jet-A1,train,0.3861474952643394,3.8744181936160103,3.7799265,-0.024388582,1176.658606626066,1175.0400390625,-0.0013755625926258764
01P19RR111,Trent 1000-J3,TAKE-OFF,HEFA-SPK,train,0.3862123592307077,3.87246136368581,3.7759974,-0.024910191,1176.2570968369716,1174.695556640625,-0.0013275500743381015
01P19RR111,Trent 1000-J3,TAKE-OFF,FT-SPK,train,0.3862159539056602,3.872329616368894,3.7749987,-0.025134983,1176.1129386168573,1174.61572265625,-0.0012730205675383801
01P19RR111,Trent 1000-J3,TAKE-OFF,ATJ-SPK,train,0.3865926298544552,3.8610107314782702,3.7529094,-0.027998175,1173.9081461384017,1172.678466796875,-0.0010475089942698847
01P19RR111,Trent 1000-J3,APPROACH,Jet-A1,train,0.3953815947439091,2.189017114022152,2.175177,-0.006322472,833.3608727680952,833.2383422851562,-0.00014703172052215954
01P19RR111,Trent 1000-J3,APPROACH,HEFA-SPK,train,0.3954506523280596,2.1879619895534734,2.1732965,-0.0067027984,833.1029158337125,833.005615234375,-0.00011679301258968817
01P19RR111,Trent 1000-J3,APPROACH,FT-SPK,train,0.3954608218455286,2.187839882693018,2.1728787,-0.0068382947,833.0254678555261,832.9553833007812,-8.413254750217996e-05
01P19RR111,Trent 1000-J3,APPROACH,ATJ-SPK,train,0.3958553452989641,2.1817880019030773,2.162245,-0.008957318,831.5935958717952,831.64306640625,5.948883529215306e-05
01P19RR111,Trent 1000-J3,IDLE,Jet-A1,train,0.2812608407928962,2.388190383134485,2.3990896,0.004563864,878.5692005301552,878.7600708007812,0.00021725126547903276
01P19RR111,Trent 1000-J3,IDLE,HEFA-SPK,train,0.2813205287572152,2.3873881356178077,2.3984442,0.0046310415,878.2996277372552,878.5064697265625,0.00023550276326568908
01P19RR111,Trent 1000-J3,IDLE,FT-SPK,train,0.2813299517621601,2.387292664631462,2.398269,0.0045977817,878.2192732016495,878.4480590820312,0.00026051111307057444
01P19RR111,Trent 1000-J3,IDLE,ATJ-SPK,train,0.2816703939786098,2.382690988546959,2.3946643,0.0050251745,876.7223314778753,877.0216064453125,0.0003413566150787228
01P19RR112,Trent 1000-K3,TAKE-OFF,Jet-A1,train,0.3861474952643394,3.8744181936160103,3.7799265,-0.024388582,1176.658606626066,1175.0400390625,-0.0013755625926258764
01P19RR112,Trent 1000-K3,TAKE-OFF,HEFA-SPK,train,0.3862123592307077,3.87246136368581,3.7759974,-0.024910191,1176.2570968369716,1174.695556640625,-0.0013275500743381015
01P19RR112,Trent 1000-K3,TAKE-OFF,FT-SPK,train,0.3862159539056602,3.872329616368894,3.7749987,-0.025134983,1176.1129386168573,1174.61572265625,-0.0012730205675383801
01P19RR112,Trent 1000-K3,TAKE-OFF,ATJ-SPK,train,0.3865926298544552,3.8610107314782702,3.7529094,-0.027998175,1173.9081461384017,1172.678466796875,-0.0010475089942698847
01P19RR112,Trent 1000-K3,APPROACH,Jet-A1,train,0.3953815947439091,2.189017114022152,2.175177,-0.006322472,833.3608727680952,833.2383422851562,-0.00014703172052215954
01P19RR112,Trent 1000-K3,APPROACH,HEFA-SPK,train,0.3954506523280596,2.1879619895534734,2.1732965,-0.0067027984,833.1029158337125,833.005615234375,-0.00011679301258968817
01P19RR112,Trent 1000-K3,APPROACH,FT-SPK,train,0.3954608218455286,2.187839882693018,2.1728787,-0.0068382947,833.0254678555261,832.9553833007812,-8.413254750217996e-05
01P19RR112,Trent 1000-K3,APPROACH,ATJ-SPK,train,0.3958553452989641,2.1817880019030773,2.162245,-0.008957318,831.5935958717952,831.64306640625,5.948883529215306e-05
01P19RR112,Trent 1000-K3,IDLE,Jet-A1,train,0.2812608407928962,2.388190383134485,2.3990896,0.004563864,878.5692005301552,878.7600708007812,0.00021725126547903276
01P19RR112,Trent 1000-K3,IDLE,HEFA-SPK,train,0.2813205287572152,2.3873881356178077,2.3984442,0.0046310415,878.2996277372552,878.5064697265625,0.00023550276326568908
01P19RR112,Trent 1000-K3,IDLE,FT-SPK,train,0.2813299517621601,2.387292664631462,2.398269,0.0045977817,878.2192732016495,878.4480590820312,0.00026051111307057444
01P19RR112,Trent 1000-K3,IDLE,ATJ-SPK,train,0.2816703939786098,2.382690988546959,2.3946643,0.0050251745,876.7223314778753,877.0216064453125,0.0003413566150787228
01P19RR113,Trent 1000-L3,TAKE-OFF,Jet-A1,train,0.383649957939489,3.796523076043778,3.7621183,-0.009062157,1175.687044601139,1173.8045654296875,-0.0016011736967724232
01P19RR113,Trent 1000-L3,TAKE-OFF,HEFA-SPK,train,0.3837152888690136,3.7946039086025958,3.7583325,-0.009558721,1175.2832851605622,1173.457275390625,-0.001553676286383764
01P19RR113,Trent 1000-L3,TAKE-OFF,FT-SPK,train,0.3837190757296785,3.794472097763115,3.757381,-0.009775075,1175.1385701537492,1173.376708984375,-0.0014992795012623314
01P19RR113,Trent 1000-L3,TAKE-OFF,ATJ-SPK,train,0.3840983014375673,3.783373522456123,3.7361841,-0.012472831,1172.9211739796283,1171.4241943359375,-0.001276283246393839
01P19RR113,Trent 1000-L3,APPROACH,Jet-A1,train,0.3923420029015853,2.154966516252644,2.1724782,0.008126213,832.5615976033479,832.2699584960938,-0.00035029132750496035
01P19RR113,Trent 1000-L3,APPROACH,HEFA-SPK,train,0.3924113695190881,2.1539302796979753,2.1706722,0.0077727097,832.3025064151797,832.0355834960938,-0.00032070421154392663
01P19RR113,Trent 1000-L3,APPROACH,FT-SPK,train,0.3924216346721651,2.153809954426346,2.170274,0.0076441574,832.2248721763124,831.985107421875,-0.0002881009237447763
01P19RR113,Trent 1000-L3,APPROACH,ATJ-SPK,train,0.3928178791195689,2.147866709846867,2.1600792,0.0056858743,830.7865479470953,830.6644897460938,-0.00014691884612619318
01P19RR113,Trent 1000-L3,IDLE,Jet-A1,train,0.2778609446179343,2.349205941678,2.3423173,-0.0029323073,878.0890487719072,878.4716186523438,0.0004356846050769271
01P19RR113,Trent 1000-L3,IDLE,HEFA-SPK,train,0.2779204913672822,2.348423576594823,2.3417022,-0.0028620928,877.8186486962194,878.2168579101562,0.00045363494444815734
01P19RR113,Trent 1000-L3,IDLE,FT-SPK,train,0.2779299054660425,2.34833044338066,2.3415322,-0.0028948758,877.7382183886307,878.1582641601562,0.0004785547247751085
01P19RR113,Trent 1000-L3,IDLE,ATJ-SPK,train,0.2782695335117124,2.3438427464906257,2.338094,-0.002452703,876.2365107700472,876.7258911132812,0.0005585025700469857
01P19RR114,Trent 1000-M3,TAKE-OFF,Jet-A1,train,0.3872377890874699,3.908762906087017,3.7857397,-0.031473674,1177.0866110669845,1175.588134765625,-0.0012730382686123225
01P19RR114,Trent 1000-M3,TAKE-OFF,HEFA-SPK,train,0.387302445684116,3.906789594426036,3.781731,-0.03201062,1176.686090870414,1175.2445068359375,-0.001225122014835943
01P19RR114,Trent 1000-M3,TAKE-OFF,FT-SPK,train,0.3873059547693425,3.906657948385965,3.7807302,-0.032234076,1176.5421814969675,1175.1654052734375,-0.0011701885790259153
01P19RR114,Trent 1000-M3,TAKE-OFF,ATJ-SPK,train,0.3876814987274419,3.8952425795097505,3.7582417,-0.03517135,1174.3429292827354,1173.2347412109375,-0.0009436664914181404
01P19RR114,Trent 1000-M3,APPROACH,Jet-A1,train,0.3967065549598836,2.2039760753151225,2.1751082,-0.013098132,833.7141505661788,833.670166015625,-5.275735157416144e-05
01P19RR114,Trent 1000-M3,APPROACH,HEFA-SPK,train,0.3967754739867378,2.2029126863591864,2.1731842,-0.01349513,833.4566919022789,833.4378662109375,-2.2587485977699423e-05
01P19RR114,Trent 1000-M3,APPROACH,FT-SPK,train,0.3967856005150432,2.202789813670296,2.1727643,-0.013630726,833.3793272903922,833.3878173828125,1.0187548625537282e-05
01P19RR114,Trent 1000-M3,APPROACH,ATJ-SPK,train,0.3971793525437571,2.196690385768827,2.1619227,-0.01582729,831.9502881957059,832.0792236328125,0.00015497973729447566
01P19RR114,Trent 1000-M3,IDLE,Jet-A1,train,0.2827463565033402,2.4053488916414674,2.424105,0.0077976603,878.7822488011875,878.8914794921875,0.0001242977895252244
01P19RR114,Trent 1000-M3,IDLE,HEFA-SPK,train,0.2828061014164094,2.404537881577268,2.423447,0.007863907,878.513041643055,878.63818359375,0.0001424474592442876
01P19RR114,Trent 1000-M3,IDLE,FT-SPK,train,0.2828155272720409,2.4044413830397184,2.4232686,0.007830106,878.4327213675988,878.5800170898438,0.00016768014062094942
01P19RR114,Trent 1000-M3,IDLE,ATJ-SPK,train,0.2831562983987366,2.3997894725308253,2.4195871,0.008249681,876.9378852580587,877.1561279296875,0.00024886901945690666
01P19RR115,Trent 1000-N3,TAKE-OFF,Jet-A1,train,0.3872377890874699,3.908762906087017,3.7857397,-0.031473674,1177.0866110669845,1175.588134765625,-0.0012730382686123225
01P19RR115,Trent 1000-N3,TAKE-OFF,HEFA-SPK,train,0.387302445684116,3.906789594426036,3.781731,-0.03201062,1176.686090870414,1175.2445068359375,-0.001225122014835943
01P19RR115,Trent 1000-N3,TAKE-OFF,FT-SPK,train,0.3873059547693425,3.906657948385965,3.7807302,-0.032234076,1176.5421814969675,1175.1654052734375,-0.0011701885790259153
01P19RR115,Trent 1000-N3,TAKE-OFF,ATJ-SPK,train,0.3876814987274419,3.8952425795097505,3.7582417,-0.03517135,1174.3429292827354,1173.2347412109375,-0.0009436664914181404
01P19RR115,Trent 1000-N3,APPROACH,Jet-A1,train,0.3967065549598836,2.2039760753151225,2.1751082,-0.013098132,833.7141505661788,833.670166015625,-5.275735157416144e-05
01P19RR115,Trent 1000-N3,APPROACH,HEFA-SPK,train,0.3967754739867378,2.2029126863591864,2.1731842,-0.01349513,833.4566919022789,833.4378662109375,-2.2587485977699423e-05
01P19RR115,Trent 1000-N3,APPROACH,FT-SPK,train,0.3967856005150432,2.202789813670296,2.1727643,-0.013630726,833.3793272903922,833.3878173828125,1.0187548625537282e-05
01P19RR115,Trent 1000-N3,APPROACH,ATJ-SPK,train,0.3971793525437571,2.196690385768827,2.1619227,-0.01582729,831.9502881957059,832.0792236328125,0.00015497973729447566
01P19RR115,Trent 1000-N3,IDLE,Jet-A1,train,0.2827463565033402,2.4053488916414674,2.424105,0.0077976603,878.7822488011875,878.8914794921875,0.0001242977895252244
01P19RR115,Trent 1000-N3,IDLE,HEFA-SPK,train,0.2828061014164094,2.404537881577268,2.423447,0.007863907,878.513041643055,878.63818359375,0.0001424474592442876
01P19RR115,Trent 1000-N3,IDLE,FT-SPK,train,0.2828155272720409,2.4044413830397184,2.4232686,0.007830106,878.4327213675988,878.5800170898438,0.00016768014062094942
01P19RR115,Trent 1000-N3,IDLE,ATJ-SPK,train,0.2831562983987366,2.3997894725308253,2.4195871,0.008249681,876.9378852580587,877.1561279296875,0.00024886901945690666
01P19RR116,Trent 1000-P3,TAKE-OFF,Jet-A1,holdout,0.383649957939489,3.796523076043778,3.7621183,-0.009062157,1175.687044601139,1173.8045654296875,-0.0016011736967724232
01P19RR116,Trent 1000-P3,TAKE-OFF,HEFA-SPK,holdout,0.3837152888690136,3.7946039086025958,3.7583325,-0.009558721,1175.2832851605622,1173.457275390625,-0.001553676286383764
01P19RR116,Trent 1000-P3,TAKE-OFF,FT-SPK,holdout,0.3837190757296785,3.794472097763115,3.757381,-0.009775075,1175.1385701537492,1173.376708984375,-0.0014992795012623314
01P19RR116,Trent 1000-P3,TAKE-OFF,ATJ-SPK,holdout,0.3840983014375673,3.783373522456123,3.7361841,-0.012472831,1172.9211739796283,1171.4241943359375,-0.001276283246393839
01P19RR116,Trent 1000-P3,APPROACH,Jet-A1,holdout,0.3923420029015853,2.154966516252644,2.1724782,0.008126213,832.5615976033479,832.2699584960938,-0.00035029132750496035
01P19RR116,Trent 1000-P3,APPROACH,HEFA-SPK,holdout,0.3924113695190881,2.1539302796979753,2.1706722,0.0077727097,832.3025064151797,832.0355834960938,-0.00032070421154392663
01P19RR116,Trent 1000-P3,APPROACH,FT-SPK,holdout,0.3924216346721651,2.153809954426346,2.170274,0.0076441574,832.2248721763124,831.985107421875,-0.0002881009237447763
01P19RR116,Trent 1000-P3,APPROACH,ATJ-SPK,holdout,0.3928178791195689,2.147866709846867,2.1600792,0.0056858743,830.7865479470953,830.6644897460938,-0.00014691884612619318
01P19RR116,Trent 1000-P3,IDLE,Jet-A1,holdout,0.2778609446179343,2.349205941678,2.3423173,-0.0029323073,878.0890487719072,878.4716186523438,0.0004356846050769271
01P19RR116,Trent 1000-P3,IDLE,HEFA-SPK,holdout,0.2779204913672822,2.348423576594823,2.3417022,-0.0028620928,877.8186486962194,878.2168579101562,0.00045363494444815734
01P19RR116,Trent 1000-P3,IDLE,FT-SPK,holdout,0.2779299054660425,2.34833044338066,2.3415322,-0.0028948758,877.7382183886307,878.1582641601562,0.0004785547247751085
01P19RR116,Trent 1000-P3,IDLE,ATJ-SPK,holdout,0.2782695335117124,2.3438427464906257,2.338094,-0.002452703,876.2365107700472,876.7258911132812,0.0005585025700469857
01P19RR117,Trent 1000-Q3,TAKE-OFF,Jet-A1,train,0.3861474952643394,3.8744181936160103,3.7799265,-0.024388582,1176.658606626066,1175.0400390625,-0.0013755625926258764
01P19RR117,Trent 1000-Q3,TAKE-OFF,HEFA-SPK,train,0.3862123592307077,3.87246136368581,3.7759974,-0.024910191,1176.2570968369716,1174.695556640625,-0.0013275500743381015
01P19RR117,Trent 1000-Q3,TAKE-OFF,FT-SPK,train,0.3862159539056602,3.872329616368894,3.7749987,-0.025134983,1176.1129386168573,1174.61572265625,-0.0012730205675383801
01P19RR117,Trent 1000-Q3,TAKE-OFF,ATJ-SPK,train,0.3865926298544552,3.8610107314782702,3.7529094,-0.027998175,1173.9081461384017,1172.678466796875,-0.0010475089942698847
01P19RR117,Trent 1000-Q3,APPROACH,Jet-A1,train,0.3953815947439091,2.189017114022152,2.175177,-0.006322472,833.3608727680952,833.2383422851562,-0.00014703172052215954
01P19RR117,Trent 1000-Q3,APPROACH,HEFA-SPK,train,0.3954506523280596,2.1879619895534734,2.1732965,-0.0067027984,833.1029158337125,833.005615234375,-0.00011679301258968817
01P19RR117,Trent 1000-Q3,APPROACH,FT-SPK,train,0.3954608218455286,2.187839882693018,2.1728787,-0.0068382947,833.0254678555261,832.9553833007812,-8.413254750217996e-05
01P19RR117,Trent 1000-Q3,APPROACH,ATJ-SPK,train,0.3958553452989641,2.1817880019030773,2.162245,-0.008957318,831.5935958717952,831.64306640625,5.948883529215306e-05
01P19RR117,Trent 1000-Q3,IDLE,Jet-A1,train,0.2812608407928962,2.388190383134485,2.3990896,0.004563864,878.5692005301552,878.7600708007812,0.00021725126547903276
01P19RR117,Trent 1000-Q3,IDLE,HEFA-SPK,train,0.2813205287572152,2.3873881356178077,2.3984442,0.0046310415,878.2996277372552,878.5064697265625,0.00023550276326568908
01P19RR117,Trent 1000-Q3,IDLE,FT-SPK,train,0.2813299517621601,2.387292664631462,2.398269,0.0045977817,878.2192732016495,878.4480590820312,0.00026051111307057444
01P19RR117,Trent 1000-Q3,IDLE,ATJ-SPK,train,0.2816703939786098,2.382690988546959,2.3946643,0.0050251745,876.7223314778753,877.0216064453125,0.0003413566150787228
01P19RR118,Trent 1000-R3,TAKE-OFF,Jet-A1,train,0.388072072302754,3.9351832980186243,3.789347,-0.03705966,1177.4157007913032,1176.010986328125,-0.0011930488630600804
01P19RR118,Trent 1000-R3,TAKE-OFF,HEFA-SPK,train,0.388136568768411,3.933197360172472,3.7852807,-0.037607282,1177.0159409891671,1175.6683349609375,-0.001144934389841049
01P19RR118,Trent 1000-R3,TAKE-OFF,FT-SPK,train,0.3881400116598882,3.9330658231022877,3.784254,-0.0378361,1176.8722244449189,1175.589599609375,-0.0010898590423856903
01P19RR118,Trent 1000-R3,TAKE-OFF,ATJ-SPK,train,0.3885146816164086,3.9215765103349227,3.7614594,-0.0408298,1174.6772277205043,1173.6640625,-0.0008625052027869908
01P19RR118,Trent 1000-R3,APPROACH,Jet-A1,train,0.3977195857246464,2.2154612430024883,2.1745129,-0.018482959,833.9862729313506,834.0042114257812,2.150934015683248e-05
01P19RR118,Trent 1000-R3,APPROACH,HEFA-SPK,train,0.3977883972435675,2.2143915229572455,2.172562,-0.018889925,833.7291968134185,833.7723388671875,5.174588335621098e-05
01P19RR118,Trent 1000-R3,APPROACH,FT-SPK,train,0.3977984903661489,2.214268069451591,2.172136,-0.01902752,833.6518968485185,833.7224731445312,8.465919201953203e-05
01P19RR118,Trent 1000-R3,APPROACH,ATJ-SPK,train,0.3981916439263737,2.208132211772208,2.1611416,-0.02128064,832.2250320474313,832.4168090820312,0.00023043891641675443
01P19RR118,Trent 1000-R3,IDLE,Jet-A1,train,0.283883557222077,2.418535715695748,2.4433355,0.010254074,878.9466981394073,878.9943237304688,5.41848455227702e-05
01P19RR118,Trent 1000-R3,IDLE,HEFA-SPK,train,0.2839433437822974,2.4177179669741165,2.442666,0.010318808,878.6777725881777,878.741455078125,7.247536233867557e-05
01P19RR118,Trent 1000-R3,IDLE,FT-SPK,train,0.2839527713896638,2.4176206794245814,2.442485,0.010284712,878.597479021782,878.6831665039062,9.752757567627975e-05
01P19RR118,Trent 1000-R3,IDLE,ATJ-SPK,train,0.2842937833099614,2.4129301363892655,2.4387488,0.010700164,877.1042643084231,877.261474609375,0.00017923787096831747
02P23RR126,Trent 1000-AE3,TAKE-OFF,Jet-A1,train,0.380236703924783,3.691807343580888,3.7284765,0.009932635,1174.3793059470293,1172.1605224609375,-0.0018893244072472023
02P23RR126,Trent 1000-AE3,TAKE-OFF,HEFA-SPK,train,0.3803026550692835,3.6899393994819345,3.724911,0.009477544,1173.97250916236,1171.8095703125,-0.0018424101356540796
02P23RR126,Trent 1000-AE3,TAKE-OFF,FT-SPK,train,0.3803066959908776,3.689807856702674,3.724008,0.00926886,1173.8270622716573,1171.7276611328125,-0.0017885097441712476
02P23RR126,Trent 1000-AE3,TAKE-OFF,ATJ-SPK,train,0.3806893097860163,3.6790085663892036,3.7039843,0.006788769,1171.592629449195,1169.755126953125,-0.0015683800408798855
02P23RR126,Trent 1000-AE3,APPROACH,Jet-A1,train,0.3881780214788743,2.1089171875097947,2.1628268,0.025562733,831.4915489606022,830.9913940429688,-0.0006015153350129756
02P23RR126,Trent 1000-AE3,APPROACH,HEFA-SPK,train,0.3882477913417783,2.1079066549144145,2.1611185,0.025243867,831.2309238586624,830.7551879882812,-0.0005723269632135068
02P23RR126,Trent 1000-AE3,APPROACH,FT-SPK,train,0.3882581808420955,2.107788820153411,2.1607451,0.025124153,831.1530454145872,830.7041625976562,-0.0005400723963021724
02P23RR126,Trent 1000-AE3,APPROACH,ATJ-SPK,train,0.3886566718337494,2.101993352689792,2.1511405,0.02338123,829.7059877765195,829.3724365234375,-0.0004020113847506738
02P23RR126,Trent 1000-AE3,IDLE,Jet-A1,train,0.2732219146439033,2.2966528084055002,2.2659767,-0.013356938,877.4502888065119,878.1043701171875,0.0007454340365711562
02P23RR126,Trent 1000-AE3,IDLE,HEFA-SPK,train,0.2732812442072899,2.2958971802512624,2.2654,-0.01328341,877.1787815597726,877.8482055664062,0.0007631557223070611
02P23RR126,Trent 1000-AE3,IDLE,FT-SPK,train,0.2732906408615213,2.2958072032784616,2.265238,-0.013315238,877.0982536336177,877.7892456054688,0.0007878159248276399
02P23RR126,Trent 1000-AE3,IDLE,ATJ-SPK,train,0.2736290196051045,2.2914727727094397,2.2620149,-0.012855474,875.5901639309398,876.3487548828125,0.0008663767400801681
02P23RR127,Trent 1000-CE3,TAKE-OFF,Jet-A1,train,0.3839045222945605,3.8044132029876367,3.764198,-0.010570618,1175.7855059580552,1173.9290771484375,-0.0015788839037482645
02P23RR127,Trent 1000-CE3,TAKE-OFF,HEFA-SPK,train,0.3839698061419506,3.80249020288738,3.7604065,-0.011067418,1175.381974729882,1173.582275390625,-0.0015311612547661353
02P23RR127,Trent 1000-CE3,TAKE-OFF,FT-SPK,train,0.3839735736587806,3.8023583881374745,3.7594507,-0.0112845255,1175.2373156414842,1173.5018310546875,-0.0014767099067556542
02P23RR127,Trent 1000-CE3,TAKE-OFF,ATJ-SPK,train,0.3843525422221587,3.791237405739264,3.7381716,-0.013996996,1173.0211986756922,1171.55126953125,-0.0012531138790174334
02P23RR127,Trent 1000-CE3,APPROACH,Jet-A1,train,0.3926521009948577,2.1584234084196914,2.1729336,0.006722572,832.6424313041539,832.3671875,-0.0003305666319728365
02P23RR127,Trent 1000-CE3,APPROACH,HEFA-SPK,train,0.3927214366501665,2.1573852496160884,2.1711168,0.0063649095,832.3834552694891,832.133056640625,-0.00030082124684114057
02P23RR127,Trent 1000-CE3,APPROACH,FT-SPK,train,0.3927316922358947,2.157264741092338,2.1707144,0.0062346025,832.3058397188664,832.0826416015625,-0.0002681683903351131
02P23RR127,Trent 1000-CE3,APPROACH,ATJ-SPK,train,0.3931277642292777,2.151310442283589,2.1604815,0.004262954,830.8681707657679,830.762939453125,-0.0001266522371965623
02P23RR127,Trent 1000-CE3,IDLE,Jet-A1,train,0.2782072835160514,2.35315900648416,2.3480709,-0.0021622528,878.1374908221369,878.500244140625,0.00041309398844648266
02P23RR127,Trent 1000-CE3,IDLE,HEFA-SPK,train,0.2782668453442863,2.3523746270702177,2.3474507,-0.0020932306,877.8671744093153,878.2454223632812,0.00043087150880247903
02P23RR127,Trent 1000-CE3,IDLE,FT-SPK,train,0.2782762605013967,2.3522812565930136,2.3472803,-0.0021260611,877.7867516544223,878.1868896484375,0.00045584875057750343
02P23RR127,Trent 1000-CE3,IDLE,ATJ-SPK,train,0.2786159754011189,2.3477820125041107,2.3438265,-0.0016847684,876.2855261193006,876.755126953125,0.0005358993385455992
02P23RR128,Trent 1000-D3,TAKE-OFF,Jet-A1,holdout,0.3839045222945605,3.8044132029876367,3.764198,-0.010570618,1175.7855059580552,1173.9290771484375,-0.0015788839037482645
02P23RR128,Trent 1000-D3,TAKE-OFF,HEFA-SPK,holdout,0.3839698061419506,3.80249020288738,3.7604065,-0.011067418,1175.381974729882,1173.582275390625,-0.0015311612547661353
02P23RR128,Trent 1000-D3,TAKE-OFF,FT-SPK,holdout,0.3839735736587806,3.8023583881374745,3.7594507,-0.0112845255,1175.2373156414842,1173.5018310546875,-0.0014767099067556542
02P23RR128,Trent 1000-D3,TAKE-OFF,ATJ-SPK,holdout,0.3843525422221587,3.791237405739264,3.7381716,-0.013996996,1173.0211986756922,1171.55126953125,-0.0012531138790174334
02P23RR128,Trent 1000-D3,APPROACH,Jet-A1,holdout,0.3926521009948577,2.1584234084196914,2.1729336,0.006722572,832.6424313041539,832.3671875,-0.0003305666319728365
02P23RR128,Trent 1000-D3,APPROACH,HEFA-SPK,holdout,0.3927214366501665,2.1573852496160884,2.1711168,0.0063649095,832.3834552694891,832.133056640625,-0.00030082124684114057
02P23RR128,Trent 1000-D3,APPROACH,FT-SPK,holdout,0.3927316922358947,2.157264741092338,2.1707144,0.0062346025,832.3058397188664,832.0826416015625,-0.0002681683903351131
02P23RR128,Trent 1000-D3,APPROACH,ATJ-SPK,holdout,0.3931277642292777,2.151310442283589,2.1604815,0.004262954,830.8681707657679,830.762939453125,-0.0001266522371965623
02P23RR128,Trent 1000-D3,IDLE,Jet-A1,holdout,0.2782072835160514,2.35315900648416,2.3480709,-0.0021622528,878.1374908221369,878.500244140625,0.00041309398844648266
02P23RR128,Trent 1000-D3,IDLE,HEFA-SPK,holdout,0.2782668453442863,2.3523746270702177,2.3474507,-0.0020932306,877.8671744093153,878.2454223632812,0.00043087150880247903
02P23RR128,Trent 1000-D3,IDLE,FT-SPK,holdout,0.2782762605013967,2.3522812565930136,2.3472803,-0.0021260611,877.7867516544223,878.1868896484375,0.00045584875057750343
02P23RR128,Trent 1000-D3,IDLE,ATJ-SPK,holdout,0.2786159754011189,2.3477820125041107,2.3438265,-0.0016847684,876.2855261193006,876.755126953125,0.0005358993385455992
02P23RR129,Trent 1000-G3,TAKE-OFF,Jet-A1,train,0.382229888231158,3.752713528921621,3.7493532,-0.0008954354,1175.140147938558,1173.114501953125,-0.0017237484303351475
02P23RR129,Trent 1000-G3,TAKE-OFF,HEFA-SPK,train,0.3822954797042769,3.750815710615406,3.7456584,-0.001374951,1174.7351197358582,1172.765380859375,-0.0016767515020119038
02P23RR129,Trent 1000-G3,TAKE-OFF,FT-SPK,train,0.382299373460461,3.7506839633827953,3.7447293,-0.0015876271,1174.590096216748,1172.684326171875,-0.0016224979684498198
02P23RR129,Trent 1000-G3,TAKE-OFF,ATJ-SPK,train,0.3826800222441042,3.739710172738054,3.7240415,-0.00418983,1172.3655862606356,1170.723876953125,-0.0014003390467533148
02P23RR129,Trent 1000-G3,APPROACH,Jet-A1,train,0.3906109724331492,2.135739747055738,2.1692574,0.0156937,832.1132977779464,831.731689453125,-0.00045860140180482254
02P23RR129,Trent 1000-G3,APPROACH,HEFA-SPK,train,0.3906805095196535,2.1347142206986245,2.1674962,0.015356637,831.85356612372,831.4964599609375,-0.0004292896939140262
02P23RR129,Trent 1000-G3,APPROACH,FT-SPK,train,0.3906908272950144,2.134594924218273,2.1670995,0.015227494,831.7758288517092,831.44580078125,-0.0003967752596451622
02P23RR129,Trent 1000-G3,APPROACH,ATJ-SPK,train,0.3910880213316188,2.128713263097905,2.157166,0.013366129,830.3338591684235,830.1204833984375,-0.0002569758749807965
02P23RR129,Trent 1000-G3,IDLE,Jet-A1,train,0.2759297957458036,2.327239498589653,2.310374,-0.0072469846,877.8208723997508,878.3150634765625,0.0005629748532416613
02P23RR129,Trent 1000-G3,IDLE,HEFA-SPK,train,0.275989255526865,2.3264683189521502,2.309775,-0.0071753073,877.5500083785575,878.0595703125,0.0005806642687907484
02P23RR129,Trent 1000-G3,IDLE,FT-SPK,train,0.2759986631013376,2.326376504502969,2.3096104,-0.007206956,877.4695366384598,878.0010375976562,0.000605720127028718
02P23RR129,Trent 1000-G3,IDLE,ATJ-SPK,train,0.2763377905324082,2.3219529278320463,2.3062625,-0.0067574447,875.9651552252387,876.5651245117188,0.000684923690059049
02P23RR130,Trent 1000-H3,TAKE-OFF,Jet-A1,train,0.3761815274926268,3.5699812681829215,3.6762803,0.029775804,1172.855841382721,1170.27294921875,-0.002202224751616573
02P23RR130,Trent 1000-H3,TAKE-OFF,HEFA-SPK,train,0.3762481888558329,3.568173730440615,3.67294,0.029361308,1172.4454887114234,1169.9176025390625,-0.0021560799173181147
02P23RR130,Trent 1000-H3,TAKE-OFF,FT-SPK,train,0.3762525190090839,3.568042989393961,3.6720884,0.02916033,1172.2992142819742,1169.834716796875,-0.0021022768377514114
02P23RR130,Trent 1000-H3,TAKE-OFF,ATJ-SPK,train,0.3766390147983381,3.5575961548920434,3.6533813,0.026924077,1170.0448067560187,1167.8380126953125,-0.0018860765399443227
02P23RR130,Trent 1000-H3,APPROACH,Jet-A1,train,0.3832164947310557,2.054936451997019,2.1434326,0.0430652,830.2532880356478,829.5394897460938,-0.0008597355768898305
02P23RR130,Trent 1000-H3,APPROACH,HEFA-SPK,train,0.3832867144211739,2.053956270410715,2.1418486,0.04279173,829.9908652727341,829.30078125,-0.0008314356839425933
02P23RR130,Trent 1000-H3,APPROACH,FT-SPK,train,0.3832972422050957,2.0538414664171083,2.14149,0.042675443,829.9127117117054,829.2491455078125,-0.0007995614412559631
02P23RR130,Trent 1000-H3,APPROACH,ATJ-SPK,train,0.3836982403819584,2.0482204083096356,2.1325476,0.041170876,828.4554079308742,827.9043579101562,-0.0006651535078927984
02P23RR130,Trent 1000-H3,IDLE,Jet-A1,train,0.2677231804194071,2.2353107700169343,2.177285,-0.025958778,876.716937027865,877.70703125,0.0011293202860794243
02P23RR130,Trent 1000-H3,IDLE,HEFA-SPK,train,0.2677822157572537,2.234586238134972,2.1767476,-0.025883427,876.44415016978,877.4491577148438,0.0011466874927160001
02P23RR130,Trent 1000-H3,IDLE,FT-SPK,train,0.2677915839385719,2.2344999478877963,2.1765988,-0.025912326,876.3635148370756,877.3900146484375,0.0011713173745631221
02P23RR130,Trent 1000-H3,IDLE,ATJ-SPK,train,0.26812827390148,2.230343764796131,2.1736126,-0.025436101,874.8480436374547,875.9403686523438,0.001248588280940067
02P23RR131,Trent 1000-J3,TAKE-OFF,Jet-A1,train,0.3863915307866147,3.8820874242971173,3.7813346,-0.025953256,1176.7542008866108,1175.162353515625,-0.001352744158284205
02P23RR131,Trent 1000-J3,TAKE-OFF,HEFA-SPK,train,0.3864563485249072,3.880126907292201,3.7773838,-0.02647932,1176.352912190062,1174.818115234375,-0.001304707915271406
02P23RR131,Trent 1000-J3,TAKE-OFF,FT-SPK,train,0.3864599241325465,3.879995178659802,3.776392,-0.02670195,1176.2088093597074,1174.7384033203125,-0.0012501233009769301
02P23RR131,Trent 1000-J3,TAKE-OFF,ATJ-SPK,train,0.3868363477149463,3.8686547135912033,3.75421,-0.029582554,1174.005254882782,1172.802490234375,-0.0010244968183955635
02P23RR131,Trent 1000-J3,APPROACH,Jet-A1,train,0.3956782592156199,2.1923603328622137,2.1752343,-0.007811715,833.439714621719,833.3345336914062,-0.00012620100586453617
02P23RR131,Trent 1000-J3,APPROACH,HEFA-SPK,train,0.395747285978689,2.191303359552781,2.1733375,-0.008198816,833.1818690490672,833.1019897460938,-9.587258909590004e-05
02P23RR131,Trent 1000-J3,APPROACH,FT-SPK,train,0.3957574459396981,2.191181080627297,2.1729262,-0.008331052,833.1044396208904,833.0517578125,-6.32355391292384e-05
02P23RR131,Trent 1000-J3,APPROACH,ATJ-SPK,train,0.3961517977848622,2.1851185637906334,2.1622434,-0.010468682,831.6732008597787,831.7402954101562,8.06741762367369e-05
02P23RR131,Trent 1000-J3,IDLE,Jet-A1,train,0.2815932713316668,2.3920235186067,2.4046793,0.0052908263,878.6167033926911,878.7892456054688,0.00019637939059366434
02P23RR131,Trent 1000-J3,IDLE,HEFA-SPK,train,0.2816529722907023,2.3912193141544895,2.4040315,0.005357949,878.3472122025171,878.53564453125,0.00021453057073000554
02P23RR131,Trent 1000-J3,IDLE,FT-SPK,train,0.2816623959887719,2.391123613534979,2.4038527,0.005323465,878.2668652721366,878.4773559570312,0.00023966597536327644
02P23RR131,Trent 1000-J3,IDLE,ATJ-SPK,train,0.2820029132236594,2.386510718719152,2.4002326,0.0057497644,876.7703935227014,877.0515747070312,0.00032070104830994443
02P23RR132,Trent 1000-K3,TAKE-OFF,Jet-A1,train,0.3863915307866147,3.8820874242971173,3.7813346,-0.025953256,1176.7542008866108,1175.162353515625,-0.001352744158284205
02P23RR132,Trent 1000-K3,TAKE-OFF,HEFA-SPK,train,0.3864563485249072,3.880126907292201,3.7773838,-0.02647932,1176.352912190062,1174.818115234375,-0.001304707915271406
02P23RR132,Trent 1000-K3,TAKE-OFF,FT-SPK,train,0.3864599241325465,3.879995178659802,3.776392,-0.02670195,1176.2088093597074,1174.7384033203125,-0.0012501233009769301
02P23RR132,Trent 1000-K3,TAKE-OFF,ATJ-SPK,train,0.3868363477149463,3.8686547135912033,3.75421,-0.029582554,1174.005254882782,1172.802490234375,-0.0010244968183955635
02P23RR132,Trent 1000-K3,APPROACH,Jet-A1,train,0.3956782592156199,2.1923603328622137,2.1752343,-0.007811715,833.439714621719,833.3345336914062,-0.00012620100586453617
02P23RR132,Trent 1000-K3,APPROACH,HEFA-SPK,train,0.395747285978689,2.191303359552781,2.1733375,-0.008198816,833.1818690490672,833.1019897460938,-9.587258909590004e-05
02P23RR132,Trent 1000-K3,APPROACH,FT-SPK,train,0.3957574459396981,2.191181080627297,2.1729262,-0.008331052,833.1044396208904,833.0517578125,-6.32355391292384e-05
02P23RR132,Trent 1000-K3,APPROACH,ATJ-SPK,train,0.3961517977848622,2.1851185637906334,2.1622434,-0.010468682,831.6732008597787,831.7402954101562,8.06741762367369e-05
02P23RR132,Trent 1000-K3,IDLE,Jet-A1,train,0.2815932713316668,2.3920235186067,2.4046793,0.0052908263,878.6167033926911,878.7892456054688,0.00019637939059366434
02P23RR132,Trent 1000-K3,IDLE,HEFA-SPK,train,0.2816529722907023,2.3912193141544895,2.4040315,0.005357949,878.3472122025171,878.53564453125,0.00021453057073000554
02P23RR132,Trent 1000-K3,IDLE,FT-SPK,train,0.2816623959887719,2.391123613534979,2.4038527,0.005323465,878.2668652721366,878.4773559570312,0.00023966597536327644
02P23RR132,Trent 1000-K3,IDLE,ATJ-SPK,train,0.2820029132236594,2.386510718719152,2.4002326,0.0057497644,876.7703935227014,877.0515747070312,0.00032070104830994443
02P23RR133,Trent 1000-L3,TAKE-OFF,Jet-A1,train,0.3839045222945605,3.8044132029876367,3.764198,-0.010570618,1175.7855059580552,1173.9290771484375,-0.0015788839037482645
02P23RR133,Trent 1000-L3,TAKE-OFF,HEFA-SPK,train,0.3839698061419506,3.80249020288738,3.7604065,-0.011067418,1175.381974729882,1173.582275390625,-0.0015311612547661353
02P23RR133,Trent 1000-L3,TAKE-OFF,FT-SPK,train,0.3839735736587806,3.8023583881374745,3.7594507,-0.0112845255,1175.2373156414842,1173.5018310546875,-0.0014767099067556542
02P23RR133,Trent 1000-L3,TAKE-OFF,ATJ-SPK,train,0.3843525422221587,3.791237405739264,3.7381716,-0.013996996,1173.0211986756922,1171.55126953125,-0.0012531138790174334
02P23RR133,Trent 1000-L3,APPROACH,Jet-A1,train,0.3926521009948577,2.1584234084196914,2.1729336,0.006722572,832.6424313041539,832.3671875,-0.0003305666319728365
02P23RR133,Trent 1000-L3,APPROACH,HEFA-SPK,train,0.3927214366501665,2.1573852496160884,2.1711168,0.0063649095,832.3834552694891,832.133056640625,-0.00030082124684114057
02P23RR133,Trent 1000-L3,APPROACH,FT-SPK,train,0.3927316922358947,2.157264741092338,2.1707144,0.0062346025,832.3058397188664,832.0826416015625,-0.0002681683903351131
02P23RR133,Trent 1000-L3,APPROACH,ATJ-SPK,train,0.3931277642292777,2.151310442283589,2.1604815,0.004262954,830.8681707657679,830.762939453125,-0.0001266522371965623
02P23RR133,Trent 1000-L3,IDLE,Jet-A1,train,0.2782072835160514,2.35315900648416,2.3480709,-0.0021622528,878.1374908221369,878.500244140625,0.00041309398844648266
02P23RR133,Trent 1000-L3,IDLE,HEFA-SPK,train,0.2782668453442863,2.3523746270702177,2.3474507,-0.0020932306,877.8671744093153,878.2454223632812,0.00043087150880247903
02P23RR133,Trent 1000-L3,IDLE,FT-SPK,train,0.2782762605013967,2.3522812565930136,2.3472803,-0.0021260611,877.7867516544223,878.1868896484375,0.00045584875057750343
02P23RR133,Trent 1000-L3,IDLE,ATJ-SPK,train,0.2786159754011189,2.3477820125041107,2.3438265,-0.0016847684,876.2855261193006,876.755126953125,0.0005358993385455992
02P23RR134,Trent 1000-M3,TAKE-OFF,Jet-A1,train,0.387357697704465,3.912552732074195,3.7863076,-0.032266736,1177.1338255248097,1175.648681640625,-0.0012616610380069373
02P23RR134,Trent 1000-M3,TAKE-OFF,HEFA-SPK,train,0.3874223313636606,3.910577606449296,3.7822907,-0.032805096,1176.7334144471172,1175.3055419921875,-0.0012134205057825805
02P23RR134,Trent 1000-M3,TAKE-OFF,FT-SPK,train,0.3874258309726088,3.9104459743722866,3.7812822,-0.03303044,1176.5895326589357,1175.22607421875,-0.0011588225140032149
02P23RR134,Trent 1000-M3,TAKE-OFF,ATJ-SPK,train,0.3878012497311999,3.899019983763735,3.7587476,-0.035976347,1174.390891203671,1173.29638671875,-0.000931976306286825
02P23RR134,Trent 1000-M3,APPROACH,Jet-A1,train,0.3968521983164268,2.205624728822537,2.1750505,-0.013861932,833.7531658106392,833.7177734375,-4.244946177179136e-05
02P23RR134,Trent 1000-M3,APPROACH,HEFA-SPK,train,0.3969211019704217,2.204560430305795,2.1731284,-0.014257803,833.4957620614266,833.4857788085938,-1.1977568797905483e-05
02P23RR134,Trent 1000-M3,APPROACH,FT-SPK,train,0.396931223724715,2.2044374738568835,2.1727018,-0.0143962465,833.4184066951777,833.4357299804688,2.078582036567524e-05
02P23RR134,Trent 1000-M3,APPROACH,ATJ-SPK,train,0.3973248901729118,2.1983328125040256,2.1618443,-0.016598303,831.9896797531424,832.1276245117188,0.00016580104529340413
02P23RR134,Trent 1000-M3,IDLE,Jet-A1,train,0.2829097763951215,2.407241134097801,2.4268637,0.008151513,878.8058081994775,878.9061889648438,0.0001142240577266056
02P23RR134,Trent 1000-M3,IDLE,HEFA-SPK,train,0.2829695273969426,2.406429157297981,2.4262044,0.008217635,878.5366414184941,878.6530151367188,0.0001324631355576975
02P23RR134,Trent 1000-M3,IDLE,FT-SPK,train,0.2829789535273207,2.406332545502484,2.4260244,0.008183355,878.4563249553782,878.5947265625,0.00015755092562943343
02P23RR134,Trent 1000-M3,IDLE,ATJ-SPK,train,0.2833197598431514,2.401675092769757,2.4223373,0.008603175,876.9617213409722,877.1710815429688,0.00023873356943838445
02P23RR135,Trent 1000-N3,TAKE-OFF,Jet-A1,train,0.387357697704465,3.912552732074195,3.7863076,-0.032266736,1177.1338255248097,1175.648681640625,-0.0012616610380069373
02P23RR135,Trent 1000-N3,TAKE-OFF,HEFA-SPK,train,0.3874223313636606,3.910577606449296,3.7822907,-0.032805096,1176.7334144471172,1175.3055419921875,-0.0012134205057825805
02P23RR135,Trent 1000-N3,TAKE-OFF,FT-SPK,train,0.3874258309726088,3.9104459743722866,3.7812822,-0.03303044,1176.5895326589357,1175.22607421875,-0.0011588225140032149
02P23RR135,Trent 1000-N3,TAKE-OFF,ATJ-SPK,train,0.3878012497311999,3.899019983763735,3.7587476,-0.035976347,1174.390891203671,1173.29638671875,-0.000931976306286825
02P23RR135,Trent 1000-N3,APPROACH,Jet-A1,train,0.3968521983164268,2.205624728822537,2.1750505,-0.013861932,833.7531658106392,833.7177734375,-4.244946177179136e-05
02P23RR135,Trent 1000-N3,APPROACH,HEFA-SPK,train,0.3969211019704217,2.204560430305795,2.1731284,-0.014257803,833.4957620614266,833.4857788085938,-1.1977568797905483e-05
02P23RR135,Trent 1000-N3,APPROACH,FT-SPK,train,0.396931223724715,2.2044374738568835,2.1727018,-0.0143962465,833.4184066951777,833.4357299804688,2.078582036567524e-05
02P23RR135,Trent 1000-N3,APPROACH,ATJ-SPK,train,0.3973248901729118,2.1983328125040256,2.1618443,-0.016598303,831.9896797531424,832.1276245117188,0.00016580104529340413
02P23RR135,Trent 1000-N3,IDLE,Jet-A1,train,0.2829097763951215,2.407241134097801,2.4268637,0.008151513,878.8058081994775,878.9061889648438,0.0001142240577266056
02P23RR135,Trent 1000-N3,IDLE,HEFA-SPK,train,0.2829695273969426,2.406429157297981,2.4262044,0.008217635,878.5366414184941,878.6530151367188,0.0001324631355576975
02P23RR135,Trent 1000-N3,IDLE,FT-SPK,train,0.2829789535273207,2.406332545502484,2.4260244,0.008183355,878.4563249553782,878.5947265625,0.00015755092562943343
02P23RR135,Trent 1000-N3,IDLE,ATJ-SPK,train,0.2833197598431514,2.401675092769757,2.4223373,0.008603175,876.9617213409722,877.1710815429688,0.00023873356943838445
02P23RR136,Trent 1000-P3,TAKE-OFF,Jet-A1,holdout,0.3839045222945605,3.8044132029876367,3.764198,-0.010570618,1175.7855059580552,1173.9290771484375,-0.0015788839037482645
02P23RR136,Trent 1000-P3,TAKE-OFF,HEFA-SPK,holdout,0.3839698061419506,3.80249020288738,3.7604065,-0.011067418,1175.381974729882,1173.582275390625,-0.0015311612547661353
02P23RR136,Trent 1000-P3,TAKE-OFF,FT-SPK,holdout,0.3839735736587806,3.8023583881374745,3.7594507,-0.0112845255,1175.2373156414842,1173.5018310546875,-0.0014767099067556542
02P23RR136,Trent 1000-P3,TAKE-OFF,ATJ-SPK,holdout,0.3843525422221587,3.791237405739264,3.7381716,-0.013996996,1173.0211986756922,1171.55126953125,-0.0012531138790174334
02P23RR136,Trent 1000-P3,APPROACH,Jet-A1,holdout,0.3926521009948577,2.1584234084196914,2.1729336,0.006722572,832.6424313041539,832.3671875,-0.0003305666319728365
02P23RR136,Trent 1000-P3,APPROACH,HEFA-SPK,holdout,0.3927214366501665,2.1573852496160884,2.1711168,0.0063649095,832.3834552694891,832.133056640625,-0.00030082124684114057
02P23RR136,Trent 1000-P3,APPROACH,FT-SPK,holdout,0.3927316922358947,2.157264741092338,2.1707144,0.0062346025,832.3058397188664,832.0826416015625,-0.0002681683903351131
02P23RR136,Trent 1000-P3,APPROACH,ATJ-SPK,holdout,0.3931277642292777,2.151310442283589,2.1604815,0.004262954,830.8681707657679,830.762939453125,-0.0001266522371965623
02P23RR136,Trent 1000-P3,IDLE,Jet-A1,holdout,0.2782072835160514,2.35315900648416,2.3480709,-0.0021622528,878.1374908221369,878.500244140625,0.00041309398844648266
02P23RR136,Trent 1000-P3,IDLE,HEFA-SPK,holdout,0.2782668453442863,2.3523746270702177,2.3474507,-0.0020932306,877.8671744093153,878.2454223632812,0.00043087150880247903
02P23RR136,Trent 1000-P3,IDLE,FT-SPK,holdout,0.2782762605013967,2.3522812565930136,2.3472803,-0.0021260611,877.7867516544223,878.1868896484375,0.00045584875057750343
02P23RR136,Trent 1000-P3,IDLE,ATJ-SPK,holdout,0.2786159754011189,2.3477820125041107,2.3438265,-0.0016847684,876.2855261193006,876.755126953125,0.0005358993385455992
02P23RR137,Trent 1000-Q3,TAKE-OFF,Jet-A1,train,0.3863915307866147,3.8820874242971173,3.7813346,-0.025953256,1176.7542008866108,1175.162353515625,-0.001352744158284205
02P23RR137,Trent 1000-Q3,TAKE-OFF,HEFA-SPK,train,0.3864563485249072,3.880126907292201,3.7773838,-0.02647932,1176.352912190062,1174.818115234375,-0.001304707915271406
02P23RR137,Trent 1000-Q3,TAKE-OFF,FT-SPK,train,0.3864599241325465,3.879995178659802,3.776392,-0.02670195,1176.2088093597074,1174.7384033203125,-0.0012501233009769301
02P23RR137,Trent 1000-Q3,TAKE-OFF,ATJ-SPK,train,0.3868363477149463,3.8686547135912033,3.75421,-0.029582554,1174.005254882782,1172.802490234375,-0.0010244968183955635
02P23RR137,Trent 1000-Q3,APPROACH,Jet-A1,train,0.3956782592156199,2.1923603328622137,2.1752343,-0.007811715,833.439714621719,833.3345336914062,-0.00012620100586453617
02P23RR137,Trent 1000-Q3,APPROACH,HEFA-SPK,train,0.395747285978689,2.191303359552781,2.1733375,-0.008198816,833.1818690490672,833.1019897460938,-9.587258909590004e-05
02P23RR137,Trent 1000-Q3,APPROACH,FT-SPK,train,0.3957574459396981,2.191181080627297,2.1729262,-0.008331052,833.1044396208904,833.0517578125,-6.32355391292384e-05
02P23RR137,Trent 1000-Q3,APPROACH,ATJ-SPK,train,0.3961517977848622,2.1851185637906334,2.1622434,-0.010468682,831.6732008597787,831.7402954101562,8.06741762367369e-05
02P23RR137,Trent 1000-Q3,IDLE,Jet-A1,train,0.2815932713316668,2.3920235186067,2.4046793,0.0052908263,878.6167033926911,878.7892456054688,0.00019637939059366434
02P23RR137,Trent 1000-Q3,IDLE,HEFA-SPK,train,0.2816529722907023,2.3912193141544895,2.4040315,0.005357949,878.3472122025171,878.53564453125,0.00021453057073000554
02P23RR137,Trent 1000-Q3,IDLE,FT-SPK,train,0.2816623959887719,2.391123613534979,2.4038527,0.005323465,878.2668652721366,878.4773559570312,0.00023966597536327644
02P23RR137,Trent 1000-Q3,IDLE,ATJ-SPK,train,0.2820029132236594,2.386510718719152,2.4002326,0.0057497644,876.7703935227014,877.0515747070312,0.00032070104830994443
02P23RR138,Trent 1000-R3,TAKE-OFF,Jet-A1,train,0.3883082860762233,3.942685920834641,3.7902188,-0.038670894,1177.50912636891,1176.13134765625,-0.0011700790098406594
02P23RR138,Trent 1000-R3,TAKE-OFF,HEFA-SPK,train,0.3883727369724581,3.9406964061123495,3.7861476,-0.03921864,1177.1095823706405,1175.7890625,-0.0011218325722750877
02P23RR138,Trent 1000-R3,TAKE-OFF,FT-SPK,train,0.3883761610113614,3.940564904945333,3.785128,-0.039445326,1176.9659208057292,1175.7103271484375,-0.001066805448735616
02P23RR138,Trent 1000-R3,TAKE-OFF,ATJ-SPK,train,0.3887505822748021,3.9290546387903427,3.7622356,-0.04245781,1174.7721315272977,1173.7861328125,-0.000839310610403918
02P23RR138,Trent 1000-R3,APPROACH,Jet-A1,train,0.3980062793861838,2.218719181215122,2.1742554,-0.020040277,834.0636036841604,834.0994873046875,4.302264283994589e-05
02P23RR138,Trent 1000-R3,APPROACH,HEFA-SPK,train,0.3980750602333179,2.2176476675238264,2.1722968,-0.02045002,833.8066360774351,833.8676147460938,7.313286560722459e-05
02P23RR138,Trent 1000-R3,APPROACH,FT-SPK,train,0.3980851438170069,2.217524050410357,2.1718693,-0.020588206,833.7293545520854,833.8176879882812,0.00010594977340495545
02P23RR138,Trent 1000-R3,APPROACH,ATJ-SPK,train,0.3984781266481953,2.211377871051952,2.160831,-0.022857567,832.3031064022146,832.5128173828125,0.00025196467366854123
02P23RR138,Trent 1000-R3,IDLE,Jet-A1,train,0.2842056127250157,2.4222783605707803,2.4487934,0.0109463055,878.9934851427593,879.0237426757812,3.4422932061983363e-05
02P23RR138,Trent 1000-R3,IDLE,HEFA-SPK,train,0.2842654107730287,2.4214586986427062,2.4481225,0.011011441,878.7246396104227,878.7708740234375,5.26153597277712e-05
02P23RR138,Trent 1000-R3,IDLE,FT-SPK,train,0.2842748388084241,2.4213611872767533,2.4479382,0.010976071,878.6443536846327,878.7129516601562,7.807251618456103e-05
02P23RR138,Trent 1000-R3,IDLE,ATJ-SPK,train,0.2846159171913651,2.416659675753468,2.4441864,0.011390464,877.1515996412136,877.2916259765625,0.0001596375534242845
11RR049,Trent 1000-A,TAKE-OFF,Jet-A1,holdout,0.3771861219861855,3.5999018484833547,3.6903474,0.02512447,1173.230187352194,1170.734130859375,-0.0021275079006040647
11RR049,Trent 1000-A,TAKE-OFF,HEFA-SPK,holdout,0.377252610082408,3.598079396679666,3.6869586,0.024701808,1172.820710444806,1170.379638671875,-0.0020813682357342382
11RR049,Trent 1000-A,TAKE-OFF,FT-SPK,holdout,0.3772568698415832,3.597948411212473,3.6860828,0.02449573,1172.6746368769975,1170.2967529296875,-0.002027743990134092
11RR049,Trent 1000-A,TAKE-OFF,ATJ-SPK,holdout,0.3776424183516366,3.5874146025373537,3.66706,0.022201313,1170.4251517725877,1168.3060302734375,-0.0018105570406965583
11RR049,Trent 1000-A,APPROACH,Jet-A1,holdout,0.3844470495198398,2.068235418730069,2.1489758,0.039038334,830.556729903327,829.8924560546875,-0.000799793469516285
11RR049,Trent 1000-A,APPROACH,HEFA-SPK,holdout,0.3845171607733346,2.0672477386546615,2.147365,0.038755484,830.2947499449313,829.654541015625,-0.0007710622394622101
11RR049,Trent 1000-A,APPROACH,FT-SPK,holdout,0.3845276552504252,2.067132177315255,2.1470006,0.03863724,830.2166630529787,829.602783203125,-0.0007394212585377859
11RR049,Trent 1000-A,APPROACH,ATJ-SPK,holdout,0.38492804893482,2.0614680378160632,2.1378963,0.03707469,828.7618842258697,828.2613525390625,-0.0006039511424620574
11RR049,Trent 1000-A,IDLE,Jet-A1,holdout,0.269083993407557,2.250395935049795,2.1990452,-0.022818554,876.8960690357221,877.8015747070312,0.0010326259898791282
11RR049,Trent 1000-A,IDLE,HEFA-SPK,holdout,0.2691431052860622,2.24966376829998,2.198499,-0.02274326,876.6235955170979,877.5441284179688,0.0010500891210073512
11RR049,Trent 1000-A,IDLE,FT-SPK,holdout,0.2691524812935973,2.249576571435098,2.198347,-0.022772966,876.5429859480878,877.485107421875,0.0010748149136898194
11RR049,Trent 1000-A,IDLE,ATJ-SPK,holdout,0.2694896102646193,2.2453766250859464,2.1953046,-0.02229999,875.0293228065244,876.0374755859375,0.0011521359949168135
11RR050,Trent 1000-C,TAKE-OFF,Jet-A1,train,0.3810420650641555,3.716335044180785,3.7373211,0.005647029,1174.6857765285908,1172.543701171875,-0.0018235305130245728
11RR050,Trent 1000-C,TAKE-OFF,HEFA-SPK,train,0.3811078717239071,3.7144550427345826,3.7337005,0.005181278,1174.279692663501,1172.1937255859375,-0.0017763800997291535
11RR050,Trent 1000-C,TAKE-OFF,FT-SPK,train,0.381111853583645,3.714323401555306,3.7327807,0.004969192,1174.1344154953729,1172.112060546875,-0.0017224220002482736
11RR050,Trent 1000-C,TAKE-OFF,ATJ-SPK,train,0.3814936779430676,3.70345369712192,3.7124941,0.002441049,1171.903983509364,1170.14453125,-0.001501362128743004
11RR050,Trent 1000-C,APPROACH,Jet-A1,train,0.3891615348821282,2.1197320171087153,2.1656857,0.021678964,831.741723349057,831.2885131835938,-0.0005448929069451627
11RR050,Trent 1000-C,APPROACH,HEFA-SPK,train,0.3892312116075834,2.1187154318285764,2.1639593,0.02135433,831.4814584748472,831.052734375,-0.0005156147445952074
11RR050,Trent 1000-C,APPROACH,FT-SPK,train,0.3892415724263517,2.1185970040533353,2.163573,0.021229114,831.4036365924666,831.0016479492188,-0.0004835059958305952
11RR050,Trent 1000-C,APPROACH,ATJ-SPK,train,0.3896395444472831,2.112766744681634,2.153835,0.019438226,829.9586307153978,829.6726684570312,-0.0003445500146435932
11RR050,Trent 1000-C,IDLE,Jet-A1,train,0.2743156693907474,2.3089770849852864,2.2838547,-0.010880291,877.5992122623005,878.1882934570312,0.000671241708629373
11RR050,Trent 1000-C,IDLE,HEFA-SPK,train,0.2743750527144002,2.308215194110985,2.2832682,-0.010807863,877.3279637927421,877.9324340820312,0.0006889901088709735
11RR050,Trent 1000-C,IDLE,FT-SPK,train,0.2743844540277585,2.3081244766296294,2.2831066,-0.01083909,877.2474582937941,877.8734741210938,0.0007136137259573221
11RR050,Trent 1000-C,IDLE,ATJ-SPK,train,0.2747231417525076,2.303754146410367,2.2798312,-0.010384409,875.740860651094,876.4348754882812,0.0007924888153229619
11RR051,Trent 1000-D,TAKE-OFF,Jet-A1,train,0.3810420650641555,3.716335044180785,3.7373211,0.005647029,1174.6857765285908,1172.543701171875,-0.0018235305130245728
11RR051,Trent 1000-D,TAKE-OFF,HEFA-SPK,train,0.3811078717239071,3.7144550427345826,3.7337005,0.005181278,1174.279692663501,1172.1937255859375,-0.0017763800997291535
11RR051,Trent 1000-D,TAKE-OFF,FT-SPK,train,0.381111853583645,3.714323401555306,3.7327807,0.004969192,1174.1344154953729,1172.112060546875,-0.0017224220002482736
11RR051,Trent 1000-D,TAKE-OFF,ATJ-SPK,train,0.3814936779430676,3.70345369712192,3.7124941,0.002441049,1171.903983509364,1170.14453125,-0.001501362128743004
11RR051,Trent 1000-D,APPROACH,Jet-A1,train,0.3891615348821282,2.1197320171087153,2.1656857,0.021678964,831.741723349057,831.2885131835938,-0.0005448929069451627
11RR051,Trent 1000-D,APPROACH,HEFA-SPK,train,0.3892312116075834,2.1187154318285764,2.1639593,0.02135433,831.4814584748472,831.052734375,-0.0005156147445952074
11RR051,Trent 1000-D,APPROACH,FT-SPK,train,0.3892415724263517,2.1185970040533353,2.163573,0.021229114,831.4036365924666,831.0016479492188,-0.0004835059958305952
11RR051,Trent 1000-D,APPROACH,ATJ-SPK,train,0.3896395444472831,2.112766744681634,2.153835,0.019438226,829.9586307153978,829.6726684570312,-0.0003445500146435932
11RR051,Trent 1000-D,IDLE,Jet-A1,train,0.2743156693907474,2.3089770849852864,2.2838547,-0.010880291,877.5992122623005,878.1882934570312,0.000671241708629373
11RR051,Trent 1000-D,IDLE,HEFA-SPK,train,0.2743750527144002,2.308215194110985,2.2832682,-0.010807863,877.3279637927421,877.9324340820312,0.0006889901088709735
11RR051,Trent 1000-D,IDLE,FT-SPK,train,0.2743844540277585,2.3081244766296294,2.2831066,-0.01083909,877.2474582937941,877.8734741210938,0.0007136137259573221
11RR051,Trent 1000-D,IDLE,ATJ-SPK,train,0.2747231417525076,2.303754146410367,2.2798312,-0.010384409,875.740860651094,876.4348754882812,0.0007924888153229619
11RR052,Trent 1000-E,TAKE-OFF,Jet-A1,holdout,0.3719834309623363,3.4467794177262245,3.610249,0.04742679,1171.3133603606664,1168.392822265625,-0.0024933875031888
11RR052,Trent 1000-E,TAKE-OFF,HEFA-SPK,holdout,0.3720507974349557,3.445033804747813,3.6071362,0.047053967,1170.8993831492394,1168.0330810546875,-0.0024479491028876503
11RR052,Trent 1000-E,TAKE-OFF,FT-SPK,holdout,0.3720554129582474,3.444904385013533,3.6063309,0.046859518,1170.7522979744515,1167.9482421875,-0.0023950888602165144
11RR052,Trent 1000-E,TAKE-OFF,ATJ-SPK,holdout,0.3724457651850869,3.4348183741762957,3.5889146,0.044862997,1168.4774972113755,1165.9276123046875,-0.002182228509126994
11RR052,Trent 1000-E,APPROACH,Jet-A1,holdout,0.3780642524969203,1.999887187238069,2.1155336,0.057826463,829.008594250363,828.1103515625,-0.0010835143255363134
11RR052,Trent 1000-E,APPROACH,HEFA-SPK,holdout,0.3781349035908108,1.998938182546773,2.1140592,0.057591125,828.7443394191641,827.8692626953125,-0.0010559067280808737
11RR052,Trent 1000-E,APPROACH,FT-SPK,holdout,0.3781455638407028,1.9988265835325552,2.113725,0.057482947,828.6659175507873,827.8170166015625,-0.0010244188052693397
11RR052,Trent 1000-E,APPROACH,ATJ-SPK,holdout,0.3785489675236644,1.9933845952524394,2.1054163,0.05620176,827.1981594364854,826.458984375,-0.0008935888614512418
11RR052,Trent 1000-E,IDLE,Jet-A1,holdout,0.262047422273187,2.17306753325965,2.0878954,-0.03919438,875.9861008014185,877.3381958007812,0.001543511932581749
11RR052,Trent 1000-E,IDLE,HEFA-SPK,holdout,0.262106111864229,2.172374409173535,2.087401,-0.039115466,875.7120309264819,877.0786743164062,0.0015606082155551122
11RR052,Trent 1000-E,IDLE,FT-SPK,holdout,0.2621154419348235,2.172291857333236,2.0872607,-0.039143495,875.6312937742448,877.0191650390625,0.0015849950483559638
11RR052,Trent 1000-E,IDLE,ATJ-SPK,holdout,0.2624501508581192,2.1683157012857057,2.0845048,-0.038652483,874.1084155878075,875.5601806640625,0.0016608524187228574
11RR053,Trent 1000-G,TAKE-OFF,Jet-A1,train,0.3792830306444745,3.6629058849342684,3.7173362,0.014859872,1174.0180706537997,1171.7100830078125,-0.001965887667045765
11RR053,Trent 1000-G,TAKE-OFF,HEFA-SPK,train,0.3793491514019337,3.6610521942326324,3.7138186,0.014412865,1173.6104326002674,1171.3580322265625,-0.0019192061617196174
11RR053,Trent 1000-G,TAKE-OFF,FT-SPK,train,0.3793532615630251,3.6609207948350995,3.7129252,0.014205271,1173.464787060147,1171.276123046875,-0.001865129688940435
11RR053,Trent 1000-G,TAKE-OFF,ATJ-SPK,train,0.3797368022386684,3.65020471374881,3.6932213,0.011784699,1171.225631372099,1169.2977294921875,-0.0016460550625527525
11RR053,Trent 1000-G,APPROACH,Jet-A1,train,0.387012587082373,2.0961511187742308,2.1589954,0.029980842,831.1971341906021,830.6436157226562,-0.00066592923047657
11RR053,Trent 1000-G,APPROACH,HEFA-SPK,train,0.3870824656159617,2.095147743190338,2.157322,0.029675264,830.9360838903018,830.40673828125,-0.0006370473244747005
11RR053,Trent 1000-G,APPROACH,FT-SPK,train,0.3870928885561455,2.0950306146555113,2.156947,0.029553864,830.858139301032,830.3554077148438,-0.0006050751174095438
11RR053,Trent 1000-G,APPROACH,ATJ-SPK,train,0.3874919851359044,2.089276282226428,2.147507,0.02787127,829.4086592292427,829.02099609375,-0.0004673970197670635
11RR053,Trent 1000-G,IDLE,Jet-A1,train,0.2719274397367504,2.2821195572093167,2.2449179,-0.01630139,877.2753565163546,878.0070190429688,0.0008340169607859409
11RR053,Trent 1000-G,IDLE,HEFA-SPK,train,0.2719867036342423,2.2813713080724347,2.2443511,-0.01622715,877.0035448162861,877.750732421875,0.0008519778625814333
11RR053,Trent 1000-G,IDLE,FT-SPK,train,0.2719960943414837,2.2812822044930186,2.2441938,-0.016257647,876.9229908099019,877.6915283203125,0.0008764025102145221
11RR053,Trent 1000-G,IDLE,ATJ-SPK,train,0.2723340958707644,2.2769900720245095,2.2410262,-0.015794426,875.4131453898038,876.2488403320312,0.0009546291903753484
11RR054,Trent 1000-H,TAKE-OFF,Jet-A1,train,0.3732135638755181,3.4825751387117974,3.630738,0.04254413,1171.7616827734446,1168.9359130859375,-0.0024115566578510844
11RR054,Trent 1000-H,TAKE-OFF,HEFA-SPK,train,0.3732807268961398,3.4808114502204517,3.6275635,0.042160247,1171.3487618606855,1168.5772705078125,-0.0023660684529776513
11RR054,Trent 1000-H,TAKE-OFF,FT-SPK,train,0.3732852602576719,3.480681595246274,3.6267457,0.041964214,1171.2019095373912,1168.493408203125,-0.0023125827512832722
11RR054,Trent 1000-H,TAKE-OFF,ATJ-SPK,train,0.3736744995040948,3.470490311122395,3.6089578,0.03989854,1168.933055407927,1166.479736328125,-0.0020987678194675074
11RR054,Trent 1000-H,APPROACH,Jet-A1,train,0.3795755974514289,2.01592991351342,2.1244588,0.053835735,829.3694332801442,828.5214233398438,-0.001022475517269312
11RR054,Trent 1000-H,APPROACH,HEFA-SPK,train,0.3796461257982818,2.0149718008516664,2.122954,0.053589847,829.105712187305,828.2808837890625,-0.0009948410511688498
11RR054,Trent 1000-H,APPROACH,FT-SPK,train,0.3796567483517075,2.014859256507616,2.122615,0.05348063,829.0273672412188,828.2288818359375,-0.0009631592837984009
11RR054,Trent 1000-H,APPROACH,ATJ-SPK,train,0.3800594675063462,2.0093649633999084,2.114122,0.052134395,827.5626560433768,826.874755859375,-0.0008312363770626241
11RR054,Trent 1000-H,IDLE,Jet-A1,train,0.2637086328569037,2.1911727764029405,2.113824,-0.035300232,876.1973171077263,877.4420166015625,0.001420569852855551
11RR054,Trent 1000-H,IDLE,HEFA-SPK,train,0.2637674280750446,2.19047053294502,2.1133187,-0.0352216,875.9236187467051,877.1828002929688,0.0014375472008225404
11RR054,Trent 1000-H,IDLE,FT-SPK,train,0.2637767702081026,2.1903868942678537,2.1131759,-0.03524998,875.8429104679029,877.12353515625,0.001462162532848413
11RR054,Trent 1000-H,IDLE,ATJ-SPK,train,0.264112084040542,2.186358467139726,2.110354,-0.034762997,874.3221776679713,875.6671752929688,0.0015383318178944496
12RR055,Trent 1000-A,TAKE-OFF,Jet-A1,holdout,0.3771861219861855,3.599901848483355,3.6903474,0.02512447,1173.2301873521942,1170.734130859375,-0.002127507900604258
12RR055,Trent 1000-A,TAKE-OFF,HEFA-SPK,holdout,0.3772526100824082,3.598079396679666,3.6869586,0.024701808,1172.8207104448063,1170.379638671875,-0.0020813682357344316
12RR055,Trent 1000-A,TAKE-OFF,FT-SPK,holdout,0.3772568698415831,3.5979484112124767,3.6860828,0.02449573,1172.6746368769982,1170.2967529296875,-0.002027743990134673
12RR055,Trent 1000-A,TAKE-OFF,ATJ-SPK,holdout,0.3776424183516366,3.5874146025373537,3.66706,0.022201313,1170.4251517725877,1168.3060302734375,-0.0018105570406965583
12RR055,Trent 1000-A,APPROACH,Jet-A1,holdout,0.3844470495198397,2.068235418730068,2.1489758,0.039038334,830.5567299033271,829.8924560546875,-0.0007997934695164218
12RR055,Trent 1000-A,APPROACH,HEFA-SPK,holdout,0.3845171607733345,2.06724773865466,2.147365,0.038755484,830.2947499449313,829.654541015625,-0.0007710622394622101
12RR055,Trent 1000-A,APPROACH,FT-SPK,holdout,0.3845276552504251,2.067132177315255,2.1470006,0.03863724,830.2166630529789,829.602783203125,-0.0007394212585380595
12RR055,Trent 1000-A,APPROACH,ATJ-SPK,holdout,0.3849280489348199,2.0614680378160655,2.1378963,0.03707469,828.7618842258698,828.2613525390625,-0.0006039511424621945
12RR055,Trent 1000-A,IDLE,Jet-A1,holdout,0.269083993407557,2.250395935049795,2.1990452,-0.022818554,876.8960690357221,877.8015747070312,0.0010326259898791282
12RR055,Trent 1000-A,IDLE,HEFA-SPK,holdout,0.2691431052860621,2.249663768299982,2.198499,-0.02274326,876.6235955170981,877.5441284179688,0.0010500891210070916
12RR055,Trent 1000-A,IDLE,FT-SPK,holdout,0.2691524812935973,2.249576571435098,2.198347,-0.022772966,876.5429859480878,877.485107421875,0.0010748149136898194
12RR055,Trent 1000-A,IDLE,ATJ-SPK,holdout,0.2694896102646192,2.245376625085945,2.1953046,-0.02229999,875.0293228065245,876.0374755859375,0.0011521359949166836
12RR056,Trent 1000-C,TAKE-OFF,Jet-A1,train,0.3810420650641555,3.716335044180785,3.7373211,0.005647029,1174.6857765285908,1172.543701171875,-0.0018235305130245728
12RR056,Trent 1000-C,TAKE-OFF,HEFA-SPK,train,0.3811078717239071,3.7144550427345826,3.7337005,0.005181278,1174.279692663501,1172.1937255859375,-0.0017763800997291535
12RR056,Trent 1000-C,TAKE-OFF,FT-SPK,train,0.381111853583645,3.714323401555306,3.7327807,0.004969192,1174.1344154953729,1172.112060546875,-0.0017224220002482736
12RR056,Trent 1000-C,TAKE-OFF,ATJ-SPK,train,0.3814936779430676,3.70345369712192,3.7124941,0.002441049,1171.903983509364,1170.14453125,-0.001501362128743004
12RR056,Trent 1000-C,APPROACH,Jet-A1,train,0.3891615348821282,2.1197320171087153,2.1656857,0.021678964,831.741723349057,831.2885131835938,-0.0005448929069451627
12RR056,Trent 1000-C,APPROACH,HEFA-SPK,train,0.3892312116075834,2.1187154318285764,2.1639593,0.02135433,831.4814584748472,831.052734375,-0.0005156147445952074
12RR056,Trent 1000-C,APPROACH,FT-SPK,train,0.3892415724263517,2.1185970040533353,2.163573,0.021229114,831.4036365924666,831.0016479492188,-0.0004835059958305952
12RR056,Trent 1000-C,APPROACH,ATJ-SPK,train,0.3896395444472831,2.112766744681634,2.153835,0.019438226,829.9586307153978,829.6726684570312,-0.0003445500146435932
12RR056,Trent 1000-C,IDLE,Jet-A1,train,0.2743156693907474,2.3089770849852864,2.2838547,-0.010880291,877.5992122623005,878.1882934570312,0.000671241708629373
12RR056,Trent 1000-C,IDLE,HEFA-SPK,train,0.2743750527144002,2.308215194110985,2.2832682,-0.010807863,877.3279637927421,877.9324340820312,0.0006889901088709735
12RR056,Trent 1000-C,IDLE,FT-SPK,train,0.2743844540277585,2.3081244766296294,2.2831066,-0.01083909,877.2474582937941,877.8734741210938,0.0007136137259573221
12RR056,Trent 1000-C,IDLE,ATJ-SPK,train,0.2747231417525076,2.303754146410367,2.2798312,-0.010384409,875.740860651094,876.4348754882812,0.0007924888153229619
12RR057,Trent 1000-D,TAKE-OFF,Jet-A1,train,0.3810420650641555,3.716335044180785,3.7373211,0.005647029,1174.6857765285908,1172.543701171875,-0.0018235305130245728
12RR057,Trent 1000-D,TAKE-OFF,HEFA-SPK,train,0.3811078717239071,3.7144550427345826,3.7337005,0.005181278,1174.279692663501,1172.1937255859375,-0.0017763800997291535
12RR057,Trent 1000-D,TAKE-OFF,FT-SPK,train,0.381111853583645,3.714323401555306,3.7327807,0.004969192,1174.1344154953729,1172.112060546875,-0.0017224220002482736
12RR057,Trent 1000-D,TAKE-OFF,ATJ-SPK,train,0.3814936779430676,3.70345369712192,3.7124941,0.002441049,1171.903983509364,1170.14453125,-0.001501362128743004
12RR057,Trent 1000-D,APPROACH,Jet-A1,train,0.3891615348821282,2.1197320171087153,2.1656857,0.021678964,831.741723349057,831.2885131835938,-0.0005448929069451627
12RR057,Trent 1000-D,APPROACH,HEFA-SPK,train,0.3892312116075834,2.1187154318285764,2.1639593,0.02135433,831.4814584748472,831.052734375,-0.0005156147445952074
12RR057,Trent 1000-D,APPROACH,FT-SPK,train,0.3892415724263517,2.1185970040533353,2.163573,0.021229114,831.4036365924666,831.0016479492188,-0.0004835059958305952
12RR057,Trent 1000-D,APPROACH,ATJ-SPK,train,0.3896395444472831,2.112766744681634,2.153835,0.019438226,829.9586307153978,829.6726684570312,-0.0003445500146435932
12RR057,Trent 1000-D,IDLE,Jet-A1,train,0.2743156693907474,2.3089770849852864,2.2838547,-0.010880291,877.5992122623005,878.1882934570312,0.000671241708629373
12RR057,Trent 1000-D,IDLE,HEFA-SPK,train,0.2743750527144002,2.308215194110985,2.2832682,-0.010807863,877.3279637927421,877.9324340820312,0.0006889901088709735
12RR057,Trent 1000-D,IDLE,FT-SPK,train,0.2743844540277585,2.3081244766296294,2.2831066,-0.01083909,877.2474582937941,877.8734741210938,0.0007136137259573221
12RR057,Trent 1000-D,IDLE,ATJ-SPK,train,0.2747231417525076,2.303754146410367,2.2798312,-0.010384409,875.740860651094,876.4348754882812,0.0007924888153229619
12RR058,Trent 1000-E,TAKE-OFF,Jet-A1,holdout,0.3699283341306658,3.3875382502127898,3.574083,0.055068016,1170.57114541393,1167.499267578125,-0.0026242555592114547
12RR058,Trent 1000-E,TAKE-OFF,HEFA-SPK,holdout,0.3699960346716707,3.3858226970995875,3.5710826,0.054716296,1170.1554138976628,1167.1370849609375,-0.002579425690705117
12RR058,Trent 1000-E,TAKE-OFF,FT-SPK,holdout,0.37000078479834,3.385694087621065,3.5702968,0.054524362,1170.007948227964,1167.0521240234375,-0.0025263283117036525
12RR058,Trent 1000-E,TAKE-OFF,ATJ-SPK,holdout,0.3703929649670422,3.3757830635388704,3.5534804,0.052638803,1167.7232649977336,1165.019775390625,-0.0023151800500556693
12RR058,Trent 1000-E,APPROACH,Jet-A1,holdout,0.3755364207375347,1.9732483317704146,2.099342,0.06390161,828.4128830515757,827.4376220703125,-0.0011772643825512384
12RR058,Trent 1000-E,APPROACH,HEFA-SPK,holdout,0.3756072700360456,1.972314489257567,2.0979154,0.06368192,828.1477423532885,827.195556640625,-0.0011497775867356603
12RR058,Trent 1000-E,APPROACH,FT-SPK,holdout,0.3756179912063929,1.9722044795912612,2.0975966,0.06357971,828.0691950482974,827.14306640625,-0.0011184193876374923
12RR058,Trent 1000-E,APPROACH,ATJ-SPK,holdout,0.3760225003598333,1.966849549579223,2.089582,0.062400475,826.5963776088398,825.778564453125,-0.000989374231327469
12RR058,Trent 1000-E,IDLE,Jet-A1,holdout,0.2592759222899461,2.1430678325632795,2.0450778,-0.045724172,875.6385742824996,877.1727294921875,0.0017520416011195198
12RR058,Trent 1000-E,IDLE,HEFA-SPK,holdout,0.2593344274752029,2.142389786913433,2.044603,-0.045643754,875.3638920302436,876.9124145507812,0.001769004335952356
12RR058,Trent 1000-E,IDLE,FT-SPK,holdout,0.2593437357646388,2.1423090343227797,2.0444674,-0.04567115,875.283108368575,876.852783203125,0.0017933338591164154
12RR058,Trent 1000-E,IDLE,ATJ-SPK,holdout,0.259677389154697,2.1384193053325475,2.0418153,-0.04517545,873.7566927693783,875.3894653320312,0.0018686810369118118
12RR059,Trent 1000-G,TAKE-OFF,Jet-A1,train,0.3792830306444745,3.6629058849342684,3.7173362,0.014859872,1174.0180706537997,1171.7100830078125,-0.001965887667045765
12RR059,Trent 1000-G,TAKE-OFF,HEFA-SPK,train,0.3793491514019337,3.6610521942326324,3.7138186,0.014412865,1173.6104326002674,1171.3580322265625,-0.0019192061617196174
12RR059,Trent 1000-G,TAKE-OFF,FT-SPK,train,0.3793532615630251,3.6609207948350995,3.7129252,0.014205271,1173.464787060147,1171.276123046875,-0.001865129688940435
12RR059,Trent 1000-G,TAKE-OFF,ATJ-SPK,train,0.3797368022386684,3.65020471374881,3.6932213,0.011784699,1171.225631372099,1169.2977294921875,-0.0016460550625527525
12RR059,Trent 1000-G,APPROACH,Jet-A1,train,0.387012587082373,2.0961511187742308,2.1589954,0.029980842,831.1971341906021,830.6436157226562,-0.00066592923047657
12RR059,Trent 1000-G,APPROACH,HEFA-SPK,train,0.3870824656159617,2.095147743190338,2.157322,0.029675264,830.9360838903018,830.40673828125,-0.0006370473244747005
12RR059,Trent 1000-G,APPROACH,FT-SPK,train,0.3870928885561455,2.0950306146555113,2.156947,0.029553864,830.858139301032,830.3554077148438,-0.0006050751174095438
12RR059,Trent 1000-G,APPROACH,ATJ-SPK,train,0.3874919851359044,2.089276282226428,2.147507,0.02787127,829.4086592292427,829.02099609375,-0.0004673970197670635
12RR059,Trent 1000-G,IDLE,Jet-A1,train,0.2719274397367504,2.2821195572093167,2.2449179,-0.01630139,877.2753565163546,878.0070190429688,0.0008340169607859409
12RR059,Trent 1000-G,IDLE,HEFA-SPK,train,0.2719867036342423,2.2813713080724347,2.2443511,-0.01622715,877.0035448162861,877.750732421875,0.0008519778625814333
12RR059,Trent 1000-G,IDLE,FT-SPK,train,0.2719960943414837,2.2812822044930186,2.2441938,-0.016257647,876.9229908099019,877.6915283203125,0.0008764025102145221
12RR059,Trent 1000-G,IDLE,ATJ-SPK,train,0.2723340958707644,2.2769900720245095,2.2410262,-0.015794426,875.4131453898038,876.2488403320312,0.0009546291903753484
12RR060,Trent 1000-H,TAKE-OFF,Jet-A1,train,0.373213563875518,3.482575138711806,3.630738,0.04254413,1171.761682773445,1168.9359130859375,-0.0024115566578514717
12RR060,Trent 1000-H,TAKE-OFF,HEFA-SPK,train,0.3732807268961398,3.480811450220455,3.6275635,0.042160247,1171.348761860686,1168.5772705078125,-0.0023660684529780386
12RR060,Trent 1000-H,TAKE-OFF,FT-SPK,train,0.3732852602576719,3.480681595246274,3.6267457,0.041964214,1171.2019095373912,1168.493408203125,-0.0023125827512832722
12RR060,Trent 1000-H,TAKE-OFF,ATJ-SPK,train,0.3736744995040947,3.470490311122395,3.6089578,0.03989854,1168.9330554079272,1166.479736328125,-0.0020987678194677017
12RR060,Trent 1000-H,APPROACH,Jet-A1,train,0.379575597451429,2.015929913513415,2.1244588,0.053835735,829.3694332801439,828.5214233398438,-0.001022475517268901
12RR060,Trent 1000-H,APPROACH,HEFA-SPK,train,0.3796461257982819,2.0149718008516664,2.122954,0.053589847,829.1057121873049,828.2808837890625,-0.000994841051168713
12RR060,Trent 1000-H,APPROACH,FT-SPK,train,0.3796567483517076,2.014859256507614,2.122615,0.05348063,829.0273672412185,828.2288818359375,-0.0009631592837979899
12RR060,Trent 1000-H,APPROACH,ATJ-SPK,train,0.3800594675063463,2.009364963399905,2.114122,0.052134395,827.5626560433767,826.874755859375,-0.0008312363770624869
12RR060,Trent 1000-H,IDLE,Jet-A1,train,0.2637086328569037,2.191172776402942,2.113824,-0.035300232,876.1973171077265,877.4420166015625,0.001420569852855421
12RR060,Trent 1000-H,IDLE,HEFA-SPK,train,0.2637674280750446,2.19047053294502,2.1133187,-0.0352216,875.9236187467053,877.1828002929688,0.0014375472008222804
12RR060,Trent 1000-H,IDLE,FT-SPK,train,0.2637767702081026,2.190386894267855,2.1131759,-0.03524998,875.8429104679033,877.12353515625,0.0014621625328480232
12RR060,Trent 1000-H,IDLE,ATJ-SPK,train,0.264112084040542,2.186358467139726,2.110354,-0.034762997,874.3221776679713,875.6671752929688,0.0015383318178944496
12RR061,Trent 1000-A2,TAKE-OFF,Jet-A1,train,0.3776114942338174,3.6126223951063485,3.6960902,0.023104493,1173.389304033729,1170.930419921875,-0.00209553990598113
12RR061,Trent 1000-A2,TAKE-OFF,HEFA-SPK,train,0.3776779084342042,3.6107936179167703,3.6926718,0.022675935,1172.9801989539114,1170.576416015625,-0.0020492954104682965
12RR061,Trent 1000-A2,TAKE-OFF,FT-SPK,train,0.3776821381385007,3.6106625378029737,3.6917896,0.022468781,1172.8342112508467,1170.4940185546875,-0.0019953312017248707
12RR061,Trent 1000-A2,TAKE-OFF,ATJ-SPK,train,0.3780672826904341,3.6000918324661777,3.6726372,0.020150961,1170.586815507348,1168.5059814453125,-0.0017775990934373632
12RR061,Trent 1000-A2,APPROACH,Jet-A1,train,0.3849678184405775,2.0738811972404783,2.1511796,0.03727228,830.6858708551041,830.0433959960938,-0.0007734269734827541
12RR061,Trent 1000-A2,APPROACH,HEFA-SPK,train,0.3850378831805734,2.072890337932587,2.1495545,0.036984213,830.4240788970742,829.805419921875,-0.0007449916144301433
12RR061,Trent 1000-A2,APPROACH,FT-SPK,train,0.3850483633665282,2.0727744571491242,2.1491923,0.036867402,830.3460205267887,829.7539672851562,-0.0007130199061553394
12RR061,Trent 1000-A2,APPROACH,ATJ-SPK,train,0.3854484977755291,2.0670920503211088,2.1400206,0.035280768,828.8923134976245,828.4140625,-0.0005769760315504292
12RR061,Trent 1000-A2,IDLE,Jet-A1,train,0.269660483887003,2.256805499708931,2.2083023,-0.021492008,876.9724195441319,877.8424072265625,0.0009920353970571507
12RR061,Trent 1000-A2,IDLE,HEFA-SPK,train,0.2697196274508561,2.256070086454461,2.2077537,-0.02141618,876.7000794327566,877.5850830078125,0.0010094713070272307
12RR061,Trent 1000-A2,IDLE,FT-SPK,train,0.2697290066200135,2.255982504344888,2.2075982,-0.021447072,876.6194809373087,877.5260009765625,0.001034108936621523
12RR061,Trent 1000-A2,IDLE,ATJ-SPK,train,0.2700663173861509,2.251763948798751,2.2045307,-0.020976055,875.1065874794592,876.0795288085938,0.0011117975147882945
12RR062,Trent 1000-C2,TAKE-OFF,Jet-A1,train,0.3814406659724961,3.728515698343226,3.7414963,0.0034814458,1174.8379377681215,1172.73486328125,-0.0017900975268697673
12RR062,Trent 1000-C2,TAKE-OFF,HEFA-SPK,train,0.3815064006995871,3.7266297223702067,3.7378511,0.0030111826,1174.432207593106,1172.3848876953125,-0.0017432422957723655
12RR062,Trent 1000-C2,TAKE-OFF,FT-SPK,train,0.3815103531265358,3.726498040349913,3.7369244,0.002797868,1174.287015098766,1172.3037109375,-0.0016889432785724835
12RR062,Trent 1000-C2,TAKE-OFF,ATJ-SPK,train,0.3818917844901659,3.715593437889119,3.716499,0.0002437363,1172.0585675461807,1170.3377685546875,-0.0014681851565625022
12RR062,Trent 1000-C2,APPROACH,Jet-A1,train,0.3896480786787257,2.1250961996455926,2.1669703,0.019704476,831.866068420405,831.4365234375,-0.0005163631493235809
12RR062,Trent 1000-C2,APPROACH,HEFA-SPK,train,0.3897177088461701,2.1240766158172466,2.1652324,0.019375846,831.605982225411,831.200927734375,-0.0004870750087103556
12RR062,Trent 1000-C2,APPROACH,FT-SPK,train,0.3897280553193327,2.1239578957262037,2.1648433,0.01924966,831.5281885774972,831.1498413085938,-0.00045500233678269145
12RR062,Trent 1000-C2,APPROACH,ATJ-SPK,train,0.3901257679338807,2.1181103987941023,2.1550403,0.017435277,830.0842002312062,829.8223266601562,-0.0003154783225328126
12RR062,Trent 1000-C2,IDLE,Jet-A1,train,0.2748572013583529,2.3150941114451737,2.2927346,-0.009658085,877.6733269646197,878.2303466796875,0.0006346549427384338
12RR062,Trent 1000-C2,IDLE,HEFA-SPK,train,0.2749166107154008,2.31432911042592,2.2921433,-0.009586269,877.4022071374487,877.974609375,0.0006523829469483019
12RR062,Trent 1000-C2,IDLE,FT-SPK,train,0.2749260142112881,2.3142380254380814,2.2919793,-0.009618109,877.3217128761939,877.916015625,0.0006774057225344482
12RR062,Trent 1000-C2,IDLE,ATJ-SPK,train,0.2752648516171465,2.309849866714299,2.2886817,-0.009164286,875.8158568716494,876.478271484375,0.0007563400542799793
12RR063,Trent 1000-D2,TAKE-OFF,Jet-A1,train,0.3814406659724961,3.728515698343226,3.7414963,0.0034814458,1174.8379377681215,1172.73486328125,-0.0017900975268697673
12RR063,Trent 1000-D2,TAKE-OFF,HEFA-SPK,train,0.3815064006995871,3.7266297223702067,3.7378511,0.0030111826,1174.432207593106,1172.3848876953125,-0.0017432422957723655
12RR063,Trent 1000-D2,TAKE-OFF,FT-SPK,train,0.3815103531265358,3.726498040349913,3.7369244,0.002797868,1174.287015098766,1172.3037109375,-0.0016889432785724835
12RR063,Trent 1000-D2,TAKE-OFF,ATJ-SPK,train,0.3818917844901659,3.715593437889119,3.716499,0.0002437363,1172.0585675461807,1170.3377685546875,-0.0014681851565625022
12RR063,Trent 1000-D2,APPROACH,Jet-A1,train,0.3896480786787257,2.1250961996455926,2.1669703,0.019704476,831.866068420405,831.4365234375,-0.0005163631493235809
12RR063,Trent 1000-D2,APPROACH,HEFA-SPK,train,0.3897177088461701,2.1240766158172466,2.1652324,0.019375846,831.605982225411,831.200927734375,-0.0004870750087103556
12RR063,Trent 1000-D2,APPROACH,FT-SPK,train,0.3897280553193327,2.1239578957262037,2.1648433,0.01924966,831.5281885774972,831.1498413085938,-0.00045500233678269145
12RR063,Trent 1000-D2,APPROACH,ATJ-SPK,train,0.3901257679338807,2.1181103987941023,2.1550403,0.017435277,830.0842002312062,829.8223266601562,-0.0003154783225328126
12RR063,Trent 1000-D2,IDLE,Jet-A1,train,0.2748572013583529,2.3150941114451737,2.2927346,-0.009658085,877.6733269646197,878.2303466796875,0.0006346549427384338
12RR063,Trent 1000-D2,IDLE,HEFA-SPK,train,0.2749166107154008,2.31432911042592,2.2921433,-0.009586269,877.4022071374487,877.974609375,0.0006523829469483019
12RR063,Trent 1000-D2,IDLE,FT-SPK,train,0.2749260142112881,2.3142380254380814,2.2919793,-0.009618109,877.3217128761939,877.916015625,0.0006774057225344482
12RR063,Trent 1000-D2,IDLE,ATJ-SPK,train,0.2752648516171465,2.309849866714299,2.2886817,-0.009164286,875.8158568716494,876.478271484375,0.0007563400542799793
12RR064,Trent 1000-E2,TAKE-OFF,Jet-A1,train,0.3700889735102975,3.392143750572659,3.5769916,0.054492917,1170.6288566782237,1167.5682373046875,-0.002614508736971485
12RR064,Trent 1000-E2,TAKE-OFF,HEFA-SPK,train,0.3701566482005214,3.390425854181456,3.5739825,0.054139677,1170.2132618282646,1167.2066650390625,-0.002569272531149441
12RR064,Trent 1000-E2,TAKE-OFF,FT-SPK,train,0.3701613879247447,3.3902971777464694,3.573203,0.053949825,1170.0658255211902,1167.1214599609375,-0.0025164101848211273
12RR064,Trent 1000-E2,TAKE-OFF,ATJ-SPK,train,0.3705534266259551,3.380372516443434,3.5563316,0.052053157,1167.7819124469538,1165.0897216796875,-0.0023053883080147494
12RR064,Trent 1000-E2,APPROACH,Jet-A1,train,0.3757341425930833,1.9753232621742212,2.1006615,0.063452035,828.4591282441302,827.4896240234375,-0.0011702499105145675
12RR064,Trent 1000-E2,APPROACH,HEFA-SPK,train,0.3758049767098211,1.9743882369832992,2.0992355,0.06323335,828.1940565268364,827.2474975585938,-0.0011429192962483258
12RR064,Trent 1000-E2,APPROACH,FT-SPK,train,0.3758156932106433,1.9742781026614944,2.098914,0.0631298,828.1155188897828,827.1950073242188,-0.001111573862059936
12RR064,Trent 1000-E2,APPROACH,ATJ-SPK,train,0.376220117683523,1.968916382569566,2.0908754,0.061942145,826.6430955112427,825.8311157226562,-0.0009822616229368652
12RR064,Trent 1000-E2,IDLE,Jet-A1,train,0.2594923850106064,2.1454016263904547,2.0484014,-0.045213126,875.6655005464235,877.1853637695312,0.0017356664413059348
12RR064,Trent 1000-E2,IDLE,HEFA-SPK,train,0.2595509049670562,2.1447224092150647,2.0479252,-0.045132663,875.3908657872244,876.9251098632812,0.0017526388908309814
12RR064,Trent 1000-E2,IDLE,FT-SPK,train,0.259560215032038,2.1446415167347213,2.0477903,-0.045159645,875.310085683399,876.865478515625,0.0017769620819707269
12RR064,Trent 1000-E2,IDLE,ATJ-SPK,train,0.2598939529502218,2.1407450727710637,2.0451305,-0.044664137,873.7839444750241,875.40234375,0.0018521732806022733
12RR065,Trent 1000-G2,TAKE-OFF,Jet-A1,holdout,0.3796936334144049,3.675330367265746,3.7222164,0.012756932,1174.173377449192,1171.9034423828125,-0.0019332196675339167
12RR065,Trent 1000-G2,TAKE-OFF,HEFA-SPK,holdout,0.3797596813404027,3.6734705432380537,3.7186835,0.012307928,1173.766101219901,1171.5518798828125,-0.001886424675910493
12RR065,Trent 1000-G2,TAKE-OFF,FT-SPK,holdout,0.3797637617832369,3.6733390785775617,3.7177844,0.012099431,1173.6205408996498,1171.47021484375,-0.0018322157639226522
12RR065,Trent 1000-G2,TAKE-OFF,ATJ-SPK,holdout,0.3801469044460985,3.662587195000176,3.6979458,0.009654037,1171.3834166855786,1169.494384765625,-0.0016126503867526128
12RR065,Trent 1000-G2,APPROACH,Jet-A1,holdout,0.387514469318556,2.1016421658914393,2.160705,0.028103247,831.3236511517769,830.7929077148438,-0.0006384317782824736
12RR065,Trent 1000-G2,APPROACH,HEFA-SPK,holdout,0.3875843012799342,2.1006357102556468,2.1590147,0.027791066,831.0627837376084,830.55615234375,-0.0006096186759559131
12RR065,Trent 1000-G2,APPROACH,FT-SPK,holdout,0.3875947098921645,2.1005182771337045,2.1586397,0.027670031,830.9848675167716,830.5052490234375,-0.0005771687452833441
12RR065,Trent 1000-G2,APPROACH,ATJ-SPK,holdout,0.3879935469309111,2.0947462426737418,2.1491296,0.025961826,829.5364294633378,829.1717529296875,-0.0004396148507741591
12RR065,Trent 1000-G2,IDLE,Jet-A1,holdout,0.2724846793577334,2.2883687656091567,2.2539685,-0.015032679,877.3504857560933,878.048583984375,0.0007956891112678144
12RR065,Trent 1000-G2,IDLE,HEFA-SPK,holdout,0.2725439717940591,2.2876173443785524,2.2533991,-0.0149580445,877.0788048740363,877.7921752929688,0.0008133481449649964
12RR065,Trent 1000-G2,IDLE,FT-SPK,holdout,0.2725533651186901,2.287527865231547,2.2532396,-0.014989162,876.9982620335957,877.7334594726562,0.0008383111699170289
12RR065,Trent 1000-G2,IDLE,ATJ-SPK,holdout,0.272891530562778,2.2832175497229734,2.250049,-0.01452706,875.4891710539389,876.2916259765625,0.0009165789242802309
12RR066,Trent 1000-H2,TAKE-OFF,Jet-A1,train,0.3735171459956609,3.4914478868011622,3.635657,0.041303605,1171.8727899722244,1169.07080078125,-0.002391035285528555
12RR066,Trent 1000-H2,TAKE-OFF,HEFA-SPK,train,0.373584258403874,3.489679728396197,3.6324573,0.040914215,1171.4601304699838,1168.712890625,-0.002345141566091238
12RR066,Trent 1000-H2,TAKE-OFF,FT-SPK,train,0.3735887713041017,3.489549771963587,3.6316395,0.04071863,1171.3133362065817,1168.62890625,-0.002291811997356279
12RR066,Trent 1000-H2,TAKE-OFF,ATJ-SPK,train,0.3739777337102742,3.4793324481536145,3.613763,0.0386369,1169.0459532885911,1166.616943359375,-0.002077771128143591
12RR066,Trent 1000-H2,APPROACH,Jet-A1,train,0.379948374051468,2.0199002777372486,2.1265695,0.05280915,829.4589774027687,828.623779296875,-0.0010069191227622995
12RR066,Trent 1000-H2,APPROACH,HEFA-SPK,train,0.3800188716359183,2.018939913746463,2.1250567,0.05256069,829.195388428275,828.3836669921875,-0.0009789266165916733
12RR066,Trent 1000-H2,APPROACH,FT-SPK,train,0.380029484743919,2.0188271368580994,2.124714,0.05244962,829.1170626804551,828.3316040039062,-0.0009473435198758669
12RR066,Trent 1000-H2,APPROACH,ATJ-SPK,train,0.3804320323553403,2.0133199139108497,2.11618,0.051089823,827.6531055403352,826.9783935546875,-0.0008152110843675638
12RR066,Trent 1000-H2,IDLE,Jet-A1,train,0.2641188502054249,2.195657967491484,2.1202557,-0.0343415,876.2498143932472,877.4680786132812,0.0013903160948200688
12RR066,Trent 1000-H2,IDLE,HEFA-SPK,train,0.2641776709418366,2.1949534627429936,2.119747,-0.034263328,875.9762082851939,877.2090454101562,0.0014073865400702045
12RR066,Trent 1000-H2,IDLE,FT-SPK,train,0.264187015938279,2.194869554735571,2.1196055,-0.034290835,875.8955072536999,877.1498413085938,0.0014320590121837163
12RR066,Trent 1000-H2,IDLE,ATJ-SPK,train,0.264522475946349,2.190828166130801,2.116767,-0.03380507,874.3753071138417,875.6942138671875,0.0015083989021822655
12RR067,Trent 1000-J2,TAKE-OFF,Jet-A1,train,0.3840313939485168,3.808349721786115,3.765228,-0.0113229,1175.834625899132,1173.99169921875,-0.0015673349294105584
12RR067,Trent 1000-J2,TAKE-OFF,HEFA-SPK,train,0.384096654285195,3.8064248112119343,3.7614179,-0.011823923,1175.431208509814,1173.644287109375,-0.0015202262688808997
12RR067,Trent 1000-J2,TAKE-OFF,FT-SPK,train,0.3841004121407581,3.806292995365484,3.7604597,-0.01204149,1175.2865773598817,1173.564208984375,-0.0014654879998508429
12RR067,Trent 1000-J2,TAKE-OFF,ATJ-SPK,train,0.3844792523168614,3.7951608411031477,3.7391293,-0.014763949,1173.0710983807126,1171.6141357421875,-0.0012420071047153257
12RR067,Trent 1000-J2,APPROACH,Jet-A1,train,0.3928066260278556,2.1601474452163245,2.17314,0.006014636,832.6827713404816,832.4159545898438,-0.00032043025245777736
12RR067,Trent 1000-J2,APPROACH,HEFA-SPK,train,0.3928759462063343,2.1591083281325703,2.1713195,0.005655619,832.4238527356977,832.1818237304688,-0.00029075212637588987
12RR067,Trent 1000-J2,APPROACH,FT-SPK,train,0.392886197008546,2.1589877284151355,2.170916,0.0055250144,832.3462465240468,832.13134765625,-0.0002581844619282615
12RR067,Trent 1000-J2,APPROACH,ATJ-SPK,train,0.3932821828008759,2.1530279186988905,2.160664,0.0035466766,830.9089043547707,830.8121948242188,-0.00011639005196008356
12RR067,Trent 1000-J2,IDLE,Jet-A1,train,0.2783799118713964,2.3551309010460497,2.3509388,-0.0017799567,878.1616757150989,878.5146484375,0.00040194503149281797
12RR067,Trent 1000-J2,IDLE,HEFA-SPK,train,0.2784394811564864,2.3543455167048264,2.35032,-0.0017098038,877.8914010551457,878.259765625,0.00041960152407410814
12RR067,Trent 1000-J2,IDLE,FT-SPK,train,0.2784488968281581,2.354252027924012,2.3501492,-0.0017427244,877.8109820792021,878.201416015625,0.0004447813303704027
12RR067,Trent 1000-J2,IDLE,ATJ-SPK,train,0.2787886546872371,2.3497470228380117,2.346686,-0.0013027333,876.3099971216827,876.7698974609375,0.0005248146669162237
12RR068,Trent 1000-K2,TAKE-OFF,Jet-A1,train,0.3840313939485168,3.808349721786115,3.765228,-0.0113229,1175.834625899132,1173.99169921875,-0.0015673349294105584
12RR068,Trent 1000-K2,TAKE-OFF,HEFA-SPK,train,0.384096654285195,3.8064248112119343,3.7614179,-0.011823923,1175.431208509814,1173.644287109375,-0.0015202262688808997
12RR068,Trent 1000-K2,TAKE-OFF,FT-SPK,train,0.3841004121407581,3.806292995365484,3.7604597,-0.01204149,1175.2865773598817,1173.564208984375,-0.0014654879998508429
12RR068,Trent 1000-K2,TAKE-OFF,ATJ-SPK,train,0.3844792523168614,3.7951608411031477,3.7391293,-0.014763949,1173.0710983807126,1171.6141357421875,-0.0012420071047153257
12RR068,Trent 1000-K2,APPROACH,Jet-A1,train,0.3928066260278556,2.1601474452163245,2.17314,0.006014636,832.6827713404816,832.4159545898438,-0.00032043025245777736
12RR068,Trent 1000-K2,APPROACH,HEFA-SPK,train,0.3928759462063343,2.1591083281325703,2.1713195,0.005655619,832.4238527356977,832.1818237304688,-0.00029075212637588987
12RR068,Trent 1000-K2,APPROACH,FT-SPK,train,0.392886197008546,2.1589877284151355,2.170916,0.0055250144,832.3462465240468,832.13134765625,-0.0002581844619282615
12RR068,Trent 1000-K2,APPROACH,ATJ-SPK,train,0.3932821828008759,2.1530279186988905,2.160664,0.0035466766,830.9089043547707,830.8121948242188,-0.00011639005196008356
12RR068,Trent 1000-K2,IDLE,Jet-A1,train,0.2783799118713964,2.3551309010460497,2.3509388,-0.0017799567,878.1616757150989,878.5146484375,0.00040194503149281797
12RR068,Trent 1000-K2,IDLE,HEFA-SPK,train,0.2784394811564864,2.3543455167048264,2.35032,-0.0017098038,877.8914010551457,878.259765625,0.00041960152407410814
12RR068,Trent 1000-K2,IDLE,FT-SPK,train,0.2784488968281581,2.354252027924012,2.3501492,-0.0017427244,877.8109820792021,878.201416015625,0.0004447813303704027
12RR068,Trent 1000-K2,IDLE,ATJ-SPK,train,0.2787886546872371,2.3497470228380117,2.346686,-0.0013027333,876.3099971216827,876.7698974609375,0.0005248146669162237
12RR069,Trent 1000-L2,TAKE-OFF,Jet-A1,holdout,0.3814406659724961,3.728515698343226,3.7414963,0.0034814458,1174.8379377681215,1172.73486328125,-0.0017900975268697673
12RR069,Trent 1000-L2,TAKE-OFF,HEFA-SPK,holdout,0.3815064006995871,3.7266297223702067,3.7378511,0.0030111826,1174.432207593106,1172.3848876953125,-0.0017432422957723655
12RR069,Trent 1000-L2,TAKE-OFF,FT-SPK,holdout,0.3815103531265358,3.726498040349913,3.7369244,0.002797868,1174.287015098766,1172.3037109375,-0.0016889432785724835
12RR069,Trent 1000-L2,TAKE-OFF,ATJ-SPK,holdout,0.3818917844901659,3.715593437889119,3.716499,0.0002437363,1172.0585675461807,1170.3377685546875,-0.0014681851565625022
12RR069,Trent 1000-L2,APPROACH,Jet-A1,holdout,0.3896480786787257,2.1250961996455926,2.1669703,0.019704476,831.866068420405,831.4365234375,-0.0005163631493235809
12RR069,Trent 1000-L2,APPROACH,HEFA-SPK,holdout,0.3897177088461701,2.1240766158172466,2.1652324,0.019375846,831.605982225411,831.200927734375,-0.0004870750087103556
12RR069,Trent 1000-L2,APPROACH,FT-SPK,holdout,0.3897280553193327,2.1239578957262037,2.1648433,0.01924966,831.5281885774972,831.1498413085938,-0.00045500233678269145
12RR069,Trent 1000-L2,APPROACH,ATJ-SPK,holdout,0.3901257679338807,2.1181103987941023,2.1550403,0.017435277,830.0842002312062,829.8223266601562,-0.0003154783225328126
12RR069,Trent 1000-L2,IDLE,Jet-A1,holdout,0.2748572013583529,2.3150941114451737,2.2927346,-0.009658085,877.6733269646197,878.2303466796875,0.0006346549427384338
12RR069,Trent 1000-L2,IDLE,HEFA-SPK,holdout,0.2749166107154008,2.31432911042592,2.2921433,-0.009586269,877.4022071374487,877.974609375,0.0006523829469483019
12RR069,Trent 1000-L2,IDLE,FT-SPK,holdout,0.2749260142112881,2.3142380254380814,2.2919793,-0.009618109,877.3217128761939,877.916015625,0.0006774057225344482
12RR069,Trent 1000-L2,IDLE,ATJ-SPK,holdout,0.2752648516171465,2.309849866714299,2.2886817,-0.009164286,875.8158568716494,876.478271484375,0.0007563400542799793
19RR085,Trent 1000-AE3,TAKE-OFF,Jet-A1,train,0.3799657924470327,3.683581493192981,3.7253926,0.011350621,1174.2765046498153,1172.0321044921875,-0.0019113046618411745
19RR085,Trent 1000-AE3,TAKE-OFF,HEFA-SPK,train,0.3800317919351221,3.6817176010018047,3.7218335,0.010895984,1173.8694685686885,1171.6807861328125,-0.001864502395266037
19RR085,Trent 1000-AE3,TAKE-OFF,FT-SPK,train,0.3800358526026893,3.6815860960132367,3.7209296,0.010686545,1173.7239649910543,1171.5989990234375,-0.001810447797777598
19RR085,Trent 1000-AE3,TAKE-OFF,ATJ-SPK,train,0.3804187305736288,3.6708104621345776,3.700999,0.008224002,1171.4881889149365,1169.6248779296875,-0.0015905503810284426
19RR085,Trent 1000-AE3,APPROACH,Jet-A1,train,0.3878470426932244,2.105286258181136,2.1617842,0.026836166,831.4077125041716,830.8922119140625,-0.0006200334473160671
19RR085,Trent 1000-AE3,APPROACH,HEFA-SPK,train,0.3879168436051317,2.1042777598464752,2.1600912,0.026523797,831.1469664648378,830.65576171875,-0.000590996256867817
19RR085,Trent 1000-AE3,APPROACH,FT-SPK,train,0.3879272426624064,2.104160125272079,2.1597145,0.026402086,831.0690691394453,830.6046752929688,-0.0005587909160876996
19RR085,Trent 1000-AE3,APPROACH,ATJ-SPK,train,0.3883259066730511,2.098376350298356,2.1501582,0.024677115,829.6213225681186,829.2720947265625,-0.0004209484882512567
19RR085,Trent 1000-AE3,IDLE,Jet-A1,train,0.272854112708692,2.292517636947431,2.2599812,-0.014192434,877.4004397703466,878.076416015625,0.000770430711723106
19RR085,Trent 1000-AE3,IDLE,HEFA-SPK,train,0.2729134238393011,2.291764109052564,2.259407,-0.014118832,877.1288458183357,877.8201293945312,0.0007881209009272065
19RR085,Trent 1000-AE3,IDLE,FT-SPK,train,0.2729228188514299,2.291674380574643,2.2592494,-0.014149044,877.0483104312125,877.76123046875,0.0008128629051083837
19RR085,Trent 1000-AE3,IDLE,ATJ-SPK,train,0.273261091688223,2.2873519891987213,2.2560413,-0.013688658,875.5397207510484,876.3202514648438,0.0008914852122594352
19RR086,Trent 1000-CE3,TAKE-OFF,Jet-A1,train,0.383649957939489,3.796523076043778,3.7621183,-0.009062157,1175.687044601139,1173.8045654296875,-0.0016011736967724232
19RR086,Trent 1000-CE3,TAKE-OFF,HEFA-SPK,train,0.3837152888690136,3.7946039086025958,3.7583325,-0.009558721,1175.2832851605622,1173.457275390625,-0.001553676286383764
19RR086,Trent 1000-CE3,TAKE-OFF,FT-SPK,train,0.3837190757296785,3.794472097763115,3.757381,-0.009775075,1175.1385701537492,1173.376708984375,-0.0014992795012623314
19RR086,Trent 1000-CE3,TAKE-OFF,ATJ-SPK,train,0.3840983014375673,3.783373522456123,3.7361841,-0.012472831,1172.9211739796283,1171.4241943359375,-0.001276283246393839
19RR086,Trent 1000-CE3,APPROACH,Jet-A1,train,0.3923420029015853,2.154966516252644,2.1724782,0.008126213,832.5615976033479,832.2699584960938,-0.00035029132750496035
19RR086,Trent 1000-CE3,APPROACH,HEFA-SPK,train,0.3924113695190881,2.1539302796979753,2.1706722,0.0077727097,832.3025064151797,832.0355834960938,-0.00032070421154392663
19RR086,Trent 1000-CE3,APPROACH,FT-SPK,train,0.3924216346721651,2.153809954426346,2.170274,0.0076441574,832.2248721763124,831.985107421875,-0.0002881009237447763
19RR086,Trent 1000-CE3,APPROACH,ATJ-SPK,train,0.3928178791195689,2.147866709846867,2.1600792,0.0056858743,830.7865479470953,830.6644897460938,-0.00014691884612619318
19RR086,Trent 1000-CE3,IDLE,Jet-A1,train,0.2778609446179343,2.349205941678,2.3423173,-0.0029323073,878.0890487719072,878.4716186523438,0.0004356846050769271
19RR086,Trent 1000-CE3,IDLE,HEFA-SPK,train,0.2779204913672822,2.348423576594823,2.3417022,-0.0028620928,877.8186486962194,878.2168579101562,0.00045363494444815734
19RR086,Trent 1000-CE3,IDLE,FT-SPK,train,0.2779299054660425,2.34833044338066,2.3415322,-0.0028948758,877.7382183886307,878.1582641601562,0.0004785547247751085
19RR086,Trent 1000-CE3,IDLE,ATJ-SPK,train,0.2782695335117124,2.3438427464906257,2.338094,-0.002452703,876.2365107700472,876.7258911132812,0.0005585025700469857
19RR087,Trent 1000-D3,TAKE-OFF,Jet-A1,holdout,0.383649957939489,3.796523076043778,3.7621183,-0.009062157,1175.687044601139,1173.8045654296875,-0.0016011736967724232
19RR087,Trent 1000-D3,TAKE-OFF,HEFA-SPK,holdout,0.3837152888690136,3.7946039086025958,3.7583325,-0.009558721,1175.2832851605622,1173.457275390625,-0.001553676286383764
19RR087,Trent 1000-D3,TAKE-OFF,FT-SPK,holdout,0.3837190757296785,3.794472097763115,3.757381,-0.009775075,1175.1385701537492,1173.376708984375,-0.0014992795012623314
19RR087,Trent 1000-D3,TAKE-OFF,ATJ-SPK,holdout,0.3840983014375673,3.783373522456123,3.7361841,-0.012472831,1172.9211739796283,1171.4241943359375,-0.001276283246393839
19RR087,Trent 1000-D3,APPROACH,Jet-A1,holdout,0.3923420029015853,2.154966516252644,2.1724782,0.008126213,832.5615976033479,832.2699584960938,-0.00035029132750496035
19RR087,Trent 1000-D3,APPROACH,HEFA-SPK,holdout,0.3924113695190881,2.1539302796979753,2.1706722,0.0077727097,832.3025064151797,832.0355834960938,-0.00032070421154392663
19RR087,Trent 1000-D3,APPROACH,FT-SPK,holdout,0.3924216346721651,2.153809954426346,2.170274,0.0076441574,832.2248721763124,831.985107421875,-0.0002881009237447763
19RR087,Trent 1000-D3,APPROACH,ATJ-SPK,holdout,0.3928178791195689,2.147866709846867,2.1600792,0.0056858743,830.7865479470953,830.6644897460938,-0.00014691884612619318
19RR087,Trent 1000-D3,IDLE,Jet-A1,holdout,0.2778609446179343,2.349205941678,2.3423173,-0.0029323073,878.0890487719072,878.4716186523438,0.0004356846050769271
19RR087,Trent 1000-D3,IDLE,HEFA-SPK,holdout,0.2779204913672822,2.348423576594823,2.3417022,-0.0028620928,877.8186486962194,878.2168579101562,0.00045363494444815734
19RR087,Trent 1000-D3,IDLE,FT-SPK,holdout,0.2779299054660425,2.34833044338066,2.3415322,-0.0028948758,877.7382183886307,878.1582641601562,0.0004785547247751085
19RR087,Trent 1000-D3,IDLE,ATJ-SPK,holdout,0.2782695335117124,2.3438427464906257,2.338094,-0.002452703,876.2365107700472,876.7258911132812,0.0005585025700469857
19RR088,Trent 1000-G3,TAKE-OFF,Jet-A1,train,0.3819679841405944,3.744671606504483,3.7468078,0.0005704773,1175.0397217188847,1172.9881591796875,-0.0017459516485077893
19RR088,Trent 1000-G3,TAKE-OFF,HEFA-SPK,train,0.3820336232749079,3.7427777199488186,3.7431343,9.526681e-05,1174.6344603182451,1172.6387939453125,-0.0016989680111989547
19RR088,Trent 1000-G3,TAKE-OFF,FT-SPK,train,0.3820375365592571,3.742645992030275,3.7421944,-0.000120653276,1174.48938052902,1172.557861328125,-0.0016445608048197729
19RR088,Trent 1000-G3,TAKE-OFF,ATJ-SPK,train,0.382418445699847,3.7316951747413096,3.721594,-0.0027068795,1172.2635626254644,1170.59521484375,-0.001423184883421483
19RR088,Trent 1000-G3,APPROACH,Jet-A1,train,0.3902915023532344,2.1322043518175477,2.1685343,0.01703863,832.0311028108846,831.6334228515625,-0.00047796285256475617
19RR088,Trent 1000-G3,APPROACH,HEFA-SPK,train,0.3903610704606179,2.131180798288385,2.1667833,0.0167056,831.7712533903097,831.398193359375,-0.00044851277248889715
19RR088,Trent 1000-G3,APPROACH,FT-SPK,train,0.3903713978026839,2.131061692726215,2.166394,0.016579617,831.6934973401274,831.3472900390625,-0.0004162678945694184
19RR088,Trent 1000-G3,APPROACH,ATJ-SPK,train,0.3907687646587585,2.125191373999649,2.156501,0.014732644,830.2508571779318,830.0213012695312,-0.0002764898180061597
19RR088,Trent 1000-G3,IDLE,Jet-A1,train,0.2755738003368264,2.3232040660849567,2.3045113,-0.008046067,877.7717912334625,878.2868041992188,0.0005867276334233991
19RR088,Trent 1000-G3,IDLE,HEFA-SPK,train,0.2756332435502984,2.322434939828063,2.3039162,-0.007973851,877.5008421600179,878.0311889648438,0.0006043832431207417
19RR088,Trent 1000-G3,IDLE,FT-SPK,train,0.2756426498068461,2.322343367736727,2.3037522,-0.008005383,877.4203629073002,877.9725952148438,0.000629381686235078
19RR088,Trent 1000-G3,IDLE,ATJ-SPK,train,0.2759816819274058,2.31793156184527,2.3004205,-0.0075545534,875.9154912424787,876.5360717773438,0.0007084936173292359
19RR089,Trent 1000-H3,TAKE-OFF,Jet-A1,train,0.3758913393867119,3.561370053156822,3.6720812,0.031086702,1172.748083499403,1170.1407470703125,-0.0022232706800171587
19RR089,Trent 1000-H3,TAKE-OFF,HEFA-SPK,train,0.3759580504729312,3.559566816945726,3.6687574,0.030675257,1172.3374784713856,1169.784912109375,-0.0021773306824062854
19RR089,Trent 1000-H3,TAKE-OFF,FT-SPK,train,0.3759624008075777,3.5594361518734514,3.6679103,0.030475069,1172.1911465207886,1169.7017822265625,-0.0021236846069131766
19RR089,Trent 1000-H3,TAKE-OFF,ATJ-SPK,train,0.3763491684677185,3.5490143971580825,3.649305,0.028258726,1169.9353202049233,1167.7034912109375,-0.001907651607265672
19RR089,Trent 1000-H3,APPROACH,Jet-A1,train,0.3828608630419069,2.0511039430502223,2.1417487,0.044193123,830.1660395192281,829.4382934570312,-0.0008766271174117177
19RR089,Trent 1000-H3,APPROACH,HEFA-SPK,train,0.3829311136840683,2.050125924863452,2.1401672,0.04391994,829.9034891606723,829.1994018554688,-0.0008483966080388603
19RR089,Trent 1000-H3,APPROACH,FT-SPK,train,0.3829416509729894,2.0500113403791214,2.1398153,0.043806538,829.8253165210735,829.147705078125,-0.0008165711860772544
19RR089,Trent 1000-H3,APPROACH,ATJ-SPK,train,0.3833428217072421,2.044402710805484,2.1309185,0.042318366,828.3672850333576,827.8021240234375,-0.0006822589690964397
19RR089,Trent 1000-H3,IDLE,Jet-A1,train,0.2673302747619199,2.2309669205159217,2.1710234,-0.026868816,876.6655010258878,877.68017578125,0.0011574252142633708
19RR089,Trent 1000-H3,IDLE,HEFA-SPK,train,0.2673892875436494,2.2302445855534283,2.1704907,-0.026792465,876.3926241074178,877.4222412109375,0.0011748354278635989
19RR089,Trent 1000-H3,IDLE,FT-SPK,train,0.2673986533703824,2.230158556349631,2.1703417,-0.026821803,876.3119814349775,877.3629760742188,0.001199338433693705
19RR089,Trent 1000-H3,IDLE,ATJ-SPK,train,0.2677352139954448,2.226014965995632,2.1673722,-0.026344232,874.795990498926,875.9126586914062,0.00127648983832603
19RR090,Trent 1000-J3,TAKE-OFF,Jet-A1,train,0.3861474952643394,3.8744181936160103,3.7799265,-0.024388582,1176.658606626066,1175.0400390625,-0.0013755625926258764
19RR090,Trent 1000-J3,TAKE-OFF,HEFA-SPK,train,0.3862123592307077,3.87246136368581,3.7759974,-0.024910191,1176.2570968369716,1174.695556640625,-0.0013275500743381015
19RR090,Trent 1000-J3,TAKE-OFF,FT-SPK,train,0.3862159539056602,3.872329616368894,3.7749987,-0.025134983,1176.1129386168573,1174.61572265625,-0.0012730205675383801
19RR090,Trent 1000-J3,TAKE-OFF,ATJ-SPK,train,0.3865926298544552,3.8610107314782702,3.7529094,-0.027998175,1173.9081461384017,1172.678466796875,-0.0010475089942698847
19RR090,Trent 1000-J3,APPROACH,Jet-A1,train,0.3953815947439091,2.189017114022152,2.175177,-0.006322472,833.3608727680952,833.2383422851562,-0.00014703172052215954
19RR090,Trent 1000-J3,APPROACH,HEFA-SPK,train,0.3954506523280596,2.1879619895534734,2.1732965,-0.0067027984,833.1029158337125,833.005615234375,-0.00011679301258968817
19RR090,Trent 1000-J3,APPROACH,FT-SPK,train,0.3954608218455286,2.187839882693018,2.1728787,-0.0068382947,833.0254678555261,832.9553833007812,-8.413254750217996e-05
19RR090,Trent 1000-J3,APPROACH,ATJ-SPK,train,0.3958553452989641,2.1817880019030773,2.162245,-0.008957318,831.5935958717952,831.64306640625,5.948883529215306e-05
19RR090,Trent 1000-J3,IDLE,Jet-A1,train,0.2812608407928962,2.388190383134485,2.3990896,0.004563864,878.5692005301552,878.7600708007812,0.00021725126547903276
19RR090,Trent 1000-J3,IDLE,HEFA-SPK,train,0.2813205287572152,2.3873881356178077,2.3984442,0.0046310415,878.2996277372552,878.5064697265625,0.00023550276326568908
19RR090,Trent 1000-J3,IDLE,FT-SPK,train,0.2813299517621601,2.387292664631462,2.398269,0.0045977817,878.2192732016495,878.4480590820312,0.00026051111307057444
19RR090,Trent 1000-J3,IDLE,ATJ-SPK,train,0.2816703939786098,2.382690988546959,2.3946643,0.0050251745,876.7223314778753,877.0216064453125,0.0003413566150787228
19RR091,Trent 1000-K3,TAKE-OFF,Jet-A1,train,0.3861474952643394,3.8744181936160103,3.7799265,-0.024388582,1176.658606626066,1175.0400390625,-0.0013755625926258764
19RR091,Trent 1000-K3,TAKE-OFF,HEFA-SPK,train,0.3862123592307077,3.87246136368581,3.7759974,-0.024910191,1176.2570968369716,1174.695556640625,-0.0013275500743381015
19RR091,Trent 1000-K3,TAKE-OFF,FT-SPK,train,0.3862159539056602,3.872329616368894,3.7749987,-0.025134983,1176.1129386168573,1174.61572265625,-0.0012730205675383801
19RR091,Trent 1000-K3,TAKE-OFF,ATJ-SPK,train,0.3865926298544552,3.8610107314782702,3.7529094,-0.027998175,1173.9081461384017,1172.678466796875,-0.0010475089942698847
19RR091,Trent 1000-K3,APPROACH,Jet-A1,train,0.3953815947439091,2.189017114022152,2.175177,-0.006322472,833.3608727680952,833.2383422851562,-0.00014703172052215954
19RR091,Trent 1000-K3,APPROACH,HEFA-SPK,train,0.3954506523280596,2.1879619895534734,2.1732965,-0.0067027984,833.1029158337125,833.005615234375,-0.00011679301258968817
19RR091,Trent 1000-K3,APPROACH,FT-SPK,train,0.3954608218455286,2.187839882693018,2.1728787,-0.0068382947,833.0254678555261,832.9553833007812,-8.413254750217996e-05
19RR091,Trent 1000-K3,APPROACH,ATJ-SPK,train,0.3958553452989641,2.1817880019030773,2.162245,-0.008957318,831.5935958717952,831.64306640625,5.948883529215306e-05
19RR091,Trent 1000-K3,IDLE,Jet-A1,train,0.2812608407928962,2.388190383134485,2.3990896,0.004563864,878.5692005301552,878.7600708007812,0.00021725126547903276
19RR091,Trent 1000-K3,IDLE,HEFA-SPK,train,0.2813205287572152,2.3873881356178077,2.3984442,0.0046310415,878.2996277372552,878.5064697265625,0.00023550276326568908
19RR091,Trent 1000-K3,IDLE,FT-SPK,train,0.2813299517621601,2.387292664631462,2.398269,0.0045977817,878.2192732016495,878.4480590820312,0.00026051111307057444
19RR091,Trent 1000-K3,IDLE,ATJ-SPK,train,0.2816703939786098,2.382690988546959,2.3946643,0.0050251745,876.7223314778753,877.0216064453125,0.0003413566150787228
19RR092,Trent 1000-L3,TAKE-OFF,Jet-A1,train,0.383649957939489,3.796523076043778,3.7621183,-0.009062157,1175.687044601139,1173.8045654296875,-0.0016011736967724232
19RR092,Trent 1000-L3,TAKE-OFF,HEFA-SPK,train,0.3837152888690136,3.7946039086025958,3.7583325,-0.009558721,1175.2832851605622,1173.457275390625,-0.001553676286383764
19RR092,Trent 1000-L3,TAKE-OFF,FT-SPK,train,0.3837190757296785,3.794472097763115,3.757381,-0.009775075,1175.1385701537492,1173.376708984375,-0.0014992795012623314
19RR092,Trent 1000-L3,TAKE-OFF,ATJ-SPK,train,0.3840983014375673,3.783373522456123,3.7361841,-0.012472831,1172.9211739796283,1171.4241943359375,-0.001276283246393839
19RR092,Trent 1000-L3,APPROACH,Jet-A1,train,0.3923420029015853,2.154966516252644,2.1724782,0.008126213,832.5615976033479,832.2699584960938,-0.00035029132750496035
19RR092,Trent 1000-L3,APPROACH,HEFA-SPK,train,0.3924113695190881,2.1539302796979753,2.1706722,0.0077727097,832.3025064151797,832.0355834960938,-0.00032070421154392663
19RR092,Trent 1000-L3,APPROACH,FT-SPK,train,0.3924216346721651,2.153809954426346,2.170274,0.0076441574,832.2248721763124,831.985107421875,-0.0002881009237447763
19RR092,Trent 1000-L3,APPROACH,ATJ-SPK,train,0.3928178791195689,2.147866709846867,2.1600792,0.0056858743,830.7865479470953,830.6644897460938,-0.00014691884612619318
19RR092,Trent 1000-L3,IDLE,Jet-A1,train,0.2778609446179343,2.349205941678,2.3423173,-0.0029323073,878.0890487719072,878.4716186523438,0.0004356846050769271
19RR092,Trent 1000-L3,IDLE,HEFA-SPK,train,0.2779204913672822,2.348423576594823,2.3417022,-0.0028620928,877.8186486962194,878.2168579101562,0.00045363494444815734
19RR092,Trent 1000-L3,IDLE,FT-SPK,train,0.2779299054660425,2.34833044338066,2.3415322,-0.0028948758,877.7382183886307,878.1582641601562,0.0004785547247751085
19RR092,Trent 1000-L3,IDLE,ATJ-SPK,train,0.2782695335117124,2.3438427464906257,2.338094,-0.002452703,876.2365107700472,876.7258911132812,0.0005585025700469857
19RR093,Trent 1000-M3,TAKE-OFF,Jet-A1,train,0.3872377890874699,3.908762906087017,3.7857397,-0.031473674,1177.0866110669845,1175.588134765625,-0.0012730382686123225
19RR093,Trent 1000-M3,TAKE-OFF,HEFA-SPK,train,0.387302445684116,3.906789594426036,3.781731,-0.03201062,1176.686090870414,1175.2445068359375,-0.001225122014835943
19RR093,Trent 1000-M3,TAKE-OFF,FT-SPK,train,0.3873059547693425,3.906657948385965,3.7807302,-0.032234076,1176.5421814969675,1175.1654052734375,-0.0011701885790259153
19RR093,Trent 1000-M3,TAKE-OFF,ATJ-SPK,train,0.3876814987274419,3.8952425795097505,3.7582417,-0.03517135,1174.3429292827354,1173.2347412109375,-0.0009436664914181404
19RR093,Trent 1000-M3,APPROACH,Jet-A1,train,0.3967065549598836,2.2039760753151225,2.1751082,-0.013098132,833.7141505661788,833.670166015625,-5.275735157416144e-05
19RR093,Trent 1000-M3,APPROACH,HEFA-SPK,train,0.3967754739867378,2.2029126863591864,2.1731842,-0.01349513,833.4566919022789,833.4378662109375,-2.2587485977699423e-05
19RR093,Trent 1000-M3,APPROACH,FT-SPK,train,0.3967856005150432,2.202789813670296,2.1727643,-0.013630726,833.3793272903922,833.3878173828125,1.0187548625537282e-05
19RR093,Trent 1000-M3,APPROACH,ATJ-SPK,train,0.3971793525437571,2.196690385768827,2.1619227,-0.01582729,831.9502881957059,832.0792236328125,0.00015497973729447566
19RR093,Trent 1000-M3,IDLE,Jet-A1,train,0.2827463565033402,2.4053488916414674,2.424105,0.0077976603,878.7822488011875,878.8914794921875,0.0001242977895252244
19RR093,Trent 1000-M3,IDLE,HEFA-SPK,train,0.2828061014164094,2.404537881577268,2.423447,0.007863907,878.513041643055,878.63818359375,0.0001424474592442876
19RR093,Trent 1000-M3,IDLE,FT-SPK,train,0.2828155272720409,2.4044413830397184,2.4232686,0.007830106,878.4327213675988,878.5800170898438,0.00016768014062094942
19RR093,Trent 1000-M3,IDLE,ATJ-SPK,train,0.2831562983987366,2.3997894725308253,2.4195871,0.008249681,876.9378852580587,877.1561279296875,0.00024886901945690666
19RR094,Trent 1000-N3,TAKE-OFF,Jet-A1,train,0.3872377890874699,3.908762906087017,3.7857397,-0.031473674,1177.0866110669845,1175.588134765625,-0.0012730382686123225
19RR094,Trent 1000-N3,TAKE-OFF,HEFA-SPK,train,0.387302445684116,3.906789594426036,3.781731,-0.03201062,1176.686090870414,1175.2445068359375,-0.001225122014835943
19RR094,Trent 1000-N3,TAKE-OFF,FT-SPK,train,0.3873059547693425,3.906657948385965,3.7807302,-0.032234076,1176.5421814969675,1175.1654052734375,-0.0011701885790259153
19RR094,Trent 1000-N3,TAKE-OFF,ATJ-SPK,train,0.3876814987274419,3.8952425795097505,3.7582417,-0.03517135,1174.3429292827354,1173.2347412109375,-0.0009436664914181404
19RR094,Trent 1000-N3,APPROACH,Jet-A1,train,0.3967065549598836,2.2039760753151225,2.1751082,-0.013098132,833.7141505661788,833.670166015625,-5.275735157416144e-05
19RR094,Trent 1000-N3,APPROACH,HEFA-SPK,train,0.3967754739867378,2.2029126863591864,2.1731842,-0.01349513,833.4566919022789,833.4378662109375,-2.2587485977699423e-05
19RR094,Trent 1000-N3,APPROACH,FT-SPK,train,0.3967856005150432,2.202789813670296,2.1727643,-0.013630726,833.3793272903922,833.3878173828125,1.0187548625537282e-05
19RR094,Trent 1000-N3,APPROACH,ATJ-SPK,train,0.3971793525437571,2.196690385768827,2.1619227,-0.01582729,831.9502881957059,832.0792236328125,0.00015497973729447566
19RR094,Trent 1000-N3,IDLE,Jet-A1,train,0.2827463565033402,2.4053488916414674,2.424105,0.0077976603,878.7822488011875,878.8914794921875,0.0001242977895252244
19RR094,Trent 1000-N3,IDLE,HEFA-SPK,train,0.2828061014164094,2.404537881577268,2.423447,0.007863907,878.513041643055,878.63818359375,0.0001424474592442876
19RR094,Trent 1000-N3,IDLE,FT-SPK,train,0.2828155272720409,2.4044413830397184,2.4232686,0.007830106,878.4327213675988,878.5800170898438,0.00016768014062094942
19RR094,Trent 1000-N3,IDLE,ATJ-SPK,train,0.2831562983987366,2.3997894725308253,2.4195871,0.008249681,876.9378852580587,877.1561279296875,0.00024886901945690666
19RR095,Trent 1000-P3,TAKE-OFF,Jet-A1,holdout,0.383649957939489,3.796523076043778,3.7621183,-0.009062157,1175.687044601139,1173.8045654296875,-0.0016011736967724232
19RR095,Trent 1000-P3,TAKE-OFF,HEFA-SPK,holdout,0.3837152888690136,3.7946039086025958,3.7583325,-0.009558721,1175.2832851605622,1173.457275390625,-0.001553676286383764
19RR095,Trent 1000-P3,TAKE-OFF,FT-SPK,holdout,0.3837190757296785,3.794472097763115,3.757381,-0.009775075,1175.1385701537492,1173.376708984375,-0.0014992795012623314
19RR095,Trent 1000-P3,TAKE-OFF,ATJ-SPK,holdout,0.3840983014375673,3.783373522456123,3.7361841,-0.012472831,1172.9211739796283,1171.4241943359375,-0.001276283246393839
19RR095,Trent 1000-P3,APPROACH,Jet-A1,holdout,0.3923420029015853,2.154966516252644,2.1724782,0.008126213,832.5615976033479,832.2699584960938,-0.00035029132750496035
19RR095,Trent 1000-P3,APPROACH,HEFA-SPK,holdout,0.3924113695190881,2.1539302796979753,2.1706722,0.0077727097,832.3025064151797,832.0355834960938,-0.00032070421154392663
19RR095,Trent 1000-P3,APPROACH,FT-SPK,holdout,0.3924216346721651,2.153809954426346,2.170274,0.0076441574,832.2248721763124,831.985107421875,-0.0002881009237447763
19RR095,Trent 1000-P3,APPROACH,ATJ-SPK,holdout,0.3928178791195689,2.147866709846867,2.1600792,0.0056858743,830.7865479470953,830.6644897460938,-0.00014691884612619318
19RR095,Trent 1000-P3,IDLE,Jet-A1,holdout,0.2778609446179343,2.349205941678,2.3423173,-0.0029323073,878.0890487719072,878.4716186523438,0.0004356846050769271
19RR095,Trent 1000-P3,IDLE,HEFA-SPK,holdout,0.2779204913672822,2.348423576594823,2.3417022,-0.0028620928,877.8186486962194,878.2168579101562,0.00045363494444815734
19RR095,Trent 1000-P3,IDLE,FT-SPK,holdout,0.2779299054660425,2.34833044338066,2.3415322,-0.0028948758,877.7382183886307,878.1582641601562,0.0004785547247751085
19RR095,Trent 1000-P3,IDLE,ATJ-SPK,holdout,0.2782695335117124,2.3438427464906257,2.338094,-0.002452703,876.2365107700472,876.7258911132812,0.0005585025700469857
19RR096,Trent 1000-Q3,TAKE-OFF,Jet-A1,train,0.3861474952643394,3.8744181936160103,3.7799265,-0.024388582,1176.658606626066,1175.0400390625,-0.0013755625926258764
19RR096,Trent 1000-Q3,TAKE-OFF,HEFA-SPK,train,0.3862123592307077,3.87246136368581,3.7759974,-0.024910191,1176.2570968369716,1174.695556640625,-0.0013275500743381015
19RR096,Trent 1000-Q3,TAKE-OFF,FT-SPK,train,0.3862159539056602,3.872329616368894,3.7749987,-0.025134983,1176.1129386168573,1174.61572265625,-0.0012730205675383801
19RR096,Trent 1000-Q3,TAKE-OFF,ATJ-SPK,train,0.3865926298544552,3.8610107314782702,3.7529094,-0.027998175,1173.9081461384017,1172.678466796875,-0.0010475089942698847
19RR096,Trent 1000-Q3,APPROACH,Jet-A1,train,0.3953815947439091,2.189017114022152,2.175177,-0.006322472,833.3608727680952,833.2383422851562,-0.00014703172052215954
19RR096,Trent 1000-Q3,APPROACH,HEFA-SPK,train,0.3954506523280596,2.1879619895534734,2.1732965,-0.0067027984,833.1029158337125,833.005615234375,-0.00011679301258968817
19RR096,Trent 1000-Q3,APPROACH,FT-SPK,train,0.3954608218455286,2.187839882693018,2.1728787,-0.0068382947,833.0254678555261,832.9553833007812,-8.413254750217996e-05
19RR096,Trent 1000-Q3,APPROACH,ATJ-SPK,train,0.3958553452989641,2.1817880019030773,2.162245,-0.008957318,831.5935958717952,831.64306640625,5.948883529215306e-05
19RR096,Trent 1000-Q3,IDLE,Jet-A1,train,0.2812608407928962,2.388190383134485,2.3990896,0.004563864,878.5692005301552,878.7600708007812,0.00021725126547903276
19RR096,Trent 1000-Q3,IDLE,HEFA-SPK,train,0.2813205287572152,2.3873881356178077,2.3984442,0.0046310415,878.2996277372552,878.5064697265625,0.00023550276326568908
19RR096,Trent 1000-Q3,IDLE,FT-SPK,train,0.2813299517621601,2.387292664631462,2.398269,0.0045977817,878.2192732016495,878.4480590820312,0.00026051111307057444
19RR096,Trent 1000-Q3,IDLE,ATJ-SPK,train,0.2816703939786098,2.382690988546959,2.3946643,0.0050251745,876.7223314778753,877.0216064453125,0.0003413566150787228
19RR097,Trent 1000-R3,TAKE-OFF,Jet-A1,train,0.388072072302754,3.9351832980186243,3.789347,-0.03705966,1177.4157007913032,1176.010986328125,-0.0011930488630600804
19RR097,Trent 1000-R3,TAKE-OFF,HEFA-SPK,train,0.388136568768411,3.933197360172472,3.7852807,-0.037607282,1177.0159409891671,1175.6683349609375,-0.001144934389841049
19RR097,Trent 1000-R3,TAKE-OFF,FT-SPK,train,0.3881400116598882,3.9330658231022877,3.784254,-0.0378361,1176.8722244449189,1175.589599609375,-0.0010898590423856903
19RR097,Trent 1000-R3,TAKE-OFF,ATJ-SPK,train,0.3885146816164086,3.9215765103349227,3.7614594,-0.0408298,1174.6772277205043,1173.6640625,-0.0008625052027869908
19RR097,Trent 1000-R3,APPROACH,Jet-A1,train,0.3977195857246464,2.2154612430024883,2.1745129,-0.018482959,833.9862729313506,834.0042114257812,2.150934015683248e-05
19RR097,Trent 1000-R3,APPROACH,HEFA-SPK,train,0.3977883972435675,2.2143915229572455,2.172562,-0.018889925,833.7291968134185,833.7723388671875,5.174588335621098e-05
19RR097,Trent 1000-R3,APPROACH,FT-SPK,train,0.3977984903661489,2.214268069451591,2.172136,-0.01902752,833.6518968485185,833.7224731445312,8.465919201953203e-05
19RR097,Trent 1000-R3,APPROACH,ATJ-SPK,train,0.3981916439263737,2.208132211772208,2.1611416,-0.02128064,832.2250320474313,832.4168090820312,0.00023043891641675443
19RR097,Trent 1000-R3,IDLE,Jet-A1,train,0.283883557222077,2.418535715695748,2.4433355,0.010254074,878.9466981394073,878.9943237304688,5.41848455227702e-05
19RR097,Trent 1000-R3,IDLE,HEFA-SPK,train,0.2839433437822974,2.4177179669741165,2.442666,0.010318808,878.6777725881777,878.741455078125,7.247536233867557e-05
19RR097,Trent 1000-R3,IDLE,FT-SPK,train,0.2839527713896638,2.4176206794245814,2.442485,0.010284712,878.597479021782,878.6831665039062,9.752757567627975e-05
19RR097,Trent 1000-R3,IDLE,ATJ-SPK,train,0.2842937833099614,2.4129301363892655,2.4387488,0.010700164,877.1042643084231,877.261474609375,0.00017923787096831747
